# Blender v2.90.1 OBJ File: 'gateTollan.blend'
# www.blender.org
o Circle.001
v 0.364118 4.510785 0.215541
v -0.346007 4.512210 0.215541
v -1.047613 4.402530 0.215541
v -1.723422 4.184445 0.215541
v -2.356795 3.863325 0.215541
v -2.932136 3.447077 0.215541
v -3.435279 2.945950 0.215541
v -3.853833 2.372285 0.215541
v -4.177493 1.740206 0.215541
v -4.398289 1.065277 0.215541
v -4.510785 0.364117 0.215541
v -4.512210 -0.346008 0.215541
v -4.402530 -1.047614 0.215541
v -4.184444 -1.723424 0.215541
v -3.863324 -2.356797 0.215541
v -3.447075 -2.932138 0.215541
v -2.945948 -3.435280 0.215541
v -2.372283 -3.853834 0.215541
v -1.740203 -4.177494 0.215541
v -1.065274 -4.398290 0.215541
v -0.364114 -4.510785 0.215541
v 0.346011 -4.512210 0.215541
v 1.047617 -4.402529 0.215541
v 1.723426 -4.184443 0.215541
v 2.356800 -3.863322 0.215541
v 2.932140 -3.447073 0.215541
v 3.435282 -2.945946 0.215541
v 3.853836 -2.372280 0.215541
v 4.177495 -1.740200 0.215541
v 4.398291 -1.065271 0.215541
v 4.510786 -0.364111 0.215541
v 4.512210 0.346014 0.215541
v 4.402528 1.047620 0.215541
v 4.184442 1.723429 0.215541
v 3.863321 2.356802 0.215541
v 3.447072 2.932142 0.215541
v 2.945944 3.435284 0.215541
v 2.372277 3.853837 0.215541
v 1.740198 4.177496 0.215541
v 1.065268 4.398292 0.215541
v 0.364118 4.510785 -0.167929
v -0.346007 4.512210 -0.167929
v -1.047613 4.402530 -0.167929
v -1.723422 4.184445 -0.167929
v -2.356795 3.863325 -0.167929
v -2.932136 3.447077 -0.167929
v -3.435279 2.945950 -0.167929
v -3.853833 2.372285 -0.167929
v -4.177493 1.740206 -0.167929
v -4.398289 1.065277 -0.167929
v -4.510785 0.364117 -0.167929
v -4.512210 -0.346008 -0.167929
v -4.402530 -1.047614 -0.167929
v -4.184444 -1.723424 -0.167929
v -3.863324 -2.356797 -0.167929
v -3.447075 -2.932138 -0.167929
v -2.945948 -3.435280 -0.167929
v -2.372283 -3.853834 -0.167929
v -1.740203 -4.177494 -0.167929
v -1.065274 -4.398290 -0.167929
v -0.364114 -4.510785 -0.167929
v 0.346011 -4.512210 -0.167929
v 1.047617 -4.402529 -0.167929
v 1.723426 -4.184443 -0.167929
v 2.356800 -3.863322 -0.167929
v 2.932140 -3.447073 -0.167929
v 3.435282 -2.945946 -0.167929
v 3.853836 -2.372280 -0.167929
v 4.177495 -1.740200 -0.167929
v 4.398291 -1.065271 -0.167929
v 4.510786 -0.364111 -0.167929
v 4.512210 0.346014 -0.167929
v 4.402528 1.047620 -0.167929
v 4.184442 1.723429 -0.167929
v 3.863321 2.356802 -0.167929
v 3.447072 2.932142 -0.167929
v 2.945944 3.435284 -0.167929
v 2.372277 3.853837 -0.167929
v 1.740198 4.177496 -0.167929
v 1.065268 4.398292 -0.167929
v 0.388523 4.813120 0.232486
v -0.369199 4.814641 0.232485
v -1.117829 4.697609 0.232485
v -1.838935 4.464908 0.232485
v -2.514759 4.122264 0.232485
v -3.128663 3.678117 0.232485
v -3.665528 3.143402 0.232485
v -4.112136 2.531287 0.232485
v -4.457489 1.856843 0.232485
v -4.693085 1.136677 0.232485
v -4.813120 0.388522 0.232485
v -4.814642 -0.369200 0.232485
v -4.697609 -1.117830 0.232485
v -4.464907 -1.838936 0.232485
v -4.122263 -2.514761 0.232485
v -3.678116 -3.128665 0.232485
v -3.143401 -3.665530 0.232485
v -2.531285 -4.112138 0.232485
v -1.856840 -4.457490 0.232485
v -1.136674 -4.693086 0.232485
v -0.388519 -4.813121 0.232485
v 0.369203 -4.814641 0.232485
v 1.117833 -4.697608 0.232485
v 1.838939 -4.464906 0.232485
v 2.514764 -4.122262 0.232485
v 3.128667 -3.678114 0.232485
v 3.665532 -3.143398 0.232485
v 4.112139 -2.531282 0.232485
v 4.457492 -1.856837 0.232485
v 4.693087 -1.136671 0.232485
v 4.813121 -0.388516 0.232485
v 4.814641 0.369206 0.232485
v 4.697608 1.117836 0.232485
v 4.464904 1.838942 0.232485
v 4.122260 2.514766 0.232485
v 3.678111 3.128669 0.232485
v 3.143396 3.665534 0.232485
v 2.531279 4.112141 0.232485
v 1.856834 4.457493 0.232485
v 1.136668 4.693087 0.232485
v 0.388523 4.813120 0.018720
v -0.369199 4.814641 0.018720
v -1.117829 4.697609 0.018720
v -1.838935 4.464908 0.018720
v -2.514759 4.122264 0.018720
v -3.128663 3.678117 0.018720
v -3.665528 3.143402 0.018720
v -4.112136 2.531287 0.018720
v -4.457489 1.856843 0.018720
v -4.693085 1.136677 0.018720
v -4.813120 0.388522 0.018720
v -4.814642 -0.369200 0.018720
v -4.697609 -1.117830 0.018720
v -4.464907 -1.838936 0.018720
v -4.122263 -2.514761 0.018720
v -3.678116 -3.128665 0.018720
v -3.143401 -3.665530 0.018720
v -2.531285 -4.112138 0.018720
v -1.856840 -4.457490 0.018720
v -1.136674 -4.693086 0.018720
v -0.388519 -4.813121 0.018720
v 0.369203 -4.814641 0.018720
v 1.117833 -4.697608 0.018720
v 1.838939 -4.464906 0.018720
v 2.514764 -4.122262 0.018720
v 3.128667 -3.678114 0.018720
v 3.665532 -3.143398 0.018720
v 4.112139 -2.531282 0.018720
v 4.457492 -1.856837 0.018720
v 4.693087 -1.136671 0.018720
v 4.813121 -0.388516 0.018720
v 4.814641 0.369206 0.018720
v 4.697608 1.117836 0.018720
v 4.464904 1.838942 0.018720
v 4.122260 2.514766 0.018720
v 3.678111 3.128669 0.018720
v 3.143396 3.665534 0.018720
v 2.531279 4.112141 0.018720
v 1.856834 4.457493 0.018720
v 1.136668 4.693087 0.018720
v 0.328525 4.069854 0.213759
v -0.312185 4.071140 0.213759
v -0.945208 3.972181 0.213759
v -1.554957 3.775413 0.213759
v -2.126417 3.485683 0.213758
v -2.645519 3.110123 0.213758
v -3.099479 2.657982 0.213758
v -3.477119 2.140393 0.213758
v -3.769141 1.570100 0.213758
v -3.968355 0.961145 0.213758
v -4.069854 0.328524 0.213758
v -4.071139 -0.312186 0.213758
v -3.972180 -0.945209 0.213758
v -3.775413 -1.554958 0.213758
v -3.485682 -2.126419 0.213758
v -3.110122 -2.645520 0.213758
v -2.657981 -3.099480 0.213758
v -2.140391 -3.477120 0.213758
v -1.570097 -3.769142 0.213758
v -0.961143 -3.968355 0.213758
v -0.328522 -4.069854 0.213758
v 0.312189 -4.071139 0.213758
v 0.945212 -3.972180 0.213758
v 1.554961 -3.775412 0.213758
v 2.126421 -3.485681 0.213758
v 2.645523 -3.110121 0.213758
v 3.099482 -2.657979 0.213758
v 3.477122 -2.140388 0.213758
v 3.769143 -1.570095 0.213758
v 3.968356 -0.961140 0.213758
v 4.069854 -0.328519 0.213758
v 4.071139 0.312191 0.213758
v 3.972179 0.945214 0.213758
v 3.775411 1.554963 0.213758
v 3.485679 2.126423 0.213758
v 3.110119 2.645524 0.213758
v 2.657977 3.099483 0.213758
v 2.140386 3.477123 0.213759
v 1.570092 3.769144 0.213759
v 0.961138 3.968356 0.213759
v 0.328525 4.069854 -0.098425
v -0.312185 4.071140 -0.098425
v -0.945208 3.972181 -0.098425
v -1.554957 3.775413 -0.098425
v -2.126417 3.485683 -0.098425
v -2.645519 3.110123 -0.098425
v -3.099479 2.657982 -0.098425
v -3.477119 2.140393 -0.098425
v -3.769141 1.570100 -0.098425
v -3.968355 0.961145 -0.098425
v -4.069854 0.328524 -0.098425
v -4.071139 -0.312186 -0.098425
v -3.972180 -0.945209 -0.098425
v -3.775413 -1.554958 -0.098425
v -3.485682 -2.126419 -0.098425
v -3.110122 -2.645520 -0.098425
v -2.657981 -3.099480 -0.098425
v -2.140391 -3.477120 -0.098425
v -1.570097 -3.769142 -0.098425
v -0.961143 -3.968355 -0.098425
v -0.328522 -4.069854 -0.098425
v 0.312189 -4.071139 -0.098425
v 0.945212 -3.972180 -0.098425
v 1.554961 -3.775412 -0.098425
v 2.126421 -3.485681 -0.098425
v 2.645523 -3.110121 -0.098425
v 3.099482 -2.657979 -0.098425
v 3.477122 -2.140388 -0.098425
v 3.769143 -1.570095 -0.098425
v 3.968356 -0.961140 -0.098425
v 4.069854 -0.328519 -0.098425
v 4.071139 0.312191 -0.098425
v 3.972179 0.945214 -0.098425
v 3.775411 1.554963 -0.098425
v 3.485679 2.126423 -0.098425
v 3.110119 2.645524 -0.098425
v 2.657977 3.099483 -0.098425
v 2.140386 3.477123 -0.098425
v 1.570092 3.769144 -0.098425
v 0.961138 3.968356 -0.098425
v 0.318244 3.942490 0.210968
v -0.302415 3.943736 0.210968
v -0.915628 3.847874 0.210968
v -1.506296 3.657264 0.210968
v -2.059873 3.376601 0.210968
v -2.562729 3.012794 0.210968
v -3.002482 2.574803 0.210968
v -3.368305 2.073411 0.210968
v -3.651188 1.520965 0.210968
v -3.844167 0.931067 0.210968
v -3.942490 0.318243 0.210968
v -3.943735 -0.302416 0.210968
v -3.847873 -0.915630 0.210968
v -3.657264 -1.506297 0.210968
v -3.376600 -2.059874 0.210968
v -3.012793 -2.562730 0.210968
v -2.574801 -3.002484 0.210968
v -2.073409 -3.368306 0.210967
v -1.520962 -3.651189 0.210967
v -0.931064 -3.844168 0.210967
v -0.318241 -3.942490 0.210967
v 0.302419 -3.943735 0.210967
v 0.915632 -3.847873 0.210967
v 1.506299 -3.657263 0.210967
v 2.059876 -3.376598 0.210968
v 2.562732 -3.012791 0.210968
v 3.002485 -2.574799 0.210968
v 3.368307 -2.073406 0.210968
v 3.651190 -1.520960 0.210968
v 3.844168 -0.931062 0.210968
v 3.942490 -0.318238 0.210968
v 3.943735 0.302421 0.210968
v 3.847872 0.915635 0.210968
v 3.657262 1.506302 0.210968
v 3.376597 2.059878 0.210968
v 3.012789 2.562734 0.210968
v 2.574797 3.002487 0.210968
v 2.073404 3.368309 0.210968
v 1.520958 3.651191 0.210968
v 0.931059 3.844169 0.210968
v 0.318244 3.942490 0.038197
v -0.302415 3.943736 0.038197
v -0.915628 3.847874 0.038197
v -1.506296 3.657264 0.038197
v -2.059873 3.376601 0.038197
v -2.562729 3.012794 0.038197
v -3.002482 2.574803 0.038197
v -3.368305 2.073411 0.038197
v -3.651188 1.520965 0.038197
v -3.844167 0.931067 0.038197
v -3.942490 0.318243 0.038197
v -3.943735 -0.302416 0.038197
v -3.847873 -0.915630 0.038197
v -3.657264 -1.506297 0.038197
v -3.376600 -2.059874 0.038197
v -3.012793 -2.562730 0.038197
v -2.574801 -3.002484 0.038197
v -2.073409 -3.368306 0.038197
v -1.520962 -3.651189 0.038197
v -0.931064 -3.844168 0.038197
v -0.318241 -3.942490 0.038197
v 0.302419 -3.943735 0.038197
v 0.915632 -3.847873 0.038197
v 1.506299 -3.657263 0.038197
v 2.059876 -3.376598 0.038197
v 2.562732 -3.012791 0.038197
v 3.002485 -2.574799 0.038197
v 3.368307 -2.073406 0.038197
v 3.651190 -1.520960 0.038197
v 3.844168 -0.931062 0.038197
v 3.942490 -0.318238 0.038197
v 3.943735 0.302421 0.038197
v 3.847872 0.915635 0.038197
v 3.657262 1.506302 0.038197
v 3.376597 2.059878 0.038197
v 3.012789 2.562734 0.038197
v 2.574797 3.002487 0.038197
v 2.073404 3.368309 0.038197
v 1.520958 3.651191 0.038197
v 0.931059 3.844169 0.038197
v -3.651188 1.520964 0.168589
v -3.651188 1.520964 0.080576
v -3.844167 0.931067 0.080576
v -3.844167 0.931067 0.168589
v 3.012789 2.562734 0.168589
v 3.012789 2.562734 0.080576
v 2.574796 3.002486 0.080576
v 2.574796 3.002486 0.168589
v 0.915632 -3.847872 0.168589
v 0.915632 -3.847872 0.080575
v 1.506299 -3.657262 0.080575
v 1.506299 -3.657262 0.168589
v -3.942490 0.318243 0.080575
v -3.942490 0.318243 0.168589
v 2.073404 3.368308 0.080576
v 2.073404 3.368308 0.168590
v 2.059876 -3.376598 0.080575
v 2.059876 -3.376598 0.168589
v -3.943735 -0.302416 0.080575
v -3.943735 -0.302416 0.168589
v 1.520957 3.651191 0.080576
v 1.520957 3.651191 0.168590
v 2.562732 -3.012791 0.080575
v 2.562732 -3.012791 0.168589
v -3.847873 -0.915629 0.080575
v -3.847873 -0.915629 0.168589
v 0.931059 3.844168 0.080576
v 0.931059 3.844168 0.168590
v 3.002485 -2.574798 0.080575
v 3.002485 -2.574798 0.168589
v -3.657263 -1.506297 0.080575
v -3.657263 -1.506297 0.168589
v 0.318244 3.942490 0.080576
v 0.318244 3.942490 0.168590
v 3.368307 -2.073406 0.080575
v 3.368307 -2.073406 0.168589
v -3.376599 -2.059874 0.080575
v -3.376599 -2.059874 0.168589
v -0.302415 3.943735 0.080576
v -0.302415 3.943735 0.168590
v 3.651189 -1.520959 0.080575
v 3.651189 -1.520959 0.168589
v -3.012792 -2.562730 0.080575
v -3.012792 -2.562730 0.168589
v -0.915628 3.847873 0.080576
v -0.915628 3.847873 0.168590
v 3.844168 -0.931062 0.080575
v 3.844168 -0.931062 0.168589
v -2.574800 -3.002483 0.080575
v -2.574800 -3.002483 0.168589
v -1.506295 3.657264 0.080576
v -1.506295 3.657264 0.168590
v 3.942490 -0.318238 0.080575
v 3.942490 -0.318238 0.168589
v -2.073408 -3.368306 0.080575
v -2.073408 -3.368306 0.168589
v -2.059872 3.376600 0.080576
v -2.059872 3.376600 0.168589
v 3.943735 0.302421 0.080576
v 3.943735 0.302421 0.168589
v -1.520962 -3.651188 0.080575
v -1.520962 -3.651188 0.168589
v -2.562728 3.012793 0.080576
v -2.562728 3.012793 0.168589
v 3.847872 0.915634 0.080576
v 3.847872 0.915634 0.168589
v -0.931064 -3.844167 0.080575
v -0.931064 -3.844167 0.168589
v -3.002482 2.574802 0.080576
v -3.002482 2.574802 0.168589
v 3.657261 1.506301 0.080576
v 3.657261 1.506301 0.168589
v -0.318241 -3.942490 0.080575
v -0.318241 -3.942490 0.168589
v -3.368304 2.073411 0.080576
v -3.368304 2.073411 0.168589
v 3.376597 2.059878 0.080576
v 3.376597 2.059878 0.168589
v 0.302419 -3.943735 0.080575
v 0.302419 -3.943735 0.168589
v -3.632800 1.513304 0.168368
v -3.632800 1.513304 0.080797
v -3.824807 0.926378 0.080797
v -3.824807 0.926378 0.168368
v 2.997616 2.549828 0.168368
v 2.997616 2.549828 0.080797
v 2.561830 2.987365 0.080797
v 2.561830 2.987365 0.168368
v 0.911021 -3.828494 0.168367
v 0.911021 -3.828494 0.080797
v 1.498713 -3.638844 0.080797
v 1.498713 -3.638844 0.168367
v -3.922635 0.316641 0.080797
v -3.922635 0.316641 0.168368
v 2.062962 3.351345 0.080797
v 2.062962 3.351345 0.168368
v 2.049502 -3.359593 0.080797
v 2.049502 -3.359593 0.168367
v -3.923874 -0.300893 0.080797
v -3.923874 -0.300893 0.168368
v 1.513297 3.632803 0.080797
v 1.513297 3.632803 0.168368
v 2.549826 -2.997617 0.080797
v 2.549826 -2.997617 0.168367
v -3.828495 -0.911018 0.080797
v -3.828495 -0.911018 0.168368
v 0.926370 3.824809 0.080797
v 0.926370 3.824809 0.168368
v 2.987364 -2.561831 0.080797
v 2.987364 -2.561831 0.168367
v -3.638845 -1.498711 0.080797
v -3.638845 -1.498711 0.168368
v 0.316641 3.922635 0.080797
v 0.316641 3.922635 0.168368
v 3.351343 -2.062964 0.080797
v 3.351343 -2.062964 0.168368
v -3.359594 -2.049500 0.080797
v -3.359594 -2.049500 0.168367
v -0.300892 3.923874 0.080797
v -0.300892 3.923874 0.168368
v 3.632802 -1.513300 0.080797
v 3.632802 -1.513300 0.168368
v -2.997619 -2.549824 0.080797
v -2.997619 -2.549824 0.168367
v -0.911017 3.828495 0.080797
v -0.911017 3.828495 0.168368
v 3.824808 -0.926373 0.080797
v 3.824808 -0.926373 0.168368
v -2.561833 -2.987362 0.080797
v -2.561833 -2.987362 0.168367
v -1.498709 3.638845 0.080797
v -1.498709 3.638845 0.168368
v 3.922635 -0.316636 0.080797
v 3.922635 -0.316636 0.168368
v -2.062966 -3.351342 0.080797
v -2.062966 -3.351342 0.168367
v -2.049498 3.359595 0.080797
v -2.049498 3.359595 0.168368
v 3.923873 0.300898 0.080797
v 3.923873 0.300898 0.168368
v -1.513302 -3.632801 0.080797
v -1.513302 -3.632801 0.168367
v -2.549822 2.997620 0.080797
v -2.549822 2.997620 0.168368
v 3.828493 0.911023 0.080797
v 3.828493 0.911023 0.168368
v -0.926375 -3.824808 0.080797
v -0.926375 -3.824808 0.168367
v -2.987361 2.561835 0.080797
v -2.987361 2.561835 0.168368
v 3.638843 1.498715 0.080797
v 3.638843 1.498715 0.168368
v -0.316638 -3.922635 0.080797
v -0.316638 -3.922635 0.168367
v -3.351341 2.062968 0.080797
v -3.351341 2.062968 0.168368
v 3.359591 2.049504 0.080797
v 3.359591 2.049504 0.168368
v 0.300896 -3.923873 0.080797
v 0.300896 -3.923873 0.168367
v -3.769141 1.570100 0.067624
v -3.968355 0.961145 0.067624
v 3.110119 2.645524 0.067624
v 2.657977 3.099483 0.067624
v 0.945212 -3.972180 0.067624
v 1.554961 -3.775412 0.067624
v -4.069854 0.328524 0.067624
v 2.140386 3.477123 0.067624
v 2.126421 -3.485681 0.067624
v -4.071139 -0.312186 0.067624
v 1.570092 3.769144 0.067624
v 2.645523 -3.110121 0.067624
v -3.972180 -0.945209 0.067624
v 0.961138 3.968356 0.067624
v 3.099482 -2.657979 0.067624
v -3.775413 -1.554958 0.067624
v 0.328525 4.069854 0.067624
v 3.477122 -2.140388 0.067624
v -3.485682 -2.126419 0.067624
v -0.312185 4.071140 0.067624
v 3.769143 -1.570095 0.067624
v -3.110122 -2.645520 0.067624
v -0.945208 3.972181 0.067624
v 3.968356 -0.961140 0.067624
v -2.657981 -3.099480 0.067624
v -1.554957 3.775413 0.067624
v 4.069854 -0.328519 0.067624
v -2.140391 -3.477120 0.067624
v -2.126417 3.485683 0.067624
v 4.071139 0.312191 0.067624
v -1.570097 -3.769142 0.067624
v -2.645519 3.110123 0.067624
v 3.972179 0.945214 0.067624
v -0.961143 -3.968355 0.067624
v -3.099479 2.657982 0.067624
v 3.775411 1.554963 0.067624
v -0.328522 -4.069854 0.067624
v -3.477119 2.140393 0.067624
v 3.485679 2.126423 0.067624
v 0.312189 -4.071139 0.067624
v 2.932140 -3.447073 0.066212
v 3.435282 -2.945946 0.066212
v -4.402530 -1.047614 0.066212
v -4.184444 -1.723424 0.066212
v 1.065268 4.398292 0.066212
v 0.364118 4.510785 0.066212
v 3.853836 -2.372280 0.066212
v -3.863324 -2.356797 0.066212
v -0.346007 4.512210 0.066212
v 4.177495 -1.740200 0.066212
v -3.447075 -2.932138 0.066212
v -1.047613 4.402530 0.066212
v 4.398291 -1.065271 0.066212
v -2.945948 -3.435280 0.066212
v -1.723422 4.184445 0.066212
v 4.510786 -0.364111 0.066212
v -2.372283 -3.853834 0.066212
v -2.356795 3.863325 0.066212
v 4.512210 0.346014 0.066212
v -1.740203 -4.177494 0.066212
v -2.932136 3.447077 0.066212
v 4.402528 1.047620 0.066212
v -1.065274 -4.398290 0.066212
v -3.435279 2.945950 0.066212
v 4.184442 1.723429 0.066212
v -0.364114 -4.510785 0.066212
v -3.853833 2.372285 0.066212
v 3.863321 2.356802 0.066212
v 0.346011 -4.512210 0.066212
v -4.177493 1.740206 0.066212
v 3.447072 2.932142 0.066212
v 1.047617 -4.402529 0.066212
v -4.398289 1.065277 0.066212
v 2.945944 3.435284 0.066212
v 1.723426 -4.184443 0.066212
v -4.510785 0.364117 0.066212
v 2.372277 3.853837 0.066212
v 2.356800 -3.863322 0.066212
v -4.512210 -0.346008 0.066212
v 1.740198 4.177496 0.066212
v 3.550407 -3.044672 -0.106639
v 3.030404 -3.562594 -0.106639
v 3.982987 -2.451781 -0.106639
v -0.357603 4.663425 -0.106639
v 0.376320 4.661952 -0.106639
v 4.317494 -1.798519 -0.106639
v -1.082721 4.550069 -0.106639
v 4.545689 -1.100971 -0.106639
v -1.781178 4.324676 -0.106639
v 4.661953 -0.376314 -0.106639
v -2.435777 3.992795 -0.106639
v 4.663425 0.357610 -0.106639
v -3.030400 3.562597 -0.106639
v 4.550068 1.082728 -0.106639
v -3.550404 3.044676 -0.106639
v 4.324673 1.781185 -0.106639
v -3.982984 2.451786 -0.106639
v 3.992790 2.435784 -0.106639
v -4.317491 1.798524 -0.106639
v 3.562592 3.030406 -0.106639
v -4.545687 1.100977 -0.106639
v 3.044670 3.550409 -0.106639
v -4.661952 0.376319 -0.106639
v 2.451778 3.982989 -0.106639
v -4.663426 -0.357604 -0.106639
v 1.798516 4.317495 -0.106639
v -4.550069 -1.082722 -0.106639
v 1.100968 4.545689 -0.106639
v -4.324676 -1.781180 -0.106639
v -3.992794 -2.435779 -0.106639
v -3.562596 -3.030401 -0.106639
v -3.044674 -3.550405 -0.106639
v -2.451784 -3.982986 -0.106639
v -1.798521 -4.317492 -0.106639
v -1.100974 -4.545688 -0.106639
v -0.376316 -4.661952 -0.106639
v 0.357607 -4.663425 -0.106639
v 1.082725 -4.550069 -0.106639
v 1.781183 -4.324674 -0.106639
v 2.435782 -3.992792 -0.106639
v -0.322549 4.206293 -0.168108
v -0.976587 4.104049 -0.168108
v -1.606578 3.900749 -0.168108
v -2.197010 3.601400 -0.168108
v -2.733344 3.213372 -0.168108
v -3.202375 2.746222 -0.168108
v -3.592552 2.211449 -0.168108
v -3.894269 1.622224 -0.168108
v -4.100095 0.993053 -0.168108
v -4.204964 0.339431 -0.168108
v -4.206292 -0.322550 -0.168108
v -4.104048 -0.976588 -0.168108
v -3.900748 -1.606580 -0.168108
v -3.601399 -2.197011 -0.168108
v -3.213372 -2.733346 -0.168108
v -2.746220 -3.202376 -0.168108
v -2.211447 -3.592553 -0.168108
v -1.622221 -3.894269 -0.168108
v -0.993051 -4.100096 -0.168108
v -0.339428 -4.204964 -0.168108
v 0.322553 -4.206292 -0.168108
v 0.976591 -4.104048 -0.168108
v 1.606582 -3.900747 -0.168108
v 2.197014 -3.601397 -0.168108
v 2.733348 -3.213370 -0.168108
v 3.202378 -2.746218 -0.168108
v 3.592554 -2.211445 -0.168108
v 3.894270 -1.622219 -0.168108
v 4.100096 -0.993048 -0.168108
v 4.204965 -0.339425 -0.168108
v 4.206292 0.322555 -0.168108
v 4.104046 0.976593 -0.168108
v 3.900746 1.606584 -0.168108
v 3.601396 2.197016 -0.168108
v 3.213368 2.733350 -0.168108
v 2.746215 3.202379 -0.168108
v 2.211442 3.592556 -0.168108
v 1.622216 3.894272 -0.168108
v 0.993045 4.100097 -0.168108
v 0.339431 4.204964 -0.168108
v -1.012100 4.253289 -0.192535
v -1.665000 4.042597 -0.192535
v -2.276902 3.732362 -0.192535
v -2.832740 3.330225 -0.192535
v -3.318827 2.846086 -0.192535
v -3.723192 2.291867 -0.192535
v -4.035881 1.681215 -0.192535
v -4.249192 1.029165 -0.192535
v -4.357875 0.351774 -0.192535
v -4.359251 -0.334279 -0.192535
v -4.253289 -1.012101 -0.192535
v -4.042596 -1.665002 -0.192535
v -3.732362 -2.276904 -0.192535
v -3.330223 -2.832742 -0.192535
v -2.846084 -3.318828 -0.192535
v -2.291865 -3.723194 -0.192535
v -1.681212 -4.035882 -0.192535
v -1.029162 -4.249193 -0.192535
v -0.351771 -4.357874 -0.192535
v 0.334282 -4.359251 -0.192535
v 1.012104 -4.253288 -0.192535
v 1.665004 -4.042595 -0.192535
v 2.276906 -3.732360 -0.192535
v 2.832744 -3.330221 -0.192535
v 3.318830 -2.846082 -0.192535
v 3.723195 -2.291862 -0.192535
v 4.035882 -1.681209 -0.192535
v 4.249193 -1.029160 -0.192535
v 4.357875 -0.351768 -0.192535
v 4.359251 0.334285 -0.192535
v 4.253288 1.012106 -0.192535
v 4.042594 1.665007 -0.192535
v 3.732358 2.276909 -0.192535
v 3.330220 2.832747 -0.192535
v 2.846080 3.318832 -0.192535
v 2.291860 3.723197 -0.192535
v 1.681207 4.035884 -0.192535
v 1.029157 4.249194 -0.192535
v 0.351775 4.357875 -0.192535
v -0.334278 4.359251 -0.192535
v -1.029856 4.327909 -0.182722
v -1.694211 4.113521 -0.182722
v -2.316849 3.797843 -0.182722
v -2.882438 3.388651 -0.182722
v -3.377053 2.896018 -0.182722
v -3.788512 2.332076 -0.182722
v -4.106687 1.710710 -0.182722
v -4.323741 1.047221 -0.182723
v -4.434330 0.357946 -0.182723
v -4.435730 -0.340144 -0.182723
v -4.327909 -1.029857 -0.182723
v -4.113520 -1.694213 -0.182723
v -3.797843 -2.316851 -0.182723
v -3.388649 -2.882440 -0.182723
v -2.896016 -3.377054 -0.182723
v -2.332074 -3.788514 -0.182723
v -1.710707 -4.106688 -0.182723
v -1.047218 -4.323741 -0.182723
v -0.357943 -4.434330 -0.182723
v 0.340147 -4.435730 -0.182723
v 1.029860 -4.327909 -0.182723
v 1.694215 -4.113519 -0.182723
v 2.316853 -3.797841 -0.182723
v 2.882442 -3.388647 -0.182723
v 3.377056 -2.896014 -0.182723
v 3.788516 -2.332071 -0.182723
v 4.106689 -1.710705 -0.182723
v 4.323742 -1.047215 -0.182723
v 4.434330 -0.357940 -0.182723
v 4.435730 0.340149 -0.182723
v 4.327908 1.029863 -0.182722
v 4.113518 1.694218 -0.182722
v 3.797840 2.316855 -0.182722
v 3.388645 2.882444 -0.182722
v 2.896012 3.377058 -0.182722
v 2.332069 3.788517 -0.182722
v 1.710702 4.106690 -0.182722
v 1.047212 4.323742 -0.182722
v 0.357946 4.434330 -0.182722
v -0.340143 4.435731 -0.182722
v -0.328414 4.282772 -0.182812
v -0.994343 4.178669 -0.182812
v -1.635789 3.971673 -0.182812
v -2.236956 3.666881 -0.182812
v -2.783042 3.271798 -0.182812
v -3.260601 2.796154 -0.182812
v -3.657872 2.251658 -0.182812
v -3.965075 1.651719 -0.182812
v -4.174644 1.011109 -0.182812
v -4.281419 0.345602 -0.182812
v -4.282772 -0.328414 -0.182812
v -4.178668 -0.994345 -0.182812
v -3.971673 -1.635791 -0.182812
v -3.666880 -2.236958 -0.182812
v -3.271797 -2.783044 -0.182812
v -2.796152 -3.260602 -0.182812
v -2.251656 -3.657873 -0.182812
v -1.651717 -3.965075 -0.182812
v -1.011106 -4.174644 -0.182812
v -0.345600 -4.281419 -0.182812
v 0.328417 -4.282772 -0.182812
v 0.994347 -4.178668 -0.182812
v 1.635793 -3.971671 -0.182812
v 2.236960 -3.666879 -0.182812
v 2.783046 -3.271796 -0.182812
v 3.260604 -2.796150 -0.182812
v 3.657875 -2.251654 -0.182812
v 3.965077 -1.651714 -0.182812
v 4.174645 -1.011104 -0.182812
v 4.281420 -0.345597 -0.182812
v 4.282772 0.328420 -0.182812
v 4.178667 0.994350 -0.182812
v 3.971670 1.635796 -0.182812
v 3.666877 2.236962 -0.182812
v 3.271794 2.783048 -0.182812
v 2.796147 3.260606 -0.182812
v 2.251651 3.657876 -0.182812
v 1.651711 3.965078 -0.182812
v 1.011101 4.174645 -0.182812
v 0.345603 4.281419 -0.182812
v -0.317367 4.138716 -0.137106
v -0.960897 4.038115 -0.137106
v -1.580768 3.838081 -0.137106
v -2.161714 3.543541 -0.137106
v -2.689431 3.161748 -0.137106
v -3.150927 2.702102 -0.137106
v -3.534835 2.175921 -0.137106
v -3.831705 1.596162 -0.137106
v -4.034225 0.977099 -0.137106
v -4.137409 0.333978 -0.137106
v -4.138716 -0.317368 -0.137106
v -4.038114 -0.960899 -0.137107
v -3.838081 -1.580769 -0.137107
v -3.543541 -2.161715 -0.137107
v -3.161747 -2.689433 -0.137107
v -2.702100 -3.150928 -0.137107
v -2.175919 -3.534837 -0.137107
v -1.596159 -3.831706 -0.137107
v -0.977097 -4.034225 -0.137107
v -0.333975 -4.137409 -0.137107
v 0.317371 -4.138716 -0.137107
v 0.960901 -4.038114 -0.137107
v 1.580771 -3.838079 -0.137107
v 2.161718 -3.543539 -0.137107
v 2.689435 -3.161745 -0.137107
v 3.150930 -2.702098 -0.137107
v 3.534838 -2.175916 -0.137107
v 3.831707 -1.596157 -0.137107
v 4.034226 -0.977094 -0.137106
v 4.137409 -0.333972 -0.137106
v 4.138715 0.317373 -0.137106
v 4.038113 0.960904 -0.137106
v 3.838079 1.580774 -0.137106
v 3.543538 2.161720 -0.137106
v 3.161743 2.689437 -0.137106
v 2.702096 3.150931 -0.137106
v 2.175914 3.534839 -0.137106
v 1.596154 3.831708 -0.137106
v 0.977092 4.034226 -0.137106
v 0.333978 4.137409 -0.137106
v 3.906262 -0.946101 -0.043750
v 3.710166 -1.545527 -0.043750
v -1.530626 3.716339 -0.043750
v -0.930418 3.910027 -0.043750
v 4.006172 -0.323379 -0.043750
v -2.093145 3.431142 -0.043750
v 4.007437 0.307306 -0.043750
v -2.604124 3.061459 -0.043750
v 3.910026 0.930424 -0.043750
v -3.050980 2.616392 -0.043750
v 3.716336 1.530632 -0.043750
v -3.422712 2.106902 -0.043750
v 3.431138 2.093151 -0.043750
v -3.710165 1.545532 -0.043750
v 3.061454 2.604129 -0.043750
v -3.906261 0.946106 -0.043750
v 2.616387 3.050985 -0.043750
v -4.006172 0.323384 -0.043750
v 2.106895 3.422716 -0.043750
v -4.007437 -0.307301 -0.043750
v 1.545525 3.710167 -0.043750
v -3.910027 -0.930419 -0.043750
v 0.946099 3.906262 -0.043750
v -3.716338 -1.530627 -0.043750
v 0.323385 4.006172 -0.043750
v -3.431141 -2.093147 -0.043750
v -3.061458 -2.604125 -0.043750
v -2.616391 -3.050982 -0.043750
v -2.106900 -3.422713 -0.043750
v -1.545530 -3.710166 -0.043750
v -0.946104 -3.906261 -0.043750
v -0.323381 -4.006172 -0.043750
v 0.307304 -4.007437 -0.043750
v 0.930422 -3.910026 -0.043750
v 1.530630 -3.716337 -0.043750
v 2.093149 -3.431139 -0.043750
v 2.604127 -3.061456 -0.043750
v 3.050984 -2.616389 -0.043750
v 3.422714 -2.106897 -0.043750
v -0.307300 4.007438 -0.043750
v 2.981272 -3.504834 -0.141124
v 0.370219 4.586369 -0.141124
v 3.492845 -2.995309 -0.141124
v 3.918412 -2.412031 -0.141124
v -0.351805 4.587818 -0.141124
v 4.247494 -1.769360 -0.141124
v -1.065167 4.476300 -0.141124
v 4.471989 -1.083121 -0.141124
v -1.752300 4.254560 -0.141124
v 4.586369 -0.370212 -0.141124
v -2.396286 3.928059 -0.141124
v 4.587818 0.351812 -0.141124
v -2.981268 3.504837 -0.141124
v 4.476298 1.065174 -0.141124
v -3.492841 2.995313 -0.141124
v 4.254558 1.752307 -0.141124
v -3.918409 2.412035 -0.141124
v 3.928055 2.396293 -0.141124
v -4.247492 1.769365 -0.141124
v 3.504832 2.981274 -0.141124
v -4.471989 1.083127 -0.141124
v 2.995306 3.492846 -0.141124
v -4.586369 0.370218 -0.141124
v 2.412028 3.918413 -0.141124
v -4.587818 -0.351806 -0.141124
v 1.769357 4.247496 -0.141124
v -4.476299 -1.065168 -0.141124
v 1.083118 4.471990 -0.141124
v -4.254560 -1.752302 -0.141124
v -3.928059 -2.396288 -0.141124
v -3.504836 -2.981270 -0.141124
v -2.995311 -3.492843 -0.141124
v -2.412033 -3.918410 -0.141124
v -1.769362 -4.247493 -0.141124
v -1.083124 -4.471989 -0.141124
v -0.370215 -4.586369 -0.141124
v 0.351809 -4.587818 -0.141124
v 1.065171 -4.476299 -0.141124
v 1.752305 -4.254559 -0.141124
v 2.396291 -3.928057 -0.141124
v 3.607970 -3.094035 -0.057596
v 4.047563 -2.491532 -0.057595
v -0.363401 4.739033 -0.057595
v 4.387493 -1.827678 -0.057595
v -1.100275 4.623839 -0.057595
v 4.619388 -1.118821 -0.057595
v -1.810057 4.394792 -0.057595
v 4.737537 -0.382415 -0.057595
v -2.475268 4.057529 -0.057595
v 4.739033 0.363408 -0.057595
v -3.079531 3.620357 -0.057595
v 4.623838 1.100282 -0.057595
v -3.607966 3.094039 -0.057595
v 4.394789 1.810064 -0.057595
v -4.047560 2.491536 -0.057595
v 4.057525 2.475275 -0.057595
v -4.387490 1.827684 -0.057595
v 3.620352 3.079538 -0.057595
v -4.619386 1.118827 -0.057595
v 3.094033 3.607971 -0.057595
v -4.737537 0.382421 -0.057595
v 2.491529 4.047565 -0.057595
v -4.739034 -0.363402 -0.057595
v 1.827675 4.387494 -0.057595
v -4.623839 -1.100276 -0.057595
v 1.118818 4.619389 -0.057595
v -4.394791 -1.810058 -0.057595
v -4.057528 -2.475271 -0.057596
v -3.620356 -3.079533 -0.057596
v -3.094038 -3.607968 -0.057596
v -2.491534 -4.047562 -0.057596
v -1.827681 -4.387491 -0.057596
v -1.118824 -4.619387 -0.057596
v -0.382418 -4.737536 -0.057596
v 0.363405 -4.739034 -0.057596
v 1.100279 -4.623839 -0.057596
v 1.810061 -4.394790 -0.057596
v 2.475273 -4.057527 -0.057596
v 3.079535 -3.620354 -0.057596
v 0.382422 4.737537 -0.057595
vt 0.235997 0.524305
vt 0.235997 0.655763
vt 0.190938 0.655763
vt 0.190938 0.524305
vt 0.331541 0.659155
vt 0.331541 0.527067
vt 0.376816 0.527067
vt 0.376816 0.659155
vt 0.192700 0.653757
vt 0.192700 0.524519
vt 0.236998 0.524519
vt 0.236998 0.653757
vt 0.420006 0.527630
vt 0.420006 0.657614
vt 0.375452 0.657614
vt 0.375452 0.527630
vt 0.214809 0.656638
vt 0.214809 0.530561
vt 0.258024 0.530561
vt 0.258024 0.656638
vt 0.374320 0.651827
vt 0.374320 0.535828
vt 0.432548 0.535828
vt 0.432548 0.651827
vt 0.235997 0.524305
vt 0.235997 0.655763
vt 0.190938 0.655763
vt 0.190938 0.524305
vt 0.445953 0.528927
vt 0.445953 0.650451
vt 0.404299 0.650451
vt 0.404299 0.528927
vt 0.361919 0.492191
vt 0.361919 0.674309
vt 0.308053 0.674309
vt 0.308053 0.492191
vt 0.174247 0.656869
vt 0.174247 0.523870
vt 0.219835 0.523870
vt 0.219835 0.656869
vt 0.187047 0.653182
vt 0.187047 0.531085
vt 0.228898 0.531085
vt 0.228898 0.653182
vt 0.278531 0.662476
vt 0.278531 0.532344
vt 0.323136 0.532344
vt 0.323136 0.662476
vt 0.435354 0.646619
vt 0.435354 0.526729
vt 0.476448 0.526729
vt 0.476449 0.646619
vt 0.457263 0.523289
vt 0.457263 0.656089
vt 0.411744 0.656089
vt 0.411744 0.523289
vt 0.436105 0.527280
vt 0.436105 0.654567
vt 0.392476 0.654567
vt 0.392476 0.527280
vt 0.292518 0.661968
vt 0.292518 0.527394
vt 0.338646 0.527394
vt 0.338646 0.661968
vt 0.169795 0.655927
vt 0.169795 0.523451
vt 0.215203 0.523451
vt 0.215203 0.655927
vt 0.136608 0.648670
vt 0.136608 0.531397
vt 0.176805 0.531397
vt 0.176805 0.648670
vt 0.199181 0.525763
vt 0.199181 0.645122
vt 0.158269 0.645122
vt 0.158269 0.525763
vt 0.213444 0.525437
vt 0.213444 0.648074
vt 0.171409 0.648074
vt 0.171409 0.525437
vt 0.399503 0.538304
vt 0.399503 0.651383
vt 0.360743 0.651383
vt 0.360743 0.538305
vt 0.337207 0.525038
vt 0.337207 0.663093
vt 0.289887 0.663093
vt 0.289887 0.525038
vt 0.338259 0.653980
vt 0.338259 0.524194
vt 0.382746 0.524194
vt 0.382746 0.653980
vt 0.356369 0.641530
vt 0.356369 0.535893
vt 0.392578 0.535893
vt 0.392578 0.641530
vt 0.323185 0.525738
vt 0.323185 0.661160
vt 0.276767 0.661160
vt 0.276767 0.525738
vt 0.398627 0.524194
vt 0.398627 0.653980
vt 0.354141 0.653980
vt 0.354141 0.524194
vt 0.299645 0.654732
vt 0.299645 0.527988
vt 0.343088 0.527988
vt 0.343089 0.654732
vt 0.456713 0.530961
vt 0.456713 0.651010
vt 0.415565 0.651010
vt 0.415565 0.530961
vt 0.442731 0.525397
vt 0.442731 0.653003
vt 0.398992 0.653003
vt 0.398992 0.525397
vt 0.197937 0.659378
vt 0.197937 0.526037
vt 0.243642 0.526037
vt 0.243642 0.659378
vt 0.168164 0.654769
vt 0.168164 0.519811
vt 0.214423 0.519811
vt 0.214423 0.654769
vt 0.338259 0.653980
vt 0.338259 0.524194
vt 0.382746 0.524194
vt 0.382746 0.653980
vt 0.430395 0.524584
vt 0.430395 0.653296
vt 0.387322 0.653296
vt 0.387321 0.524584
vt 0.384295 0.655951
vt 0.384295 0.523557
vt 0.429675 0.523557
vt 0.429675 0.655951
vt 0.174851 0.655763
vt 0.174851 0.524305
vt 0.219911 0.524305
vt 0.219911 0.655763
vt 0.177749 0.652195
vt 0.177749 0.523272
vt 0.221940 0.523272
vt 0.221940 0.652195
vt 0.159113 0.651812
vt 0.159113 0.524000
vt 0.202923 0.524000
vt 0.202923 0.651812
vt 0.190867 0.661065
vt 0.190867 0.525157
vt 0.237452 0.525157
vt 0.237452 0.661065
vt 0.209468 0.522663
vt 0.209468 0.646417
vt 0.167049 0.646417
vt 0.167049 0.522663
vt 0.386098 0.653846
vt 0.386098 0.524430
vt 0.430458 0.524430
vt 0.430458 0.653846
vt 0.174851 0.654731
vt 0.174851 0.525337
vt 0.036822 0.787564
vt 0.155063 0.814494
vt 0.147558 0.865746
vt 0.021392 0.837011
vt 0.035955 0.782073
vt 0.154103 0.811118
vt 0.145694 0.862400
vt 0.019628 0.831409
vt 0.359546 0.656593
vt 0.359546 0.528651
vt 0.453336 0.536738
vt 0.453336 0.650916
vt 0.396722 0.811908
vt 0.514841 0.783719
vt 0.530802 0.833071
vt 0.404767 0.863149
vt 0.174851 0.654731
vt 0.174852 0.525337
vt 0.288823 0.672880
vt 0.288823 0.493621
vt 0.275647 0.821272
vt 0.275577 0.873141
vt 0.236110 0.524915
vt 0.236110 0.655825
vt 0.339060 0.533365
vt 0.339060 0.661454
vt 0.154599 0.811580
vt 0.146416 0.862800
vt 0.491119 0.527671
vt 0.491119 0.645678
vt 0.376900 0.653567
vt 0.376900 0.528280
vt 0.036557 0.783072
vt 0.020462 0.832381
vt 0.355114 0.528451
vt 0.355113 0.660912
vt 0.191156 0.532318
vt 0.191156 0.647749
vt 0.384368 0.712628
vt 0.405811 0.804500
vt 0.367409 0.816710
vt 0.344528 0.718680
vt 0.143664 0.644185
vt 0.143664 0.526700
vt 0.346906 0.650495
vt 0.346906 0.539192
vt 0.398094 0.811292
vt 0.516366 0.782111
vt 0.532755 0.831495
vt 0.406556 0.862633
vt 0.272993 0.662009
vt 0.272993 0.526122
vt 0.405505 0.536722
vt 0.405505 0.640700
vt 0.276713 0.821613
vt 0.277040 0.873645
vt 0.260196 0.660097
vt 0.260196 0.526802
vt 0.358598 0.528983
vt 0.358598 0.653737
vt 0.155212 0.812818
vt 0.147395 0.864261
vt 0.400875 0.650068
vt 0.400875 0.531904
vt 0.259959 0.527084
vt 0.259959 0.658331
vt 0.036582 0.785125
vt 0.020814 0.834711
vt 0.230938 0.520871
vt 0.230938 0.653710
vt 0.371944 0.652285
vt 0.371944 0.525595
vt 0.395574 0.811971
vt 0.513452 0.783765
vt 0.529413 0.833014
vt 0.403635 0.863111
vt 0.445876 0.524596
vt 0.445876 0.654911
vt 0.237716 0.524284
vt 0.237716 0.651183
vt 0.274736 0.821391
vt 0.274697 0.873161
vt 0.218563 0.525003
vt 0.218563 0.650809
vt 0.151905 0.645446
vt 0.151905 0.523634
vt 0.153912 0.811790
vt 0.145775 0.862918
vt 0.446294 0.525446
vt 0.446294 0.652830
vt 0.392980 0.528104
vt 0.392980 0.658118
vt 0.036077 0.783407
vt 0.020042 0.832632
vt 0.391415 0.706955
vt 0.411024 0.800646
vt 0.371786 0.812136
vt 0.350862 0.712165
vt 0.252813 0.525534
vt 0.252813 0.652742
vt 0.273452 0.531551
vt 0.273452 0.655648
vt 0.395836 0.812363
vt 0.512723 0.784139
vt 0.528659 0.832966
vt 0.403937 0.863082
vt 0.394633 0.812481
vt 0.512130 0.783291
vt 0.528497 0.832345
vt 0.403125 0.863491
vt 0.389428 0.649497
vt 0.389428 0.529881
vt 0.275972 0.821956
vt 0.276039 0.873317
vt 0.274017 0.822930
vt 0.274424 0.874641
vt 0.243838 0.532043
vt 0.243838 0.652223
vt 0.156083 0.812679
vt 0.148115 0.863418
vt 0.153251 0.814382
vt 0.145564 0.865520
vt 0.395493 0.655046
vt 0.395493 0.524331
vt 0.039122 0.784761
vt 0.023315 0.833630
vt 0.035309 0.787048
vt 0.019717 0.836353
vt 0.231414 0.524491
vt 0.231414 0.654886
vt 0.378764 0.811032
vt 0.355206 0.721042
vt 0.392736 0.707995
vt 0.417872 0.804016
vt 0.397168 0.813648
vt 0.515308 0.785367
vt 0.531309 0.834725
vt 0.405252 0.864902
vt 0.156402 0.647111
vt 0.156402 0.526400
vt 0.399096 0.813324
vt 0.516898 0.785210
vt 0.532817 0.834430
vt 0.407120 0.864428
vt 0.276059 0.823100
vt 0.276025 0.874987
vt 0.398627 0.525213
vt 0.398628 0.652961
vt 0.278347 0.822664
vt 0.278277 0.874394
vt 0.154963 0.813489
vt 0.146812 0.864732
vt 0.338259 0.652961
vt 0.338259 0.525213
vt 0.157623 0.812999
vt 0.149462 0.864081
vt 0.036860 0.785054
vt 0.020794 0.834391
vt 0.383377 0.652001
vt 0.383377 0.526399
vt 0.039897 0.784568
vt 0.023845 0.833745
vt 0.379557 0.812772
vt 0.358381 0.715243
vt 0.400979 0.702924
vt 0.423574 0.806990
vt 0.398628 0.525213
vt 0.398627 0.652961
vt 0.396839 0.811670
vt 0.514420 0.781985
vt 0.531001 0.831058
vt 0.405539 0.862733
vt 0.396680 0.812436
vt 0.515136 0.784677
vt 0.530926 0.834188
vt 0.404530 0.863807
vt 0.235997 0.525337
vt 0.235997 0.654731
vt 0.276062 0.822596
vt 0.276667 0.874392
vt 0.275339 0.821323
vt 0.275057 0.873289
vt 0.254083 0.526224
vt 0.254083 0.659998
vt 0.259959 0.637023
vt 0.259959 0.527801
vt 0.269019 0.527801
vt 0.269019 0.637023
vt 0.269674 0.521596
vt 0.269674 0.632143
vt 0.260504 0.632143
vt 0.260503 0.521596
vt 0.398628 0.632221
vt 0.398628 0.525911
vt 0.407447 0.525911
vt 0.407447 0.632221
vt 0.430395 0.630865
vt 0.430395 0.525436
vt 0.438935 0.525436
vt 0.438935 0.630865
vt 0.445876 0.633754
vt 0.445876 0.525308
vt 0.454872 0.525308
vt 0.454872 0.633754
vt 0.235997 0.633723
vt 0.235997 0.526044
vt 0.244930 0.526044
vt 0.244930 0.633723
vt 0.237716 0.630580
vt 0.237716 0.524977
vt 0.246477 0.524977
vt 0.246477 0.630580
vt 0.218563 0.630384
vt 0.218563 0.525691
vt 0.227248 0.525691
vt 0.227248 0.630384
vt 0.254083 0.638279
vt 0.254083 0.526955
vt 0.263318 0.526955
vt 0.263318 0.638279
vt 0.209468 0.625669
vt 0.209468 0.524300
vt 0.217878 0.524300
vt 0.217877 0.625669
vt 0.446294 0.632149
vt 0.446294 0.526142
vt 0.455089 0.526142
vt 0.455089 0.632149
vt 0.235997 0.633723
vt 0.235997 0.526044
vt 0.244930 0.526044
vt 0.244930 0.633723
vt 0.392980 0.637010
vt 0.392980 0.528814
vt 0.401955 0.528814
vt 0.401955 0.637010
vt 0.252813 0.632089
vt 0.252813 0.526229
vt 0.261595 0.526229
vt 0.261595 0.632089
vt 0.420006 0.635821
vt 0.420006 0.529350
vt 0.428839 0.529350
vt 0.428839 0.635821
vt 0.273452 0.635501
vt 0.273452 0.532229
vt 0.282019 0.532229
vt 0.282019 0.635501
vt 0.453336 0.632379
vt 0.453336 0.537362
vt 0.464879 0.537362
vt 0.464879 0.632379
vt 0.235997 0.633723
vt 0.235997 0.526044
vt 0.244930 0.526044
vt 0.244930 0.633723
vt 0.445953 0.630077
vt 0.445953 0.530535
vt 0.454211 0.530535
vt 0.454211 0.630077
vt 0.361919 0.643776
vt 0.361919 0.494601
vt 0.372598 0.494601
vt 0.372598 0.643776
vt 0.236110 0.634571
vt 0.236110 0.525630
vt 0.245147 0.525630
vt 0.245147 0.634571
vt 0.243838 0.632711
vt 0.243838 0.532700
vt 0.252135 0.532700
vt 0.252135 0.632711
vt 0.339060 0.640658
vt 0.339060 0.534065
vt 0.347902 0.534065
vt 0.347902 0.640658
vt 0.525531 0.528315
vt 0.525531 0.626519
vt 0.517384 0.626519
vt 0.517384 0.528315
vt 0.457263 0.633824
vt 0.457263 0.525046
vt 0.466287 0.525046
vt 0.466287 0.633824
vt 0.436105 0.633226
vt 0.436105 0.528964
vt 0.444755 0.528964
vt 0.444755 0.633226
vt 0.393739 0.529175
vt 0.393739 0.639406
vt 0.384595 0.639406
vt 0.384595 0.529175
vt 0.231414 0.633716
vt 0.231414 0.525204
vt 0.240416 0.525204
vt 0.240416 0.633716
vt 0.191156 0.629009
vt 0.191156 0.532949
vt 0.199125 0.532949
vt 0.199125 0.629009
vt 0.199181 0.625111
vt 0.199181 0.527342
vt 0.207292 0.527342
vt 0.207292 0.625111
vt 0.213444 0.627513
vt 0.213444 0.527060
vt 0.221778 0.527060
vt 0.221778 0.627513
vt 0.399503 0.632425
vt 0.399503 0.539801
vt 0.407187 0.539801
vt 0.407187 0.632425
vt 0.337207 0.639947
vt 0.337207 0.526865
vt 0.346588 0.526865
vt 0.346588 0.639947
vt 0.435879 0.525911
vt 0.435879 0.632221
vt 0.427060 0.632221
vt 0.427060 0.525911
vt 0.405505 0.623819
vt 0.405505 0.537290
vt 0.412683 0.537290
vt 0.412683 0.623819
vt 0.323185 0.638456
vt 0.323185 0.527530
vt 0.332387 0.527530
vt 0.332387 0.638456
vt 0.398628 0.632221
vt 0.398627 0.525911
vt 0.407447 0.525911
vt 0.407447 0.632221
vt 0.358598 0.633483
vt 0.358598 0.529665
vt 0.367211 0.529665
vt 0.367211 0.633483
vt 0.491170 0.532550
vt 0.491170 0.630883
vt 0.483013 0.630883
vt 0.483013 0.532550
vt 0.442731 0.631609
vt 0.442731 0.527086
vt 0.451402 0.527086
vt 0.451402 0.631609
vt 0.262623 0.524750
vt 0.262623 0.635451
vt 0.365002 0.533204
vt 0.365002 0.641519
vt 0.146664 0.893479
vt 0.275828 0.901765
vt 0.275454 0.875955
vt 0.150333 0.867929
vt 0.501630 0.627312
vt 0.501630 0.527522
vt 0.461480 0.528122
vt 0.461480 0.634068
vt 0.020388 0.865090
vt 0.028008 0.840429
vt 0.366912 0.640297
vt 0.366912 0.528284
vt 0.214534 0.532173
vt 0.214534 0.629785
vt 0.280437 0.670669
vt 0.431458 0.618813
vt 0.418786 0.589599
vt 0.272491 0.639832
vt 0.222976 0.526553
vt 0.222976 0.625900
vt 0.422045 0.539052
vt 0.422045 0.633173
vt 0.405366 0.890438
vt 0.530442 0.858374
vt 0.522110 0.834009
vt 0.400948 0.865069
vt 0.364729 0.525951
vt 0.364729 0.640860
vt 0.426564 0.536592
vt 0.426564 0.624518
vt 0.276814 0.902541
vt 0.276419 0.876793
vt 0.350182 0.526634
vt 0.350182 0.639352
vt 0.383865 0.528827
vt 0.383865 0.634321
vt 0.147952 0.894385
vt 0.151589 0.868892
vt 0.467238 0.631677
vt 0.467238 0.531755
vt 0.286540 0.526919
vt 0.286540 0.637905
vt 0.021952 0.866171
vt 0.029532 0.841561
vt 0.242770 0.633036
vt 0.242770 0.520704
vt 0.455447 0.524584
vt 0.455447 0.631716
vt 0.405494 0.889480
vt 0.530189 0.857082
vt 0.521797 0.832798
vt 0.401004 0.864182
vt 0.472269 0.524433
vt 0.472269 0.634630
vt 0.263417 0.524125
vt 0.263417 0.631433
vt 0.277266 0.901973
vt 0.276788 0.876284
vt 0.244043 0.524845
vt 0.244043 0.631229
vt 0.234139 0.523481
vt 0.234139 0.626488
vt 0.148662 0.894252
vt 0.152209 0.868804
vt 0.472094 0.525286
vt 0.472094 0.633005
vt 0.419312 0.527941
vt 0.419312 0.637883
vt 0.022849 0.866508
vt 0.030334 0.841929
vt 0.264663 0.553956
vt 0.288184 0.670703
vt 0.311027 0.664200
vt 0.288242 0.551106
vt 0.278577 0.525374
vt 0.278577 0.632944
vt 0.298586 0.531395
vt 0.298586 0.636335
vt 0.404078 0.891155
vt 0.529505 0.859235
vt 0.521196 0.834797
vt 0.399694 0.865719
vt 0.401751 0.890125
vt 0.526121 0.859050
vt 0.517997 0.834810
vt 0.397519 0.864912
vt 0.470179 0.529731
vt 0.470179 0.630881
vt 0.275202 0.903061
vt 0.274851 0.877252
vt 0.274052 0.901361
vt 0.273816 0.875796
vt 0.268179 0.531892
vt 0.268179 0.633519
vt 0.146050 0.894660
vt 0.149741 0.869114
vt 0.146166 0.892482
vt 0.149933 0.867195
vt 0.483737 0.524167
vt 0.483737 0.634703
vt 0.019802 0.866159
vt 0.027444 0.841505
vt 0.021245 0.863707
vt 0.028920 0.839321
vt 0.257823 0.524327
vt 0.257823 0.634593
vt 0.437069 0.616876
vt 0.451254 0.526143
vt 0.432992 0.524743
vt 0.419252 0.612636
vt 0.402627 0.890073
vt 0.527584 0.858481
vt 0.519348 0.834132
vt 0.398301 0.864735
vt 0.237892 0.526249
vt 0.237892 0.628325
vt 0.405665 0.889557
vt 0.530267 0.857220
vt 0.521888 0.832954
vt 0.401186 0.864278
vt 0.274266 0.901728
vt 0.273958 0.876026
vt 0.410006 0.633079
vt 0.410006 0.525052
vt 0.277539 0.902004
vt 0.277069 0.876336
vt 0.145662 0.893161
vt 0.149378 0.867726
vt 0.424501 0.525052
vt 0.424501 0.633079
vt 0.149043 0.894254
vt 0.152594 0.868828
vt 0.019982 0.864580
vt 0.027631 0.840040
vt 0.468169 0.526242
vt 0.468169 0.632453
vt 0.023341 0.866498
vt 0.030826 0.841941
vt 0.152851 0.527429
vt 0.170047 0.634610
vt 0.191088 0.629514
vt 0.174429 0.525687
vt 0.424501 0.525052
vt 0.424501 0.633079
vt 0.403813 0.891442
vt 0.529231 0.859779
vt 0.520974 0.835340
vt 0.399481 0.866012
vt 0.403260 0.890385
vt 0.527567 0.858626
vt 0.519308 0.834409
vt 0.398891 0.865173
vt 0.262204 0.525174
vt 0.262204 0.634593
vt 0.274986 0.903096
vt 0.274685 0.877300
vt 0.275515 0.902306
vt 0.275144 0.876722
vt 0.281176 0.526056
vt 0.281177 0.639178
vt 0.145923 0.894452
vt 0.149660 0.868928
vt 0.147478 0.894097
vt 0.151114 0.868770
vt 0.262204 0.525174
vt 0.262204 0.634593
vt 0.019801 0.865726
vt 0.027486 0.841100
vt 0.022302 0.865960
vt 0.029855 0.841514
vt 0.445918 0.528490
vt 0.445918 0.636681
vt 0.487201 0.536595
vt 0.487201 0.633146
vt 0.404697 0.889742
vt 0.530098 0.857709
vt 0.521767 0.833278
vt 0.400290 0.864309
vt 0.262204 0.525174
vt 0.262204 0.634593
vt 0.393248 0.493396
vt 0.393248 0.644981
vt 0.215423 0.589215
vt 0.166321 0.589215
vt 0.166321 0.585519
vt 0.215423 0.585519
vt 0.340275 0.621839
vt 0.342979 0.630161
vt 0.342706 0.630227
vt 0.340016 0.621946
vt 0.332532 0.578124
vt 0.281538 0.578124
vt 0.281538 0.574428
vt 0.332532 0.574428
vt 0.317892 0.690727
vt 0.310095 0.694700
vt 0.309988 0.694440
vt 0.317745 0.690488
vt 0.505912 0.581820
vt 0.464143 0.581820
vt 0.464143 0.578124
vt 0.505912 0.578124
vt 0.259618 0.579540
vt 0.252538 0.574397
vt 0.252721 0.574183
vt 0.259764 0.579301
vt 0.120319 0.589215
vt 0.120319 0.585519
vt 0.331159 0.568209
vt 0.324972 0.574397
vt 0.324789 0.574183
vt 0.330946 0.568027
vt 0.229909 0.578124
vt 0.229909 0.574428
vt 0.331159 0.495776
vt 0.336303 0.502856
vt 0.336063 0.503002
vt 0.330946 0.495959
vt 0.418141 0.581820
vt 0.418141 0.578125
vt 0.246351 0.679396
vt 0.241207 0.672317
vt 0.241447 0.672170
vt 0.246564 0.679214
vt 0.078550 0.589215
vt 0.078550 0.585519
vt 0.246351 0.606963
vt 0.252538 0.600775
vt 0.252721 0.600989
vt 0.246564 0.607145
vt 0.178916 0.578124
vt 0.178916 0.574428
vt 0.317892 0.595632
vt 0.324971 0.600775
vt 0.324789 0.600989
vt 0.317745 0.595871
vt 0.369039 0.581821
vt 0.369039 0.578125
vt 0.259618 0.484445
vt 0.267414 0.480472
vt 0.267522 0.480732
vt 0.259764 0.484685
vt 0.042043 0.589214
vt 0.042043 0.585518
vt 0.237235 0.553333
vt 0.234531 0.545011
vt 0.234804 0.544945
vt 0.237494 0.553226
vt 0.129813 0.578123
vt 0.129813 0.574428
vt 0.301773 0.586217
vt 0.293130 0.587586
vt 0.293108 0.587306
vt 0.301707 0.585944
vt 0.318045 0.581821
vt 0.318045 0.578125
vt 0.340275 0.664520
vt 0.336303 0.672317
vt 0.336063 0.672170
vt 0.340016 0.664412
vt 0.505912 0.585517
vt 0.464143 0.585517
vt 0.464143 0.581821
vt 0.505912 0.581821
vt 0.275737 0.697404
vt 0.267415 0.694700
vt 0.267522 0.694440
vt 0.275802 0.697131
vt 0.083812 0.578123
vt 0.083812 0.574427
vt 0.233162 0.638804
vt 0.234531 0.630161
vt 0.234804 0.630227
vt 0.233442 0.638826
vt 0.266416 0.581821
vt 0.266416 0.578125
vt 0.344348 0.527618
vt 0.344348 0.536368
vt 0.344068 0.536346
vt 0.344068 0.527640
vt 0.418141 0.585518
vt 0.418141 0.581822
vt 0.293130 0.476399
vt 0.301773 0.477768
vt 0.301707 0.478041
vt 0.293108 0.476679
vt 0.042043 0.578123
vt 0.042043 0.574427
vt 0.234531 0.518975
vt 0.237235 0.510652
vt 0.237494 0.510760
vt 0.234804 0.519040
vt 0.215422 0.581821
vt 0.215422 0.578125
vt 0.284380 0.587586
vt 0.293130 0.587586
vt 0.293108 0.587866
vt 0.284402 0.587866
vt 0.369039 0.585518
vt 0.369039 0.581822
vt 0.344348 0.638804
vt 0.344068 0.638826
vt 0.542419 0.589214
vt 0.505912 0.589215
vt 0.505912 0.585519
vt 0.542419 0.585518
vt 0.301773 0.697404
vt 0.301708 0.697131
vt 0.166320 0.581821
vt 0.166320 0.578125
vt 0.267414 0.583513
vt 0.267522 0.583254
vt 0.318046 0.585518
vt 0.318046 0.581822
vt 0.336303 0.561130
vt 0.336063 0.560983
vt 0.464143 0.589215
vt 0.464143 0.585519
vt 0.324972 0.489589
vt 0.324789 0.489802
vt 0.120318 0.581820
vt 0.120318 0.578125
vt 0.237235 0.664520
vt 0.237494 0.664412
vt 0.266416 0.585518
vt 0.266416 0.581822
vt 0.259618 0.595632
vt 0.259764 0.595871
vt 0.418141 0.589215
vt 0.418141 0.585519
vt 0.331159 0.606963
vt 0.330946 0.607145
vt 0.078550 0.581820
vt 0.078550 0.578124
vt 0.252538 0.489589
vt 0.252721 0.489802
vt 0.215423 0.585518
vt 0.215423 0.581822
vt 0.241207 0.561130
vt 0.241447 0.560983
vt 0.369039 0.589215
vt 0.369039 0.585519
vt 0.310095 0.583513
vt 0.309988 0.583254
vt 0.042043 0.581820
vt 0.042043 0.578124
vt 0.331159 0.679396
vt 0.330946 0.679214
vt 0.166321 0.585518
vt 0.166321 0.581822
vt 0.259618 0.690727
vt 0.259764 0.690488
vt 0.318046 0.589215
vt 0.318046 0.585520
vt 0.237235 0.621839
vt 0.237494 0.621946
vt 0.469405 0.578122
vt 0.427636 0.578123
vt 0.427636 0.574427
vt 0.469405 0.574427
vt 0.342979 0.518975
vt 0.342706 0.519040
vt 0.120319 0.585518
vt 0.120319 0.581822
vt 0.284380 0.476399
vt 0.284402 0.476679
vt 0.266416 0.589215
vt 0.266416 0.585520
vt 0.233162 0.527618
vt 0.233442 0.527640
vt 0.381634 0.578123
vt 0.381634 0.574427
vt 0.301773 0.588955
vt 0.301707 0.589228
vt 0.078550 0.585517
vt 0.078550 0.581822
vt 0.344348 0.647555
vt 0.344068 0.647533
vt 0.293130 0.698773
vt 0.293108 0.698493
vt 0.275737 0.586217
vt 0.275802 0.585944
vt 0.042043 0.585517
vt 0.042043 0.581821
vt 0.340275 0.553333
vt 0.340016 0.553226
vt 0.162308 0.329056
vt 0.216666 0.329056
vt 0.216666 0.337367
vt 0.162308 0.337367
vt 0.020489 0.329056
vt 0.062998 0.329056
vt 0.062998 0.337367
vt 0.020489 0.337367
vt 0.162309 0.329056
vt 0.110662 0.329056
vt 0.110662 0.337367
vt 0.162309 0.337367
vt 0.272395 0.329056
vt 0.272395 0.337367
vt 0.110662 0.329056
vt 0.110662 0.337367
vt 0.062998 0.329056
vt 0.062998 0.337367
vt 0.328125 0.329056
vt 0.328125 0.337367
vt 0.162308 0.329056
vt 0.162308 0.337367
vt 0.020490 0.329056
vt 0.020490 0.337367
vt 0.382482 0.329056
vt 0.382482 0.337367
vt 0.216666 0.329056
vt 0.216666 0.337367
vt 0.524301 0.329056
vt 0.481793 0.329056
vt 0.481793 0.337367
vt 0.524301 0.337367
vt 0.434129 0.329056
vt 0.434129 0.337367
vt 0.272395 0.329056
vt 0.272395 0.337367
vt 0.434129 0.329056
vt 0.434129 0.337367
vt 0.481793 0.329056
vt 0.481793 0.337367
vt 0.328125 0.329056
vt 0.328125 0.337367
vt 0.382482 0.329056
vt 0.382482 0.337367
vt 0.524301 0.329056
vt 0.524301 0.337367
vt 0.382482 0.329056
vt 0.382482 0.337367
vt 0.328125 0.329056
vt 0.328125 0.337367
vt 0.481793 0.329056
vt 0.481793 0.337367
vt 0.434129 0.329056
vt 0.434129 0.337367
vt 0.272395 0.329056
vt 0.272395 0.337367
vt 0.434129 0.329056
vt 0.434129 0.337367
vt 0.481793 0.329056
vt 0.481793 0.337367
vt 0.216667 0.329056
vt 0.216667 0.337367
vt 0.382483 0.329056
vt 0.382483 0.337367
vt 0.524301 0.329056
vt 0.524301 0.337367
vt 0.162309 0.329056
vt 0.162309 0.337367
vt 0.328125 0.329056
vt 0.328125 0.337367
vt 0.020489 0.329056
vt 0.062998 0.329056
vt 0.062998 0.337367
vt 0.020489 0.337367
vt 0.110662 0.329056
vt 0.110662 0.337367
vt 0.272396 0.329056
vt 0.272396 0.337367
vt 0.110662 0.329056
vt 0.110662 0.337367
vt 0.062998 0.329056
vt 0.062998 0.337367
vt 0.216666 0.329056
vt 0.216666 0.337367
vt 0.275737 0.588955
vt 0.275802 0.589228
vt 0.241207 0.502856
vt 0.241447 0.503002
vt 0.310095 0.480472
vt 0.309988 0.480732
vt 0.342979 0.545011
vt 0.342706 0.544945
vt 0.233162 0.647555
vt 0.233442 0.647533
vt 0.284380 0.698773
vt 0.284402 0.698493
vt 0.342979 0.656197
vt 0.342706 0.656132
vt 0.284380 0.587586
vt 0.284402 0.587306
vt 0.233162 0.536368
vt 0.233442 0.536346
vt 0.275737 0.477768
vt 0.275802 0.478041
vt 0.340275 0.510652
vt 0.340016 0.510760
vt 0.310095 0.591659
vt 0.309988 0.591919
vt 0.241207 0.614042
vt 0.241447 0.614189
vt 0.252538 0.685584
vt 0.252721 0.685370
vt 0.324972 0.685584
vt 0.324789 0.685370
vt 0.317892 0.579540
vt 0.317745 0.579301
vt 0.246351 0.568209
vt 0.246564 0.568027
vt 0.246351 0.495776
vt 0.246564 0.495959
vt 0.336303 0.614042
vt 0.336063 0.614189
vt 0.267414 0.591659
vt 0.267522 0.591919
vt 0.234531 0.656197
vt 0.234804 0.656132
vt 0.317892 0.484445
vt 0.317745 0.484685
vt 0.253409 0.555064
vt 0.253409 0.532399
vt 0.297244 0.532399
vt 0.297244 0.555064
vt 0.370835 0.509733
vt 0.370835 0.532399
vt 0.328626 0.532399
vt 0.328626 0.509733
vt 0.477667 0.601386
vt 0.477667 0.624052
vt 0.446285 0.624052
vt 0.446285 0.601386
vt 0.339453 0.532399
vt 0.339453 0.555064
vt 0.284791 0.532399
vt 0.284791 0.509733
vt 0.410379 0.624052
vt 0.410379 0.601386
vt 0.378997 0.532399
vt 0.378997 0.555064
vt 0.240410 0.532399
vt 0.240410 0.509733
vt 0.370835 0.624052
vt 0.370835 0.601386
vt 0.414903 0.532399
vt 0.414903 0.555064
vt 0.196575 0.532399
vt 0.196575 0.509733
vt 0.328626 0.624052
vt 0.328626 0.601386
vt 0.446285 0.532399
vt 0.446285 0.555064
vt 0.154365 0.532399
vt 0.154365 0.509733
vt 0.284791 0.624052
vt 0.284791 0.601386
vt 0.047533 0.509733
vt 0.047533 0.487068
vt 0.083439 0.487068
vt 0.083439 0.509733
vt 0.114821 0.532399
vt 0.114821 0.509733
vt 0.240409 0.624052
vt 0.240409 0.601386
vt 0.122983 0.487068
vt 0.122983 0.509733
vt 0.078916 0.532399
vt 0.078916 0.509733
vt 0.196574 0.624052
vt 0.196574 0.601386
vt 0.165192 0.487068
vt 0.165192 0.509733
vt 0.047533 0.532399
vt 0.047533 0.509733
vt 0.154365 0.624052
vt 0.154365 0.601386
vt 0.209027 0.487067
vt 0.209027 0.509733
vt 0.047533 0.555064
vt 0.083439 0.532399
vt 0.083439 0.555064
vt 0.114821 0.624052
vt 0.114821 0.601386
vt 0.253409 0.487067
vt 0.253409 0.509733
vt 0.122983 0.532399
vt 0.122983 0.555064
vt 0.078916 0.624052
vt 0.078916 0.601386
vt 0.297244 0.487067
vt 0.297244 0.509733
vt 0.165192 0.532399
vt 0.165192 0.555064
vt 0.047533 0.624052
vt 0.047533 0.601386
vt 0.339453 0.487067
vt 0.339453 0.509733
vt 0.209027 0.532399
vt 0.209027 0.555064
vt 0.446285 0.509733
vt 0.446285 0.532399
vt 0.410380 0.532399
vt 0.410380 0.509733
vt 0.378997 0.487067
vt 0.378997 0.509733
vt 0.414903 0.487067
vt 0.414903 0.509733
vt 0.122111 0.624052
vt 0.122111 0.647213
vt 0.082316 0.647213
vt 0.082316 0.624052
vt 0.226524 0.555064
vt 0.226524 0.578225
vt 0.177939 0.578225
vt 0.177939 0.555064
vt 0.165939 0.670374
vt 0.165939 0.647213
vt 0.212722 0.647213
vt 0.212722 0.670374
vt 0.047533 0.647213
vt 0.047533 0.624052
vt 0.131157 0.578225
vt 0.131157 0.555064
vt 0.261306 0.647213
vt 0.261306 0.670374
vt 0.454704 0.578225
vt 0.454704 0.601386
vt 0.414908 0.601386
vt 0.414908 0.578225
vt 0.087328 0.578225
vt 0.087329 0.555064
vt 0.310496 0.647213
vt 0.310496 0.670374
vt 0.371080 0.601386
vt 0.371080 0.578225
vt 0.047533 0.578225
vt 0.047533 0.555064
vt 0.359080 0.647213
vt 0.359080 0.670374
vt 0.324298 0.601386
vt 0.324298 0.578225
vt 0.524268 0.624052
vt 0.524268 0.647213
vt 0.489486 0.647213
vt 0.489486 0.624052
vt 0.405862 0.647213
vt 0.405862 0.670373
vt 0.275713 0.601386
vt 0.275713 0.578225
vt 0.449690 0.647213
vt 0.449690 0.624052
vt 0.449691 0.647213
vt 0.449691 0.670373
vt 0.226524 0.601386
vt 0.226524 0.578225
vt 0.405862 0.647213
vt 0.405862 0.624052
vt 0.489486 0.647213
vt 0.489486 0.670373
vt 0.177939 0.601386
vt 0.177939 0.578225
vt 0.359079 0.647213
vt 0.359079 0.624052
vt 0.524269 0.647213
vt 0.524269 0.670373
vt 0.131157 0.601386
vt 0.131157 0.578225
vt 0.310495 0.647213
vt 0.310495 0.624052
vt 0.454704 0.555064
vt 0.454704 0.578225
vt 0.414908 0.578225
vt 0.414908 0.555064
vt 0.087329 0.601386
vt 0.087329 0.578225
vt 0.261306 0.647213
vt 0.261306 0.624052
vt 0.371080 0.578225
vt 0.371080 0.555064
vt 0.047533 0.601386
vt 0.047533 0.578225
vt 0.212721 0.647213
vt 0.212721 0.624052
vt 0.324298 0.578225
vt 0.324298 0.555064
vt 0.047533 0.670374
vt 0.047533 0.647213
vt 0.082316 0.647213
vt 0.082316 0.670374
vt 0.165939 0.647213
vt 0.165939 0.624052
vt 0.275713 0.578225
vt 0.275713 0.555064
vt 0.122111 0.647213
vt 0.122111 0.670374
vt 0.199051 0.497927
vt 0.199051 0.665713
vt 0.182873 0.667160
vt 0.182873 0.496481
vt 0.229895 0.656333
vt 0.229895 0.536443
vt 0.243292 0.535409
vt 0.243292 0.657367
vt 0.304189 0.531289
vt 0.304189 0.648558
vt 0.291085 0.649569
vt 0.291085 0.530278
vt 0.092778 0.643135
vt 0.092778 0.535091
vt 0.104851 0.534160
vt 0.104851 0.644066
vt 0.282311 0.541866
vt 0.282311 0.646046
vt 0.270670 0.646944
vt 0.270670 0.540968
vt 0.296025 0.539220
vt 0.296025 0.636543
vt 0.285150 0.637382
vt 0.285150 0.538381
vt 0.227244 0.531980
vt 0.227244 0.648750
vt 0.214195 0.649756
vt 0.214195 0.530974
vt 0.148101 0.653084
vt 0.148101 0.530237
vt 0.161829 0.529177
vt 0.161829 0.654143
vt 0.324977 0.647220
vt 0.324978 0.528638
vt 0.337915 0.527616
vt 0.337915 0.648242
vt 0.129565 0.646110
vt 0.129565 0.527333
vt 0.142838 0.526309
vt 0.142838 0.647134
vt 0.105653 0.640576
vt 0.105653 0.526560
vt 0.118394 0.525578
vt 0.118393 0.641559
vt 0.282174 0.652920
vt 0.282174 0.531227
vt 0.295772 0.530178
vt 0.295772 0.653969
vt 0.142789 0.534532
vt 0.142789 0.650687
vt 0.129810 0.651689
vt 0.129809 0.533531
vt 0.344009 0.644715
vt 0.344009 0.532755
vt 0.356520 0.531789
vt 0.356520 0.645680
vt 0.117300 0.534930
vt 0.117300 0.647418
vt 0.104730 0.648388
vt 0.104730 0.533961
vt 0.345860 0.649821
vt 0.345860 0.527472
vt 0.359532 0.526417
vt 0.359532 0.650875
vt 0.120283 0.649674
vt 0.120283 0.527624
vt 0.133922 0.526572
vt 0.133922 0.650726
vt 0.086346 0.529300
vt 0.086347 0.642285
vt 0.073721 0.643259
vt 0.073721 0.528326
vt 0.289753 0.647854
vt 0.289753 0.528282
vt 0.303114 0.527251
vt 0.303114 0.648885
vt 0.289753 0.647854
vt 0.289753 0.528282
vt 0.303114 0.527251
vt 0.303114 0.648885
vt 0.310484 0.529417
vt 0.310484 0.646979
vt 0.297347 0.647993
vt 0.297347 0.528403
vt 0.289753 0.647854
vt 0.289753 0.528282
vt 0.303114 0.527251
vt 0.303114 0.648885
vt 0.125720 0.649558
vt 0.125720 0.528445
vt 0.139253 0.527401
vt 0.139254 0.650602
vt 0.140073 0.654650
vt 0.140073 0.529438
vt 0.154065 0.528358
vt 0.154065 0.655729
vt 0.099757 0.528445
vt 0.099757 0.649558
vt 0.086224 0.650602
vt 0.086224 0.527401
vt 0.310966 0.651478
vt 0.310966 0.531725
vt 0.324348 0.530692
vt 0.324348 0.652510
vt 0.125720 0.649558
vt 0.125720 0.528445
vt 0.139254 0.527401
vt 0.139254 0.650602
vt 0.124540 0.650591
vt 0.124540 0.528059
vt 0.138232 0.527003
vt 0.138232 0.651648
vt 0.366868 0.530506
vt 0.366868 0.640960
vt 0.354526 0.641913
vt 0.354526 0.529553
vt 0.215644 0.531633
vt 0.215644 0.655616
vt 0.201790 0.656685
vt 0.201790 0.530564
vt 0.075481 0.529523
vt 0.075481 0.639488
vt 0.063193 0.640436
vt 0.063193 0.528575
vt 0.221396 0.656576
vt 0.221396 0.529386
vt 0.235609 0.528290
vt 0.235609 0.657673
vt 0.209583 0.654768
vt 0.209583 0.530004
vt 0.223524 0.528928
vt 0.223524 0.655844
vt 0.332298 0.534743
vt 0.332298 0.645344
vt 0.319939 0.646297
vt 0.319939 0.533789
vt 0.117725 0.648399
vt 0.117725 0.524062
vt 0.131619 0.522990
vt 0.131619 0.649471
vt 0.308666 0.527727
vt 0.308666 0.649702
vt 0.295036 0.650753
vt 0.295036 0.526675
vt 0.086101 0.528026
vt 0.086101 0.645779
vt 0.072943 0.646795
vt 0.072943 0.527011
vt 0.312170 0.528506
vt 0.312171 0.647738
vt 0.298847 0.648766
vt 0.298847 0.527478
vt 0.118874 0.528590
vt 0.118874 0.647657
vt 0.105569 0.648683
vt 0.105569 0.527563
vt 0.310829 0.646352
vt 0.310829 0.539481
vt 0.328318 0.538560
vt 0.328318 0.647273
vt 0.167037 0.656796
vt 0.167037 0.527291
vt 0.179466 0.526224
vt 0.179466 0.657863
vt 0.151801 0.651634
vt 0.151801 0.526369
vt 0.163823 0.525337
vt 0.163823 0.652666
vt 0.315502 0.649904
vt 0.315502 0.526232
vt 0.327372 0.525213
vt 0.327371 0.650923
vt 0.285168 0.527401
vt 0.285167 0.648995
vt 0.273497 0.649997
vt 0.273498 0.526399
vt 0.315502 0.649904
vt 0.315502 0.526232
vt 0.327372 0.525213
vt 0.327372 0.650923
vt 0.315502 0.649904
vt 0.315502 0.526232
vt 0.327372 0.525213
vt 0.327372 0.650923
vt 0.062016 0.527363
vt 0.062016 0.644222
vt 0.050800 0.645185
vt 0.050800 0.526400
vt 0.146566 0.651766
vt 0.146566 0.525531
vt 0.158682 0.524491
vt 0.158682 0.652806
vt 0.372207 0.651918
vt 0.372207 0.525374
vt 0.384353 0.524331
vt 0.384353 0.652961
vt 0.093077 0.533002
vt 0.093077 0.649347
vt 0.081910 0.650306
vt 0.081910 0.532043
vt 0.368119 0.646634
vt 0.368119 0.530835
vt 0.379233 0.529881
vt 0.379233 0.647588
vt 0.117776 0.532541
vt 0.117776 0.652678
vt 0.106245 0.653668
vt 0.106245 0.531551
vt 0.093234 0.526548
vt 0.093234 0.649698
vt 0.081414 0.650713
vt 0.081414 0.525534
vt 0.308380 0.655006
vt 0.308380 0.529141
vt 0.320460 0.528104
vt 0.320460 0.656044
vt 0.286494 0.526462
vt 0.286495 0.649782
vt 0.274659 0.650798
vt 0.274659 0.525446
vt 0.130205 0.642531
vt 0.130206 0.524606
vt 0.141524 0.523634
vt 0.141524 0.643502
vt 0.060744 0.526007
vt 0.060744 0.647798
vt 0.049054 0.648802
vt 0.049055 0.525003
vt 0.155143 0.648146
vt 0.155143 0.525296
vt 0.166934 0.524284
vt 0.166934 0.649158
vt 0.282399 0.525636
vt 0.282399 0.651793
vt 0.270291 0.652832
vt 0.270291 0.524596
vt 0.349909 0.649253
vt 0.349909 0.526606
vt 0.361402 0.525595
vt 0.361402 0.650264
vt 0.144500 0.650531
vt 0.144500 0.521930
vt 0.156843 0.520871
vt 0.156843 0.651590
vt 0.174556 0.655190
vt 0.174556 0.528131
vt 0.186751 0.527084
vt 0.186751 0.656237
vt 0.308481 0.532846
vt 0.308481 0.647240
vt 0.297501 0.648182
vt 0.297502 0.531904
vt 0.202098 0.529979
vt 0.202098 0.650752
vt 0.190507 0.651747
vt 0.190507 0.528983
vt 0.236450 0.656907
vt 0.236450 0.527865
vt 0.248835 0.526802
vt 0.248835 0.657970
vt 0.275067 0.537552
vt 0.275067 0.638212
vt 0.265406 0.639041
vt 0.265406 0.536722
vt 0.248786 0.658757
vt 0.248786 0.527206
vt 0.261412 0.526122
vt 0.261412 0.659841
vt 0.259877 0.540080
vt 0.259877 0.647831
vt 0.249535 0.648719
vt 0.249535 0.539192
vt 0.051801 0.527637
vt 0.051801 0.641373
vt 0.040885 0.642310
vt 0.040885 0.526700
vt 0.116044 0.644987
vt 0.116044 0.533239
vt 0.126770 0.532318
vt 0.126770 0.645908
vt 0.188945 0.529507
vt 0.188945 0.657742
vt 0.176637 0.658798
vt 0.176637 0.528451
vt 0.278936 0.529279
vt 0.278936 0.650569
vt 0.267295 0.651568
vt 0.267295 0.528280
vt 0.343083 0.528612
vt 0.343083 0.642854
vt 0.332118 0.643795
vt 0.332118 0.527671
vt 0.255712 0.658389
vt 0.255713 0.534387
vt 0.267614 0.533365
vt 0.267614 0.659411
vt 0.150926 0.652692
vt 0.150926 0.525959
vt 0.163090 0.524915
vt 0.163090 0.653736
vt 0.167873 0.495051
vt 0.167873 0.668590
vt 0.153501 0.670020
vt 0.153501 0.493621
vt 0.151801 0.651634
vt 0.151801 0.526369
vt 0.163823 0.525337
vt 0.163823 0.652666
vt 0.344532 0.648184
vt 0.344532 0.537649
vt 0.360069 0.536739
vt 0.360069 0.649095
vt 0.336754 0.653531
vt 0.336754 0.529672
vt 0.348642 0.528651
vt 0.348642 0.654552
vt 0.073676 0.526369
vt 0.073676 0.651634
vt 0.061654 0.652666
vt 0.061654 0.525337
vt 0.233810 0.642774
vt 0.233810 0.543059
vt 0.253154 0.542245
vt 0.253154 0.643588
vt 0.177468 0.532576
vt 0.177468 0.643670
vt 0.162752 0.644577
vt 0.162752 0.531669
vt 0.370845 0.532498
vt 0.370845 0.643746
vt 0.356109 0.644654
vt 0.356108 0.531590
vt 0.144049 0.531968
vt 0.144049 0.641837
vt 0.129495 0.642734
vt 0.129495 0.531071
vt 0.368691 0.531811
vt 0.368691 0.645618
vt 0.353615 0.646547
vt 0.353615 0.530881
vt 0.056537 0.644236
vt 0.056537 0.528225
vt 0.071905 0.527278
vt 0.071905 0.645183
vt 0.386726 0.538445
vt 0.386725 0.641641
vt 0.373055 0.642483
vt 0.373056 0.537603
vt 0.148185 0.650591
vt 0.148185 0.534181
vt 0.163606 0.533231
vt 0.163606 0.651541
vt 0.158805 0.652318
vt 0.158805 0.533645
vt 0.174525 0.532676
vt 0.174525 0.653287
vt 0.129596 0.533204
vt 0.129596 0.635806
vt 0.116004 0.636644
vt 0.116005 0.532367
vt 0.276657 0.535784
vt 0.276657 0.651465
vt 0.261333 0.652410
vt 0.261333 0.534839
vt 0.421224 0.534204
vt 0.421224 0.637262
vt 0.407572 0.638104
vt 0.407572 0.533362
vt 0.064241 0.646489
vt 0.064241 0.532162
vt 0.079385 0.531229
vt 0.079385 0.647422
vt 0.066120 0.645503
vt 0.066120 0.532500
vt 0.081089 0.531578
vt 0.081089 0.646426
vt 0.252034 0.647469
vt 0.252034 0.535734
vt 0.266836 0.534822
vt 0.266835 0.648381
vt 0.159358 0.532500
vt 0.159358 0.645503
vt 0.144388 0.646426
vt 0.144389 0.531578
vt 0.078455 0.650458
vt 0.078455 0.533630
vt 0.093931 0.532676
vt 0.093931 0.651411
vt 0.066120 0.645503
vt 0.066120 0.532500
vt 0.081089 0.531578
vt 0.081089 0.646426
vt 0.230910 0.643851
vt 0.230910 0.532285
vt 0.245689 0.531374
vt 0.245689 0.644761
vt 0.368338 0.533353
vt 0.368337 0.643043
vt 0.353807 0.643939
vt 0.353807 0.532457
vt 0.230910 0.643851
vt 0.230910 0.532285
vt 0.245689 0.531374
vt 0.245689 0.644762
vt 0.230910 0.643851
vt 0.230910 0.532285
vt 0.245689 0.531374
vt 0.245689 0.644761
vt 0.141947 0.533083
vt 0.141947 0.638503
vt 0.127983 0.639363
vt 0.127983 0.532222
vt 0.060222 0.645587
vt 0.060222 0.531710
vt 0.075307 0.530780
vt 0.075307 0.646517
vt 0.285651 0.645724
vt 0.285651 0.531568
vt 0.300773 0.530636
vt 0.300773 0.646656
vt 0.172657 0.538696
vt 0.172656 0.643652
vt 0.158753 0.644509
vt 0.158753 0.537840
vt 0.288913 0.640966
vt 0.288913 0.536503
vt 0.302751 0.535650
vt 0.302751 0.641819
vt 0.199950 0.538421
vt 0.199950 0.646798
vt 0.185593 0.647683
vt 0.185593 0.537536
vt 0.222288 0.648846
vt 0.222288 0.535302
vt 0.237329 0.534375
vt 0.237329 0.649773
vt 0.049545 0.636759
vt 0.049545 0.530378
vt 0.063637 0.529509
vt 0.063637 0.637627
vt 0.071114 0.642133
vt 0.071114 0.531309
vt 0.085794 0.530404
vt 0.085794 0.643038
vt 0.268003 0.643250
vt 0.268004 0.532609
vt 0.282313 0.531705
vt 0.282313 0.644153
vt 0.087647 0.648971
vt 0.087647 0.534350
vt 0.102831 0.533414
vt 0.102831 0.649907
vt 0.284707 0.535890
vt 0.284707 0.644840
vt 0.270274 0.645730
vt 0.270275 0.535000
vt 0.343919 0.542478
vt 0.343919 0.633285
vt 0.331890 0.634026
vt 0.331890 0.541737
vt 0.333579 0.545354
vt 0.333579 0.642558
vt 0.320702 0.643351
vt 0.320702 0.544560
vt 0.039609 0.639518
vt 0.039609 0.538708
vt 0.052962 0.537885
vt 0.052963 0.640341
vt 0.361898 0.535215
vt 0.361898 0.644632
vt 0.347404 0.645526
vt 0.347404 0.534322
vt 0.170896 0.652319
vt 0.170896 0.540456
vt 0.185714 0.539543
vt 0.185714 0.653233
vt 0.270301 0.503545
vt 0.270301 0.660096
vt 0.252406 0.661374
vt 0.252406 0.502267
vt 0.273247 0.644509
vt 0.273247 0.541324
vt 0.292901 0.540403
vt 0.292901 0.645430
vt 0.147466 0.530643
vt 0.147465 0.645604
vt 0.132514 0.646630
vt 0.132514 0.529616
vt 0.340801 0.530562
vt 0.340801 0.645682
vt 0.325829 0.646710
vt 0.325829 0.529534
vt 0.114377 0.530056
vt 0.114377 0.643749
vt 0.099591 0.644764
vt 0.099590 0.529041
vt 0.337955 0.529830
vt 0.337955 0.647599
vt 0.322639 0.648650
vt 0.322639 0.528778
vt 0.087868 0.646255
vt 0.087868 0.526206
vt 0.103481 0.525134
vt 0.103481 0.647327
vt 0.358856 0.536649
vt 0.358856 0.643437
vt 0.344968 0.644390
vt 0.344968 0.535696
vt 0.179623 0.652617
vt 0.179623 0.532155
vt 0.195290 0.531079
vt 0.195290 0.653693
vt 0.190854 0.654383
vt 0.190854 0.531579
vt 0.206826 0.530483
vt 0.206826 0.655480
vt 0.101887 0.531419
vt 0.101887 0.637592
vt 0.088078 0.638540
vt 0.088078 0.530471
vt 0.245416 0.533771
vt 0.245416 0.653479
vt 0.229847 0.654547
vt 0.229847 0.532702
vt 0.393392 0.532410
vt 0.393391 0.639056
vt 0.379521 0.640008
vt 0.379521 0.531458
vt 0.095117 0.648479
vt 0.095116 0.530172
vt 0.110503 0.529116
vt 0.110503 0.649535
vt 0.096637 0.647470
vt 0.096638 0.530534
vt 0.111846 0.529489
vt 0.111846 0.648514
vt 0.282210 0.649413
vt 0.282210 0.533789
vt 0.297248 0.532757
vt 0.297248 0.650446
vt 0.128840 0.530533
vt 0.128840 0.647470
vt 0.113631 0.648514
vt 0.113631 0.529489
vt 0.110006 0.652491
vt 0.110006 0.531596
vt 0.125729 0.530517
vt 0.125729 0.653570
vt 0.096637 0.647470
vt 0.096638 0.530533
vt 0.111846 0.529489
vt 0.111846 0.648514
vt 0.261040 0.645792
vt 0.261040 0.530343
vt 0.276055 0.529312
vt 0.276055 0.646823
vt 0.338714 0.531444
vt 0.338714 0.644952
vt 0.323951 0.645966
vt 0.323951 0.530430
vt 0.261040 0.645792
vt 0.261040 0.530343
vt 0.276055 0.529312
vt 0.276055 0.646823
vt 0.261040 0.645792
vt 0.261040 0.530343
vt 0.276055 0.529312
vt 0.276055 0.646823
vt 0.113477 0.531248
vt 0.113478 0.640337
vt 0.099290 0.641311
vt 0.099290 0.530274
vt 0.090976 0.647569
vt 0.090976 0.529728
vt 0.106302 0.528676
vt 0.106302 0.648621
vt 0.316481 0.647711
vt 0.316481 0.529581
vt 0.331845 0.528526
vt 0.331845 0.648766
vt 0.144312 0.536870
vt 0.144312 0.645479
vt 0.130186 0.646449
vt 0.130186 0.535900
vt 0.317125 0.642784
vt 0.317125 0.534685
vt 0.331184 0.533720
vt 0.331184 0.643749
vt 0.170681 0.536535
vt 0.170681 0.648685
vt 0.156095 0.649686
vt 0.156095 0.535534
vt 0.252952 0.650822
vt 0.252952 0.533325
vt 0.268234 0.532276
vt 0.268234 0.651871
vt 0.078275 0.638610
vt 0.078275 0.528526
vt 0.092592 0.527543
vt 0.092592 0.639593
vt 0.101043 0.644062
vt 0.101043 0.529381
vt 0.115958 0.528357
vt 0.115959 0.645086
vt 0.297177 0.645176
vt 0.297177 0.530683
vt 0.311715 0.529661
vt 0.311715 0.646198
vt 0.118602 0.650966
vt 0.118602 0.532355
vt 0.134029 0.531296
vt 0.134029 0.652025
vt 0.255283 0.533994
vt 0.255283 0.646736
vt 0.240620 0.647743
vt 0.240620 0.532987
vt 0.319395 0.540898
vt 0.319395 0.634865
vt 0.307174 0.635704
vt 0.307174 0.540059
vt 0.307328 0.543662
vt 0.307328 0.644249
vt 0.294245 0.645147
vt 0.294245 0.542764
vt 0.066834 0.641272
vt 0.066834 0.536954
vt 0.080401 0.536022
vt 0.080401 0.642203
vt 0.332348 0.533311
vt 0.332348 0.646537
vt 0.317622 0.647547
vt 0.317622 0.532300
vt 0.201106 0.654266
vt 0.201106 0.538510
vt 0.216161 0.537476
vt 0.216161 0.655300
vt 0.233818 0.500820
vt 0.233818 0.662820
vt 0.215637 0.664267
vt 0.215637 0.499374
vt 0.288823 0.504823
vt 0.288823 0.658818
vt 0.155558 0.651406
vt 0.155558 0.541370
vt 0.376900 0.536109
vt 0.376900 0.643739
vt 0.025787 0.638695
vt 0.025787 0.539531
vt 0.346906 0.546148
vt 0.346906 0.641764
vt 0.356369 0.543220
vt 0.356369 0.632544
vt 0.299645 0.536779
vt 0.299645 0.643951
vt 0.071931 0.648036
vt 0.071931 0.535285
vt 0.253193 0.642347
vt 0.253193 0.533512
vt 0.055919 0.641228
vt 0.055919 0.532214
vt 0.034959 0.635890
vt 0.034959 0.531246
vt 0.206720 0.647919
vt 0.206720 0.536228
vt 0.214809 0.539306
vt 0.214809 0.645914
vt 0.274590 0.640113
vt 0.274590 0.537356
vt 0.187047 0.539553
vt 0.187047 0.642795
vt 0.269999 0.644792
vt 0.269999 0.532500
vt 0.044608 0.644658
vt 0.044608 0.532640
vt 0.156402 0.533943
vt 0.156402 0.637642
vt 0.215614 0.642940
vt 0.215614 0.533196
vt 0.215614 0.642940
vt 0.215614 0.533196
vt 0.383377 0.534248
vt 0.383377 0.642148
vt 0.215614 0.642940
vt 0.215614 0.533196
vt 0.050626 0.644580
vt 0.050626 0.533423
vt 0.062437 0.649504
vt 0.062437 0.534583
vt 0.174851 0.533423
vt 0.174851 0.644580
vt 0.236714 0.646557
vt 0.236714 0.536646
vt 0.050626 0.644580
vt 0.050626 0.533423
vt 0.048566 0.645556
vt 0.048566 0.533095
vt 0.435354 0.535045
vt 0.435354 0.636421
vt 0.292518 0.536728
vt 0.292518 0.650521
vt 0.143664 0.534042
vt 0.143664 0.634969
vt 0.142534 0.651349
vt 0.142534 0.534614
vt 0.132224 0.649641
vt 0.132224 0.535131
vt 0.400875 0.539288
vt 0.400875 0.640798
vt 0.040631 0.643289
vt 0.040631 0.529172
vt 0.384295 0.532740
vt 0.384295 0.644689
vt 0.159113 0.532865
vt 0.159113 0.640940
vt 0.386098 0.533406
vt 0.386098 0.642837
vt 0.192700 0.533483
vt 0.192700 0.642763
vt 0.213788 0.641959
vt 0.213788 0.543873
vt 0.407025 0.492191
vt 0.407025 0.646186
vt 0.273729 0.524305
vt 0.273729 0.635462
vt 0.502095 0.535828
vt 0.502095 0.633914
vt 0.457314 0.527630
vt 0.457314 0.637541
vt 0.273729 0.524305
vt 0.273729 0.635462
vt 0.293092 0.525157
vt 0.293092 0.640077
vt 0.273729 0.524305
vt 0.273729 0.635462
vt 0.435879 0.524194
vt 0.435879 0.633938
vt 0.479356 0.525397
vt 0.479356 0.633297
vt 0.435879 0.524194
vt 0.435879 0.633938
vt 0.398628 0.633938
vt 0.398628 0.524194
vt 0.248644 0.525437
vt 0.248644 0.629136
vt 0.269437 0.523451
vt 0.269437 0.635469
vt 0.495380 0.523289
vt 0.495380 0.635581
vt 0.278883 0.531085
vt 0.278883 0.634327
vt 0.480833 0.528927
vt 0.480833 0.631684
vt 0.309639 0.530561
vt 0.309639 0.637169
vt 0.289907 0.524519
vt 0.289907 0.633799
vt 0.430892 0.527067
vt 0.430892 0.638757
vt 0.483440 0.524430
vt 0.483440 0.633861
vt 0.244989 0.522663
vt 0.244989 0.627307
vt 0.255248 0.524000
vt 0.255248 0.632075
vt 0.274720 0.523272
vt 0.274720 0.632286
vt 0.483876 0.523557
vt 0.483876 0.635506
vt 0.455447 0.633419
vt 0.455447 0.524584
vt 0.467816 0.525436
vt 0.467816 0.632568
vt 0.230938 0.633928
vt 0.230938 0.519811
vt 0.298231 0.526037
vt 0.298231 0.638787
vt 0.456713 0.632472
vt 0.456713 0.530961
vt 0.394976 0.527988
vt 0.394976 0.635160
vt 0.362054 0.525738
vt 0.362054 0.640248
vt 0.435825 0.535893
vt 0.435825 0.625217
vt 0.376832 0.525038
vt 0.376832 0.641773
vt 0.431959 0.538304
vt 0.431959 0.633921
vt 0.233440 0.525763
vt 0.233440 0.626690
vt 0.224816 0.531397
vt 0.224816 0.630560
vt 0.355114 0.641187
vt 0.355114 0.527394
vt 0.472639 0.527280
vt 0.472639 0.634910
vt 0.491119 0.628105
vt 0.491119 0.526729
vt 0.376411 0.532344
vt 0.376411 0.642380
vt 0.274283 0.523870
vt 0.274283 0.636331
vt 0.190867 0.525157
vt 0.190867 0.658931
vt 0.174851 0.524305
vt 0.174851 0.653698
vt 0.338259 0.524194
vt 0.338259 0.651942
vt 0.262793 0.650999
vt 0.262793 0.525397
vt 0.338259 0.524194
vt 0.338259 0.651942
vt 0.338259 0.524194
vt 0.338259 0.651942
vt 0.040512 0.646148
vt 0.040512 0.525437
vt 0.169795 0.523451
vt 0.169795 0.653846
vt 0.395493 0.523289
vt 0.395493 0.654004
vt 0.071667 0.651264
vt 0.071667 0.531085
vt 0.389428 0.528927
vt 0.389428 0.648542
vt 0.095669 0.654658
vt 0.095669 0.530561
vt 0.070572 0.651727
vt 0.070573 0.524519
vt 0.331541 0.527067
vt 0.331541 0.657081
vt 0.263802 0.651814
vt 0.263802 0.524430
vt 0.151905 0.522663
vt 0.151905 0.644474
vt 0.038332 0.649805
vt 0.038332 0.524000
vt 0.177749 0.523272
vt 0.177749 0.650171
vt 0.259185 0.653872
vt 0.259184 0.523557
vt 0.371944 0.524584
vt 0.371944 0.651274
vt 0.168164 0.519811
vt 0.168164 0.652650
vt 0.197937 0.526037
vt 0.197937 0.657284
vt 0.287431 0.649125
vt 0.287431 0.530961
vt 0.179874 0.652742
vt 0.179874 0.527988
vt 0.260196 0.525738
vt 0.260196 0.659034
vt 0.256545 0.639871
vt 0.256544 0.535893
vt 0.272993 0.525038
vt 0.272993 0.660925
vt 0.240049 0.649607
vt 0.240049 0.538304
vt 0.030872 0.643247
vt 0.030872 0.525763
vt 0.136608 0.531397
vt 0.136608 0.646829
vt 0.165348 0.659855
vt 0.165348 0.527394
vt 0.256617 0.652568
vt 0.256617 0.527280
vt 0.322060 0.644737
vt 0.322060 0.526729
vt 0.278531 0.532344
vt 0.278531 0.660432
vt 0.174247 0.523870
vt 0.174247 0.654781
vt 0.140318 0.671450
vt 0.140317 0.492191
vt 0.174851 0.524305
vt 0.174851 0.653699
vt 0.374320 0.535828
vt 0.374320 0.650005
vt 0.359546 0.527630
vt 0.359546 0.655572
vt 0.050626 0.653698
vt 0.050626 0.524305
vn 0.5354 -0.4592 0.7088
vn 0.4570 -0.5373 0.7088
vn 0.6007 -0.7062 -0.3746
vn 0.7038 -0.6035 -0.3746
vn -0.6522 -0.2686 0.7088
vn -0.6862 -0.1633 0.7088
vn -0.9020 -0.2146 -0.3746
vn -0.8573 -0.3531 -0.3746
vn 0.0567 0.7031 0.7088
vn 0.1660 0.6855 0.7088
vn 0.2182 0.9011 -0.3746
vn 0.0746 0.9241 -0.3746
vn 0.6007 -0.3697 0.7088
vn 0.7895 -0.4860 -0.3746
vn -0.6021 -0.3673 0.7088
vn -0.7915 -0.4828 -0.3746
vn -0.0539 0.7033 0.7088
vn -0.0709 0.9244 -0.3746
vn 0.6511 -0.2712 0.7088
vn 0.8559 -0.3565 -0.3746
vn -0.5373 -0.4570 0.7088
vn -0.7062 -0.6007 -0.3746
vn -0.1633 0.6862 0.7088
vn -0.2146 0.9020 -0.3746
vn 0.6855 -0.1660 0.7088
vn 0.9011 -0.2182 -0.3746
vn -0.4592 -0.5354 0.7088
vn -0.6035 -0.7038 -0.3746
vn -0.2686 0.6522 0.7088
vn -0.3531 0.8573 -0.3746
vn 0.7031 -0.0567 0.7088
vn 0.9241 -0.0746 -0.3746
vn -0.3697 -0.6007 0.7088
vn -0.4860 -0.7895 -0.3746
vn -0.3673 0.6021 0.7088
vn -0.4828 0.7915 -0.3746
vn 0.7033 0.0539 0.7088
vn 0.9244 0.0709 -0.3746
vn -0.2712 -0.6511 0.7088
vn -0.3565 -0.8559 -0.3746
vn -0.4570 0.5373 0.7088
vn -0.6007 0.7062 -0.3746
vn 0.6862 0.1633 0.7088
vn 0.9020 0.2146 -0.3746
vn -0.1660 -0.6855 0.7088
vn -0.2182 -0.9011 -0.3746
vn -0.5354 0.4592 0.7088
vn -0.7038 0.6035 -0.3746
vn 0.6522 0.2686 0.7088
vn 0.8573 0.3531 -0.3746
vn -0.0567 -0.7031 0.7088
vn -0.0746 -0.9241 -0.3746
vn -0.6007 0.3697 0.7088
vn -0.7895 0.4860 -0.3746
vn 0.6021 0.3673 0.7088
vn 0.7915 0.4828 -0.3746
vn 0.0539 -0.7033 0.7088
vn 0.0709 -0.9244 -0.3746
vn -0.6511 0.2712 0.7088
vn -0.8559 0.3565 -0.3746
vn 0.5373 0.4570 0.7088
vn 0.7062 0.6007 -0.3746
vn 0.1633 -0.6862 0.7088
vn 0.2146 -0.9020 -0.3746
vn -0.6855 0.1660 0.7088
vn -0.9011 0.2182 -0.3746
vn 0.4592 0.5354 0.7088
vn 0.6035 0.7038 -0.3746
vn 0.2686 -0.6522 0.7088
vn 0.3531 -0.8573 -0.3746
vn -0.7031 0.0567 0.7088
vn -0.9241 0.0746 -0.3746
vn 0.3697 0.6007 0.7088
vn 0.4860 0.7895 -0.3746
vn 0.3673 -0.6021 0.7088
vn 0.4828 -0.7915 -0.3746
vn -0.7033 -0.0539 0.7088
vn -0.9244 -0.0709 -0.3746
vn 0.2712 0.6511 0.7088
vn 0.3565 0.8559 -0.3746
vn 0.4101 -0.4822 -0.7741
vn 0.4805 -0.4121 -0.7741
vn -0.0571 -0.7072 0.7047
vn -0.1670 -0.6896 0.7047
vn 0.6057 0.3695 0.7047
vn 0.6561 0.2702 0.7047
vn 0.5391 -0.3318 -0.7741
vn 0.0509 0.6310 -0.7741
vn -0.0484 0.6312 -0.7741
vn 0.5404 0.4597 0.7047
vn 0.5844 -0.2434 -0.7741
vn -0.1465 0.6158 -0.7741
vn 0.4619 0.5386 0.7047
vn 0.6153 -0.1490 -0.7741
vn -0.2411 0.5853 -0.7741
vn 0.3719 0.6042 0.7047
vn 0.6310 -0.0509 -0.7741
vn -0.3297 0.5404 -0.7741
vn 0.2728 0.6550 0.7047
vn 0.6312 0.0484 -0.7741
vn -0.4101 0.4822 -0.7741
vn 0.1670 0.6896 0.7047
vn 0.6158 0.1465 -0.7741
vn -0.4805 0.4121 -0.7741
vn 0.0571 0.7072 0.7047
vn 0.5853 0.2411 -0.7741
vn -0.5391 0.3318 -0.7741
vn -0.0542 0.7074 0.7047
vn 0.5404 0.3297 -0.7741
vn -0.5843 0.2434 -0.7741
vn -0.1642 0.6902 0.7047
vn 0.4822 0.4101 -0.7741
vn -0.6153 0.1490 -0.7741
vn -0.2702 0.6561 0.7047
vn 0.4121 0.4805 -0.7741
vn -0.6310 0.0509 -0.7741
vn -0.3695 0.6057 0.7047
vn 0.3318 0.5391 -0.7741
vn -0.6312 -0.0484 -0.7741
vn -0.4597 0.5404 0.7047
vn 0.2434 0.5844 -0.7741
vn -0.6158 -0.1465 -0.7741
vn -0.5386 0.4619 0.7047
vn 0.1490 0.6153 -0.7741
vn -0.5853 -0.2411 -0.7741
vn -0.6042 0.3719 0.7047
vn 0.0542 -0.7074 0.7047
vn -0.5404 -0.3297 -0.7741
vn -0.6550 0.2728 0.7047
vn 0.1642 -0.6902 0.7047
vn -0.4822 -0.4101 -0.7741
vn -0.6896 0.1670 0.7047
vn 0.2702 -0.6561 0.7047
vn -0.4121 -0.4805 -0.7741
vn -0.7072 0.0571 0.7047
vn 0.3695 -0.6057 0.7047
vn -0.3318 -0.5391 -0.7741
vn -0.7074 -0.0542 0.7047
vn 0.4597 -0.5404 0.7047
vn -0.2434 -0.5844 -0.7741
vn -0.6902 -0.1643 0.7047
vn 0.5386 -0.4619 0.7047
vn -0.1490 -0.6153 -0.7741
vn -0.6561 -0.2702 0.7047
vn 0.6042 -0.3719 0.7047
vn -0.0509 -0.6310 -0.7741
vn -0.6057 -0.3695 0.7047
vn 0.6550 -0.2728 0.7047
vn 0.0484 -0.6312 -0.7741
vn -0.5404 -0.4597 0.7047
vn 0.6896 -0.1670 0.7047
vn 0.1465 -0.6158 -0.7741
vn -0.4619 -0.5386 0.7047
vn 0.7072 -0.0571 0.7047
vn 0.2411 -0.5853 -0.7741
vn -0.3719 -0.6042 0.7047
vn 0.7074 0.0542 0.7047
vn 0.3297 -0.5404 -0.7741
vn -0.2728 -0.6550 0.7047
vn 0.6902 0.1642 0.7047
vn -0.7071 0.1712 0.6860
vn -0.6716 0.2798 0.6860
vn -0.8713 0.3630 0.3302
vn -0.9174 0.2222 0.3302
vn 0.4736 0.5523 0.6860
vn 0.5542 0.4714 0.6860
vn 0.7190 0.6116 0.3302
vn 0.6145 0.7165 0.3302
vn 0.2771 -0.6727 0.6860
vn 0.1684 -0.7078 0.6860
vn 0.2185 -0.9183 0.3302
vn 0.3594 -0.8728 0.3302
vn -0.7252 0.0585 0.6860
vn -0.9408 0.0759 0.3302
vn 0.3814 0.6196 0.6860
vn 0.4948 0.8038 0.3302
vn 0.3789 -0.6211 0.6860
vn 0.4916 -0.8058 0.3302
vn -0.7254 -0.0556 0.6860
vn -0.9411 -0.0721 0.3302
vn 0.2798 0.6716 0.6860
vn 0.3630 0.8713 0.3302
vn 0.4714 -0.5542 0.6860
vn 0.6116 -0.7190 0.3302
vn -0.7078 -0.1684 0.6860
vn -0.9183 -0.2185 0.3302
vn 0.1712 0.7071 0.6860
vn 0.2222 0.9174 0.3302
vn 0.5523 -0.4736 0.6860
vn 0.7165 -0.6145 0.3302
vn -0.6727 -0.2771 0.6860
vn -0.8728 -0.3594 0.3302
vn 0.0585 0.7252 0.6860
vn 0.0759 0.9408 0.3302
vn 0.6196 -0.3814 0.6860
vn 0.8038 -0.4948 0.3302
vn -0.6211 -0.3789 0.6860
vn -0.8058 -0.4916 0.3302
vn -0.0556 0.7254 0.6860
vn -0.0721 0.9411 0.3302
vn 0.6716 -0.2798 0.6860
vn 0.8713 -0.3630 0.3302
vn -0.5542 -0.4714 0.6860
vn -0.7190 -0.6116 0.3302
vn -0.1684 0.7078 0.6860
vn -0.2185 0.9183 0.3302
vn 0.7071 -0.1712 0.6860
vn 0.9174 -0.2222 0.3302
vn -0.4736 -0.5523 0.6860
vn -0.6145 -0.7165 0.3302
vn -0.2771 0.6727 0.6860
vn -0.3594 0.8728 0.3302
vn 0.7252 -0.0585 0.6860
vn 0.9408 -0.0759 0.3302
vn -0.3814 -0.6196 0.6860
vn -0.4948 -0.8038 0.3302
vn -0.3789 0.6211 0.6860
vn -0.4916 0.8058 0.3302
vn 0.7254 0.0556 0.6860
vn 0.9411 0.0721 0.3302
vn -0.2798 -0.6716 0.6860
vn -0.3630 -0.8713 0.3302
vn -0.4714 0.5542 0.6860
vn -0.6116 0.7190 0.3302
vn 0.7078 0.1684 0.6860
vn 0.9183 0.2185 0.3302
vn -0.1712 -0.7071 0.6860
vn -0.2222 -0.9174 0.3302
vn -0.5523 0.4736 0.6860
vn -0.7165 0.6145 0.3302
vn 0.6727 0.2771 0.6860
vn 0.8728 0.3594 0.3302
vn -0.0585 -0.7252 0.6860
vn -0.0759 -0.9408 0.3302
vn -0.6196 0.3814 0.6860
vn -0.8038 0.4948 0.3302
vn 0.6211 0.3789 0.6860
vn 0.8058 0.4916 0.3302
vn 0.0556 -0.7254 0.6860
vn 0.0721 -0.9411 0.3302
vn 0.6652 -0.2771 0.6933
vn 0.7004 -0.1696 0.6933
vn -0.1668 0.7011 0.6933
vn -0.2744 0.6663 0.6933
vn 0.3757 0.6103 -0.6973
vn 0.4666 0.5441 -0.6973
vn -0.4536 -0.5289 -0.7172
vn -0.3653 -0.5934 -0.7172
vn 0.7183 -0.0580 0.6933
vn -0.3753 0.6152 0.6933
vn 0.2756 0.6616 -0.6973
vn -0.2679 -0.6432 -0.7172
vn 0.7185 0.0551 0.6933
vn -0.4669 0.5489 0.6933
vn 0.1687 0.6966 -0.6973
vn -0.1640 -0.6772 -0.7172
vn 0.7011 0.1668 0.6933
vn -0.5470 0.4691 0.6933
vn 0.0576 0.7144 -0.6973
vn -0.0561 -0.6945 -0.7172
vn 0.6663 0.2744 0.6933
vn -0.6137 0.3778 0.6933
vn -0.0548 0.7146 -0.6973
vn 0.0533 -0.6948 -0.7172
vn 0.6152 0.3753 0.6933
vn -0.6652 0.2771 0.6933
vn -0.1659 0.6973 -0.6973
vn 0.1613 -0.6779 -0.7172
vn 0.5489 0.4669 0.6933
vn -0.7004 0.1696 0.6933
vn -0.2729 0.6627 -0.6973
vn 0.2654 -0.6443 -0.7172
vn 0.4691 0.5470 0.6933
vn -0.7183 0.0580 0.6933
vn -0.3732 0.6118 -0.6973
vn 0.3629 -0.5948 -0.7172
vn 0.3778 0.6137 0.6933
vn -0.7185 -0.0551 0.6933
vn -0.4644 0.5459 -0.6973
vn 0.4515 -0.5307 -0.7172
vn 0.2771 0.6652 0.6933
vn -0.7011 -0.1668 0.6933
vn -0.5441 0.4666 -0.6973
vn 0.5289 -0.4536 -0.7172
vn 0.1696 0.7004 0.6933
vn -0.6663 -0.2744 0.6933
vn -0.6103 0.3757 -0.6973
vn 0.5934 -0.3653 -0.7172
vn 0.0548 -0.7146 -0.6973
vn -0.0576 -0.7144 -0.6973
vn 0.0561 0.6945 -0.7172
vn -0.0533 0.6948 -0.7172
vn 0.0580 0.7183 0.6933
vn -0.6152 -0.3753 0.6933
vn -0.6616 0.2756 -0.6973
vn 0.6432 -0.2679 -0.7172
vn 0.1659 -0.6973 -0.6973
vn -0.1613 0.6779 -0.7172
vn -0.5489 -0.4669 0.6933
vn -0.6966 0.1687 -0.6973
vn 0.6772 -0.1640 -0.7172
vn 0.2729 -0.6627 -0.6973
vn -0.2654 0.6443 -0.7172
vn -0.4691 -0.5470 0.6933
vn -0.7144 0.0576 -0.6973
vn 0.6945 -0.0561 -0.7172
vn 0.3732 -0.6118 -0.6973
vn -0.3629 0.5948 -0.7172
vn -0.3778 -0.6137 0.6933
vn -0.7146 -0.0548 -0.6973
vn 0.6948 0.0533 -0.7172
vn 0.4644 -0.5459 -0.6973
vn -0.4515 0.5307 -0.7172
vn -0.2771 -0.6652 0.6933
vn -0.6973 -0.1659 -0.6973
vn 0.6779 0.1613 -0.7172
vn 0.5441 -0.4666 -0.6973
vn -0.5289 0.4536 -0.7172
vn -0.1696 -0.7004 0.6933
vn -0.6627 -0.2729 -0.6973
vn 0.6443 0.2654 -0.7172
vn 0.6103 -0.3757 -0.6973
vn -0.5934 0.3653 -0.7172
vn -0.0580 -0.7183 0.6933
vn -0.6118 -0.3732 -0.6973
vn 0.5948 0.3629 -0.7172
vn 0.6616 -0.2756 -0.6973
vn -0.6432 0.2679 -0.7172
vn 0.0551 -0.7185 0.6933
vn -0.5459 -0.4644 -0.6973
vn 0.5307 0.4515 -0.7172
vn 0.6966 -0.1687 -0.6973
vn -0.6772 0.1640 -0.7172
vn 0.1668 -0.7011 0.6933
vn -0.4666 -0.5441 -0.6973
vn 0.4536 0.5289 -0.7172
vn 0.7144 -0.0576 -0.6973
vn -0.6945 0.0561 -0.7172
vn 0.2744 -0.6663 0.6933
vn -0.3757 -0.6103 -0.6973
vn 0.3652 0.5934 -0.7172
vn 0.7146 0.0548 -0.6973
vn -0.6948 -0.0533 -0.7172
vn 0.3753 -0.6152 0.6933
vn -0.2756 -0.6616 -0.6973
vn 0.2679 0.6432 -0.7172
vn 0.6973 0.1659 -0.6973
vn -0.6779 -0.1613 -0.7172
vn 0.4669 -0.5489 0.6933
vn -0.1687 -0.6966 -0.6973
vn 0.1640 0.6772 -0.7172
vn 0.6627 0.2729 -0.6973
vn -0.6443 -0.2654 -0.7172
vn 0.5470 -0.4691 0.6933
vn 0.6118 0.3732 -0.6973
vn -0.5948 -0.3629 -0.7172
vn 0.6137 -0.3778 0.6933
vn -0.0551 0.7185 0.6933
vn 0.5459 0.4644 -0.6973
vn -0.5307 -0.4515 -0.7172
vn 0.0556 -0.7254 -0.6860
vn 0.1684 -0.7078 -0.6860
vn -0.5914 -0.3608 0.7212
vn -0.6406 -0.2638 0.7212
vn 0.6211 0.3789 -0.6860
vn 0.5542 0.4714 -0.6860
vn 0.2638 -0.6406 0.7212
vn 0.1603 -0.6739 0.7212
vn -0.6196 0.3814 -0.6860
vn -0.6716 0.2798 -0.6860
vn -0.4714 0.5542 -0.6860
vn -0.3789 0.6211 -0.6860
vn -0.3608 0.5914 -0.7212
vn -0.4488 0.5277 -0.7212
vn -0.0585 -0.7252 -0.6860
vn -0.6211 -0.3789 -0.6860
vn -0.6727 -0.2771 -0.6860
vn -0.6406 -0.2638 -0.7212
vn -0.5914 -0.3608 -0.7212
vn 0.6727 0.2771 -0.6860
vn 0.2771 -0.6727 -0.6860
vn 0.1603 -0.6739 -0.7212
vn 0.2638 -0.6406 -0.7212
vn -0.5523 0.4736 -0.6860
vn 0.6739 0.1603 0.7212
vn 0.6907 0.0529 0.7212
vn -0.1712 -0.7071 -0.6860
vn -0.0529 0.6907 0.7212
vn 0.0557 0.6905 0.7212
vn 0.7078 0.1684 -0.6860
vn -0.6905 0.0557 0.7212
vn -0.6733 0.1631 0.7212
vn 0.7254 0.0556 -0.6860
vn 0.6907 0.0529 -0.7212
vn 0.6739 0.1603 -0.7212
vn -0.2798 -0.6716 -0.6860
vn -0.0556 0.7254 -0.6860
vn 0.0585 0.7252 -0.6860
vn 0.0557 0.6905 -0.7212
vn -0.0529 0.6907 -0.7212
vn -0.7252 0.0585 -0.6860
vn -0.7071 0.1712 -0.6860
vn -0.6733 0.1631 -0.7212
vn -0.6905 0.0557 -0.7212
vn -0.1631 -0.6733 0.7212
vn -0.2664 -0.6395 0.7212
vn -0.3814 -0.6196 -0.6860
vn 0.6395 -0.2664 0.7212
vn 0.5900 -0.3631 0.7212
vn 0.7252 -0.0585 -0.6860
vn 0.3631 0.5900 0.7212
vn 0.4510 0.5259 0.7212
vn -0.2771 0.6727 -0.6860
vn -0.2664 -0.6395 -0.7212
vn -0.1631 -0.6733 -0.7212
vn -0.4736 -0.5523 -0.6860
vn 0.6716 -0.2798 -0.6860
vn 0.6196 -0.3814 -0.6860
vn 0.5900 -0.3631 -0.7212
vn 0.6395 -0.2664 -0.7212
vn 0.7071 -0.1712 -0.6860
vn 0.3814 0.6196 -0.6860
vn 0.4736 0.5523 -0.6860
vn 0.4510 0.5259 -0.7212
vn 0.3631 0.5900 -0.7212
vn -0.1684 0.7078 -0.6860
vn -0.5259 0.4510 0.7212
vn -0.4488 0.5277 0.7212
vn -0.5542 -0.4714 -0.6860
vn -0.5277 -0.4488 0.7212
vn 0.3608 -0.5914 0.7212
vn -0.5259 0.4510 -0.7212
vn -0.5277 -0.4488 -0.7212
vn 0.3789 -0.6211 -0.6860
vn 0.3608 -0.5914 -0.7212
vn 0.6406 0.2638 0.7212
vn -0.1603 0.6739 0.7212
vn 0.5523 -0.4736 -0.6860
vn -0.6907 -0.0529 0.7212
vn 0.1712 0.7071 -0.6860
vn 0.6406 0.2638 -0.7212
vn -0.7078 -0.1684 -0.6860
vn -0.1603 0.6739 -0.7212
vn 0.4714 -0.5542 -0.6860
vn -0.7254 -0.0556 -0.6860
vn -0.6907 -0.0529 -0.7212
vn 0.2798 0.6716 -0.6860
vn -0.0557 -0.6905 0.7212
vn 0.6733 -0.1631 0.7212
vn 0.2664 0.6395 0.7212
vn -0.0557 -0.6905 -0.7212
vn 0.6733 -0.1631 -0.7212
vn 0.2664 0.6395 -0.7212
vn -0.5900 0.3631 0.7212
vn -0.4510 -0.5259 0.7212
vn 0.4488 -0.5277 0.7212
vn -0.5900 0.3631 -0.7212
vn -0.4510 -0.5259 -0.7212
vn 0.0529 -0.6907 -0.7212
vn 0.0529 -0.6907 0.7212
vn 0.5277 0.4488 -0.7212
vn 0.5914 0.3608 -0.7212
vn 0.5914 0.3608 0.7212
vn 0.5277 0.4488 0.7212
vn -0.6395 0.2664 -0.7212
vn -0.6395 0.2664 0.7212
vn -0.3608 0.5914 0.7212
vn -0.3631 -0.5900 -0.7212
vn -0.3631 -0.5900 0.7212
vn 0.6905 -0.0557 -0.7212
vn 0.6905 -0.0557 0.7212
vn -0.2638 0.6406 -0.7212
vn -0.2638 0.6406 0.7212
vn 0.5259 -0.4510 -0.7212
vn 0.5259 -0.4510 0.7212
vn 0.1631 0.6733 -0.7212
vn 0.1631 0.6733 0.7212
vn -0.6739 -0.1603 -0.7212
vn -0.6739 -0.1603 0.7212
vn 0.4488 -0.5277 -0.7212
vn -0.2315 0.9728 0.0000
vn -0.0764 0.9971 0.0000
vn -0.7617 -0.6479 0.0000
vn -0.8537 -0.5208 0.0000
vn 0.9231 -0.3845 0.0000
vn 0.8516 -0.5242 0.0000
vn 0.0804 0.9967 0.0000
vn -0.9246 -0.3808 0.0000
vn 0.7591 -0.6510 0.0000
vn 0.2354 0.9719 0.0000
vn -0.9728 -0.2315 0.0000
vn 0.6479 -0.7617 0.0000
vn 0.3845 0.9231 0.0000
vn -0.9971 -0.0764 0.0000
vn 0.5208 -0.8537 0.0000
vn 0.5242 0.8516 0.0000
vn -0.9967 0.0804 0.0000
vn 0.3808 -0.9246 0.0000
vn 0.6510 0.7591 0.0000
vn -0.9719 0.2354 0.0000
vn 0.2315 -0.9728 0.0000
vn 0.7617 0.6479 0.0000
vn -0.9231 0.3845 0.0000
vn 0.0764 -0.9971 0.0000
vn 0.8537 0.5208 0.0000
vn -0.8516 0.5242 0.0000
vn -0.0804 -0.9967 0.0000
vn 0.9246 0.3808 0.0000
vn -0.7591 0.6510 0.0000
vn -0.2354 -0.9719 0.0000
vn 0.9728 0.2315 0.0000
vn -0.6479 0.7617 0.0000
vn -0.3845 -0.9231 0.0000
vn 0.9971 0.0764 0.0000
vn -0.5208 0.8537 0.0000
vn -0.5242 -0.8516 0.0000
vn 0.9967 -0.0804 0.0000
vn -0.3808 0.9246 0.0000
vn -0.6510 -0.7591 0.0000
vn 0.9719 -0.2354 0.0000
vn -0.0122 0.1593 -0.9872
vn -0.0370 0.1554 -0.9872
vn -0.0615 0.2583 -0.9641
vn -0.0203 0.2647 -0.9641
vn -0.0608 0.1477 -0.9872
vn -0.1011 0.2455 -0.9641
vn -0.0832 0.1364 -0.9872
vn -0.1383 0.2267 -0.9641
vn -0.1035 0.1217 -0.9872
vn -0.1720 0.2022 -0.9641
vn -0.1213 0.1040 -0.9872
vn -0.2015 0.1728 -0.9641
vn -0.1360 0.0837 -0.9872
vn -0.2261 0.1392 -0.9641
vn -0.1475 0.0614 -0.9872
vn -0.2451 0.1021 -0.9641
vn -0.1552 0.0376 -0.9872
vn -0.2580 0.0625 -0.9641
vn -0.1592 0.0128 -0.9872
vn -0.2647 0.0214 -0.9641
vn -0.1593 -0.0122 -0.9872
vn -0.2647 -0.0203 -0.9641
vn -0.1554 -0.0370 -0.9872
vn -0.2583 -0.0615 -0.9641
vn -0.1477 -0.0608 -0.9872
vn -0.2455 -0.1011 -0.9641
vn -0.1364 -0.0832 -0.9872
vn -0.2267 -0.1383 -0.9641
vn -0.1217 -0.1035 -0.9872
vn -0.2022 -0.1720 -0.9641
vn -0.1040 -0.1213 -0.9872
vn -0.1728 -0.2015 -0.9641
vn -0.0837 -0.1360 -0.9872
vn -0.1392 -0.2261 -0.9641
vn -0.0614 -0.1475 -0.9872
vn -0.1021 -0.2451 -0.9641
vn -0.0376 -0.1552 -0.9872
vn -0.0625 -0.2580 -0.9641
vn -0.0128 -0.1592 -0.9872
vn -0.0214 -0.2647 -0.9641
vn 0.0122 -0.1593 -0.9872
vn 0.0203 -0.2647 -0.9641
vn 0.0370 -0.1554 -0.9872
vn 0.0615 -0.2583 -0.9641
vn 0.0608 -0.1477 -0.9872
vn 0.1011 -0.2455 -0.9641
vn 0.0832 -0.1364 -0.9872
vn 0.1383 -0.2267 -0.9641
vn 0.1035 -0.1217 -0.9872
vn 0.1720 -0.2022 -0.9641
vn 0.1213 -0.1040 -0.9872
vn 0.2015 -0.1728 -0.9641
vn 0.1360 -0.0837 -0.9872
vn 0.2261 -0.1392 -0.9641
vn 0.1475 -0.0614 -0.9872
vn 0.2451 -0.1021 -0.9641
vn 0.1552 -0.0376 -0.9872
vn 0.2580 -0.0625 -0.9641
vn 0.1592 -0.0128 -0.9872
vn 0.2647 -0.0214 -0.9641
vn 0.1593 0.0122 -0.9872
vn 0.2647 0.0203 -0.9641
vn 0.1554 0.0370 -0.9872
vn 0.2583 0.0615 -0.9641
vn 0.1477 0.0608 -0.9872
vn 0.2455 0.1011 -0.9641
vn 0.1364 0.0832 -0.9872
vn 0.2267 0.1383 -0.9641
vn 0.1217 0.1035 -0.9872
vn 0.2022 0.1720 -0.9641
vn 0.1040 0.1213 -0.9872
vn 0.1728 0.2015 -0.9641
vn 0.0837 0.1360 -0.9872
vn 0.1392 0.2261 -0.9641
vn 0.0614 0.1475 -0.9872
vn 0.1021 0.2451 -0.9641
vn 0.0376 0.1552 -0.9872
vn 0.0625 0.2580 -0.9641
vn 0.0128 0.1592 -0.9872
vn 0.0214 0.2647 -0.9641
vn 0.1957 -0.3208 -0.9267
vn 0.2435 -0.2863 -0.9267
vn 0.3127 -0.3676 -0.8758
vn 0.2514 -0.4120 -0.8758
vn 0.1431 -0.3475 -0.9267
vn 0.1838 -0.4463 -0.8758
vn 0.0870 -0.3656 -0.9267
vn 0.1117 -0.4695 -0.8758
vn 0.0287 -0.3747 -0.9267
vn 0.0369 -0.4812 -0.8758
vn -0.0302 -0.3746 -0.9267
vn -0.0388 -0.4811 -0.8758
vn -0.0884 -0.3653 -0.9267
vn -0.1136 -0.4691 -0.8758
vn -0.1445 -0.3469 -0.9267
vn -0.1856 -0.4455 -0.8758
vn -0.1970 -0.3200 -0.9267
vn -0.2530 -0.4110 -0.8758
vn -0.2446 -0.2853 -0.9267
vn -0.3142 -0.3664 -0.8758
vn -0.2863 -0.2435 -0.9267
vn -0.3676 -0.3127 -0.8758
vn -0.3208 -0.1957 -0.9267
vn -0.4120 -0.2514 -0.8758
vn -0.3475 -0.1431 -0.9267
vn -0.4463 -0.1838 -0.8758
vn 0.0884 0.3653 -0.9267
vn 0.0302 0.3746 -0.9267
vn 0.0388 0.4811 -0.8758
vn 0.1136 0.4691 -0.8758
vn -0.3656 -0.0870 -0.9267
vn -0.4695 -0.1117 -0.8758
vn 0.1445 0.3469 -0.9267
vn 0.1856 0.4455 -0.8758
vn -0.3747 -0.0287 -0.9267
vn -0.4812 -0.0369 -0.8758
vn 0.1970 0.3200 -0.9267
vn 0.2530 0.4110 -0.8758
vn -0.3746 0.0302 -0.9267
vn -0.4811 0.0388 -0.8758
vn 0.2446 0.2853 -0.9267
vn 0.3142 0.3664 -0.8758
vn -0.3653 0.0884 -0.9267
vn -0.4691 0.1136 -0.8758
vn 0.2863 0.2435 -0.9267
vn 0.3676 0.3127 -0.8758
vn -0.3469 0.1445 -0.9267
vn -0.4455 0.1856 -0.8758
vn 0.3208 0.1957 -0.9267
vn 0.4120 0.2514 -0.8758
vn -0.3200 0.1970 -0.9267
vn -0.4110 0.2530 -0.8758
vn 0.3475 0.1431 -0.9267
vn 0.4463 0.1838 -0.8758
vn -0.2853 0.2446 -0.9267
vn -0.3664 0.3142 -0.8758
vn 0.3656 0.0870 -0.9267
vn 0.4695 0.1117 -0.8758
vn -0.2435 0.2863 -0.9267
vn -0.3127 0.3676 -0.8758
vn 0.3747 0.0287 -0.9267
vn 0.4812 0.0369 -0.8758
vn -0.1957 0.3208 -0.9267
vn -0.2514 0.4120 -0.8758
vn 0.3746 -0.0302 -0.9267
vn 0.4811 -0.0388 -0.8758
vn -0.1431 0.3475 -0.9267
vn -0.1838 0.4463 -0.8758
vn 0.3653 -0.0884 -0.9267
vn 0.4691 -0.1136 -0.8758
vn -0.0870 0.3656 -0.9267
vn -0.1117 0.4695 -0.8758
vn 0.3469 -0.1445 -0.9267
vn 0.4455 -0.1856 -0.8758
vn -0.0287 0.3747 -0.9267
vn -0.0369 0.4812 -0.8758
vn 0.3200 -0.1970 -0.9267
vn 0.4110 -0.2530 -0.8758
vn 0.2853 -0.2446 -0.9267
vn 0.3664 -0.3142 -0.8758
vn -0.0366 -0.4530 -0.8907
vn 0.0347 -0.4532 -0.8907
vn 0.0228 -0.2980 -0.9543
vn -0.0240 -0.2979 -0.9543
vn -0.1070 -0.4417 -0.8907
vn -0.0703 -0.2904 -0.9543
vn -0.1747 -0.4195 -0.8907
vn -0.1149 -0.2759 -0.9543
vn -0.2382 -0.3870 -0.8907
vn -0.1567 -0.2545 -0.9543
vn -0.2958 -0.3450 -0.8907
vn -0.1945 -0.2268 -0.9543
vn -0.3462 -0.2945 -0.8907
vn -0.2276 -0.1936 -0.9543
vn -0.3880 -0.2367 -0.8907
vn -0.2551 -0.1556 -0.9543
vn -0.4202 -0.1731 -0.8907
vn -0.2763 -0.1138 -0.9543
vn -0.4422 -0.1052 -0.8907
vn -0.2907 -0.0692 -0.9543
vn -0.4532 -0.0347 -0.8907
vn -0.2980 -0.0228 -0.9543
vn -0.4530 0.0366 -0.8907
vn -0.2979 0.0240 -0.9543
vn -0.4417 0.1070 -0.8907
vn -0.2904 0.0703 -0.9543
vn -0.4195 0.1747 -0.8907
vn -0.2759 0.1149 -0.9543
vn -0.3870 0.2382 -0.8907
vn -0.2545 0.1567 -0.9543
vn -0.3450 0.2958 -0.8907
vn -0.2268 0.1945 -0.9543
vn -0.2945 0.3462 -0.8907
vn -0.1936 0.2276 -0.9543
vn -0.2367 0.3880 -0.8907
vn -0.1556 0.2551 -0.9543
vn -0.1731 0.4202 -0.8907
vn -0.1138 0.2763 -0.9543
vn -0.1052 0.4422 -0.8907
vn -0.0692 0.2907 -0.9543
vn -0.0347 0.4532 -0.8907
vn -0.0228 0.2980 -0.9543
vn 0.0366 0.4530 -0.8907
vn 0.0240 0.2979 -0.9543
vn 0.1070 0.4417 -0.8907
vn 0.0703 0.2904 -0.9543
vn 0.1747 0.4195 -0.8907
vn 0.1149 0.2759 -0.9543
vn 0.2382 0.3870 -0.8907
vn 0.1567 0.2545 -0.9543
vn 0.2958 0.3450 -0.8907
vn 0.1945 0.2268 -0.9543
vn 0.3462 0.2945 -0.8907
vn 0.2276 0.1936 -0.9543
vn 0.3880 0.2367 -0.8907
vn 0.2551 0.1556 -0.9543
vn 0.4202 0.1731 -0.8907
vn 0.2763 0.1138 -0.9543
vn 0.4422 0.1052 -0.8907
vn 0.2907 0.0692 -0.9543
vn 0.4532 0.0347 -0.8907
vn 0.2980 0.0228 -0.9543
vn 0.4530 -0.0366 -0.8907
vn 0.2979 -0.0240 -0.9543
vn 0.4417 -0.1070 -0.8907
vn 0.2904 -0.0703 -0.9543
vn 0.4195 -0.1747 -0.8907
vn 0.2759 -0.1149 -0.9543
vn 0.3870 -0.2382 -0.8907
vn 0.2545 -0.1567 -0.9543
vn 0.3450 -0.2958 -0.8907
vn 0.2268 -0.1945 -0.9543
vn 0.2945 -0.3462 -0.8907
vn 0.1936 -0.2276 -0.9543
vn 0.2367 -0.3880 -0.8907
vn 0.1556 -0.2551 -0.9543
vn 0.1731 -0.4202 -0.8907
vn 0.1138 -0.2763 -0.9543
vn 0.1052 -0.4422 -0.8907
vn 0.0692 -0.2907 -0.9543
vn -0.0125 -0.1550 -0.9878
vn 0.0119 -0.1551 -0.9878
vn -0.0005 0.0069 -1.0000
vn 0.0005 0.0069 -1.0000
vn -0.0366 -0.1512 -0.9878
vn 0.0016 0.0067 -1.0000
vn -0.0598 -0.1436 -0.9878
vn 0.0026 0.0063 -1.0000
vn -0.0815 -0.1325 -0.9878
vn 0.0036 0.0059 -1.0000
vn -0.1012 -0.1181 -0.9878
vn 0.0045 0.0052 -1.0000
vn -0.1185 -0.1008 -0.9878
vn 0.0052 0.0045 -1.0000
vn -0.1328 -0.0810 -0.9878
vn 0.0059 0.0036 -1.0000
vn -0.1438 -0.0592 -0.9878
vn 0.0063 0.0026 -1.0000
vn -0.1513 -0.0360 -0.9878
vn 0.0067 0.0016 -1.0000
vn -0.1551 -0.0119 -0.9878
vn 0.0069 0.0005 -1.0000
vn -0.1550 0.0125 -0.9878
vn 0.0069 -0.0005 -1.0000
vn -0.1512 0.0366 -0.9878
vn 0.0067 -0.0016 -1.0000
vn -0.1436 0.0598 -0.9878
vn 0.0063 -0.0026 -1.0000
vn -0.1325 0.0815 -0.9878
vn 0.0059 -0.0036 -1.0000
vn -0.1181 0.1012 -0.9878
vn 0.0052 -0.0045 -1.0000
vn -0.1008 0.1185 -0.9878
vn 0.0045 -0.0052 -1.0000
vn -0.0810 0.1328 -0.9878
vn 0.0036 -0.0059 -1.0000
vn -0.0592 0.1438 -0.9878
vn 0.0026 -0.0063 -1.0000
vn -0.0360 0.1513 -0.9878
vn 0.0016 -0.0067 -1.0000
vn -0.0119 0.1551 -0.9878
vn 0.0005 -0.0069 -1.0000
vn 0.0125 0.1550 -0.9878
vn -0.0005 -0.0069 -1.0000
vn 0.0366 0.1512 -0.9878
vn -0.0016 -0.0067 -1.0000
vn 0.0598 0.1436 -0.9878
vn -0.0026 -0.0063 -1.0000
vn 0.0815 0.1325 -0.9878
vn -0.0036 -0.0059 -1.0000
vn 0.1012 0.1181 -0.9878
vn -0.0045 -0.0052 -1.0000
vn 0.1185 0.1008 -0.9878
vn -0.0052 -0.0045 -1.0000
vn 0.1328 0.0810 -0.9878
vn -0.0059 -0.0036 -1.0000
vn 0.1438 0.0592 -0.9878
vn -0.0063 -0.0026 -1.0000
vn 0.1513 0.0360 -0.9878
vn -0.0067 -0.0016 -1.0000
vn 0.1551 0.0119 -0.9878
vn -0.0069 -0.0005 -1.0000
vn 0.1550 -0.0125 -0.9878
vn -0.0069 0.0005 -1.0000
vn 0.1512 -0.0366 -0.9878
vn -0.0067 0.0016 -1.0000
vn 0.1436 -0.0598 -0.9878
vn -0.0063 0.0026 -1.0000
vn 0.1325 -0.0815 -0.9878
vn -0.0059 0.0036 -1.0000
vn 0.1181 -0.1012 -0.9878
vn -0.0052 0.0045 -1.0000
vn 0.1008 -0.1185 -0.9878
vn -0.0045 0.0052 -1.0000
vn 0.0810 -0.1328 -0.9878
vn -0.0036 0.0059 -1.0000
vn 0.0592 -0.1438 -0.9878
vn -0.0026 0.0063 -1.0000
vn 0.0360 -0.1513 -0.9878
vn -0.0016 0.0067 -1.0000
vn -0.0400 0.5220 -0.8520
vn -0.1212 0.5093 -0.8520
vn -0.1994 0.4841 -0.8520
vn -0.2727 0.4469 -0.8520
vn -0.3392 0.3988 -0.8520
vn -0.3974 0.3408 -0.8520
vn -0.4458 0.2744 -0.8520
vn -0.4833 0.2013 -0.8520
vn -0.5088 0.1232 -0.8520
vn -0.5218 0.0421 -0.8520
vn -0.5220 -0.0400 -0.8520
vn -0.5093 -0.1212 -0.8520
vn -0.4841 -0.1994 -0.8520
vn -0.4469 -0.2727 -0.8520
vn -0.3988 -0.3392 -0.8520
vn -0.3408 -0.3974 -0.8520
vn -0.2744 -0.4458 -0.8520
vn -0.2013 -0.4833 -0.8520
vn -0.1232 -0.5088 -0.8520
vn -0.0421 -0.5218 -0.8520
vn 0.0400 -0.5220 -0.8520
vn 0.1212 -0.5093 -0.8520
vn 0.1994 -0.4841 -0.8520
vn 0.2727 -0.4469 -0.8520
vn 0.3392 -0.3988 -0.8520
vn 0.3974 -0.3408 -0.8520
vn 0.4458 -0.2744 -0.8520
vn 0.4833 -0.2013 -0.8520
vn 0.5088 -0.1232 -0.8520
vn 0.5218 -0.0421 -0.8520
vn 0.5220 0.0400 -0.8520
vn 0.5093 0.1212 -0.8520
vn 0.4841 0.1994 -0.8520
vn 0.4469 0.2727 -0.8520
vn 0.3988 0.3392 -0.8520
vn 0.3408 0.3974 -0.8520
vn 0.2744 0.4458 -0.8520
vn 0.2013 0.4833 -0.8520
vn 0.1232 0.5088 -0.8520
vn 0.0421 0.5218 -0.8520
s 1
f 107/1/1 106/2/2 146/3/3 147/4/4
f 94/5/5 93/6/6 133/7/7 134/8/8
f 81/9/9 120/10/10 160/11/11 121/12/12
f 108/13/13 107/14/1 147/15/4 148/16/14
f 95/17/15 94/18/5 134/19/8 135/20/16
f 82/21/17 81/22/9 121/23/12 122/24/18
f 109/25/19 108/26/13 148/27/14 149/28/20
f 96/29/21 95/30/15 135/31/16 136/32/22
f 83/33/23 82/34/17 122/35/18 123/36/24
f 110/37/25 109/38/19 149/39/20 150/40/26
f 97/41/27 96/42/21 136/43/22 137/44/28
f 84/45/29 83/46/23 123/47/24 124/48/30
f 111/49/31 110/50/25 150/51/26 151/52/32
f 98/53/33 97/54/27 137/55/28 138/56/34
f 85/57/35 84/58/29 124/59/30 125/60/36
f 112/61/37 111/62/31 151/63/32 152/64/38
f 99/65/39 98/66/33 138/67/34 139/68/40
f 86/69/41 85/70/35 125/71/36 126/72/42
f 113/73/43 112/74/37 152/75/38 153/76/44
f 100/77/45 99/78/39 139/79/40 140/80/46
f 87/81/47 86/82/41 126/83/42 127/84/48
f 114/85/49 113/86/43 153/87/44 154/88/50
f 101/89/51 100/90/45 140/91/46 141/92/52
f 88/93/53 87/94/47 127/95/48 128/96/54
f 115/97/55 114/98/49 154/99/50 155/100/56
f 102/101/57 101/102/51 141/103/52 142/104/58
f 89/105/59 88/106/53 128/107/54 129/108/60
f 116/109/61 115/110/55 155/111/56 156/112/62
f 103/113/63 102/114/57 142/115/58 143/116/64
f 90/117/65 89/118/59 129/119/60 130/120/66
f 117/121/67 116/122/61 156/123/62 157/124/68
f 104/125/69 103/126/63 143/127/64 144/128/70
f 91/129/71 90/130/65 130/131/66 131/132/72
f 118/133/73 117/134/67 157/135/68 158/136/74
f 105/137/75 104/138/69 144/139/70 145/140/76
f 92/141/77 91/142/71 131/143/72 132/144/78
f 119/145/79 118/146/73 158/147/74 159/148/80
f 106/149/2 105/150/75 145/151/76 146/152/3
f 93/153/6 92/154/77 132/155/78 133/156/7
f 120/157/10 119/158/79 159/159/80 160/160/11
f 919/161/81 881/162/82 147/4/4 146/3/3
f 1/163/83 40/164/84 120/165/10 81/166/9
f 15/167/85 14/168/86 94/169/5 95/170/15
f 881/171/82 882/172/87 148/16/14 147/15/4
f 920/173/88 883/174/89 122/24/18 121/23/12
f 16/175/90 15/176/85 95/177/15 96/178/21
f 882/179/87 884/180/91 149/28/20 148/27/14
f 883/181/89 885/182/92 123/36/24 122/35/18
f 17/183/93 16/175/90 96/178/21 97/184/27
f 884/185/91 886/186/94 150/40/26 149/39/20
f 885/187/92 887/188/95 124/48/30 123/47/24
f 18/189/96 17/183/93 97/184/27 98/190/33
f 886/191/94 888/192/97 151/52/32 150/51/26
f 887/193/95 889/194/98 125/60/36 124/59/30
f 19/195/99 18/189/96 98/190/33 99/196/39
f 888/197/97 890/198/100 152/64/38 151/63/32
f 889/199/98 891/200/101 126/72/42 125/71/36
f 20/201/102 19/202/99 99/203/39 100/204/45
f 890/205/100 892/206/103 153/76/44 152/75/38
f 891/207/101 893/208/104 127/84/48 126/83/42
f 21/209/105 20/210/102 100/211/45 101/212/51
f 892/213/103 894/214/106 154/88/50 153/87/44
f 893/215/104 895/216/107 128/96/54 127/95/48
f 22/217/108 21/209/105 101/212/51 102/218/57
f 894/219/106 896/220/109 155/100/56 154/99/50
f 895/221/107 897/222/110 129/108/60 128/107/54
f 23/223/111 22/217/108 102/218/57 103/224/63
f 896/225/109 898/226/112 156/112/62 155/111/56
f 897/227/110 899/228/113 130/120/66 129/119/60
f 24/229/114 23/223/111 103/224/63 104/230/69
f 898/231/112 900/232/115 157/124/68 156/123/62
f 899/233/113 901/234/116 131/132/72 130/131/66
f 25/235/117 24/236/114 104/237/69 105/238/75
f 900/239/115 902/240/118 158/136/74 157/135/68
f 901/241/116 903/242/119 132/144/78 131/143/72
f 26/243/120 25/235/117 105/238/75 106/244/2
f 902/245/118 904/246/121 159/148/80 158/147/74
f 903/247/119 905/248/122 133/156/7 132/155/78
f 27/249/123 26/243/120 106/244/2 107/250/1
f 904/251/121 906/252/124 160/160/11 159/159/80
f 905/253/122 907/254/125 134/8/8 133/7/7
f 28/255/126 27/249/123 107/250/1 108/256/13
f 2/257/127 1/258/83 81/259/9 82/260/17
f 906/261/124 920/262/88 121/12/12 160/11/11
f 907/263/125 908/264/128 135/20/16 134/19/8
f 29/265/129 28/266/126 108/267/13 109/268/19
f 3/269/130 2/270/127 82/271/17 83/272/23
f 908/273/128 909/274/131 136/32/22 135/31/16
f 30/275/132 29/265/129 109/268/19 110/276/25
f 4/277/133 3/269/130 83/272/23 84/278/29
f 909/279/131 910/280/134 137/44/28 136/43/22
f 31/281/135 30/275/132 110/276/25 111/282/31
f 5/283/136 4/277/133 84/278/29 85/284/35
f 910/285/134 911/286/137 138/56/34 137/55/28
f 32/287/138 31/281/135 111/282/31 112/288/37
f 6/289/139 5/283/136 85/284/35 86/290/41
f 911/291/137 912/292/140 139/68/40 138/67/34
f 33/293/141 32/294/138 112/295/37 113/296/43
f 7/297/142 6/298/139 86/299/41 87/300/47
f 912/301/140 913/302/143 140/80/46 139/79/40
f 34/303/144 33/304/141 113/305/43 114/306/49
f 8/307/145 7/297/142 87/300/47 88/308/53
f 913/309/143 914/310/146 141/92/52 140/91/46
f 35/311/147 34/303/144 114/306/49 115/312/55
f 9/313/148 8/307/145 88/308/53 89/314/59
f 914/315/146 915/316/149 142/104/58 141/103/52
f 36/317/150 35/311/147 115/312/55 116/318/61
f 10/319/151 9/313/148 89/314/59 90/320/65
f 915/321/149 916/322/152 143/116/64 142/115/58
f 37/323/153 36/317/150 116/318/61 117/324/67
f 11/325/154 10/326/151 90/327/65 91/328/71
f 916/329/152 917/330/155 144/128/70 143/127/64
f 38/331/156 37/332/153 117/333/67 118/334/73
f 12/335/157 11/336/154 91/337/71 92/338/77
f 917/339/155 918/340/158 145/140/76 144/139/70
f 39/341/159 38/331/156 118/334/73 119/342/79
f 13/343/160 12/335/157 92/338/77 93/344/6
f 918/345/158 919/346/81 146/152/3 145/151/76
f 40/164/84 39/341/159 119/342/79 120/165/10
f 14/168/86 13/343/160 93/344/6 94/169/5
f 323/347/161 322/348/162 289/349/163 290/350/164
f 327/351/165 326/352/166 316/353/167 317/354/168
f 331/355/169 330/356/170 303/357/171 304/358/172
f 333/359/173 323/360/161 290/361/164 291/362/174
f 335/363/175 327/364/165 317/365/168 318/366/176
f 337/367/177 331/368/169 304/369/172 305/370/178
f 339/371/179 333/372/173 291/373/174 292/374/180
f 341/375/181 335/376/175 318/377/176 319/378/182
f 343/379/183 337/380/177 305/381/178 306/382/184
f 345/383/185 339/384/179 292/385/180 293/386/186
f 347/387/187 341/388/181 319/389/182 320/390/188
f 349/391/189 343/392/183 306/393/184 307/394/190
f 351/395/191 345/396/185 293/397/186 294/398/192
f 353/399/193 347/400/187 320/401/188 281/402/194
f 355/403/195 349/404/189 307/405/190 308/406/196
f 357/407/197 351/408/191 294/409/192 295/410/198
f 359/411/199 353/412/193 281/413/194 282/414/200
f 361/415/201 355/416/195 308/417/196 309/418/202
f 363/419/203 357/420/197 295/421/198 296/422/204
f 365/423/205 359/424/199 282/425/200 283/426/206
f 367/427/207 361/428/201 309/429/202 310/430/208
f 369/431/209 363/432/203 296/433/204 297/434/210
f 371/435/211 365/436/205 283/437/206 284/438/212
f 373/439/213 367/440/207 310/441/208 311/442/214
f 375/443/215 369/444/209 297/445/210 298/446/216
f 377/447/217 371/448/211 284/449/212 285/450/218
f 379/451/219 373/452/213 311/453/214 312/454/220
f 381/455/221 375/456/215 298/457/216 299/458/222
f 383/459/223 377/460/217 285/461/218 286/462/224
f 385/463/225 379/464/219 312/465/220 313/466/226
f 387/467/227 381/468/221 299/469/222 300/470/228
f 389/471/229 383/472/223 286/473/224 287/474/230
f 391/475/231 385/476/225 313/477/226 314/478/232
f 393/479/233 387/480/227 300/481/228 301/482/234
f 395/483/235 389/484/229 287/485/230 288/486/236
f 397/487/237 391/488/231 314/489/232 315/490/238
f 399/491/239 393/492/233 301/493/234 302/494/240
f 322/495/162 395/496/235 288/497/236 289/498/163
f 326/499/166 397/500/237 315/501/238 316/502/167
f 330/503/170 399/504/239 302/505/240 303/506/171
f 802/507/241 801/508/242 310/430/208 309/429/202
f 804/509/243 803/510/244 284/438/212 283/437/206
f 178/511/245 177/512/246 257/513/247 258/514/248
f 801/515/242 805/516/249 311/442/214 310/441/208
f 803/517/244 806/518/250 285/450/218 284/449/212
f 179/519/251 178/511/245 258/514/248 259/520/252
f 805/521/249 807/522/253 312/454/220 311/453/214
f 806/523/250 808/524/254 286/462/224 285/461/218
f 180/525/255 179/526/251 259/527/252 260/528/256
f 807/529/253 809/530/257 313/466/226 312/465/220
f 808/531/254 810/532/258 287/474/230 286/473/224
f 181/533/259 180/534/255 260/535/256 261/536/260
f 809/537/257 811/538/261 314/478/232 313/477/226
f 810/539/258 812/540/262 288/486/236 287/485/230
f 182/541/263 181/533/259 261/536/260 262/542/264
f 811/543/261 813/544/265 315/490/238 314/489/232
f 812/545/262 814/546/266 289/498/163 288/497/236
f 183/547/267 182/541/263 262/542/264 263/548/268
f 813/549/265 815/550/269 316/502/167 315/501/238
f 814/551/266 816/552/270 290/350/164 289/349/163
f 184/553/271 183/547/267 263/548/268 264/554/272
f 815/555/269 817/556/273 317/354/168 316/353/167
f 816/557/270 818/558/274 291/362/174 290/361/164
f 185/559/275 184/560/271 264/561/272 265/562/276
f 817/563/273 819/564/277 318/366/176 317/365/168
f 818/565/274 820/566/278 292/374/180 291/373/174
f 186/567/279 185/559/275 265/562/276 266/568/280
f 819/569/277 821/570/281 319/378/182 318/377/176
f 820/571/278 822/572/282 293/386/186 292/385/180
f 187/573/283 186/567/279 266/568/280 267/574/284
f 821/575/281 823/576/285 320/390/188 319/389/182
f 822/577/282 824/578/286 294/398/192 293/397/186
f 188/579/287 187/573/283 267/574/284 268/580/288
f 162/581/289 161/582/290 241/583/291 242/584/292
f 823/585/285 825/586/293 281/402/194 320/401/188
f 824/587/286 826/588/294 295/410/198 294/409/192
f 189/589/295 188/590/287 268/591/288 269/592/296
f 163/593/297 162/594/289 242/595/292 243/596/298
f 826/597/294 827/598/299 296/422/204 295/421/198
f 190/599/300 189/589/295 269/592/296 270/600/301
f 164/601/302 163/593/297 243/596/298 244/602/303
f 827/603/299 828/604/304 297/434/210 296/433/204
f 191/605/305 190/599/300 270/600/301 271/606/306
f 165/607/307 164/601/302 244/602/303 245/608/308
f 828/609/304 829/610/309 298/446/216 297/445/210
f 192/611/310 191/605/305 271/606/306 272/612/311
f 166/613/312 165/607/307 245/608/308 246/614/313
f 829/615/309 830/616/314 299/458/222 298/457/216
f 193/617/315 192/618/310 272/619/311 273/620/316
f 167/621/317 166/622/312 246/623/313 247/624/318
f 830/625/314 831/626/319 300/470/228 299/469/222
f 194/627/320 193/628/315 273/629/316 274/630/321
f 168/631/322 167/621/317 247/624/318 248/632/323
f 831/633/319 832/634/324 301/482/234 300/481/228
f 195/635/325 194/627/320 274/630/321 275/636/326
f 169/637/327 168/631/322 248/632/323 249/638/328
f 832/639/324 833/640/329 302/494/240 301/493/234
f 196/641/330 195/635/325 275/636/326 276/642/331
f 170/643/332 169/637/327 249/638/328 250/644/333
f 833/645/329 834/646/334 303/506/171 302/505/240
f 197/647/335 196/641/330 276/642/331 277/648/336
f 171/649/337 170/650/332 250/651/333 251/652/338
f 834/653/334 835/654/339 304/358/172 303/357/171
f 198/655/340 197/656/335 277/657/336 278/658/341
f 172/659/342 171/660/337 251/661/338 252/662/343
f 835/663/339 836/664/344 305/370/178 304/369/172
f 199/665/345 198/655/340 278/658/341 279/666/346
f 173/667/347 172/659/342 252/662/343 253/668/348
f 836/669/344 837/670/349 306/382/184 305/381/178
f 200/671/350 199/665/345 279/666/346 280/672/351
f 174/673/352 173/667/347 253/668/348 254/674/353
f 837/675/349 838/676/354 307/394/190 306/393/184
f 161/677/290 200/671/350 280/672/351 241/678/291
f 175/679/355 174/673/352 254/674/353 255/680/356
f 838/681/354 839/682/357 308/406/196 307/405/190
f 825/683/293 840/684/358 282/414/200 281/413/194
f 176/685/359 175/686/355 255/687/356 256/688/360
f 839/689/357 802/690/241 309/418/202 308/417/196
f 840/691/358 804/692/243 283/426/206 282/425/200
f 177/512/246 176/685/359 256/688/360 257/513/247
f 263/693/268 262/694/264 400/695/361 329/696/362
f 351/697/191 357/698/197 437/699/363 431/700/364
f 276/701/331 275/702/326 398/703/365 325/704/366
f 330/705/170 331/706/169 411/707/367 410/708/368
f 249/709/328 248/710/323 396/711/369 321/712/370
f 384/713/371 378/714/372 458/715/373 464/716/374
f 262/694/264 261/717/260 394/718/375 400/695/361
f 358/719/376 352/720/377 432/721/378 438/722/379
f 275/702/326 274/723/321 392/724/380 398/703/365
f 332/725/381 329/726/362 409/727/382 412/728/383
f 248/710/323 247/729/318 390/730/384 396/711/369
f 379/731/219 385/732/225 465/733/385 459/734/386
f 261/717/260 260/735/256 388/736/387 394/718/375
f 353/737/193 359/738/199 439/739/388 433/740/389
f 274/723/321 273/741/316 386/742/390 392/724/380
f 323/743/161 333/744/173 413/745/391 403/746/392
f 247/729/318 246/747/313 384/748/371 390/730/384
f 386/749/390 380/750/393 460/751/394 466/752/395
f 260/735/256 259/753/252 382/754/396 388/736/387
f 360/755/397 354/756/398 434/757/399 440/758/400
f 273/741/316 272/759/311 380/760/393 386/742/390
f 334/761/401 324/762/402 404/763/403 414/764/404
f 246/747/313 245/765/308 378/766/372 384/748/371
f 381/767/221 387/768/227 467/769/405 461/770/406
f 259/771/252 258/772/248 376/773/407 382/774/396
f 355/775/195 361/776/201 441/777/408 435/778/409
f 272/759/311 271/779/306 374/780/410 380/760/393
f 327/781/165 335/782/175 415/783/411 407/784/412
f 245/765/308 244/785/303 372/786/413 378/766/372
f 388/787/387 382/788/396 462/789/414 468/790/415
f 258/772/248 257/791/247 370/792/416 376/773/407
f 362/793/417 356/794/418 436/795/419 442/796/420
f 271/779/306 270/797/301 368/798/421 374/780/410
f 336/799/422 328/800/423 408/801/424 416/802/425
f 244/785/303 243/803/298 366/804/426 372/786/413
f 383/805/223 389/806/229 469/807/427 463/808/428
f 257/791/247 256/809/360 364/810/429 370/792/416
f 357/698/197 363/811/203 443/812/430 437/699/363
f 270/813/301 269/814/296 362/815/417 368/816/421
f 331/706/169 337/817/177 417/818/431 411/707/367
f 243/803/298 242/819/292 360/820/397 366/804/426
f 390/821/384 384/713/371 464/716/374 470/822/432
f 256/809/360 255/823/356 358/824/376 364/810/429
f 364/825/429 358/719/376 438/722/379 444/826/433
f 269/814/296 268/827/288 356/828/418 362/815/417
f 338/829/434 332/725/381 412/728/383 418/830/435
f 242/819/292 241/831/291 354/832/398 360/820/397
f 385/732/225 391/833/231 471/834/436 465/733/385
f 255/823/356 254/835/353 352/836/377 358/824/376
f 359/738/199 365/837/205 445/838/437 439/739/388
f 268/827/288 267/839/284 350/840/438 356/828/418
f 333/744/173 339/841/179 419/842/439 413/745/391
f 241/831/291 280/843/351 348/844/440 354/832/398
f 392/845/380 386/749/390 466/752/395 472/846/441
f 254/835/353 253/847/348 346/848/442 352/836/377
f 366/849/426 360/755/397 440/758/400 446/850/443
f 267/839/284 266/851/280 344/852/444 350/840/438
f 340/853/445 334/761/401 414/764/404 420/854/446
f 280/843/351 279/855/346 342/856/447 348/844/440
f 387/768/227 393/857/233 473/858/448 467/769/405
f 253/847/348 252/859/343 340/860/445 346/848/442
f 361/776/201 367/861/207 447/862/449 441/777/408
f 266/851/280 265/863/276 338/864/434 344/852/444
f 335/782/175 341/865/181 421/866/450 415/783/411
f 279/867/346 278/868/341 336/869/422 342/870/447
f 394/871/375 388/787/387 468/790/415 474/872/451
f 252/859/343 251/873/338 334/874/401 340/860/445
f 368/875/421 362/793/417 442/796/420 448/876/452
f 265/863/276 264/877/272 332/878/381 338/864/434
f 342/879/447 336/799/422 416/802/425 422/880/453
f 278/868/341 277/881/336 328/882/423 336/869/422
f 389/806/229 395/883/235 475/884/454 469/807/427
f 251/873/338 250/885/333 324/886/402 334/874/401
f 363/811/203 369/887/209 449/888/455 443/812/430
f 264/877/272 263/693/268 329/696/362 332/878/381
f 337/817/177 343/889/183 423/890/456 417/818/431
f 277/881/336 276/701/331 325/704/366 328/882/423
f 396/891/369 390/821/384 470/822/432 476/892/457
f 250/885/333 249/893/328 321/894/370 324/886/402
f 370/895/416 364/825/429 444/826/433 450/896/458
f 409/897/382 480/898/459 479/899/460 410/900/368
f 405/901/461 478/902/462 477/903/463 406/904/464
f 401/905/465 476/906/457 475/907/454 402/908/466
f 480/898/459 474/909/451 473/910/448 479/899/460
f 478/902/462 472/911/441 471/912/436 477/903/463
f 476/906/457 470/913/432 469/914/427 475/907/454
f 474/909/451 468/915/415 467/916/405 473/910/448
f 472/911/441 466/917/395 465/918/385 471/912/436
f 470/913/432 464/919/374 463/920/428 469/914/427
f 468/915/415 462/921/414 461/922/406 467/916/405
f 466/917/395 460/923/394 459/924/386 465/918/385
f 464/925/374 458/926/373 457/927/467 463/928/428
f 462/921/414 456/929/468 455/930/469 461/922/406
f 460/923/394 454/931/470 453/932/471 459/924/386
f 458/926/373 452/933/472 451/934/473 457/927/467
f 456/929/468 450/935/458 449/936/455 455/930/469
f 454/931/470 448/937/452 447/938/449 453/932/471
f 452/933/472 446/939/443 445/940/437 451/934/473
f 450/935/458 444/941/433 443/942/430 449/936/455
f 448/937/452 442/943/420 441/944/408 447/938/449
f 446/939/443 440/945/400 439/946/388 445/940/437
f 444/941/433 438/947/379 437/948/363 443/942/430
f 442/943/420 436/949/419 435/950/409 441/944/408
f 440/945/400 434/951/399 433/952/389 439/946/388
f 438/947/379 432/953/378 431/954/364 437/948/363
f 436/949/419 430/955/474 429/956/475 435/950/409
f 434/951/399 428/957/476 427/958/477 433/952/389
f 432/953/378 426/959/478 425/960/479 431/954/364
f 430/955/474 424/961/480 423/962/456 429/956/475
f 428/957/476 422/963/453 421/964/450 427/958/477
f 426/959/478 420/965/446 419/966/439 425/960/479
f 424/967/480 418/968/435 417/969/431 423/970/456
f 422/963/453 416/971/425 415/972/411 421/964/450
f 420/965/446 414/973/404 413/974/391 419/966/439
f 418/968/435 412/975/383 411/976/367 417/969/431
f 416/971/425 408/977/424 407/978/412 415/972/411
f 414/973/404 404/979/403 403/980/392 413/974/391
f 412/975/383 409/897/382 410/900/368 411/976/367
f 408/977/424 405/901/461 406/904/464 407/978/412
f 404/979/403 401/905/465 402/908/466 403/980/392
f 377/981/217 383/805/223 463/808/428 457/982/467
f 328/800/423 325/983/366 405/984/461 408/801/424
f 356/794/418 350/985/438 430/986/474 436/795/419
f 382/788/396 376/987/407 456/988/468 462/789/414
f 326/989/166 327/781/165 407/784/412 406/990/464
f 349/991/189 355/775/195 435/778/409 429/992/475
f 375/993/215 381/767/221 461/770/406 455/994/469
f 324/762/402 321/995/370 401/996/465 404/763/403
f 354/756/398 348/997/440 428/998/476 434/757/399
f 380/750/393 374/999/410 454/1000/470 460/751/394
f 329/726/362 400/1001/361 480/1002/459 409/727/382
f 322/1003/162 323/743/161 403/746/392 402/1004/466
f 347/1005/187 353/737/193 433/740/389 427/1006/477
f 373/1007/213 379/731/219 459/734/386 453/1008/471
f 399/1009/239 330/705/170 410/708/368 479/1010/460
f 352/720/377 346/1011/442 426/1012/478 432/721/378
f 378/714/372 372/1013/413 452/1014/472 458/715/373
f 325/983/366 398/1015/365 478/1016/462 405/984/461
f 345/1017/185 351/697/191 431/700/364 425/1018/479
f 371/1019/211 377/981/217 457/982/467 451/1020/473
f 397/1021/237 326/989/166 406/990/464 477/1022/463
f 350/985/438 344/1023/444 424/1024/480 430/986/474
f 376/987/407 370/895/416 450/896/458 456/988/468
f 321/995/370 396/891/369 476/892/457 401/996/465
f 343/889/183 349/991/189 429/992/475 423/890/456
f 369/887/209 375/993/215 455/994/469 449/888/455
f 395/883/235 322/1003/162 402/1004/466 475/884/454
f 348/997/440 342/879/447 422/880/453 428/998/476
f 374/999/410 368/875/421 448/876/452 454/1000/470
f 400/1001/361 394/871/375 474/872/451 480/1002/459
f 341/865/181 347/1005/187 427/1006/477 421/866/450
f 367/861/207 373/1007/213 453/1008/471 447/862/449
f 393/857/233 399/1009/239 479/1010/460 473/858/448
f 346/1011/442 340/853/445 420/854/446 426/1012/478
f 372/1013/413 366/849/426 446/850/443 452/1014/472
f 398/1015/365 392/845/380 472/846/441 478/1016/462
f 339/841/179 345/1017/185 425/1018/479 419/842/439
f 365/837/205 371/1019/211 451/1020/473 445/838/437
f 391/833/231 397/1021/237 477/1022/463 471/834/436
f 344/1023/444 338/829/434 418/830/435 424/1024/480
f 183/1025/267 485/1026/481 520/1027/482 182/1028/263
f 196/1029/330 483/1030/483 519/1031/484 195/1032/325
f 169/1033/327 481/1034/485 518/1035/486 168/1036/322
f 182/1028/263 520/1027/482 517/1037/487 181/1038/259
f 195/1032/325 519/1031/484 516/1039/488 194/1040/320
f 168/1036/322 518/1035/486 515/1041/489 167/1042/317
f 181/1038/259 517/1037/487 514/1043/490 180/1044/255
f 194/1040/320 516/1039/488 513/1045/491 193/1046/315
f 167/1042/317 515/1041/489 512/1047/492 166/1048/312
f 180/1044/255 514/1043/490 511/1049/493 179/1050/251
f 193/1046/315 513/1045/491 510/1051/494 192/1052/310
f 166/1048/312 512/1047/492 509/1053/495 165/1054/307
f 179/1050/251 511/1049/493 508/1055/496 178/1056/245
f 192/1052/310 510/1051/494 507/1057/497 191/1058/305
f 165/1054/307 509/1053/495 506/1059/498 164/1060/302
f 178/1061/245 508/1062/496 505/1063/499 177/1064/246
f 191/1058/305 507/1057/497 504/1065/500 190/1066/300
f 164/1060/302 506/1059/498 503/1067/501 163/1068/297
f 177/1064/246 505/1063/499 502/1069/502 176/1070/359
f 190/1066/300 504/1065/500 501/1071/503 189/1072/295
f 163/1068/297 503/1067/501 500/1073/504 162/1074/289
f 176/1070/359 502/1069/502 499/1075/505 175/1076/355
f 189/1072/295 501/1071/503 498/1077/506 188/1078/287
f 162/1074/289 500/1073/504 497/1079/507 161/1080/290
f 175/1076/355 499/1075/505 496/1081/508 174/1082/352
f 188/1083/287 498/1077/506 495/1084/509 187/1085/283
f 161/1080/290 497/1079/507 494/1086/510 200/1087/350
f 174/1082/352 496/1081/508 493/1088/511 173/1089/347
f 187/1085/283 495/1084/509 492/1090/512 186/1091/279
f 200/1087/350 494/1086/510 491/1092/513 199/1093/345
f 173/1089/347 493/1088/511 490/1094/514 172/1095/342
f 186/1091/279 492/1090/512 489/1096/515 185/1097/275
f 199/1093/345 491/1092/513 488/1098/516 198/1099/340
f 172/1095/342 490/1094/514 487/1100/517 171/1101/337
f 185/1097/275 489/1096/515 486/1102/518 184/1103/271
f 198/1104/340 488/1105/516 484/1106/519 197/1107/335
f 171/1101/337 487/1100/517 482/1108/520 170/1109/332
f 184/1103/271 486/1102/518 485/1026/481 183/1025/267
f 197/1107/335 484/1106/519 483/1030/483 196/1029/330
f 170/1109/332 482/1108/520 481/1110/485 169/1111/327
f 40/1112/84 525/1113/510 560/1114/513 39/1115/159
f 13/1116/160 523/1117/511 559/1118/514 12/1119/157
f 26/1120/120 521/1121/512 558/1122/515 25/1123/117
f 39/1115/159 560/1114/513 557/1124/516 38/1125/156
f 12/1119/157 559/1118/514 556/1126/517 11/1127/154
f 25/1123/117 558/1122/515 555/1128/518 24/1129/114
f 38/1130/156 557/1131/516 554/1132/519 37/1133/153
f 11/1127/154 556/1126/517 553/1134/520 10/1135/151
f 24/1129/114 555/1128/518 552/1136/481 23/1137/111
f 37/1133/153 554/1132/519 551/1138/483 36/1139/150
f 10/1135/151 553/1134/520 550/1140/485 9/1141/148
f 23/1137/111 552/1136/481 549/1142/482 22/1143/108
f 36/1139/150 551/1138/483 548/1144/484 35/1145/147
f 9/1146/148 550/1147/485 547/1148/486 8/1149/145
f 22/1143/108 549/1142/482 546/1150/487 21/1151/105
f 35/1145/147 548/1144/484 545/1152/488 34/1153/144
f 8/1149/145 547/1148/486 544/1154/489 7/1155/142
f 21/1151/105 546/1150/487 543/1156/490 20/1157/102
f 34/1153/144 545/1152/488 542/1158/491 33/1159/141
f 7/1155/142 544/1154/489 541/1160/492 6/1161/139
f 20/1157/102 543/1156/490 540/1162/493 19/1163/99
f 33/1159/141 542/1158/491 539/1164/494 32/1165/138
f 6/1161/139 541/1160/492 538/1166/495 5/1167/136
f 19/1163/99 540/1162/493 537/1168/496 18/1169/96
f 32/1165/138 539/1164/494 536/1170/497 31/1171/135
f 5/1167/136 538/1166/495 535/1172/498 4/1173/133
f 18/1174/96 537/1175/496 534/1176/499 17/1177/93
f 31/1171/135 536/1170/497 533/1178/500 30/1179/132
f 4/1173/133 535/1172/498 532/1180/501 3/1181/130
f 17/1177/93 534/1176/499 531/1182/502 16/1183/90
f 30/1179/132 533/1178/500 530/1184/503 29/1185/129
f 3/1181/130 532/1180/501 529/1186/504 2/1187/127
f 16/1183/90 531/1182/502 528/1188/505 15/1189/85
f 29/1190/129 530/1191/503 527/1192/506 28/1193/126
f 2/1187/127 529/1186/504 526/1194/507 1/1195/83
f 15/1189/85 528/1188/505 524/1196/508 14/1197/86
f 28/1193/126 527/1192/506 522/1198/509 27/1199/123
f 1/1195/83 526/1194/507 525/1113/510 40/1112/84
f 14/1197/86 524/1196/508 523/1117/511 13/1116/160
f 27/1199/123 522/1198/509 521/1121/512 26/1120/120
f 720/1200/521 681/1201/522 43/1202/523 42/1203/524
f 681/1204/522 682/1205/525 44/1206/526 43/1207/523
f 682/1208/525 683/1209/527 45/1210/528 44/1211/526
f 683/1212/527 684/1213/529 46/1214/530 45/1215/528
f 684/1216/529 685/1217/531 47/1218/532 46/1219/530
f 685/1220/531 686/1221/533 48/1222/534 47/1223/532
f 686/1224/533 687/1225/535 49/1226/536 48/1227/534
f 687/1228/535 688/1229/537 50/1230/538 49/1231/536
f 688/1232/537 689/1233/539 51/1234/540 50/1235/538
f 689/1236/539 690/1237/541 52/1238/542 51/1239/540
f 690/1240/541 691/1241/543 53/1242/544 52/1243/542
f 691/1244/543 692/1245/545 54/1246/546 53/1247/544
f 692/1248/545 693/1249/547 55/1250/548 54/1251/546
f 693/1252/547 694/1253/549 56/1254/550 55/1255/548
f 694/1256/549 695/1257/551 57/1258/552 56/1259/550
f 695/1260/551 696/1261/553 58/1262/554 57/1263/552
f 696/1264/553 697/1265/555 59/1266/556 58/1267/554
f 697/1268/555 698/1269/557 60/1270/558 59/1271/556
f 698/1272/557 699/1273/559 61/1274/560 60/1275/558
f 699/1276/559 700/1277/561 62/1278/562 61/1279/560
f 700/1280/561 701/1281/563 63/1282/564 62/1283/562
f 701/1284/563 702/1285/565 64/1286/566 63/1287/564
f 702/1288/565 703/1289/567 65/1290/568 64/1291/566
f 703/1292/567 704/1293/569 66/1294/570 65/1295/568
f 704/1296/569 705/1297/571 67/1298/572 66/1299/570
f 705/1300/571 706/1301/573 68/1302/574 67/1303/572
f 706/1304/573 707/1305/575 69/1306/576 68/1307/574
f 707/1308/575 708/1309/577 70/1310/578 69/1311/576
f 708/1312/577 709/1313/579 71/1314/580 70/1315/578
f 709/1316/579 710/1317/581 72/1318/582 71/1319/580
f 710/1320/581 711/1321/583 73/1322/584 72/1323/582
f 711/1324/583 712/1325/585 74/1326/586 73/1327/584
f 712/1328/585 713/1329/587 75/1330/588 74/1331/586
f 713/1332/587 714/1333/589 76/1334/590 75/1335/588
f 714/1336/589 715/1337/591 77/1338/592 76/1339/590
f 715/1340/591 716/1341/593 78/1342/594 77/1343/592
f 716/1344/593 717/1345/595 79/1346/596 78/1347/594
f 717/1348/595 718/1349/597 80/1350/598 79/1351/596
f 718/1352/597 719/1353/599 41/1354/600 80/1355/598
f 719/1356/599 720/1357/521 42/1358/524 41/1359/600
f 880/1360/601 841/1361/602 562/1362/603 600/1363/604
f 879/1364/605 880/1365/601 600/1366/604 599/1367/606
f 878/1368/607 879/1369/605 599/1370/606 598/1371/608
f 877/1372/609 878/1373/607 598/1374/608 597/1375/610
f 876/1376/611 877/1377/609 597/1378/610 596/1379/612
f 875/1380/613 876/1381/611 596/1382/612 595/1383/614
f 874/1384/615 875/1385/613 595/1386/614 594/1387/616
f 873/1388/617 874/1389/615 594/1390/616 593/1391/618
f 872/1392/619 873/1393/617 593/1394/618 592/1395/620
f 871/1396/621 872/1397/619 592/1398/620 591/1399/622
f 870/1400/623 871/1401/621 591/1402/622 590/1403/624
f 869/1404/625 870/1405/623 590/1406/624 589/1407/626
f 868/1408/627 842/1409/628 565/1410/629 588/1411/630
f 867/1412/631 869/1413/625 589/1414/626 587/1415/632
f 866/1416/633 868/1417/627 588/1418/630 586/1419/634
f 865/1420/635 867/1421/631 587/1422/632 585/1423/636
f 864/1424/637 866/1425/633 586/1426/634 584/1427/638
f 863/1428/639 865/1429/635 585/1430/636 583/1431/640
f 862/1432/641 864/1433/637 584/1434/638 582/1435/642
f 861/1436/643 863/1437/639 583/1438/640 581/1439/644
f 860/1440/645 862/1441/641 582/1442/642 580/1443/646
f 859/1444/647 861/1445/643 581/1446/644 579/1447/648
f 858/1448/649 860/1449/645 580/1450/646 578/1451/650
f 857/1452/651 859/1453/647 579/1454/648 577/1455/652
f 856/1456/653 858/1457/649 578/1458/650 576/1459/654
f 855/1460/655 857/1461/651 577/1462/652 575/1463/656
f 854/1464/657 856/1465/653 576/1466/654 574/1467/658
f 853/1468/659 855/1469/655 575/1470/656 573/1471/660
f 852/1472/661 854/1473/657 574/1474/658 572/1475/662
f 851/1476/663 853/1477/659 573/1478/660 571/1479/664
f 850/1480/665 852/1481/661 572/1482/662 570/1483/666
f 849/1484/667 851/1485/663 571/1486/664 569/1487/668
f 848/1488/669 850/1489/665 570/1490/666 568/1491/670
f 847/1492/671 849/1493/667 569/1494/668 567/1495/672
f 846/1496/673 848/1497/669 568/1498/670 566/1499/674
f 845/1500/675 847/1501/671 567/1502/672 564/1503/676
f 844/1504/677 846/1505/673 566/1506/674 563/1507/678
f 842/1508/628 845/1509/675 564/1510/676 565/1511/629
f 843/1512/679 844/1513/677 563/1514/678 561/1515/680
f 841/1516/602 843/1517/679 561/1518/680 562/1519/603
f 800/1520/681 761/1521/682 601/1522/683 640/1523/684
f 799/1524/685 800/1525/681 640/1526/684 639/1527/686
f 798/1528/687 799/1529/685 639/1530/686 638/1531/688
f 797/1532/689 798/1533/687 638/1534/688 637/1535/690
f 796/1536/691 797/1537/689 637/1538/690 636/1539/692
f 795/1540/693 796/1541/691 636/1542/692 635/1543/694
f 794/1544/695 795/1545/693 635/1546/694 634/1547/696
f 793/1548/697 794/1549/695 634/1550/696 633/1551/698
f 792/1552/699 793/1553/697 633/1554/698 632/1555/700
f 791/1556/701 792/1557/699 632/1558/700 631/1559/702
f 790/1560/703 791/1561/701 631/1562/702 630/1563/704
f 789/1564/705 790/1565/703 630/1566/704 629/1567/706
f 788/1568/707 789/1569/705 629/1570/706 628/1571/708
f 787/1572/709 788/1573/707 628/1574/708 627/1575/710
f 786/1576/711 787/1577/709 627/1578/710 626/1579/712
f 785/1580/713 786/1581/711 626/1582/712 625/1583/714
f 784/1584/715 785/1585/713 625/1586/714 624/1587/716
f 783/1588/717 784/1589/715 624/1590/716 623/1591/718
f 782/1592/719 783/1593/717 623/1594/718 622/1595/720
f 781/1596/721 782/1597/719 622/1598/720 621/1599/722
f 780/1600/723 781/1601/721 621/1602/722 620/1603/724
f 779/1604/725 780/1605/723 620/1606/724 619/1607/726
f 778/1608/727 779/1609/725 619/1610/726 618/1611/728
f 777/1612/729 778/1613/727 618/1614/728 617/1615/730
f 776/1616/731 777/1617/729 617/1618/730 616/1619/732
f 775/1620/733 776/1621/731 616/1622/732 615/1623/734
f 774/1624/735 775/1625/733 615/1626/734 614/1627/736
f 773/1628/737 774/1629/735 614/1630/736 613/1631/738
f 772/1632/739 773/1633/737 613/1634/738 612/1635/740
f 771/1636/741 772/1637/739 612/1638/740 611/1639/742
f 770/1640/743 771/1641/741 611/1642/742 610/1643/744
f 769/1644/745 770/1645/743 610/1646/744 609/1647/746
f 768/1648/747 769/1649/745 609/1650/746 608/1651/748
f 767/1652/749 768/1653/747 608/1654/748 607/1655/750
f 766/1656/751 767/1657/749 607/1658/750 606/1659/752
f 765/1660/753 766/1661/751 606/1662/752 605/1663/754
f 764/1664/755 765/1665/753 605/1666/754 604/1667/756
f 763/1668/757 764/1669/755 604/1670/756 603/1671/758
f 762/1672/759 763/1673/757 603/1674/758 602/1675/760
f 761/1676/682 762/1677/759 602/1678/760 601/1679/683
f 760/1680/761 721/1681/762 680/1682/763 679/1683/764
f 759/1684/765 760/1685/761 679/1686/764 678/1687/766
f 758/1688/767 759/1689/765 678/1690/766 677/1691/768
f 757/1692/769 758/1693/767 677/1694/768 676/1695/770
f 756/1696/771 757/1697/769 676/1698/770 675/1699/772
f 755/1700/773 756/1701/771 675/1702/772 674/1703/774
f 754/1704/775 755/1705/773 674/1706/774 673/1707/776
f 753/1708/777 754/1709/775 673/1710/776 672/1711/778
f 752/1712/779 753/1713/777 672/1714/778 671/1715/780
f 751/1716/781 752/1717/779 671/1718/780 670/1719/782
f 750/1720/783 751/1721/781 670/1722/782 669/1723/784
f 749/1724/785 750/1725/783 669/1726/784 668/1727/786
f 748/1728/787 749/1729/785 668/1730/786 667/1731/788
f 747/1732/789 748/1733/787 667/1734/788 666/1735/790
f 746/1736/791 747/1737/789 666/1738/790 665/1739/792
f 745/1740/793 746/1741/791 665/1742/792 664/1743/794
f 744/1744/795 745/1745/793 664/1746/794 663/1747/796
f 743/1748/797 744/1749/795 663/1750/796 662/1751/798
f 742/1752/799 743/1753/797 662/1754/798 661/1755/800
f 741/1756/801 742/1757/799 661/1758/800 660/1759/802
f 740/1760/803 741/1761/801 660/1762/802 659/1763/804
f 739/1764/805 740/1765/803 659/1766/804 658/1767/806
f 738/1768/807 739/1769/805 658/1770/806 657/1771/808
f 737/1772/809 738/1773/807 657/1774/808 656/1775/810
f 736/1776/811 737/1777/809 656/1778/810 655/1779/812
f 735/1780/813 736/1781/811 655/1782/812 654/1783/814
f 734/1784/815 735/1785/813 654/1786/814 653/1787/816
f 733/1788/817 734/1789/815 653/1790/816 652/1791/818
f 732/1792/819 733/1793/817 652/1794/818 651/1795/820
f 731/1796/821 732/1797/819 651/1798/820 650/1799/822
f 730/1800/823 731/1801/821 650/1802/822 649/1803/824
f 729/1804/825 730/1805/823 649/1806/824 648/1807/826
f 728/1808/827 729/1809/825 648/1810/826 647/1811/828
f 727/1812/829 728/1813/827 647/1814/828 646/1815/830
f 726/1816/831 727/1817/829 646/1818/830 645/1819/832
f 725/1820/833 726/1821/831 645/1822/832 644/1823/834
f 724/1824/835 725/1825/833 644/1826/834 643/1827/836
f 723/1828/837 724/1829/835 643/1830/836 642/1831/838
f 722/1832/839 723/1833/837 642/1834/838 641/1835/840
f 721/1836/762 722/1837/839 641/1838/840 680/1839/763
f 679/1683/764 680/1682/763 720/1357/521 719/1356/599
f 678/1687/766 679/1686/764 719/1353/599 718/1352/597
f 677/1691/768 678/1690/766 718/1349/597 717/1348/595
f 676/1695/770 677/1694/768 717/1345/595 716/1344/593
f 675/1699/772 676/1698/770 716/1341/593 715/1340/591
f 674/1703/774 675/1702/772 715/1337/591 714/1336/589
f 673/1707/776 674/1706/774 714/1333/589 713/1332/587
f 672/1711/778 673/1710/776 713/1329/587 712/1328/585
f 671/1715/780 672/1714/778 712/1325/585 711/1324/583
f 670/1719/782 671/1718/780 711/1321/583 710/1320/581
f 669/1723/784 670/1722/782 710/1317/581 709/1316/579
f 668/1727/786 669/1726/784 709/1313/579 708/1312/577
f 667/1731/788 668/1730/786 708/1309/577 707/1308/575
f 666/1735/790 667/1734/788 707/1305/575 706/1304/573
f 665/1739/792 666/1738/790 706/1301/573 705/1300/571
f 664/1743/794 665/1742/792 705/1297/571 704/1296/569
f 663/1747/796 664/1746/794 704/1293/569 703/1292/567
f 662/1751/798 663/1750/796 703/1289/567 702/1288/565
f 661/1755/800 662/1754/798 702/1285/565 701/1284/563
f 660/1759/802 661/1758/800 701/1281/563 700/1280/561
f 659/1763/804 660/1762/802 700/1277/561 699/1276/559
f 658/1767/806 659/1766/804 699/1273/559 698/1272/557
f 657/1771/808 658/1770/806 698/1269/557 697/1268/555
f 656/1775/810 657/1774/808 697/1265/555 696/1264/553
f 655/1779/812 656/1778/810 696/1261/553 695/1260/551
f 654/1783/814 655/1782/812 695/1257/551 694/1256/549
f 653/1787/816 654/1786/814 694/1253/549 693/1252/547
f 652/1791/818 653/1790/816 693/1249/547 692/1248/545
f 651/1795/820 652/1794/818 692/1245/545 691/1244/543
f 650/1799/822 651/1798/820 691/1241/543 690/1240/541
f 649/1803/824 650/1802/822 690/1237/541 689/1236/539
f 648/1807/826 649/1806/824 689/1233/539 688/1232/537
f 647/1811/828 648/1810/826 688/1229/537 687/1228/535
f 646/1815/830 647/1814/828 687/1225/535 686/1224/533
f 645/1819/832 646/1818/830 686/1221/533 685/1220/531
f 644/1823/834 645/1822/832 685/1217/531 684/1216/529
f 643/1827/836 644/1826/834 684/1213/529 683/1212/527
f 642/1831/838 643/1830/836 683/1209/527 682/1208/525
f 641/1835/840 642/1834/838 682/1205/525 681/1204/522
f 680/1839/763 641/1838/840 681/1201/522 720/1200/521
f 601/1679/683 602/1678/760 722/1837/839 721/1836/762
f 602/1675/760 603/1674/758 723/1833/837 722/1832/839
f 603/1671/758 604/1670/756 724/1829/835 723/1828/837
f 604/1667/756 605/1666/754 725/1825/833 724/1824/835
f 605/1663/754 606/1662/752 726/1821/831 725/1820/833
f 606/1659/752 607/1658/750 727/1817/829 726/1816/831
f 607/1655/750 608/1654/748 728/1813/827 727/1812/829
f 608/1651/748 609/1650/746 729/1809/825 728/1808/827
f 609/1647/746 610/1646/744 730/1805/823 729/1804/825
f 610/1643/744 611/1642/742 731/1801/821 730/1800/823
f 611/1639/742 612/1638/740 732/1797/819 731/1796/821
f 612/1635/740 613/1634/738 733/1793/817 732/1792/819
f 613/1631/738 614/1630/736 734/1789/815 733/1788/817
f 614/1627/736 615/1626/734 735/1785/813 734/1784/815
f 615/1623/734 616/1622/732 736/1781/811 735/1780/813
f 616/1619/732 617/1618/730 737/1777/809 736/1776/811
f 617/1615/730 618/1614/728 738/1773/807 737/1772/809
f 618/1611/728 619/1610/726 739/1769/805 738/1768/807
f 619/1607/726 620/1606/724 740/1765/803 739/1764/805
f 620/1603/724 621/1602/722 741/1761/801 740/1760/803
f 621/1599/722 622/1598/720 742/1757/799 741/1756/801
f 622/1595/720 623/1594/718 743/1753/797 742/1752/799
f 623/1591/718 624/1590/716 744/1749/795 743/1748/797
f 624/1587/716 625/1586/714 745/1745/793 744/1744/795
f 625/1583/714 626/1582/712 746/1741/791 745/1740/793
f 626/1579/712 627/1578/710 747/1737/789 746/1736/791
f 627/1575/710 628/1574/708 748/1733/787 747/1732/789
f 628/1571/708 629/1570/706 749/1729/785 748/1728/787
f 629/1567/706 630/1566/704 750/1725/783 749/1724/785
f 630/1563/704 631/1562/702 751/1721/781 750/1720/783
f 631/1559/702 632/1558/700 752/1717/779 751/1716/781
f 632/1555/700 633/1554/698 753/1713/777 752/1712/779
f 633/1551/698 634/1550/696 754/1709/775 753/1708/777
f 634/1547/696 635/1546/694 755/1705/773 754/1704/775
f 635/1543/694 636/1542/692 756/1701/771 755/1700/773
f 636/1539/692 637/1538/690 757/1697/769 756/1696/771
f 637/1535/690 638/1534/688 758/1693/767 757/1692/769
f 638/1531/688 639/1530/686 759/1689/765 758/1688/767
f 639/1527/686 640/1526/684 760/1685/761 759/1684/765
f 640/1523/684 601/1522/683 721/1681/762 760/1680/761
f 202/1840/841 203/1841/842 762/1677/759 761/1676/682
f 203/1842/842 204/1843/843 763/1673/757 762/1672/759
f 204/1844/843 205/1845/844 764/1669/755 763/1668/757
f 205/1846/844 206/1847/845 765/1665/753 764/1664/755
f 206/1848/845 207/1849/846 766/1661/751 765/1660/753
f 207/1850/846 208/1851/847 767/1657/749 766/1656/751
f 208/1852/847 209/1853/848 768/1653/747 767/1652/749
f 209/1854/848 210/1855/849 769/1649/745 768/1648/747
f 210/1856/849 211/1857/850 770/1645/743 769/1644/745
f 211/1858/850 212/1859/851 771/1641/741 770/1640/743
f 212/1860/851 213/1861/852 772/1637/739 771/1636/741
f 213/1862/852 214/1863/853 773/1633/737 772/1632/739
f 214/1864/853 215/1865/854 774/1629/735 773/1628/737
f 215/1866/854 216/1867/855 775/1625/733 774/1624/735
f 216/1868/855 217/1869/856 776/1621/731 775/1620/733
f 217/1870/856 218/1871/857 777/1617/729 776/1616/731
f 218/1872/857 219/1873/858 778/1613/727 777/1612/729
f 219/1874/858 220/1875/859 779/1609/725 778/1608/727
f 220/1876/859 221/1877/860 780/1605/723 779/1604/725
f 221/1878/860 222/1879/861 781/1601/721 780/1600/723
f 222/1880/861 223/1881/862 782/1597/719 781/1596/721
f 223/1882/862 224/1883/863 783/1593/717 782/1592/719
f 224/1884/863 225/1885/864 784/1589/715 783/1588/717
f 225/1886/864 226/1887/865 785/1585/713 784/1584/715
f 226/1888/865 227/1889/866 786/1581/711 785/1580/713
f 227/1890/866 228/1891/867 787/1577/709 786/1576/711
f 228/1892/867 229/1893/868 788/1573/707 787/1572/709
f 229/1894/868 230/1895/869 789/1569/705 788/1568/707
f 230/1896/869 231/1897/870 790/1565/703 789/1564/705
f 231/1898/870 232/1899/871 791/1561/701 790/1560/703
f 232/1900/871 233/1901/872 792/1557/699 791/1556/701
f 233/1902/872 234/1903/873 793/1553/697 792/1552/699
f 234/1904/873 235/1905/874 794/1549/695 793/1548/697
f 235/1906/874 236/1907/875 795/1545/693 794/1544/695
f 236/1908/875 237/1909/876 796/1541/691 795/1540/693
f 237/1910/876 238/1911/877 797/1537/689 796/1536/691
f 238/1912/877 239/1913/878 798/1533/687 797/1532/689
f 239/1914/878 240/1915/879 799/1529/685 798/1528/687
f 240/1916/879 201/1917/880 800/1525/681 799/1524/685
f 201/1918/880 202/1919/841 761/1521/682 800/1520/681
f 202/1920/841 203/1921/842 804/692/243 840/691/358
f 228/1922/867 229/1923/868 802/690/241 839/689/357
f 201/1924/880 202/1925/841 840/684/358 825/683/293
f 227/1926/866 228/1927/867 839/682/357 838/681/354
f 226/1928/865 227/1929/866 838/676/354 837/675/349
f 225/1930/864 226/1931/865 837/670/349 836/669/344
f 224/1932/863 225/1933/864 836/664/344 835/663/339
f 223/1934/862 224/1935/863 835/654/339 834/653/334
f 222/1936/861 223/1937/862 834/646/334 833/645/329
f 221/1938/860 222/1939/861 833/640/329 832/639/324
f 220/1940/859 221/1941/860 832/634/324 831/633/319
f 219/1942/858 220/1943/859 831/626/319 830/625/314
f 218/1944/857 219/1945/858 830/616/314 829/615/309
f 217/1946/856 218/1947/857 829/610/309 828/609/304
f 216/1948/855 217/1949/856 828/604/304 827/603/299
f 215/1950/854 216/1951/855 827/598/299 826/597/294
f 214/1952/853 215/1953/854 826/588/294 824/587/286
f 240/1954/879 201/1955/880 825/586/293 823/585/285
f 213/1956/852 214/1957/853 824/578/286 822/577/282
f 239/1958/878 240/1959/879 823/576/285 821/575/281
f 212/1960/851 213/1961/852 822/572/282 820/571/278
f 238/1962/877 239/1963/878 821/570/281 819/569/277
f 211/1964/850 212/1965/851 820/566/278 818/565/274
f 237/1966/876 238/1967/877 819/564/277 817/563/273
f 210/1968/849 211/1969/850 818/1970/274 816/1971/270
f 236/1972/875 237/1973/876 817/556/273 815/555/269
f 209/1974/848 210/1975/849 816/552/270 814/551/266
f 235/1976/874 236/1977/875 815/550/269 813/549/265
f 208/1978/847 209/1979/848 814/546/266 812/545/262
f 234/1980/873 235/1981/874 813/544/265 811/543/261
f 207/1982/846 208/1983/847 812/540/262 810/539/258
f 233/1984/872 234/1985/873 811/538/261 809/537/257
f 206/1986/845 207/1987/846 810/532/258 808/531/254
f 232/1988/871 233/1989/872 809/530/257 807/529/253
f 205/1990/844 206/1991/845 808/524/254 806/523/250
f 231/1992/870 232/1993/871 807/522/253 805/521/249
f 204/1994/843 205/1995/844 806/518/250 803/517/244
f 230/1996/869 231/1997/870 805/516/249 801/515/242
f 203/1998/842 204/1999/843 803/510/244 804/509/243
f 229/2000/868 230/2001/869 801/508/242 802/507/241
f 66/1299/570 67/1298/572 843/1517/679 841/1516/602
f 67/1303/572 68/1302/574 844/1513/677 843/1512/679
f 41/1359/600 42/1358/524 845/1509/675 842/1508/628
f 68/1307/574 69/1306/576 846/1505/673 844/1504/677
f 42/1203/524 43/1202/523 847/1501/671 845/1500/675
f 69/1311/576 70/1310/578 848/1497/669 846/1496/673
f 43/1207/523 44/1206/526 849/1493/667 847/1492/671
f 70/1315/578 71/1314/580 850/1489/665 848/1488/669
f 44/1211/526 45/1210/528 851/1485/663 849/1484/667
f 71/1319/580 72/1318/582 852/1481/661 850/1480/665
f 45/1215/528 46/1214/530 853/1477/659 851/1476/663
f 72/1323/582 73/1322/584 854/1473/657 852/1472/661
f 46/1219/530 47/1218/532 855/1469/655 853/1468/659
f 73/1327/584 74/1326/586 856/1465/653 854/1464/657
f 47/1223/532 48/1222/534 857/1461/651 855/1460/655
f 74/1331/586 75/1330/588 858/1457/649 856/1456/653
f 48/1227/534 49/1226/536 859/1453/647 857/1452/651
f 75/1335/588 76/1334/590 860/1449/645 858/1448/649
f 49/1231/536 50/1230/538 861/1445/643 859/1444/647
f 76/1339/590 77/1338/592 862/1441/641 860/1440/645
f 50/1235/538 51/1234/540 863/1437/639 861/1436/643
f 77/1343/592 78/1342/594 864/1433/637 862/1432/641
f 51/1239/540 52/1238/542 865/1429/635 863/1428/639
f 78/1347/594 79/1346/596 866/1425/633 864/1424/637
f 52/1243/542 53/1242/544 867/1421/631 865/1420/635
f 79/1351/596 80/1350/598 868/1417/627 866/1416/633
f 53/1247/544 54/1246/546 869/1413/625 867/1412/631
f 80/1355/598 41/1354/600 842/1409/628 868/1408/627
f 54/1251/546 55/1250/548 870/1405/623 869/1404/625
f 55/1255/548 56/1254/550 871/1401/621 870/1400/623
f 56/1259/550 57/1258/552 872/1397/619 871/1396/621
f 57/1263/552 58/1262/554 873/1393/617 872/1392/619
f 58/1267/554 59/1266/556 874/1389/615 873/1388/617
f 59/1271/556 60/1270/558 875/1385/613 874/1384/615
f 60/1275/558 61/1274/560 876/1381/611 875/1380/613
f 61/1279/560 62/1278/562 877/1377/609 876/1376/611
f 62/1283/562 63/1282/564 878/1373/607 877/1372/609
f 63/1287/564 64/1286/566 879/1369/605 878/1368/607
f 64/1291/566 65/1290/568 880/1365/601 879/1364/605
f 65/1295/568 66/1294/570 841/1361/602 880/1360/601
f 600/1363/604 562/1362/603 919/2002/81 918/2003/158
f 599/1367/606 600/1366/604 918/2004/158 917/2005/155
f 598/1371/608 599/1370/606 917/2006/155 916/2007/152
f 597/1375/610 598/1374/608 916/2008/152 915/2009/149
f 596/1379/612 597/1378/610 915/2010/149 914/2011/146
f 595/1383/614 596/1382/612 914/2012/146 913/2013/143
f 594/1387/616 595/1386/614 913/2014/143 912/2015/140
f 593/1391/618 594/1390/616 912/2016/140 911/2017/137
f 592/1395/620 593/1394/618 911/2018/137 910/2019/134
f 591/1399/622 592/1398/620 910/2020/134 909/2021/131
f 590/1403/624 591/1402/622 909/2022/131 908/2023/128
f 589/1407/626 590/1406/624 908/2024/128 907/2025/125
f 588/1411/630 565/1410/629 920/2026/88 906/2027/124
f 587/1415/632 589/1414/626 907/2028/125 905/2029/122
f 586/1419/634 588/1418/630 906/2030/124 904/2031/121
f 585/1423/636 587/1422/632 905/2032/122 903/2033/119
f 584/1427/638 586/1426/634 904/2034/121 902/2035/118
f 583/1431/640 585/1430/636 903/2036/119 901/2037/116
f 582/1435/642 584/1434/638 902/2038/118 900/2039/115
f 581/1439/644 583/1438/640 901/2040/116 899/2041/113
f 580/1443/646 582/1442/642 900/2042/115 898/2043/112
f 579/1447/648 581/1446/644 899/2044/113 897/2045/110
f 578/1451/650 580/1450/646 898/2046/112 896/2047/109
f 577/1455/652 579/1454/648 897/2048/110 895/2049/107
f 576/1459/654 578/1458/650 896/2050/109 894/2051/106
f 575/1463/656 577/1462/652 895/2052/107 893/2053/104
f 574/1467/658 576/1466/654 894/2054/106 892/2055/103
f 573/1471/660 575/1470/656 893/2056/104 891/2057/101
f 572/1475/662 574/1474/658 892/2058/103 890/2059/100
f 571/1479/664 573/1478/660 891/2060/101 889/2061/98
f 570/1483/666 572/1482/662 890/2062/100 888/2063/97
f 569/1487/668 571/1486/664 889/2064/98 887/2065/95
f 568/1491/670 570/1490/666 888/2066/97 886/2067/94
f 567/1495/672 569/1494/668 887/2068/95 885/2069/92
f 566/1499/674 568/1498/670 886/2070/94 884/2071/91
f 564/1503/676 567/1502/672 885/2072/92 883/2073/89
f 563/1507/678 566/1506/674 884/2074/91 882/2075/87
f 565/1511/629 564/1510/676 883/2076/89 920/2077/88
f 561/1515/680 563/1514/678 882/2078/87 881/2079/82
f 562/1519/603 561/1518/680 881/2080/82 919/2081/81
