# Blender v2.92.0 OBJ File: 'ring_ori.blend'
# www.blender.org
mtllib ring_ori.mtl
o ring
v 0.386637 4.521190 0.183832
v 0.402349 4.524728 0.169970
v 0.386601 4.525181 0.169389
v -0.329443 4.059345 0.131196
v -0.366015 4.542961 0.184413
v -0.366013 4.542963 0.131196
v 0.359652 4.041417 0.169970
v 0.346015 4.037856 0.183908
v 0.345979 4.041848 0.169465
v 0.408737 4.592623 0.174073
v 0.345929 4.041852 0.171973
v -0.394858 4.593092 0.068586
v -0.394858 4.593092 0.174073
v 0.359601 4.041422 0.172479
v -0.314522 4.060670 0.174073
v -0.329445 4.059343 0.184413
v 0.354271 4.522046 0.182713
v 0.317605 4.042658 0.168494
v 0.354236 4.526037 0.168270
v 0.359696 4.036872 0.148115
v 0.317647 4.038112 0.146638
v 0.352631 3.957525 0.174073
v 0.402384 4.520736 0.184413
v -0.346435 4.544816 0.174073
v 0.408737 4.592623 0.068586
v 0.352631 3.957525 0.068586
v 0.300752 4.041983 0.172079
v 0.317641 4.038666 0.182936
v 0.300752 4.041983 0.172079
v 0.336156 4.523053 0.171818
v 0.336154 4.523050 0.182158
v 0.354185 4.526041 0.170778
v -0.314525 4.060667 0.184413
v -0.346437 4.544813 0.184413
v 0.354279 4.521491 0.146415
v 0.336156 4.523053 0.171818
v 0.402298 4.524731 0.172479
v 0.317554 4.042661 0.171002
v -0.339625 3.957929 0.174073
v 0.300750 4.041981 0.182418
v -0.339625 3.957929 0.068586
v 0.359688 4.037426 0.184413
v 0.386550 4.525185 0.171897
v -0.343440 4.523932 0.183832
v -0.328499 4.529944 0.169970
v -0.344115 4.527865 0.169389
v -0.976169 3.953209 0.131196
v -1.089838 4.424697 0.184413
v -1.089836 4.424700 0.131196
v -0.293120 4.046042 0.169970
v -0.306010 4.040340 0.183908
v -0.306685 4.044275 0.169465
v -0.333083 4.597985 0.174073
v -0.306735 4.044271 0.171973
v -1.126349 4.469553 0.068586
v -1.126349 4.469553 0.174073
v -0.293171 4.046040 0.172479
v -0.961654 3.956910 0.174073
v -0.976171 3.953207 0.184413
v -0.375524 4.519585 0.182713
v -0.334822 4.040524 0.168494
v -0.376198 4.523520 0.168270
v -0.292348 4.041564 0.148115
v -0.334051 4.036043 0.146638
v -0.286595 3.962111 0.174073
v -0.327823 4.526010 0.184413
v -1.070810 4.429669 0.174073
v -0.333083 4.597985 0.068586
v -0.286595 3.962111 0.068586
v -0.351349 4.037154 0.172079
v -0.334146 4.036589 0.182936
v -0.351349 4.037154 0.172079
v -0.393565 4.517674 0.171818
v -0.393567 4.517671 0.182158
v -0.376249 4.523516 0.170778
v -0.961656 3.956907 0.184413
v -1.070811 4.429666 0.184413
v -0.375427 4.519039 0.146415
v -0.393565 4.517674 0.171818
v -0.328550 4.529939 0.172479
v -0.334873 4.040518 0.171002
v -0.969952 3.851473 0.174073
v -0.351351 4.037151 0.182418
v -0.969952 3.851473 0.068586
v -0.292445 4.042109 0.184413
v -0.344166 4.527861 0.171897
v -1.064504 4.409536 0.183832
v -1.050720 4.417868 0.169970
v -1.065801 4.413311 0.169389
v -1.597498 3.744714 0.131196
v -1.785321 4.191866 0.184413
v -1.785320 4.191868 0.131196
v -0.938183 3.945905 0.169970
v -0.949991 3.938210 0.183908
v -0.951289 3.941985 0.169465
v -1.066159 4.484292 0.174073
v -0.951338 3.941973 0.171973
v -1.828554 4.230284 0.068586
v -1.828554 4.230284 0.174073
v -0.938233 3.945894 0.172479
v -1.583764 3.750695 0.174073
v -1.597499 3.744712 0.184413
v -1.095475 4.400100 0.182713
v -0.978460 3.933769 0.168494
v -1.096771 4.403875 0.168270
v -0.936703 3.941608 0.148115
v -0.976980 3.929470 0.146638
v -0.918280 3.864108 0.174073
v -1.049422 4.414092 0.184413
v -1.767336 4.199825 0.174073
v -1.066159 4.484292 0.068586
v -0.918280 3.864108 0.068586
v -0.994232 3.927792 0.172079
v -0.977162 3.929993 0.182936
v -0.994232 3.927792 0.172079
v -1.112976 4.395319 0.171818
v -1.112978 4.395316 0.182158
v -1.096821 4.403862 0.170778
v -1.583766 3.750692 0.184413
v -1.767337 4.199821 0.184413
v -1.095292 4.399576 0.146415
v -1.112976 4.395319 0.171818
v -1.050770 4.417854 0.172479
v -0.978509 3.933755 0.171002
v -1.575043 3.645292 0.174073
v -0.994233 3.927789 0.182418
v -1.575043 3.645292 0.068586
v -0.936885 3.942132 0.184413
v -1.065851 4.413298 0.171897
v -1.757882 4.180964 0.183832
v -1.745614 4.191399 0.169970
v -1.759769 4.184482 0.169389
v -2.177339 3.439259 0.131196
v -2.434453 3.850494 0.184413
v -2.434452 3.850497 0.131196
v -1.558832 3.743598 0.169970
v -1.569252 3.734107 0.183908
v -1.571139 3.737626 0.169465
v -1.771507 4.254487 0.174073
v -1.571185 3.737606 0.171973
v -2.483288 3.881481 0.068586
v -2.483288 3.881481 0.174073
v -1.558879 3.743579 0.172479
v -2.164743 3.447366 0.174073
v -2.177340 3.439256 0.184413
v -1.786939 4.166682 0.182713
v -1.596640 3.725158 0.168494
v -1.788824 4.170201 0.168270
v -1.556681 3.739594 0.148115
v -1.594490 3.721152 0.146638
v -1.526066 3.666051 0.174073
v -1.743727 4.187881 0.184413
v -2.417978 3.861235 0.174073
v -1.771507 4.254487 0.068586
v -1.526066 3.666051 0.068586
v -1.611249 3.716729 0.172079
v -1.594754 3.721640 0.182936
v -1.611249 3.716729 0.172079
v -1.803447 4.159156 0.171818
v -1.803448 4.159153 0.182158
v -1.788871 4.170181 0.170778
v -2.164744 3.447362 0.184413
v -2.417978 3.861231 0.184413
v -1.786674 4.166195 0.146415
v -1.803447 4.159156 0.171818
v -1.745660 4.191377 0.172479
v -1.596687 3.725137 0.171002
v -2.139229 3.344726 0.174073
v -1.611251 3.716726 0.182418
v -2.139229 3.344726 0.068586
v -1.556946 3.740081 0.184413
v -1.759815 4.184462 0.171897
v -2.405621 3.844135 0.183832
v -2.395185 3.856402 0.169970
v -2.408047 3.847305 0.169389
v -2.700679 3.044753 0.131196
v -3.020425 3.409423 0.184413
v -3.020425 3.409427 0.131196
v -2.138995 3.444359 0.169970
v -2.147758 3.433320 0.183908
v -2.150185 3.436490 0.169465
v -2.430862 3.914520 0.174073
v -2.150228 3.436464 0.171973
v -3.073598 3.432176 0.068586
v -3.073598 3.432176 0.174073
v -2.139039 3.444333 0.172479
v -2.689546 3.054775 0.174073
v -2.700680 3.044750 0.184413
v -2.432011 3.825378 0.182713
v -2.173357 3.420094 0.168494
v -2.434436 3.828547 0.168270
v -2.136230 3.440752 0.148115
v -2.170592 3.416485 0.146638
v -2.094215 3.373072 0.174073
v -2.392758 3.853232 0.184413
v -3.005886 3.422668 0.174073
v -2.430862 3.914520 0.068586
v -2.094215 3.373072 0.068586
v -2.186424 3.409430 0.172079
v -2.170930 3.416924 0.182936
v -2.186424 3.409430 0.172079
v -2.447098 3.815301 0.171818
v -2.447098 3.815297 0.182158
v -2.434479 3.828520 0.170778
v -2.689546 3.054772 0.184413
v -3.005886 3.422664 0.184413
v -2.431671 3.824939 0.146415
v -2.447098 3.815301 0.171818
v -2.395228 3.856374 0.172479
v -2.173399 3.420065 0.171002
v -2.647899 2.957557 0.174073
v -2.186425 3.409427 0.182418
v -2.647899 2.957557 0.068586
v -2.136569 3.441190 0.184413
v -2.408090 3.847277 0.171897
v -2.990947 3.407771 0.183832
v -2.982613 3.421553 0.169970
v -2.993850 3.410510 0.169389
v -3.153965 2.571412 0.131196
v -3.528063 2.880075 0.184413
v -3.528063 2.880078 0.131196
v -2.663649 3.055937 0.169970
v -2.670529 3.043636 0.183908
v -2.673432 3.046376 0.169465
v -3.027150 3.473196 0.174073
v -2.673470 3.046343 0.171973
v -3.584198 2.894003 0.068586
v -3.584198 2.894003 0.174073
v -2.663688 3.055904 0.172479
v -3.144584 2.583090 0.174073
v -3.153965 2.571409 0.184413
v -3.013986 3.385024 0.182713
v -2.693673 3.026475 0.168494
v -3.016888 3.387764 0.168270
v -2.660342 3.052820 0.148115
v -2.690366 3.023356 0.146638
v -2.608015 2.992756 0.174073
v -2.979709 3.418813 0.184413
v -3.515837 2.895480 0.174073
v -3.027150 3.473196 0.068586
v -2.608015 2.992756 0.068586
v -2.704862 3.013853 0.172079
v -2.690770 3.023735 0.182936
v -2.704862 3.013853 0.172079
v -3.027261 3.372658 0.171818
v -3.027261 3.372654 0.182158
v -3.016927 3.387729 0.170778
v -3.144583 2.583087 0.184413
v -3.515836 2.895476 0.184413
v -3.013580 3.384645 0.146415
v -3.027261 3.372658 0.171818
v -2.982651 3.421518 0.172479
v -2.693711 3.026440 0.171002
v -3.087882 2.493811 0.174073
v -2.704862 3.013850 0.182418
v -3.087882 2.493811 0.068586
v -2.660746 3.053199 0.184413
v -2.993887 3.410476 0.171897
v -3.498701 2.883172 0.183832
v -3.492687 2.898112 0.169970
v -3.502006 2.885410 0.169389
v -3.525459 2.031494 0.131196
v -3.944222 2.276155 0.184413
v -3.944223 2.276158 0.131196
v -3.119209 2.588391 0.169970
v -3.124026 2.575146 0.183908
v -3.127331 2.577384 0.169465
v -3.544930 2.941943 0.174073
v -3.127363 2.577346 0.171973
v -4.001864 2.280900 0.068586
v -4.001864 2.280900 0.174073
v -3.119242 2.588352 0.172479
v -3.518072 2.044526 0.174073
v -3.525458 2.031491 0.184413
v -3.517794 2.857023 0.182713
v -3.144118 2.554494 0.168494
v -3.521098 2.859262 0.168270
v -3.115444 2.585845 0.148115
v -3.140353 2.551946 0.146637
v -3.054161 2.534952 0.174072
v -3.489381 2.895874 0.184413
v -3.934625 2.293322 0.174073
v -3.544930 2.941943 0.068586
v -3.054161 2.534952 0.068586
v -3.153137 2.540241 0.172079
v -3.140813 2.552256 0.182936
v -3.153137 2.540241 0.172079
v -3.528914 2.842688 0.171818
v -3.528913 2.842685 0.182158
v -3.521131 2.859223 0.170778
v -3.518071 2.044522 0.184413
v -3.934624 2.293318 0.184413
v -3.517333 2.856714 0.146415
v -3.528914 2.842688 0.171818
v -3.492718 2.898072 0.172479
v -3.144150 2.554454 0.171002
v -3.447784 1.965497 0.174073
v -3.153137 2.540239 0.182418
v -3.447784 1.965497 0.068586
v -3.115904 2.586154 0.184413
v -3.502038 2.885370 0.171897
v -3.915738 2.283922 0.183832
v -3.912197 2.299633 0.169970
v -3.919359 2.285601 0.169389
v -3.805541 1.438980 0.131196
v -4.258126 1.613304 0.184413
v -4.258127 1.613307 0.131196
v -3.493876 2.053828 0.169969
v -3.496506 2.039981 0.183907
v -3.500128 2.041660 0.169464
v -3.970794 2.334517 0.174073
v -3.500153 2.041617 0.171972
v -4.315782 1.608742 0.068586
v -4.315782 1.608742 0.174073
v -3.493903 2.053784 0.172478
v -3.800341 1.453027 0.174073
v -3.805540 1.438977 0.184413
v -3.930389 2.255049 0.182713
v -3.513026 2.016374 0.168493
v -3.934009 2.256729 0.168270
v -3.489752 2.051918 0.148114
v -3.508901 2.014463 0.146637
v -3.421099 2.011514 0.174072
v -3.908575 2.297954 0.184413
v -4.251407 1.631788 0.174073
v -3.970794 2.334517 0.068586
v -3.421099 2.011514 0.068585
v -3.519642 2.000859 0.172078
v -3.509404 2.014695 0.182935
v -3.519642 2.000859 0.172078
v -3.939066 2.239116 0.171818
v -3.939064 2.239113 0.182158
v -3.934035 2.256685 0.170778
v -3.800339 1.453024 0.184413
v -4.251405 1.631784 0.184413
v -3.929884 2.254819 0.146415
v -3.939066 2.239116 0.171818
v -3.912221 2.299588 0.172479
v -3.513051 2.016329 0.171001
v -3.718287 1.386296 0.174072
v -3.519642 2.000856 0.182417
v -3.718287 1.386296 0.068585
v -3.490256 2.052149 0.184412
v -3.919384 2.285556 0.171897
v -4.231256 1.625539 0.183832
v -4.230281 1.641615 0.169970
v -4.235099 1.626615 0.169389
v -3.986959 0.809212 0.131195
v -4.461645 0.908685 0.184413
v -4.461646 0.908688 0.131196
v -3.777949 1.466090 0.169969
v -3.778324 1.452000 0.183907
v -3.782169 1.453077 0.169464
v -4.293715 1.666648 0.174073
v -3.782187 1.453030 0.171972
v -4.517823 0.894934 0.068586
v -4.517823 0.894934 0.174073
v -3.777968 1.466043 0.172478
v -3.984078 0.823911 0.174072
v -3.986957 0.809209 0.184412
v -4.241086 1.594690 0.182713
v -3.790844 1.426050 0.168493
v -4.244929 1.595768 0.168270
v -3.773572 1.464867 0.148114
v -3.786466 1.424825 0.146637
v -3.699327 1.435997 0.174072
v -4.226437 1.640538 0.184413
v -4.457977 0.928008 0.174073
v -4.293715 1.666648 0.068586
v -3.699327 1.435997 0.068585
v -3.794886 1.409674 0.172078
v -3.787000 1.424973 0.182935
v -3.794886 1.409674 0.172078
v -4.247095 1.577572 0.171818
v -4.247092 1.577569 0.182158
v -4.244947 1.595720 0.170778
v -3.984076 0.823909 0.184412
v -4.457975 0.928005 0.184413
v -4.240551 1.594543 0.146415
v -4.247095 1.577572 0.171818
v -4.230298 1.641567 0.172479
v -3.790861 1.426001 0.171001
v -3.892384 0.771206 0.174072
v -3.794885 1.409672 0.182417
v -3.892384 0.771206 0.068585
v -3.774106 1.465014 0.184412
v -4.235116 1.626567 0.171897
v -4.437085 0.925072 0.183832
v -4.438702 0.941096 0.169970
v -4.441051 0.925518 0.169389
v -4.065014 0.158499 0.131195
v -4.549510 0.180546 0.184413
v -4.549511 0.180548 0.131196
v -3.964072 0.840397 0.169969
v -3.962183 0.826430 0.183907
v -3.966150 0.826876 0.169464
v -4.505330 0.955630 0.174073
v -3.966161 0.826827 0.171972
v -4.602755 0.157962 0.068586
v -4.602755 0.157962 0.174073
v -3.964084 0.840347 0.172478
v -4.064528 0.173470 0.174072
v -4.065012 0.158497 0.184412
v -4.441840 0.893046 0.182713
v -3.970378 0.798807 0.168493
v -4.445806 0.893493 0.168270
v -3.959556 0.839892 0.148114
v -3.965860 0.798300 0.146637
v -3.881642 0.823305 0.174072
v -4.434734 0.940650 0.184413
v -4.548988 0.200206 0.174073
v -4.505330 0.955630 0.068586
v -3.881642 0.823305 0.068585
v -3.971741 0.781995 0.172078
v -3.966411 0.798361 0.182935
v -3.971741 0.781995 0.172078
v -4.445025 0.875185 0.171818
v -4.445023 0.875183 0.182158
v -4.445817 0.893443 0.170778
v -4.064526 0.173468 0.184412
v -4.548985 0.200204 0.184413
v -4.441288 0.892987 0.146415
v -4.445025 0.875185 0.171818
v -4.438711 0.941046 0.172479
v -3.970387 0.798756 0.171001
v -3.965567 0.136155 0.174072
v -3.971740 0.781993 0.182417
v -3.965567 0.136155 0.068585
v -3.960107 0.839951 0.184412
v -4.441061 0.925468 0.171897
v -4.527896 0.200660 0.183832
v -4.532062 0.216217 0.169970
v -4.531882 0.200464 0.169389
v -4.037685 -0.496308 0.131195
v -4.519444 -0.552259 0.184413
v -4.519446 -0.552257 0.131196
v -4.047426 0.192951 0.169969
v -4.043321 0.179468 0.183907
v -4.047308 0.179272 0.169464
v -4.600158 0.219876 0.174073
v -4.047310 0.179222 0.171972
v -4.568377 -0.583091 0.068586
v -4.568377 -0.583091 0.174073
v -4.047430 0.192900 0.172478
v -4.039608 -0.481453 0.174072
v -4.037683 -0.496310 0.184412
v -4.527452 0.168286 0.182713
v -4.046979 0.150888 0.168493
v -4.531438 0.168091 0.168270
v -4.042887 0.193177 0.148114
v -4.042438 0.151113 0.146637
v -3.963321 0.189302 0.174072
v -4.528074 0.216413 0.184413
v -4.522084 -0.532770 0.174073
v -4.600158 0.219876 0.068586
v -3.963321 0.189302 0.068585
v -4.045628 0.134076 0.172078
v -4.042991 0.151084 0.182935
v -4.045628 0.134076 0.172078
v -4.527732 0.150145 0.171818
v -4.527729 0.150143 0.182158
v -4.531441 0.168040 0.170778
v -4.039605 -0.481455 0.184412
v -4.522080 -0.532772 0.184413
v -4.526898 0.168316 0.146415
v -4.527732 0.150145 0.171818
v -4.532063 0.216166 0.172479
v -4.046980 0.150837 0.171001
v -3.935942 -0.502412 0.174072
v -4.045626 0.134074 0.182417
v -3.935942 -0.502412 0.068585
v -4.043440 0.193147 0.184412
v -4.531884 0.200413 0.171897
v -4.501337 -0.528939 0.183832
v -4.507944 -0.514251 0.169970
v -4.505240 -0.529772 0.169389
v -3.905681 -1.138254 0.131196
v -4.372228 -1.270754 0.184413
v -4.372230 -1.270752 0.131196
v -4.025851 -0.459481 0.169969
v -4.019636 -0.472131 0.183907
v -4.023540 -0.472964 0.169464
v -4.575746 -0.521562 0.174073
v -4.023535 -0.473014 0.171972
v -4.415582 -1.309035 0.068586
v -4.415582 -1.309035 0.174073
v -4.025846 -0.459532 0.172478
v -3.909961 -1.123900 0.174073
v -3.905679 -1.138256 0.184413
v -4.495706 -0.560822 0.182713
v -4.018663 -0.500928 0.168493
v -4.499609 -0.561654 0.168270
v -4.021407 -0.458530 0.148114
v -4.014217 -0.499978 0.146637
v -3.942250 -0.449593 0.174072
v -4.504039 -0.513418 0.184413
v -4.377959 -1.251940 0.174073
v -4.575746 -0.521562 0.068586
v -3.942250 -0.449593 0.068585
v -4.014633 -0.517306 0.172078
v -4.014759 -0.500095 0.182935
v -4.014633 -0.517306 0.172078
v -4.493072 -0.578773 0.171818
v -4.493068 -0.578774 0.182158
v -4.499604 -0.561705 0.170778
v -3.909958 -1.123901 0.184413
v -4.377955 -1.251941 0.184413
v -4.495164 -0.560704 0.146415
v -4.493072 -0.578773 0.171818
v -4.507936 -0.514302 0.172479
v -4.018656 -0.500979 0.171001
v -3.804276 -1.127960 0.174072
v -4.014631 -0.517308 0.182417
v -3.804276 -1.127960 0.068585
v -4.021948 -0.458648 0.184412
v -4.505233 -0.529822 0.171897
v -4.358095 -1.244831 0.183832
v -4.366972 -1.231393 0.169970
v -4.361814 -1.246279 0.169389
v -3.672418 -1.750715 0.131196
v -4.111672 -1.956332 0.184413
v -4.111674 -1.956331 0.131196
v -3.899907 -1.100006 0.169969
v -3.891744 -1.111495 0.183907
v -3.895464 -1.112944 0.169464
v -4.432724 -1.249485 0.174073
v -3.895450 -1.112992 0.171972
v -4.148324 -2.001072 0.068586
v -4.148324 -2.001072 0.174073
v -3.899894 -1.100055 0.172478
v -3.678946 -1.737233 0.174073
v -3.672416 -1.750716 0.184413
v -4.347424 -1.275398 0.182713
v -3.886164 -1.139763 0.168493
v -4.351143 -1.276846 0.168270
v -3.895673 -1.098354 0.148114
v -3.881928 -1.138112 0.146637
v -3.818974 -1.076836 0.174072
v -4.363252 -1.229944 0.184413
v -4.120347 -1.938681 0.174073
v -4.432724 -1.249485 0.068586
v -3.818974 -1.076836 0.068585
v -3.879559 -1.155282 0.172078
v -3.882444 -1.138314 0.182935
v -3.879559 -1.155282 0.172078
v -4.341944 -1.292694 0.171818
v -4.341940 -1.292695 0.182158
v -4.351129 -1.276895 0.170778
v -3.678943 -1.737234 0.184413
v -4.120343 -1.938682 0.184413
v -4.346907 -1.275195 0.146415
v -4.341944 -1.292694 0.171818
v -4.366957 -1.231442 0.172479
v -3.886148 -1.139812 0.171001
v -3.573978 -1.724289 0.174073
v -3.879556 -1.155284 0.182417
v -3.573978 -1.724289 0.068586
v -3.896188 -1.098558 0.184412
v -4.361800 -1.246328 0.171897
v -4.101881 -1.928478 0.183832
v -4.112799 -1.916638 0.169970
v -4.105319 -1.930504 0.169389
v -3.343939 -2.317831 0.131196
v -3.744524 -2.591242 0.184413
v -3.744528 -2.591241 0.131196
v -3.672855 -1.712036 0.169969
v -3.662954 -1.722067 0.183907
v -3.666394 -1.724093 0.169464
v -4.174797 -1.945042 0.174073
v -3.666372 -1.724139 0.171972
v -3.773527 -2.641281 0.068586
v -3.773527 -2.641281 0.174073
v -3.672834 -1.712082 0.172478
v -3.352545 -2.305571 0.174073
v -3.343936 -2.317832 0.184413
v -4.086444 -1.956938 0.182713
v -3.652912 -1.749074 0.168493
v -4.089883 -1.958963 0.168270
v -3.668940 -1.709726 0.148114
v -3.648996 -1.746765 0.146637
v -3.596686 -1.676184 0.174072
v -4.109359 -1.914612 0.184413
v -3.755918 -2.575211 0.174073
v -4.174797 -1.945042 0.068586
v -3.596686 -1.676184 0.068585
v -3.643903 -1.763333 0.172078
v -3.649473 -1.747047 0.182935
v -3.643903 -1.763333 0.172078
v -4.078261 -1.973131 0.171818
v -4.078258 -1.973132 0.182158
v -4.089861 -1.959010 0.170778
v -3.352541 -2.305571 0.184413
v -3.755914 -2.575211 0.184413
v -4.085968 -1.956654 0.146415
v -4.078261 -1.973131 0.171818
v -4.112775 -1.916684 0.172479
v -3.652889 -1.749119 0.171001
v -3.251012 -2.275958 0.174073
v -3.643901 -1.763334 0.182417
v -3.251012 -2.275958 0.068586
v -3.669416 -1.710010 0.184412
v -4.105297 -1.930550 0.171897
v -3.739327 -2.562178 0.183832
v -3.752003 -2.552243 0.169970
v -3.742397 -2.564729 0.169389
v -2.928748 -2.824917 0.131196
v -3.280293 -3.159041 0.184413
v -3.280296 -3.159041 0.131196
v -3.350574 -2.279723 0.169969
v -3.339192 -2.288036 0.183907
v -3.342262 -2.290588 0.169464
v -3.808643 -2.590223 0.174073
v -3.342234 -2.290630 0.171972
v -3.300893 -3.213084 0.068586
v -3.300893 -3.213084 0.174073
v -3.350545 -2.279766 0.172478
v -2.939209 -2.814196 0.174073
v -2.928745 -2.824918 0.184413
v -3.719526 -2.587793 0.182713
v -3.324949 -2.313082 0.168493
v -3.722596 -2.590344 0.168270
v -3.347080 -2.276815 0.148114
v -3.321453 -2.310175 0.146637
v -3.281142 -2.232118 0.174072
v -3.748933 -2.549690 0.184413
v -3.294110 -3.145045 0.174073
v -3.808643 -2.590223 0.068586
v -3.281142 -2.232118 0.068585
v -3.313769 -2.325712 0.172078
v -3.321878 -2.310531 0.182935
v -3.313769 -2.325712 0.172078
v -3.708852 -2.602464 0.171818
v -3.708848 -2.602464 0.182158
v -3.722567 -2.590386 0.170778
v -2.939205 -2.814196 0.184413
v -3.294106 -3.145045 0.184413
v -3.719101 -2.587437 0.146415
v -3.708852 -2.602464 0.171818
v -3.751973 -2.552284 0.172479
v -3.324919 -2.313124 0.171001
v -2.843740 -2.768681 0.174073
v -3.313766 -2.325713 0.182417
v -2.843740 -2.768681 0.068586
v -3.347505 -2.277172 0.184412
v -3.742368 -2.564771 0.171897
v -3.279825 -3.129520 0.183832
v -3.293930 -3.121746 0.169970
v -3.282445 -3.132530 0.169389
v -2.437597 -3.258842 0.131196
v -2.730997 -3.645026 0.184413
v -2.731000 -3.645026 0.131196
v -2.941409 -2.788366 0.169970
v -2.928841 -2.794746 0.183908
v -2.931463 -2.797758 0.169465
v -3.343744 -3.168320 0.174073
v -2.931428 -2.797794 0.171973
v -2.742662 -3.701674 0.068586
v -2.742662 -3.701674 0.174073
v -2.941374 -2.788404 0.172479
v -2.449642 -3.249937 0.174073
v -2.437594 -3.258842 0.184413
v -3.256171 -3.151627 0.182713
v -2.910765 -2.817184 0.168494
v -3.258792 -3.154637 0.168270
v -2.938427 -2.784936 0.148115
v -2.907782 -2.813754 0.146637
v -2.880512 -2.730242 0.174073
v -3.291309 -3.118735 0.184413
v -2.746881 -3.633428 0.174073
v -3.343744 -3.168320 0.068586
v -2.880512 -2.730242 0.068586
v -2.897705 -2.827857 0.172079
v -2.908144 -2.814173 0.182936
v -2.897705 -2.827857 0.172079
v -3.243282 -3.164396 0.171818
v -3.243279 -3.164395 0.182158
v -3.258756 -3.154674 0.170778
v -2.449639 -3.249936 0.184413
v -2.746877 -3.633427 0.184413
v -3.255809 -3.151207 0.146415
v -3.243282 -3.164396 0.171818
v -3.293894 -3.121782 0.172479
v -2.910729 -2.817220 0.171002
v -2.362710 -3.189698 0.174073
v -2.897702 -2.827857 0.182418
v -2.362710 -3.189698 0.068586
v -2.938789 -2.785356 0.184413
v -3.282409 -3.132567 0.171897
v -2.735271 -3.615812 0.183832
v -2.750441 -3.610402 0.169970
v -2.737374 -3.619205 0.169389
v -1.883205 -3.608369 0.131196
v -2.110863 -4.036613 0.184413
v -2.110867 -4.036614 0.131196
v -2.455958 -3.224795 0.169970
v -2.442529 -3.229077 0.183908
v -2.444633 -3.232470 0.169465
v -2.792139 -3.664363 0.174073
v -2.444593 -3.232500 0.171973
v -2.113291 -4.094399 0.068586
v -2.113291 -4.094399 0.174073
v -2.455917 -3.224827 0.172479
v -1.896522 -3.601511 0.174073
v -1.883202 -3.608368 0.184413
v -2.708377 -3.633840 0.182713
v -2.421088 -3.248324 0.168494
v -2.710482 -3.637231 0.168270
v -2.453564 -3.220931 0.148115
v -2.418693 -3.244460 0.146638
v -2.405172 -3.157655 0.174073
v -2.748336 -3.607009 0.184413
v -2.128402 -4.027713 0.174073
v -2.792139 -3.664363 0.068586
v -2.405172 -3.157655 0.068586
v -2.406485 -3.256764 0.172079
v -2.418984 -3.244932 0.182936
v -2.406485 -3.256764 0.172079
v -2.693607 -3.644376 0.171818
v -2.693604 -3.644375 0.182158
v -2.710441 -3.637262 0.170778
v -1.896519 -3.601510 0.184413
v -2.128398 -4.027711 0.184413
v -2.708087 -3.633367 0.146415
v -2.693607 -3.644376 0.171818
v -2.750399 -3.610432 0.172479
v -2.421046 -3.248354 0.171002
v -1.820378 -3.528109 0.174073
v -2.406482 -3.256764 0.182418
v -1.820378 -3.528109 0.068586
v -2.453854 -3.221404 0.184413
v -2.737333 -3.619235 0.171897
v -2.119767 -4.008463 0.183832
v -2.135608 -4.005556 0.169970
v -2.121300 -4.012149 0.169389
v -1.279927 -3.864446 0.131196
v -1.435948 -4.323662 0.184413
v -1.435951 -4.323664 0.131196
v -1.906789 -3.577707 0.169970
v -1.892847 -3.579780 0.183908
v -1.894380 -3.583466 0.169465
v -2.168112 -4.065506 0.174073
v -1.894336 -3.583490 0.171973
v -1.429076 -4.381090 0.068586
v -1.429076 -4.381090 0.174073
v -1.906744 -3.577732 0.172479
v -1.294173 -3.859814 0.174073
v -1.279925 -3.864445 0.184413
v -2.090330 -4.021944 0.182713
v -1.868596 -3.595339 0.168494
v -2.091863 -4.025629 0.168270
v -1.905046 -3.573510 0.148115
v -1.866853 -3.591141 0.146638
v -1.867429 -3.503291 0.174073
v -2.134076 -4.001870 0.184413
v -1.454687 -4.317691 0.174073
v -2.168112 -4.065506 0.068586
v -1.867429 -3.503291 0.068586
v -1.852829 -3.601327 0.172079
v -1.867064 -3.591653 0.182936
v -1.852829 -3.601327 0.172079
v -2.074061 -4.029974 0.171818
v -2.074058 -4.029973 0.182158
v -2.091818 -4.025653 0.170778
v -1.294169 -3.859812 0.184413
v -1.454684 -4.317688 0.184413
v -2.090120 -4.021430 0.146415
v -2.074061 -4.029974 0.171818
v -2.135562 -4.005579 0.172479
v -1.868551 -3.595362 0.171002
v -1.230788 -3.775148 0.174073
v -1.852826 -3.601326 0.182418
v -1.230788 -3.775148 0.068586
v -1.905257 -3.574022 0.184413
v -2.121254 -4.012172 0.171897
v -1.449252 -4.297305 0.183832
v -1.465354 -4.296976 0.169970
v -1.450174 -4.301188 0.169389
v -0.643387 -4.020444 0.131196
v -0.723730 -4.498740 0.184413
v -0.723733 -4.498742 0.131196
v -1.308124 -3.837965 0.169970
v -1.294031 -3.837774 0.183908
v -1.294952 -3.841659 0.169465
v -1.487821 -4.361364 0.174073
v -1.294905 -3.841675 0.171973
v -0.707736 -4.554321 0.068586
v -0.707736 -4.554321 0.174073
v -1.308075 -3.837982 0.172479
v -0.658190 -4.018156 0.174073
v -0.643384 -4.020442 0.184413
v -1.418034 -4.305889 0.182713
v -1.267598 -3.849242 0.168494
v -1.418957 -4.309772 0.168270
v -1.307077 -3.833542 0.148115
v -1.266550 -3.844819 0.146638
v -1.281210 -3.758198 0.174073
v -1.464433 -4.293092 0.184413
v -0.743184 -4.495851 0.174073
v -1.487821 -4.361364 0.068586
v -1.281210 -3.758198 0.068586
v -1.251074 -3.852624 0.172079
v -1.266677 -3.845358 0.182936
v -1.251074 -3.852624 0.172079
v -1.400688 -4.311206 0.171818
v -1.400685 -4.311204 0.182158
v -1.418908 -4.309789 0.170778
v -0.658187 -4.018154 0.184413
v -0.743181 -4.495848 0.184413
v -1.417909 -4.305349 0.146415
v -1.400688 -4.311206 0.171818
v -1.465306 -4.296991 0.172479
v -1.267549 -3.849257 0.171002
v -0.609206 -3.924420 0.174073
v -1.251071 -3.852623 0.182418
v -0.609206 -3.924420 0.068586
v -1.307203 -3.834082 0.184413
v -1.450125 -4.301204 0.171897
v -0.741089 -4.474858 0.183832
v -0.757036 -4.477116 0.169970
v -0.741376 -4.478839 0.169389
v 0.009934 -4.072322 0.131196
v 0.007349 -4.557312 0.184413
v 0.007347 -4.557314 0.131196
v -0.675465 -3.998828 0.169970
v -0.661585 -3.996380 0.183908
v -0.661872 -4.000361 0.169465
v -0.768884 -4.544273 0.174073
v -0.661822 -4.000370 0.171973
v 0.032052 -4.609608 0.068586
v 0.032052 -4.609608 0.174073
v -0.675415 -3.998838 0.172479
v -0.005044 -4.072439 0.174073
v 0.009937 -4.072320 0.184413
v -0.708898 -4.478323 0.182713
v -0.633655 -4.003459 0.168494
v -0.709186 -4.482304 0.168270
v -0.675142 -3.994295 0.148115
v -0.633331 -3.998925 0.146638
v -0.661695 -3.915778 0.174073
v -0.756749 -4.473134 0.184413
v -0.012316 -4.557581 0.174073
v -0.768884 -4.544273 0.068586
v -0.661695 -3.915778 0.068586
v -0.616803 -4.004147 0.172079
v -0.633369 -3.999478 0.182936
v -0.616803 -4.004147 0.172079
v -0.690924 -4.480789 0.171818
v -0.690922 -4.480787 0.182158
v -0.709136 -4.482313 0.170778
v -0.005042 -4.072436 0.184413
v -0.012314 -4.557578 0.184413
v -0.708861 -4.477770 0.146415
v -0.690924 -4.480789 0.171818
v -0.756985 -4.477123 0.172479
v -0.633605 -4.003466 0.171002
v 0.028270 -3.972059 0.174073
v -0.616800 -4.004145 0.182418
v 0.028270 -3.972059 0.068586
v -0.675179 -3.994848 0.184413
v -0.741325 -4.478847 0.171897
v -0.013616 -4.536523 0.183832
v -0.028994 -4.541310 0.169970
v -0.013260 -4.540499 0.169389
v 0.663118 -4.018737 0.131196
v 0.738357 -4.497862 0.184413
v 0.738355 -4.497865 0.131196
v -0.025196 -4.056131 0.169970
v -0.011888 -4.051488 0.183908
v -0.011532 -4.055464 0.169465
v -0.029917 -4.609499 0.174073
v -0.011482 -4.055465 0.171973
v 0.771128 -4.545519 0.068586
v 0.771128 -4.545519 0.174073
v -0.025145 -4.056132 0.172479
v 0.648352 -4.021255 0.174073
v 0.663120 -4.018735 0.184413
v 0.018714 -4.534781 0.182713
v 0.016815 -4.053996 0.168494
v 0.019068 -4.538756 0.168270
v -0.025604 -4.051605 0.148115
v 0.016409 -4.049468 0.146638
v -0.024925 -3.971948 0.174073
v -0.029350 -4.537334 0.184413
v 0.718990 -4.501282 0.174073
v -0.029917 -4.609499 0.068586
v -0.024925 -3.971948 0.068586
v 0.033560 -4.051971 0.172079
v 0.016460 -4.050020 0.182936
v 0.033560 -4.051971 0.172079
v 0.036851 -4.534332 0.171818
v 0.036853 -4.534329 0.182158
v 0.019120 -4.538756 0.170778
v 0.648354 -4.021251 0.184413
v 0.718991 -4.501278 0.184413
v 0.018662 -4.534228 0.146415
v 0.036851 -4.534332 0.171818
v -0.028943 -4.541309 0.172479
v 0.016866 -4.053995 0.171002
v 0.665134 -3.916831 0.174073
v 0.033562 -4.051970 0.182418
v 0.665134 -3.916831 0.068586
v -0.025552 -4.052156 0.184413
v -0.013209 -4.540498 0.171897
v 0.714329 -4.480706 0.183832
v 0.699918 -4.487897 0.169970
v 0.715318 -4.484573 0.169389
v 1.299249 -3.861077 0.131196
v 1.450365 -4.321930 0.184413
v 1.450363 -4.321933 0.131196
v 0.625845 -4.008391 0.169970
v 0.638236 -4.001673 0.183908
v 0.639225 -4.005541 0.169465
v 0.709945 -4.555351 0.174073
v 0.639274 -4.005533 0.171973
v 1.490356 -4.363714 0.068586
v 1.490356 -4.363714 0.174073
v 0.625896 -4.008384 0.172479
v 1.285078 -3.865930 0.174073
v 1.299251 -3.861074 0.184413
v 0.745961 -4.473800 0.182713
v 0.666970 -3.999545 0.168494
v 0.746949 -4.477667 0.168270
v 0.624717 -4.003988 0.148115
v 0.665842 -3.995141 0.146638
v 0.612610 -3.925254 0.174073
v 0.698929 -4.484029 0.184413
v 1.431797 -4.328412 0.174073
v 0.709945 -4.555351 0.068586
v 0.612610 -3.925254 0.068586
v 0.683173 -3.994861 0.172079
v 0.665981 -3.995677 0.182936
v 0.683173 -3.994861 0.172079
v 0.763791 -4.470448 0.171818
v 0.763793 -4.470445 0.182158
v 0.746999 -4.477659 0.170778
v 1.285079 -3.865927 0.184413
v 1.431798 -4.328408 0.184413
v 0.745821 -4.473264 0.146415
v 0.763791 -4.470448 0.171818
v 0.699968 -4.487888 0.172479
v 0.667020 -3.999536 0.171002
v 1.284893 -3.760167 0.174073
v 0.683175 -3.994859 0.182418
v 1.284893 -3.760167 0.068586
v 0.624856 -4.004525 0.184413
v 0.715368 -4.484564 0.171897
v 1.423896 -4.308849 0.183832
v 1.410825 -4.318259 0.169970
v 1.425492 -4.312508 0.169389
v 1.901855 -3.603423 0.131196
v 2.124935 -4.034070 0.184413
v 2.124934 -4.034074 0.131196
v 1.260800 -3.856843 0.169970
v 1.271952 -3.848225 0.183908
v 1.273549 -3.851884 0.169465
v 1.431541 -4.383231 0.174073
v 1.273597 -3.851868 0.171973
v 2.171110 -4.068899 0.068586
v 2.171110 -4.068899 0.174073
v 1.260849 -3.856828 0.172479
v 1.888646 -3.610487 0.174073
v 1.901857 -3.603420 0.184413
v 1.454011 -4.296959 0.182713
v 1.299973 -3.841515 0.168494
v 1.455606 -4.300618 0.168270
v 1.258979 -3.852678 0.148115
v 1.298154 -3.837349 0.146638
v 1.234400 -3.776905 0.174073
v 1.409229 -4.314600 0.184413
v 2.107646 -4.043447 0.174073
v 1.431541 -4.383231 0.068586
v 1.234400 -3.776905 0.068586
v 1.315215 -3.834293 0.172079
v 1.298377 -3.837856 0.182936
v 1.315215 -3.834293 0.172079
v 1.471073 -4.290791 0.171818
v 1.471074 -4.290787 0.182158
v 1.455655 -4.300602 0.170778
v 1.888647 -3.610483 0.184413
v 2.107647 -4.043443 0.184413
v 1.453786 -4.296452 0.146415
v 1.471073 -4.290791 0.171818
v 1.410873 -4.318242 0.172479
v 1.300021 -3.841498 0.171002
v 1.871500 -3.506123 0.174073
v 1.315217 -3.834290 0.182418
v 1.871500 -3.506123 0.068586
v 1.259203 -3.853185 0.184413
v 1.425541 -4.312491 0.171897
v 2.096711 -4.025405 0.183832
v 2.085318 -4.036789 0.169970
v 2.098873 -4.028760 0.169389
v 2.455333 -3.252449 0.131196
v 2.744599 -3.641739 0.184413
v 2.744598 -3.641743 0.131196
v 1.863225 -3.605412 0.169970
v 1.872851 -3.595116 0.183908
v 1.875014 -3.598472 0.169465
v 2.116188 -4.097598 0.174073
v 1.875058 -3.598449 0.171973
v 2.795762 -3.668710 0.068586
v 2.795762 -3.668710 0.174073
v 1.863271 -3.605389 0.172479
v 2.443427 -3.261540 0.174073
v 2.455333 -3.252446 0.184413
v 2.124528 -4.008839 0.182713
v 1.899433 -3.583999 0.168494
v 2.126690 -4.012194 0.168270
v 1.860760 -3.601593 0.148115
v 1.896968 -3.580178 0.146638
v 1.824345 -3.530743 0.174073
v 2.083156 -4.033434 0.184413
v 2.729038 -3.653768 0.174073
v 2.116188 -4.097598 0.068586
v 1.824345 -3.530743 0.068586
v 1.913319 -3.574425 0.172079
v 1.897270 -3.580643 0.182936
v 1.913319 -3.574425 0.172079
v 2.140380 -4.000013 0.171818
v 2.140380 -4.000010 0.182158
v 2.126735 -4.012171 0.170778
v 2.443428 -3.261536 0.184413
v 2.729038 -3.653764 0.184413
v 2.124225 -4.008374 0.146415
v 2.140380 -4.000013 0.171818
v 2.085363 -4.036765 0.172479
v 1.899477 -3.583974 0.171002
v 2.409763 -3.161277 0.174073
v 1.913320 -3.574422 0.182418
v 2.409763 -3.161277 0.068586
v 1.861063 -3.602057 0.184413
v 2.098918 -4.028736 0.171897
v 2.715350 -3.637713 0.183832
v 2.705931 -3.650778 0.169970
v 2.718023 -3.640677 0.169389
v 2.945348 -2.817242 0.131196
v 3.293310 -3.155095 0.184413
v 3.293310 -3.155098 0.131196
v 2.417521 -3.260607 0.169970
v 2.425371 -3.248901 0.183908
v 2.428044 -3.251867 0.169465
v 2.746155 -3.705847 0.174073
v 2.428084 -3.251837 0.171973
v 3.348137 -3.173509 0.068586
v 3.348137 -3.173509 0.174073
v 2.417563 -3.260577 0.172479
v 2.935055 -2.828125 0.174073
v 2.945349 -2.817239 0.184413
v 2.740150 -3.616899 0.182713
v 2.449826 -3.233665 0.168494
v 2.742822 -3.619865 0.168270
v 2.414476 -3.257234 0.148115
v 2.446780 -3.230289 0.146638
v 2.367169 -3.193142 0.174073
v 2.703259 -3.647812 0.184413
v 3.279881 -3.169462 0.174073
v 2.746155 -3.705847 0.068586
v 2.367169 -3.193142 0.068586
v 2.461997 -3.221987 0.172079
v 2.447153 -3.230699 0.182936
v 2.461997 -3.221987 0.172079
v 2.754381 -3.605645 0.171818
v 2.754381 -3.605642 0.182158
v 2.742863 -3.619834 0.170778
v 2.935055 -2.828121 0.184413
v 3.279880 -3.169459 0.184413
v 2.739777 -3.616489 0.146415
v 2.754381 -3.605645 0.171818
v 2.705972 -3.650746 0.172479
v 2.449866 -3.233633 0.171002
v 2.885745 -2.734560 0.174073
v 2.461997 -3.221984 0.182418
v 2.885745 -2.734560 0.068586
v 2.414849 -3.257643 0.184413
v 2.718063 -3.640646 0.171897
v 3.263794 -3.155812 0.183832
v 3.256593 -3.170218 0.169970
v 3.266908 -3.158309 0.169389
v 3.359212 -2.309072 0.131196
v 3.756860 -2.586738 0.184413
v 3.756861 -2.586741 0.131196
v 2.909335 -2.831360 0.169970
v 2.915205 -2.818546 0.183908
v 2.918319 -2.821044 0.169465
v 3.305128 -3.218122 0.174073
v 2.918354 -2.821008 0.171973
v 3.813931 -2.596120 0.068586
v 3.813931 -2.596120 0.174073
v 2.909371 -2.831324 0.172479
v 3.350798 -2.321465 0.174073
v 3.359212 -2.309070 0.184413
v 3.284935 -3.131289 0.182713
v 2.936899 -2.799584 0.168494
v 3.288048 -3.133788 0.168270
v 2.905787 -2.828518 0.148115
v 2.933352 -2.796741 0.146638
v 2.848813 -2.772844 0.174073
v 3.253479 -3.167719 0.184413
v 3.745909 -2.603074 0.174073
v 3.305128 -3.218122 0.068586
v 2.848813 -2.772844 0.068586
v 2.947039 -2.786106 0.172079
v 2.933785 -2.797086 0.182936
v 2.947039 -2.786106 0.172079
v 3.297176 -3.117899 0.171818
v 3.297175 -3.117895 0.182158
v 3.288083 -3.133751 0.170778
v 3.350797 -2.321462 0.184413
v 3.745908 -2.603070 0.184413
v 3.284501 -3.130945 0.146415
v 3.297176 -3.117899 0.171818
v 3.256628 -3.170180 0.172479
v 2.936934 -2.799546 0.171002
v 3.287119 -2.237021 0.174073
v 2.947039 -2.786103 0.182418
v 3.287119 -2.237021 0.068586
v 2.906221 -2.828863 0.184413
v 3.266943 -3.158272 0.171897
v 3.727842 -2.592180 0.183832
v 3.723044 -2.607555 0.169970
v 3.731315 -2.594146 0.169389
v 3.686209 -1.741099 0.131196
v 4.123245 -1.951388 0.184413
v 4.123247 -1.951391 0.131196
v 3.325930 -2.328784 0.169970
v 3.329669 -2.315195 0.183908
v 3.333143 -2.317161 0.169465
v 3.778635 -2.647054 0.174073
v 3.333172 -2.317120 0.171973
v 4.181082 -1.951495 0.068586
v 4.181082 -1.951495 0.174073
v 3.325960 -2.328743 0.172479
v 3.679891 -1.754681 0.174073
v 3.686208 -1.741096 0.184413
v 3.744775 -2.564585 0.182713
v 3.348041 -2.292998 0.168494
v 3.748248 -2.566552 0.168270
v 3.321973 -2.326548 0.148115
v 3.344083 -2.290761 0.146638
v 3.256806 -2.280734 0.174073
v 3.719570 -2.605589 0.184413
v 4.115056 -1.969269 0.174073
v 3.778635 -2.647054 0.068586
v 3.256806 -2.280734 0.068586
v 3.355888 -2.278068 0.172079
v 3.344566 -2.291032 0.182936
v 3.355888 -2.278068 0.172079
v 3.754710 -2.549404 0.171818
v 3.754709 -2.549401 0.182158
v 3.748277 -2.566509 0.170778
v 3.679890 -1.754678 0.184413
v 4.115055 -1.969265 0.184413
v 3.744291 -2.564314 0.146415
v 3.754710 -2.549404 0.171818
v 3.723072 -2.607512 0.172479
v 3.348069 -2.292956 0.171002
v 3.603492 -1.681544 0.174073
v 3.355887 -2.278065 0.182418
v 3.603492 -1.681544 0.068586
v 3.322456 -2.326819 0.184413
v 3.731344 -2.594104 0.171897
v 4.095475 -1.961414 0.183832
v 4.093206 -1.977359 0.169970
v 4.099219 -1.962798 0.169389
v 3.917870 -1.128031 0.131196
v 4.382978 -1.265497 0.184413
v 4.382979 -1.265500 0.131196
v 3.656519 -1.765894 0.169970
v 3.658030 -1.751881 0.183908
v 3.661775 -1.753265 0.169465
v 4.154413 -2.007431 0.174073
v 3.661797 -1.753220 0.171973
v 4.440083 -1.256325 0.068586
v 4.440083 -1.256325 0.174073
v 3.656542 -1.765849 0.172479
v 3.913813 -1.142450 0.174073
v 3.917869 -1.128028 0.184413
v 4.107763 -1.931460 0.182713
v 3.672604 -1.727026 0.168494
v 4.111507 -1.932844 0.168270
v 3.652255 -1.764322 0.148115
v 3.668338 -1.725451 0.146638
v 3.580582 -1.729553 0.174073
v 4.089461 -1.975976 0.184413
v 4.377762 -1.284460 0.174073
v 4.154413 -2.007431 0.068586
v 3.580582 -1.729553 0.068586
v 3.677954 -1.711030 0.172079
v 3.668859 -1.725642 0.182936
v 3.677954 -1.711030 0.172079
v 4.115135 -1.914882 0.171818
v 4.115133 -1.914879 0.182158
v 4.111529 -1.932798 0.170778
v 3.913810 -1.142447 0.184413
v 4.377760 -1.284457 0.184413
v 4.107242 -1.931270 0.146415
v 4.115135 -1.914882 0.171818
v 4.093227 -1.977313 0.172479
v 3.672624 -1.726979 0.171002
v 3.826671 -1.082515 0.174073
v 3.677953 -1.711027 0.182418
v 3.826671 -1.082515 0.068586
v 3.652775 -1.764512 0.184413
v 4.099241 -1.962751 0.171897
v 4.357175 -1.279848 0.183832
v 4.357493 -1.295950 0.169970
v 4.361093 -1.280612 0.169389
v 4.048197 -0.485742 0.131196
v 4.529332 -0.546826 0.184413
v 4.529334 -0.546828 0.131196
v 3.892541 -1.157267 0.169970
v 3.891785 -1.143193 0.183908
v 3.895704 -1.143958 0.169465
v 4.422730 -1.315815 0.174073
v 3.895718 -1.143910 0.171973
v 4.584226 -0.528614 0.068586
v 4.584226 -0.528614 0.174073
v 3.892556 -1.157218 0.172479
v 4.046505 -0.500625 0.174073
v 4.048195 -0.485739 0.184413
v 4.364500 -1.248310 0.182713
v 3.902183 -1.116321 0.168494
v 4.368417 -1.249076 0.168270
v 3.888080 -1.156399 0.148115
v 3.897721 -1.115452 0.146638
v 3.811759 -1.133576 0.174073
v 4.353575 -1.295185 0.184413
v 4.527226 -0.566380 0.174073
v 4.422730 -1.315815 0.068586
v 3.811759 -1.133576 0.068586
v 3.904899 -1.099675 0.172079
v 3.898265 -1.115556 0.182936
v 3.904899 -1.099675 0.172079
v 4.369117 -1.230765 0.171818
v 4.369114 -1.230762 0.182158
v 4.368431 -1.249027 0.170778
v 4.046503 -0.500623 0.184413
v 4.527223 -0.566377 0.184413
v 4.363955 -1.248206 0.146415
v 4.369117 -1.230765 0.171818
v 4.357506 -1.295901 0.172479
v 3.902196 -1.116272 0.171002
v 3.950878 -0.455443 0.174073
v 3.904898 -1.099672 0.182418
v 3.950878 -0.455443 0.068586
v 3.888624 -1.156502 0.184413
v 4.361107 -1.280563 0.171897
v 4.506166 -0.565130 0.183832
v 4.509061 -0.580972 0.169970
v 4.510155 -0.565256 0.169389
v 4.073814 0.169135 0.131196
v 4.558517 0.186015 0.184413
v 4.558519 0.186013 0.131196
v 4.027885 -0.518662 0.169970
v 4.024882 -0.504892 0.183908
v 4.028872 -0.505018 0.169465
v 4.576641 -0.590116 0.174073
v 4.028878 -0.504968 0.171973
v 4.609779 0.212797 0.068586
v 4.609779 0.212797 0.174073
v 4.027893 -0.518611 0.172479
v 4.074531 0.154173 0.174073
v 4.073812 0.169137 0.184413
v 4.508336 -0.532825 0.182713
v 4.030835 -0.476700 0.168494
v 4.512325 -0.532953 0.168270
v 4.023343 -0.518521 0.148115
v 4.026291 -0.476558 0.146638
v 3.944349 -0.508236 0.174073
v 4.505071 -0.580846 0.184413
v 4.559575 0.166376 0.174073
v 4.576641 -0.590116 0.068586
v 3.944349 -0.508236 0.068586
v 4.030846 -0.459834 0.172079
v 4.026845 -0.476574 0.182936
v 4.030846 -0.459834 0.172079
v 4.510079 -0.514767 0.171818
v 4.510076 -0.514764 0.182158
v 4.512331 -0.532902 0.170778
v 4.074528 0.154175 0.184413
v 4.559572 0.166379 0.184413
v 4.507782 -0.532811 0.146415
v 4.510079 -0.514767 0.171818
v 4.509066 -0.580922 0.172479
v 4.030840 -0.476649 0.171002
v 3.972895 0.183432 0.174073
v 4.030844 -0.459831 0.182418
v 3.972895 0.183432 0.068586
v 4.023896 -0.518536 0.184413
v 4.510160 -0.565205 0.171897
v 4.538586 0.164233 0.183832
v 4.543986 0.149059 0.169970
v 4.542544 0.164748 0.169389
v 3.994058 0.819642 0.131196
v 4.469778 0.914049 0.184413
v 4.469781 0.914047 0.131196
v 4.059046 0.133383 0.169970
v 4.053872 0.146494 0.183908
v 4.057831 0.147009 0.169465
v 4.612157 0.150874 0.174073
v 4.057829 0.147059 0.171973
v 4.516081 0.948706 0.068586
v 4.516081 0.948706 0.174073
v 4.059045 0.133434 0.172479
v 3.997166 0.804989 0.174073
v 3.994056 0.819644 0.184413
v 4.535547 0.196467 0.182713
v 4.055226 0.175275 0.168494
v 4.539505 0.196980 0.168270
v 4.054539 0.132794 0.148115
v 4.050718 0.174687 0.146638
v 3.974919 0.130275 0.174073
v 4.540027 0.148544 0.184413
v 4.473972 0.894834 0.174073
v 4.612157 0.150874 0.068586
v 3.974919 0.130275 0.068586
v 4.052531 0.191925 0.172079
v 4.051268 0.174760 0.182936
v 4.052531 0.191925 0.172079
v 4.534371 0.214571 0.171818
v 4.534368 0.214573 0.182158
v 4.539504 0.197032 0.170778
v 3.997163 0.804990 0.184413
v 4.473969 0.894836 0.184413
v 4.534998 0.196392 0.146415
v 4.534371 0.214571 0.171818
v 4.543983 0.149110 0.172479
v 4.055223 0.175326 0.171002
v 3.892154 0.817567 0.174073
v 4.052529 0.191927 0.182418
v 3.892154 0.817567 0.068586
v 4.055088 0.132868 0.184413
v 4.542542 0.164799 0.171897
v 4.453599 0.889351 0.183832
v 4.461363 0.875241 0.169970
v 4.457424 0.890495 0.169389
v 3.810995 1.448933 0.131196
v 4.265413 1.618423 0.184413
v 4.265416 1.618421 0.131196
v 3.985216 0.781984 0.169970
v 3.978007 0.794095 0.183908
v 3.981831 0.795239 0.169465
v 4.528360 0.887966 0.174073
v 3.981822 0.795288 0.171973
v 4.305558 1.660058 0.068586
v 4.305558 1.660058 0.174073
v 3.985207 0.782034 0.172479
v 3.816414 1.434968 0.174073
v 3.810993 1.448935 0.184413
v 4.445430 0.920681 0.182713
v 3.974727 0.822721 0.168494
v 4.449255 0.921823 0.168270
v 3.980862 0.780680 0.148115
v 3.970371 0.821417 0.146638
v 3.902677 0.765423 0.174073
v 4.457539 0.874097 0.184413
v 4.272635 1.600129 0.174073
v 4.528360 0.887966 0.068586
v 3.902677 0.765423 0.068586
v 3.969396 0.838723 0.172079
v 3.970902 0.821577 0.182936
v 3.969396 0.838723 0.172079
v 4.441365 0.938362 0.171818
v 4.441361 0.938363 0.182158
v 4.449244 0.921873 0.170778
v 3.816410 1.434970 0.184413
v 4.272631 1.600131 0.184413
v 4.444899 0.920519 0.146415
v 4.441365 0.938362 0.171818
v 4.461352 0.875291 0.172479
v 3.974715 0.822771 0.171002
v 3.710743 1.430540 0.174073
v 3.969394 0.838725 0.182418
v 3.710743 1.430540 0.068586
v 3.981393 0.780841 0.184413
v 4.457413 0.890545 0.171897
v 4.253406 1.591450 0.183832
v 4.263332 1.578767 0.169970
v 4.256997 1.593192 0.169389
v 3.529366 2.040714 0.131196
v 3.950714 2.280897 0.184413
v 3.950717 2.280896 0.131196
v 3.808308 1.410345 0.169970
v 3.799249 1.421143 0.183908
v 3.802841 1.422885 0.169465
v 4.327421 1.602074 0.174073
v 3.802824 1.422932 0.171973
v 3.983661 2.328432 0.068586
v 3.983661 2.328432 0.174073
v 3.808291 1.410393 0.172479
v 3.536953 2.027799 0.174073
v 3.529363 2.040715 0.184413
v 4.240317 1.621063 0.182713
v 3.791420 1.448872 0.168494
v 4.243908 1.622804 0.168270
v 3.804220 1.408359 0.148115
v 3.787331 1.446887 0.146638
v 3.729494 1.380759 0.174073
v 4.259740 1.577025 0.184413
v 3.960777 2.263999 0.174073
v 4.327421 1.602074 0.068586
v 3.729494 1.380759 0.068586
v 3.783592 1.463812 0.172079
v 3.787828 1.447130 0.182936
v 3.783592 1.463812 0.172079
v 4.233468 1.637864 0.171818
v 4.233464 1.637865 0.182158
v 4.243891 1.622852 0.170778
v 3.536950 2.027800 0.184413
v 3.960773 2.263999 0.184413
v 4.239819 1.620819 0.146415
v 4.233468 1.637864 0.171818
v 4.263313 1.578815 0.172479
v 3.791401 1.448919 0.171002
v 3.433361 2.006478 0.174073
v 3.783589 1.463813 0.182418
v 3.433361 2.006478 0.068586
v 3.804717 1.408603 0.184413
v 4.256979 1.593240 0.171897
v 3.943188 2.252347 0.183832
v 3.955021 2.241421 0.169970
v 3.946454 2.254643 0.169389
v 3.156462 2.579660 0.131196
v 3.533830 2.884316 0.184413
v 3.533834 2.884316 0.131196
v 3.532903 2.002194 0.169970
v 3.522229 2.011400 0.183908
v 3.525495 2.013695 0.169465
v 4.014542 2.274706 0.174073
v 3.525470 2.013739 0.171973
v 3.558726 2.936521 0.068586
v 3.558726 2.936521 0.174073
v 3.532878 2.002239 0.172479
v 3.166023 2.568130 0.174073
v 3.156459 2.579661 0.184413
v 3.925519 2.279478 0.182713
v 3.510054 2.037514 0.168494
v 3.928785 2.281772 0.168270
v 3.529186 1.999579 0.148115
v 3.506336 2.034898 0.146638
v 3.459855 1.960350 0.174073
v 3.951755 2.239125 0.184413
v 3.546473 2.869251 0.174073
v 4.014542 2.274706 0.068586
v 3.459855 1.960350 0.068586
v 3.499931 2.051005 0.172079
v 3.506788 2.035218 0.182936
v 3.499931 2.051005 0.172079
v 3.916064 2.294962 0.171818
v 3.916061 2.294962 0.182158
v 3.928760 2.281816 0.170778
v 3.166020 2.568130 0.184413
v 3.546469 2.869251 0.184413
v 3.925067 2.279157 0.146415
v 3.916064 2.294962 0.171818
v 3.954994 2.241465 0.172479
v 3.510028 2.037557 0.171002
v 3.067192 2.530469 0.174073
v 3.499928 2.051005 0.182418
v 3.067192 2.530469 0.068586
v 3.529638 1.999900 0.184413
v 3.946428 2.254687 0.171897
v 3.530981 2.854930 0.183832
v 3.544413 2.846043 0.169970
v 3.533836 2.857719 0.169389
v 2.701940 3.051816 0.131196
v 3.025557 3.413056 0.184413
v 3.025560 3.413056 0.131196
v 3.166132 2.542207 0.169970
v 3.154120 2.549581 0.183908
v 3.156976 2.552371 0.169465
v 3.597824 2.888444 0.174073
v 3.156944 2.552409 0.171973
v 3.041756 3.468578 0.068586
v 3.041756 3.468578 0.174073
v 3.166100 2.542247 0.172479
v 2.713228 3.041968 0.174073
v 2.701938 3.051816 0.184413
v 3.509189 2.878875 0.182713
v 3.137914 2.573404 0.168494
v 3.512045 2.881663 0.168270
v 3.162883 2.539029 0.148115
v 3.134663 2.570226 0.146638
v 3.100741 2.489187 0.174073
v 3.541557 2.843253 0.184413
v 3.040452 3.400214 0.174073
v 3.597824 2.888444 0.068586
v 3.100741 2.489187 0.068586
v 3.125758 2.585097 0.172079
v 3.135058 2.570614 0.182936
v 3.125758 2.585097 0.172079
v 3.497373 2.892642 0.171818
v 3.497369 2.892642 0.182158
v 3.512012 2.881703 0.170778
v 2.713224 3.041967 0.184413
v 3.040448 3.400213 0.184413
v 3.508794 2.878485 0.146415
v 3.497373 2.892642 0.171818
v 3.544379 2.846082 0.172479
v 3.137881 2.573443 0.171002
v 2.621717 2.988942 0.174073
v 3.125755 2.585097 0.182418
v 2.621717 2.988942 0.068586
v 3.163277 2.539418 0.184413
v 3.533803 2.857759 0.171897
v 3.027458 3.383593 0.183832
v 3.042141 3.376976 0.169970
v 3.029828 3.386804 0.169389
v 2.177571 3.444953 0.131196
v 2.439055 3.853424 0.184413
v 2.439058 3.853425 0.131196
v 2.717492 3.016398 0.169970
v 2.704453 3.021750 0.183908
v 2.706825 3.024961 0.169465
v 3.088059 3.427395 0.174073
v 2.706787 3.024995 0.171973
v 2.446139 3.910825 0.068586
v 2.446139 3.910825 0.174073
v 2.717455 3.016433 0.172479
v 2.190291 3.437043 0.174073
v 2.177568 3.444953 0.184413
v 3.002107 3.403733 0.182713
v 2.684636 3.042665 0.168494
v 3.004478 3.406943 0.168270
v 2.714795 3.012740 0.148115
v 2.681937 3.039006 0.146638
v 2.661453 2.953576 0.174073
v 3.039770 3.373764 0.184413
v 2.455817 3.843137 0.174073
v 3.088059 3.427395 0.068586
v 2.661453 2.953576 0.068586
v 2.670762 3.052256 0.172079
v 2.682265 3.039453 0.182936
v 2.670762 3.052256 0.172079
v 2.988236 3.415426 0.171818
v 2.988232 3.415426 0.182158
v 3.004440 3.406977 0.170778
v 2.190288 3.437042 0.184413
v 2.455814 3.843136 0.184413
v 3.001780 3.403285 0.146415
v 2.988236 3.415426 0.171818
v 3.042102 3.377009 0.172479
v 2.684597 3.042698 0.171002
v 2.108471 3.370026 0.174073
v 2.670759 3.052256 0.182418
v 2.108471 3.370026 0.068586
v 2.715122 3.013187 0.184413
v 3.029790 3.386838 0.171897
v 2.445657 3.824647 0.183832
v 2.461212 3.820471 0.169970
v 2.447482 3.828197 0.169389
v 1.596933 3.748893 0.131196
v 1.789513 4.194016 0.184413
v 1.789516 4.194018 0.131196
v 2.198603 3.412488 0.169970
v 2.184874 3.415679 0.183908
v 2.186700 3.419230 0.169465
v 2.498449 3.877602 0.174073
v 2.186657 3.419257 0.171973
v 1.787298 4.251811 0.068586
v 1.787298 4.251811 0.174073
v 2.198560 3.412517 0.172479
v 1.610757 3.743125 0.174073
v 1.596930 3.748892 0.184413
v 2.417405 3.840460 0.182713
v 2.161959 3.433145 0.168494
v 2.419230 3.844009 0.168270
v 2.196527 3.408445 0.148115
v 2.159882 3.429101 0.146638
v 2.153365 3.341491 0.174073
v 2.459387 3.816920 0.184413
v 1.807708 4.186552 0.174073
v 2.498449 3.877602 0.068586
v 2.153365 3.341491 0.068586
v 2.146726 3.440387 0.172079
v 2.160134 3.429595 0.182936
v 2.146726 3.440387 0.172079
v 2.401837 3.849777 0.171818
v 2.401834 3.849776 0.182158
v 2.419187 3.844037 0.170778
v 1.610754 3.743124 0.184413
v 1.807705 4.186549 0.184413
v 2.417153 3.839965 0.146415
v 2.401837 3.849777 0.171818
v 2.461168 3.820497 0.172479
v 2.161915 3.433172 0.171002
v 1.540745 3.663852 0.174073
v 2.146723 3.440386 0.182418
v 1.540745 3.663852 0.068586
v 2.196778 3.408939 0.184413
v 2.447439 3.828224 0.171897
v 1.800646 4.166671 0.183832
v 1.816669 4.165043 0.169970
v 1.801878 4.170467 0.169389
v 0.975061 3.955763 0.131196
v 1.093751 4.426013 0.184413
v 1.093754 4.426015 0.131196
v 1.622899 3.720221 0.169970
v 1.608837 3.721169 0.183908
v 1.610069 3.724967 0.169465
v 1.844260 4.227407 0.174073
v 1.610023 3.724986 0.171973
v 1.082295 4.482704 0.068586
v 1.082295 4.482704 0.174073
v 1.622853 3.720243 0.172479
v 0.989631 3.952288 0.174073
v 0.975058 3.955762 0.184413
v 1.770222 4.177747 0.182713
v 1.583416 3.734733 0.168494
v 1.771455 4.181543 0.168270
v 1.621499 3.715898 0.148115
v 1.582015 3.730408 0.146638
v 1.589635 3.642888 0.174073
v 1.815437 4.161246 0.184413
v 1.112908 4.421563 0.174073
v 1.844260 4.227407 0.068586
v 1.589635 3.642888 0.068586
v 1.567219 3.739438 0.172079
v 1.582184 3.730936 0.182936
v 1.567219 3.739438 0.172079
v 1.753362 4.184447 0.171818
v 1.753359 4.184445 0.182158
v 1.771408 4.181563 0.170778
v 0.989629 3.952286 0.184413
v 1.112905 4.421561 0.184413
v 1.770054 4.177218 0.146415
v 1.753362 4.184447 0.171818
v 1.816621 4.165062 0.172479
v 1.583369 3.734752 0.171002
v 0.933241 3.862812 0.174073
v 1.567216 3.739437 0.182418
v 0.933241 3.862812 0.068586
v 1.621668 3.716425 0.184413
v 1.801830 4.170487 0.171897
v 1.109125 4.400807 0.183832
v 1.125202 4.401771 0.169970
v 1.109732 4.404753 0.169389
v 0.328059 4.060209 0.131196
v 0.369785 4.543407 0.184413
v 0.369787 4.543410 0.131196
v 1.005290 3.931628 0.169970
v 0.991257 3.930308 0.183908
v 0.991865 3.934254 0.169465
v 1.142433 4.467753 0.174073
v 0.991816 3.934266 0.171973
v 0.349384 4.597527 0.068586
v 0.349384 4.597527 0.174073
v 1.005240 3.931642 0.172479
v 0.342998 4.059115 0.174073
v 0.328057 4.060207 0.184413
v 1.077319 4.406860 0.182713
v 0.963990 3.939619 0.168494
v 1.077927 4.410805 0.168270
v 1.004601 3.927136 0.148115
v 0.963301 3.935126 0.146638
v 0.984861 3.849960 0.174073
v 1.124595 4.397825 0.184413
v 0.389408 4.542088 0.174073
v 1.142433 4.467753 0.068586
v 0.984861 3.849960 0.068586
v 0.947248 3.941665 0.172079
v 0.963383 3.935673 0.182936
v 0.947248 3.941665 0.172079
v 1.059603 4.410769 0.171818
v 1.059600 4.410767 0.182158
v 1.077878 4.410818 0.170778
v 0.342996 4.059113 0.184413
v 0.389405 4.542085 0.184413
v 1.077238 4.406312 0.146415
v 1.059603 4.410769 0.171818
v 1.125152 4.401782 0.172479
v 0.963940 3.939631 0.171002
v 0.301690 3.961753 0.174073
v 0.947246 3.941663 0.182418
v 0.301690 3.961753 0.068586
v 1.004683 3.927684 0.184413
v 1.109683 4.404765 0.171897
vt 0.819915 0.518178
vt 0.817710 0.517209
vt 0.818669 0.518937
vt 0.853475 0.600139
vt 0.883526 0.657172
vt 0.884746 0.656495
vt 0.619890 0.697432
vt 0.620306 0.695458
vt 0.619124 0.696052
vt 0.975922 0.588551
vt 0.950296 0.603173
vt 0.950296 0.603173
vt 0.976250 0.589127
vt 0.660206 0.652179
vt 0.703562 0.635182
vt 0.700211 0.629311
vt 0.920497 0.616366
vt 0.894140 0.631406
vt 0.920497 0.616366
vt 0.670776 0.602265
vt 0.670443 0.604673
vt 0.671718 0.603965
vt 0.919840 0.615215
vt 0.893765 0.630856
vt 0.920169 0.615791
vt 0.702984 0.608513
vt 0.706654 0.606808
vt 0.699835 0.600758
vt 0.894469 0.631981
vt 0.659937 0.582732
vt 0.657431 0.581223
vt 0.658661 0.583440
vt 0.708260 0.606387
vt 0.611106 0.632781
vt 0.608586 0.631522
vt 0.609688 0.633507
vt 0.906648 0.509810
vt 0.907885 0.509867
vt 0.907538 0.509303
vt 0.949210 0.604560
vt 0.923315 0.618572
vt 0.923644 0.619148
vt 0.920169 0.615791
vt 0.851234 0.597184
vt 0.894875 0.669335
vt 0.853926 0.595539
vt 0.726228 0.653461
vt 0.209649 0.633190
vt 0.203301 0.644064
vt 0.210231 0.633543
vt 0.785619 0.581936
vt 0.823943 0.656650
vt 0.826527 0.655659
vt 0.822039 0.615275
vt 0.860334 0.601230
vt 0.856983 0.595358
vt 0.846638 0.670079
vt 0.803556 0.597636
vt 0.844773 0.671232
vt 0.610004 0.630796
vt 0.906996 0.510374
vt 0.778610 0.601347
vt 0.811495 0.657737
vt 0.779829 0.600670
vt 0.727809 0.652751
vt 0.724869 0.662399
vt 0.818956 0.516450
vt 0.852254 0.600816
vt 0.621072 0.696837
vt 0.975922 0.588551
vt 0.950624 0.603748
vt 0.663556 0.658051
vt 0.894140 0.631406
vt 0.669500 0.602974
vt 0.893437 0.630280
vt 0.920825 0.616941
vt 0.658707 0.580516
vt 0.948882 0.603984
vt 0.893765 0.630856
vt 0.892816 0.670575
vt 0.842136 0.559451
vt 0.822563 0.512798
vt 0.818894 0.514502
vt 0.202637 0.643662
vt 0.783088 0.583371
vt 0.825390 0.621146
vt 0.818781 0.735342
vt 0.837714 0.721614
vt 0.808315 0.718151
vt 0.824625 0.706325
vt 0.805700 0.596304
vt 0.810276 0.658414
vt 0.665399 0.623545
vt 0.665399 0.623545
vt 0.665399 0.623545
vt 0.665399 0.623545
vt 0.665399 0.623545
vt 0.665399 0.623545
vt 0.665399 0.623545
vt 0.665399 0.623545
vt 0.818794 0.735263
vt 0.824570 0.706389
vt 0.837609 0.721587
vt 0.808362 0.718170
vt 0.819915 0.518178
vt 0.817710 0.517209
vt 0.818669 0.518937
vt 0.853475 0.600139
vt 0.883526 0.657172
vt 0.884746 0.656495
vt 0.619890 0.697432
vt 0.620306 0.695458
vt 0.619124 0.696052
vt 0.975922 0.588551
vt 0.950296 0.603173
vt 0.950296 0.603173
vt 0.976250 0.589127
vt 0.660206 0.652179
vt 0.703562 0.635182
vt 0.700211 0.629311
vt 0.920497 0.616366
vt 0.894140 0.631406
vt 0.920497 0.616366
vt 0.670776 0.602265
vt 0.670443 0.604673
vt 0.671718 0.603965
vt 0.919840 0.615215
vt 0.893765 0.630856
vt 0.920169 0.615791
vt 0.702984 0.608513
vt 0.706654 0.606808
vt 0.699835 0.600758
vt 0.894469 0.631981
vt 0.659937 0.582732
vt 0.657431 0.581223
vt 0.658661 0.583440
vt 0.708260 0.606387
vt 0.611106 0.632781
vt 0.608586 0.631522
vt 0.609688 0.633507
vt 0.906648 0.509810
vt 0.907885 0.509867
vt 0.907538 0.509303
vt 0.949210 0.604560
vt 0.923315 0.618572
vt 0.923644 0.619148
vt 0.920169 0.615791
vt 0.851234 0.597184
vt 0.894875 0.669335
vt 0.853926 0.595539
vt 0.726228 0.653461
vt 0.209649 0.633190
vt 0.203301 0.644064
vt 0.210231 0.633543
vt 0.785619 0.581936
vt 0.823943 0.656650
vt 0.826527 0.655659
vt 0.822039 0.615275
vt 0.860334 0.601230
vt 0.856983 0.595358
vt 0.846638 0.670079
vt 0.803556 0.597636
vt 0.844773 0.671232
vt 0.610004 0.630796
vt 0.906996 0.510374
vt 0.778610 0.601347
vt 0.811495 0.657737
vt 0.779829 0.600670
vt 0.727809 0.652751
vt 0.724869 0.662399
vt 0.818956 0.516450
vt 0.852254 0.600816
vt 0.621072 0.696837
vt 0.975922 0.588551
vt 0.950624 0.603748
vt 0.663556 0.658051
vt 0.894140 0.631406
vt 0.669500 0.602974
vt 0.893437 0.630280
vt 0.920825 0.616941
vt 0.658707 0.580516
vt 0.948882 0.603984
vt 0.893765 0.630856
vt 0.892816 0.670575
vt 0.842136 0.559451
vt 0.822563 0.512798
vt 0.818894 0.514502
vt 0.202637 0.643662
vt 0.783088 0.583371
vt 0.825390 0.621146
vt 0.818781 0.735342
vt 0.837714 0.721614
vt 0.808315 0.718151
vt 0.824625 0.706325
vt 0.805700 0.596304
vt 0.810276 0.658414
vt 0.665399 0.623545
vt 0.665399 0.623545
vt 0.665399 0.623545
vt 0.665399 0.623545
vt 0.665399 0.623545
vt 0.665399 0.623545
vt 0.665399 0.623545
vt 0.665399 0.623545
vt 0.818794 0.735263
vt 0.824570 0.706389
vt 0.837609 0.721587
vt 0.808362 0.718170
vt 0.819915 0.518178
vt 0.817710 0.517209
vt 0.818669 0.518937
vt 0.853475 0.600139
vt 0.883526 0.657172
vt 0.884746 0.656495
vt 0.619890 0.697432
vt 0.620306 0.695458
vt 0.619124 0.696052
vt 0.975922 0.588551
vt 0.950296 0.603173
vt 0.950296 0.603173
vt 0.976250 0.589127
vt 0.660206 0.652179
vt 0.703562 0.635182
vt 0.700211 0.629311
vt 0.920497 0.616366
vt 0.894140 0.631406
vt 0.920497 0.616366
vt 0.670776 0.602265
vt 0.670443 0.604673
vt 0.671718 0.603965
vt 0.919840 0.615215
vt 0.893765 0.630856
vt 0.920169 0.615791
vt 0.702984 0.608513
vt 0.706654 0.606808
vt 0.699835 0.600758
vt 0.894469 0.631981
vt 0.659937 0.582732
vt 0.657431 0.581223
vt 0.658661 0.583440
vt 0.708260 0.606387
vt 0.611106 0.632781
vt 0.608586 0.631522
vt 0.609688 0.633507
vt 0.906648 0.509810
vt 0.907885 0.509867
vt 0.907538 0.509303
vt 0.949210 0.604560
vt 0.923315 0.618572
vt 0.923644 0.619148
vt 0.920169 0.615791
vt 0.851234 0.597184
vt 0.894875 0.669335
vt 0.853926 0.595539
vt 0.726228 0.653461
vt 0.209649 0.633190
vt 0.203301 0.644064
vt 0.210231 0.633543
vt 0.785619 0.581936
vt 0.823943 0.656650
vt 0.826527 0.655659
vt 0.822039 0.615275
vt 0.860334 0.601230
vt 0.856983 0.595358
vt 0.846638 0.670079
vt 0.803556 0.597636
vt 0.844773 0.671232
vt 0.610004 0.630796
vt 0.906996 0.510374
vt 0.778610 0.601347
vt 0.811495 0.657737
vt 0.779829 0.600670
vt 0.727809 0.652751
vt 0.724869 0.662399
vt 0.818956 0.516450
vt 0.852254 0.600816
vt 0.621072 0.696837
vt 0.975922 0.588551
vt 0.950624 0.603748
vt 0.663556 0.658051
vt 0.894140 0.631406
vt 0.669500 0.602974
vt 0.893437 0.630280
vt 0.920825 0.616941
vt 0.658707 0.580516
vt 0.948882 0.603984
vt 0.893765 0.630856
vt 0.892816 0.670575
vt 0.842136 0.559451
vt 0.822563 0.512798
vt 0.818894 0.514502
vt 0.202637 0.643662
vt 0.783088 0.583371
vt 0.825390 0.621146
vt 0.818781 0.735342
vt 0.837714 0.721614
vt 0.808315 0.718151
vt 0.824625 0.706325
vt 0.805700 0.596304
vt 0.810276 0.658414
vt 0.665399 0.623545
vt 0.665399 0.623545
vt 0.665399 0.623545
vt 0.665399 0.623545
vt 0.665399 0.623545
vt 0.665399 0.623545
vt 0.665399 0.623545
vt 0.665399 0.623545
vt 0.818794 0.735263
vt 0.824570 0.706389
vt 0.837609 0.721587
vt 0.808362 0.718170
vt 0.819915 0.518178
vt 0.817710 0.517209
vt 0.818669 0.518937
vt 0.853475 0.600139
vt 0.883526 0.657172
vt 0.884746 0.656495
vt 0.619890 0.697432
vt 0.620306 0.695458
vt 0.619124 0.696052
vt 0.975922 0.588551
vt 0.950296 0.603173
vt 0.950296 0.603173
vt 0.976250 0.589127
vt 0.660206 0.652179
vt 0.703562 0.635182
vt 0.700211 0.629311
vt 0.920497 0.616366
vt 0.894140 0.631406
vt 0.920497 0.616366
vt 0.670776 0.602265
vt 0.670443 0.604673
vt 0.671718 0.603965
vt 0.919840 0.615215
vt 0.893765 0.630856
vt 0.920169 0.615791
vt 0.702984 0.608513
vt 0.706654 0.606808
vt 0.699835 0.600758
vt 0.894469 0.631981
vt 0.659937 0.582732
vt 0.657431 0.581223
vt 0.658661 0.583440
vt 0.708260 0.606387
vt 0.611106 0.632781
vt 0.608586 0.631522
vt 0.609688 0.633507
vt 0.906648 0.509810
vt 0.907885 0.509867
vt 0.907538 0.509303
vt 0.949210 0.604560
vt 0.923315 0.618572
vt 0.923644 0.619148
vt 0.920169 0.615791
vt 0.851234 0.597184
vt 0.894875 0.669335
vt 0.853926 0.595539
vt 0.726228 0.653461
vt 0.209649 0.633190
vt 0.203301 0.644064
vt 0.210231 0.633543
vt 0.785619 0.581936
vt 0.823943 0.656650
vt 0.826527 0.655659
vt 0.822039 0.615275
vt 0.860334 0.601230
vt 0.856983 0.595358
vt 0.846638 0.670079
vt 0.803556 0.597636
vt 0.844773 0.671232
vt 0.610004 0.630796
vt 0.906996 0.510374
vt 0.778610 0.601347
vt 0.811495 0.657737
vt 0.779829 0.600670
vt 0.727809 0.652751
vt 0.724869 0.662399
vt 0.818956 0.516450
vt 0.852254 0.600816
vt 0.621072 0.696837
vt 0.975922 0.588551
vt 0.950624 0.603748
vt 0.663556 0.658051
vt 0.894140 0.631406
vt 0.669500 0.602974
vt 0.893437 0.630280
vt 0.920825 0.616941
vt 0.658707 0.580516
vt 0.948882 0.603984
vt 0.893765 0.630856
vt 0.892816 0.670575
vt 0.842136 0.559451
vt 0.822563 0.512798
vt 0.818894 0.514502
vt 0.202637 0.643662
vt 0.783088 0.583371
vt 0.825390 0.621146
vt 0.818781 0.735342
vt 0.837714 0.721614
vt 0.808315 0.718151
vt 0.824625 0.706325
vt 0.805700 0.596304
vt 0.810276 0.658414
vt 0.665399 0.623545
vt 0.665399 0.623545
vt 0.665399 0.623545
vt 0.665399 0.623545
vt 0.665399 0.623545
vt 0.665399 0.623545
vt 0.665399 0.623545
vt 0.665399 0.623545
vt 0.818794 0.735263
vt 0.824570 0.706389
vt 0.837609 0.721587
vt 0.808362 0.718170
vt 0.819915 0.518178
vt 0.817710 0.517209
vt 0.818669 0.518937
vt 0.853475 0.600139
vt 0.883526 0.657172
vt 0.884746 0.656495
vt 0.619890 0.697432
vt 0.620306 0.695458
vt 0.619124 0.696052
vt 0.975922 0.588551
vt 0.950296 0.603173
vt 0.950296 0.603173
vt 0.976250 0.589127
vt 0.660206 0.652179
vt 0.703562 0.635182
vt 0.700211 0.629311
vt 0.920497 0.616366
vt 0.894140 0.631406
vt 0.920497 0.616366
vt 0.670776 0.602265
vt 0.670443 0.604673
vt 0.671718 0.603965
vt 0.919840 0.615215
vt 0.893765 0.630856
vt 0.920169 0.615791
vt 0.702984 0.608513
vt 0.706654 0.606808
vt 0.699835 0.600758
vt 0.894469 0.631981
vt 0.659937 0.582732
vt 0.657431 0.581223
vt 0.658661 0.583440
vt 0.708260 0.606387
vt 0.611106 0.632781
vt 0.608586 0.631522
vt 0.609688 0.633507
vt 0.906648 0.509810
vt 0.907885 0.509867
vt 0.907538 0.509303
vt 0.949210 0.604560
vt 0.923315 0.618572
vt 0.923644 0.619148
vt 0.920169 0.615791
vt 0.851234 0.597184
vt 0.894875 0.669335
vt 0.853926 0.595539
vt 0.726228 0.653461
vt 0.209649 0.633190
vt 0.203301 0.644064
vt 0.210231 0.633543
vt 0.785619 0.581936
vt 0.823943 0.656650
vt 0.826527 0.655659
vt 0.822039 0.615275
vt 0.860334 0.601230
vt 0.856983 0.595358
vt 0.846638 0.670079
vt 0.803556 0.597636
vt 0.844773 0.671232
vt 0.610004 0.630796
vt 0.906996 0.510374
vt 0.778610 0.601347
vt 0.811495 0.657737
vt 0.779829 0.600670
vt 0.727809 0.652751
vt 0.724869 0.662399
vt 0.818956 0.516450
vt 0.852254 0.600816
vt 0.621072 0.696837
vt 0.975922 0.588551
vt 0.950624 0.603748
vt 0.663556 0.658051
vt 0.894140 0.631406
vt 0.669500 0.602974
vt 0.893437 0.630280
vt 0.920825 0.616941
vt 0.658707 0.580516
vt 0.948882 0.603984
vt 0.893765 0.630856
vt 0.892816 0.670575
vt 0.842136 0.559451
vt 0.822563 0.512798
vt 0.818894 0.514502
vt 0.202637 0.643662
vt 0.783088 0.583371
vt 0.825390 0.621146
vt 0.818781 0.735342
vt 0.837714 0.721614
vt 0.808315 0.718151
vt 0.824625 0.706325
vt 0.805700 0.596304
vt 0.810276 0.658414
vt 0.665399 0.623545
vt 0.665399 0.623545
vt 0.665399 0.623545
vt 0.665399 0.623545
vt 0.665399 0.623545
vt 0.665399 0.623545
vt 0.665399 0.623545
vt 0.665399 0.623545
vt 0.818794 0.735263
vt 0.824570 0.706389
vt 0.837609 0.721587
vt 0.808362 0.718170
vt 0.819915 0.518178
vt 0.817710 0.517209
vt 0.818669 0.518937
vt 0.853475 0.600139
vt 0.883526 0.657172
vt 0.884746 0.656495
vt 0.619890 0.697432
vt 0.620306 0.695458
vt 0.619124 0.696052
vt 0.975922 0.588551
vt 0.950296 0.603173
vt 0.950296 0.603173
vt 0.976250 0.589127
vt 0.660206 0.652179
vt 0.703562 0.635182
vt 0.700211 0.629311
vt 0.920497 0.616366
vt 0.894140 0.631406
vt 0.920497 0.616366
vt 0.670776 0.602265
vt 0.670443 0.604673
vt 0.671718 0.603965
vt 0.919840 0.615215
vt 0.893765 0.630856
vt 0.920169 0.615791
vt 0.702984 0.608513
vt 0.706654 0.606808
vt 0.699835 0.600758
vt 0.894469 0.631981
vt 0.659937 0.582732
vt 0.657431 0.581223
vt 0.658661 0.583440
vt 0.708260 0.606387
vt 0.611106 0.632781
vt 0.608586 0.631522
vt 0.609688 0.633507
vt 0.906648 0.509810
vt 0.907885 0.509867
vt 0.907538 0.509303
vt 0.949210 0.604560
vt 0.923315 0.618572
vt 0.923644 0.619148
vt 0.920169 0.615791
vt 0.851234 0.597184
vt 0.894875 0.669335
vt 0.853926 0.595539
vt 0.726228 0.653461
vt 0.209649 0.633190
vt 0.203301 0.644064
vt 0.210231 0.633543
vt 0.785619 0.581936
vt 0.823943 0.656650
vt 0.826527 0.655659
vt 0.822039 0.615275
vt 0.860334 0.601230
vt 0.856983 0.595358
vt 0.846638 0.670079
vt 0.803556 0.597636
vt 0.844773 0.671232
vt 0.610004 0.630796
vt 0.906996 0.510374
vt 0.778610 0.601347
vt 0.811495 0.657737
vt 0.779829 0.600670
vt 0.727809 0.652751
vt 0.724869 0.662399
vt 0.818956 0.516450
vt 0.852254 0.600816
vt 0.621072 0.696837
vt 0.975922 0.588551
vt 0.950624 0.603748
vt 0.663556 0.658051
vt 0.894140 0.631406
vt 0.669500 0.602974
vt 0.893437 0.630280
vt 0.920825 0.616941
vt 0.658707 0.580516
vt 0.948882 0.603984
vt 0.893765 0.630856
vt 0.892816 0.670575
vt 0.842136 0.559451
vt 0.822563 0.512798
vt 0.818894 0.514502
vt 0.202637 0.643662
vt 0.783088 0.583371
vt 0.825390 0.621146
vt 0.818781 0.735342
vt 0.837714 0.721614
vt 0.808315 0.718151
vt 0.824625 0.706325
vt 0.805700 0.596304
vt 0.810276 0.658414
vt 0.665399 0.623545
vt 0.665399 0.623545
vt 0.665399 0.623545
vt 0.665399 0.623545
vt 0.665399 0.623545
vt 0.665399 0.623545
vt 0.665399 0.623545
vt 0.665399 0.623545
vt 0.818794 0.735263
vt 0.824570 0.706389
vt 0.837609 0.721587
vt 0.808362 0.718170
vt 0.819915 0.518178
vt 0.817710 0.517209
vt 0.818669 0.518937
vt 0.853475 0.600139
vt 0.883526 0.657172
vt 0.884746 0.656495
vt 0.619890 0.697432
vt 0.620306 0.695458
vt 0.619124 0.696052
vt 0.975922 0.588551
vt 0.950296 0.603173
vt 0.950296 0.603173
vt 0.976250 0.589127
vt 0.660206 0.652179
vt 0.703562 0.635182
vt 0.700211 0.629311
vt 0.920497 0.616366
vt 0.894140 0.631406
vt 0.920497 0.616366
vt 0.670776 0.602265
vt 0.670443 0.604673
vt 0.671718 0.603965
vt 0.919840 0.615215
vt 0.893765 0.630856
vt 0.920169 0.615791
vt 0.702984 0.608513
vt 0.706654 0.606808
vt 0.699835 0.600758
vt 0.894469 0.631981
vt 0.659937 0.582732
vt 0.657431 0.581223
vt 0.658661 0.583440
vt 0.708260 0.606387
vt 0.611106 0.632781
vt 0.608586 0.631522
vt 0.609688 0.633507
vt 0.906648 0.509810
vt 0.907885 0.509867
vt 0.907538 0.509303
vt 0.949210 0.604560
vt 0.923315 0.618572
vt 0.923644 0.619148
vt 0.920169 0.615791
vt 0.851234 0.597184
vt 0.894875 0.669335
vt 0.853926 0.595539
vt 0.726228 0.653461
vt 0.209649 0.633190
vt 0.203301 0.644064
vt 0.210231 0.633543
vt 0.785619 0.581936
vt 0.823943 0.656650
vt 0.826527 0.655659
vt 0.822039 0.615275
vt 0.860334 0.601230
vt 0.856983 0.595358
vt 0.846638 0.670079
vt 0.803556 0.597636
vt 0.844773 0.671232
vt 0.610004 0.630796
vt 0.906996 0.510374
vt 0.778610 0.601347
vt 0.811495 0.657737
vt 0.779829 0.600670
vt 0.727809 0.652751
vt 0.724869 0.662399
vt 0.818956 0.516450
vt 0.852254 0.600816
vt 0.621072 0.696837
vt 0.975922 0.588551
vt 0.950624 0.603748
vt 0.663556 0.658051
vt 0.894140 0.631406
vt 0.669500 0.602974
vt 0.893437 0.630280
vt 0.920825 0.616941
vt 0.658707 0.580516
vt 0.948882 0.603984
vt 0.893765 0.630856
vt 0.892816 0.670575
vt 0.842136 0.559451
vt 0.822563 0.512798
vt 0.818894 0.514502
vt 0.202637 0.643662
vt 0.783088 0.583371
vt 0.825390 0.621146
vt 0.818781 0.735342
vt 0.837714 0.721614
vt 0.808315 0.718151
vt 0.824625 0.706325
vt 0.805700 0.596304
vt 0.810276 0.658414
vt 0.665399 0.623545
vt 0.665399 0.623545
vt 0.665399 0.623545
vt 0.665399 0.623545
vt 0.665399 0.623545
vt 0.665399 0.623545
vt 0.665399 0.623545
vt 0.665399 0.623545
vt 0.818794 0.735263
vt 0.824570 0.706389
vt 0.837609 0.721587
vt 0.808362 0.718170
vt 0.819915 0.518178
vt 0.817710 0.517209
vt 0.818669 0.518937
vt 0.853475 0.600139
vt 0.883526 0.657172
vt 0.884746 0.656495
vt 0.619890 0.697432
vt 0.620306 0.695458
vt 0.619124 0.696052
vt 0.975922 0.588551
vt 0.950296 0.603173
vt 0.950296 0.603173
vt 0.976250 0.589127
vt 0.660206 0.652179
vt 0.703562 0.635182
vt 0.700211 0.629311
vt 0.920497 0.616366
vt 0.894140 0.631406
vt 0.920497 0.616366
vt 0.670776 0.602265
vt 0.670443 0.604673
vt 0.671718 0.603965
vt 0.919840 0.615215
vt 0.893765 0.630856
vt 0.920169 0.615791
vt 0.702984 0.608513
vt 0.706654 0.606808
vt 0.699835 0.600758
vt 0.894469 0.631981
vt 0.659937 0.582732
vt 0.657431 0.581223
vt 0.658661 0.583440
vt 0.708260 0.606387
vt 0.611106 0.632781
vt 0.608586 0.631522
vt 0.609688 0.633507
vt 0.906648 0.509810
vt 0.907885 0.509867
vt 0.907538 0.509303
vt 0.949210 0.604560
vt 0.923315 0.618572
vt 0.923644 0.619148
vt 0.920169 0.615791
vt 0.851234 0.597184
vt 0.894875 0.669335
vt 0.853926 0.595539
vt 0.726228 0.653461
vt 0.209649 0.633190
vt 0.203301 0.644064
vt 0.210231 0.633543
vt 0.785619 0.581936
vt 0.823943 0.656650
vt 0.826527 0.655659
vt 0.822039 0.615275
vt 0.860334 0.601230
vt 0.856983 0.595358
vt 0.846638 0.670079
vt 0.803556 0.597636
vt 0.844773 0.671232
vt 0.610004 0.630796
vt 0.906996 0.510374
vt 0.778610 0.601347
vt 0.811495 0.657737
vt 0.779829 0.600670
vt 0.727809 0.652751
vt 0.724869 0.662399
vt 0.818956 0.516450
vt 0.852254 0.600816
vt 0.621072 0.696837
vt 0.975922 0.588551
vt 0.950624 0.603748
vt 0.663556 0.658051
vt 0.894140 0.631406
vt 0.669500 0.602974
vt 0.893437 0.630280
vt 0.920825 0.616941
vt 0.658707 0.580516
vt 0.948882 0.603984
vt 0.893765 0.630856
vt 0.892816 0.670575
vt 0.842136 0.559451
vt 0.822563 0.512798
vt 0.818894 0.514502
vt 0.202637 0.643662
vt 0.783088 0.583371
vt 0.825390 0.621146
vt 0.818781 0.735342
vt 0.837714 0.721614
vt 0.808315 0.718151
vt 0.824625 0.706325
vt 0.805700 0.596304
vt 0.810276 0.658414
vt 0.665399 0.623545
vt 0.665399 0.623545
vt 0.665399 0.623545
vt 0.665399 0.623545
vt 0.665399 0.623545
vt 0.665399 0.623545
vt 0.665399 0.623545
vt 0.665399 0.623545
vt 0.818794 0.735263
vt 0.824570 0.706389
vt 0.837609 0.721587
vt 0.808362 0.718170
vt 0.819915 0.518178
vt 0.817710 0.517209
vt 0.818669 0.518937
vt 0.853475 0.600139
vt 0.883526 0.657172
vt 0.884746 0.656495
vt 0.619890 0.697432
vt 0.620306 0.695458
vt 0.619124 0.696052
vt 0.975922 0.588551
vt 0.950296 0.603173
vt 0.950296 0.603173
vt 0.976250 0.589127
vt 0.660206 0.652179
vt 0.703562 0.635182
vt 0.700211 0.629311
vt 0.920497 0.616366
vt 0.894140 0.631406
vt 0.920497 0.616366
vt 0.670776 0.602265
vt 0.670443 0.604673
vt 0.671718 0.603965
vt 0.919840 0.615215
vt 0.893765 0.630856
vt 0.920169 0.615791
vt 0.702984 0.608513
vt 0.706654 0.606808
vt 0.699835 0.600758
vt 0.894469 0.631981
vt 0.659937 0.582732
vt 0.657431 0.581223
vt 0.658661 0.583440
vt 0.708260 0.606387
vt 0.611106 0.632781
vt 0.608586 0.631522
vt 0.609688 0.633507
vt 0.906648 0.509810
vt 0.907885 0.509867
vt 0.907538 0.509303
vt 0.949210 0.604560
vt 0.923315 0.618572
vt 0.923644 0.619148
vt 0.920169 0.615791
vt 0.851234 0.597184
vt 0.894875 0.669335
vt 0.853926 0.595539
vt 0.726228 0.653461
vt 0.209649 0.633190
vt 0.203301 0.644064
vt 0.210231 0.633543
vt 0.785619 0.581936
vt 0.823943 0.656650
vt 0.826527 0.655659
vt 0.822039 0.615275
vt 0.860334 0.601230
vt 0.856983 0.595358
vt 0.846638 0.670079
vt 0.803556 0.597636
vt 0.844773 0.671232
vt 0.610004 0.630796
vt 0.906996 0.510374
vt 0.778610 0.601347
vt 0.811495 0.657737
vt 0.779829 0.600670
vt 0.727809 0.652751
vt 0.724869 0.662399
vt 0.818956 0.516450
vt 0.852254 0.600816
vt 0.621072 0.696837
vt 0.975922 0.588551
vt 0.950624 0.603748
vt 0.663556 0.658051
vt 0.894140 0.631406
vt 0.669500 0.602974
vt 0.893437 0.630280
vt 0.920825 0.616941
vt 0.658707 0.580516
vt 0.948882 0.603984
vt 0.893765 0.630856
vt 0.892816 0.670575
vt 0.842136 0.559451
vt 0.822563 0.512798
vt 0.818894 0.514502
vt 0.202637 0.643662
vt 0.783088 0.583371
vt 0.825390 0.621146
vt 0.818781 0.735342
vt 0.837714 0.721614
vt 0.808315 0.718151
vt 0.824625 0.706325
vt 0.805700 0.596304
vt 0.810276 0.658414
vt 0.665399 0.623545
vt 0.665399 0.623545
vt 0.665399 0.623545
vt 0.665399 0.623545
vt 0.665399 0.623545
vt 0.665399 0.623545
vt 0.665399 0.623545
vt 0.665399 0.623545
vt 0.818794 0.735263
vt 0.824570 0.706389
vt 0.837609 0.721587
vt 0.808362 0.718170
vt 0.819915 0.518178
vt 0.817710 0.517209
vt 0.818669 0.518937
vt 0.853475 0.600139
vt 0.883526 0.657172
vt 0.884746 0.656495
vt 0.619890 0.697432
vt 0.620306 0.695458
vt 0.619124 0.696052
vt 0.975922 0.588551
vt 0.950296 0.603173
vt 0.950296 0.603173
vt 0.976250 0.589127
vt 0.660206 0.652179
vt 0.703562 0.635182
vt 0.700211 0.629311
vt 0.920497 0.616366
vt 0.894140 0.631406
vt 0.920497 0.616366
vt 0.670776 0.602265
vt 0.670443 0.604673
vt 0.671718 0.603965
vt 0.919840 0.615215
vt 0.893765 0.630856
vt 0.920169 0.615791
vt 0.702984 0.608513
vt 0.706654 0.606808
vt 0.699835 0.600758
vt 0.894469 0.631981
vt 0.659937 0.582732
vt 0.657431 0.581223
vt 0.658661 0.583440
vt 0.708260 0.606387
vt 0.611106 0.632781
vt 0.608586 0.631522
vt 0.609688 0.633507
vt 0.906648 0.509810
vt 0.907885 0.509867
vt 0.907538 0.509303
vt 0.949210 0.604560
vt 0.923315 0.618572
vt 0.923644 0.619148
vt 0.920169 0.615791
vt 0.851234 0.597184
vt 0.894875 0.669335
vt 0.853926 0.595539
vt 0.726228 0.653461
vt 0.209649 0.633190
vt 0.203301 0.644064
vt 0.210231 0.633543
vt 0.785619 0.581936
vt 0.823943 0.656650
vt 0.826527 0.655659
vt 0.822039 0.615275
vt 0.860334 0.601230
vt 0.856983 0.595358
vt 0.846638 0.670079
vt 0.803556 0.597636
vt 0.844773 0.671232
vt 0.610004 0.630796
vt 0.906996 0.510374
vt 0.778610 0.601347
vt 0.811495 0.657737
vt 0.779829 0.600670
vt 0.727809 0.652751
vt 0.724869 0.662399
vt 0.818956 0.516450
vt 0.852254 0.600816
vt 0.621072 0.696837
vt 0.975922 0.588551
vt 0.950624 0.603748
vt 0.663556 0.658051
vt 0.894140 0.631406
vt 0.669500 0.602974
vt 0.893437 0.630280
vt 0.920825 0.616941
vt 0.658707 0.580516
vt 0.948882 0.603984
vt 0.893765 0.630856
vt 0.892816 0.670575
vt 0.842136 0.559451
vt 0.822563 0.512798
vt 0.818894 0.514502
vt 0.202637 0.643662
vt 0.783088 0.583371
vt 0.825390 0.621146
vt 0.818781 0.735342
vt 0.837714 0.721614
vt 0.808315 0.718151
vt 0.824625 0.706325
vt 0.805700 0.596304
vt 0.810276 0.658414
vt 0.665399 0.623545
vt 0.665399 0.623545
vt 0.665399 0.623545
vt 0.665399 0.623545
vt 0.665399 0.623545
vt 0.665399 0.623545
vt 0.665399 0.623545
vt 0.665399 0.623545
vt 0.818794 0.735263
vt 0.824570 0.706389
vt 0.837609 0.721587
vt 0.808362 0.718170
vt 0.819915 0.518178
vt 0.817710 0.517209
vt 0.818669 0.518937
vt 0.853475 0.600139
vt 0.883526 0.657172
vt 0.884746 0.656495
vt 0.619890 0.697432
vt 0.620306 0.695458
vt 0.619124 0.696052
vt 0.975922 0.588551
vt 0.950296 0.603173
vt 0.950296 0.603173
vt 0.976250 0.589127
vt 0.660206 0.652179
vt 0.703562 0.635182
vt 0.700211 0.629311
vt 0.920497 0.616366
vt 0.894140 0.631406
vt 0.920497 0.616366
vt 0.670776 0.602265
vt 0.670443 0.604673
vt 0.671718 0.603965
vt 0.919840 0.615215
vt 0.893765 0.630856
vt 0.920169 0.615791
vt 0.702984 0.608513
vt 0.706654 0.606808
vt 0.699835 0.600758
vt 0.894469 0.631981
vt 0.659937 0.582732
vt 0.657431 0.581223
vt 0.658661 0.583440
vt 0.708260 0.606387
vt 0.611106 0.632781
vt 0.608586 0.631522
vt 0.609688 0.633507
vt 0.906648 0.509810
vt 0.907885 0.509867
vt 0.907538 0.509303
vt 0.949210 0.604560
vt 0.923315 0.618572
vt 0.923644 0.619148
vt 0.920169 0.615791
vt 0.851234 0.597184
vt 0.894875 0.669335
vt 0.853926 0.595539
vt 0.726228 0.653461
vt 0.209649 0.633190
vt 0.203301 0.644064
vt 0.210231 0.633543
vt 0.785619 0.581936
vt 0.823943 0.656650
vt 0.826527 0.655659
vt 0.822039 0.615275
vt 0.860334 0.601230
vt 0.856983 0.595358
vt 0.846638 0.670079
vt 0.803556 0.597636
vt 0.844773 0.671232
vt 0.610004 0.630796
vt 0.906996 0.510374
vt 0.778610 0.601347
vt 0.811495 0.657737
vt 0.779829 0.600670
vt 0.727809 0.652751
vt 0.724869 0.662399
vt 0.818956 0.516450
vt 0.852254 0.600816
vt 0.621072 0.696837
vt 0.975922 0.588551
vt 0.950624 0.603748
vt 0.663556 0.658051
vt 0.894140 0.631406
vt 0.669500 0.602974
vt 0.893437 0.630280
vt 0.920825 0.616941
vt 0.658707 0.580516
vt 0.948882 0.603984
vt 0.893765 0.630856
vt 0.892816 0.670575
vt 0.842136 0.559451
vt 0.822563 0.512798
vt 0.818894 0.514502
vt 0.202637 0.643662
vt 0.783088 0.583371
vt 0.825390 0.621146
vt 0.818781 0.735342
vt 0.837714 0.721614
vt 0.808315 0.718151
vt 0.824625 0.706325
vt 0.805700 0.596304
vt 0.810276 0.658414
vt 0.665399 0.623545
vt 0.665399 0.623545
vt 0.665399 0.623545
vt 0.665399 0.623545
vt 0.665399 0.623545
vt 0.665399 0.623545
vt 0.665399 0.623545
vt 0.665399 0.623545
vt 0.818794 0.735263
vt 0.824570 0.706389
vt 0.837609 0.721587
vt 0.808362 0.718170
vt 0.819915 0.518178
vt 0.817710 0.517209
vt 0.818669 0.518937
vt 0.853475 0.600139
vt 0.883526 0.657172
vt 0.884746 0.656495
vt 0.619890 0.697432
vt 0.620306 0.695458
vt 0.619124 0.696052
vt 0.975922 0.588551
vt 0.950296 0.603173
vt 0.950296 0.603173
vt 0.976250 0.589127
vt 0.660206 0.652179
vt 0.703562 0.635182
vt 0.700211 0.629311
vt 0.920497 0.616366
vt 0.894140 0.631406
vt 0.920497 0.616366
vt 0.670776 0.602265
vt 0.670443 0.604673
vt 0.671718 0.603965
vt 0.919840 0.615215
vt 0.893765 0.630856
vt 0.920169 0.615791
vt 0.702984 0.608513
vt 0.706654 0.606808
vt 0.699835 0.600758
vt 0.894469 0.631981
vt 0.659937 0.582732
vt 0.657431 0.581223
vt 0.658661 0.583440
vt 0.708260 0.606387
vt 0.611106 0.632781
vt 0.608586 0.631522
vt 0.609688 0.633507
vt 0.906648 0.509810
vt 0.907885 0.509867
vt 0.907538 0.509303
vt 0.949210 0.604560
vt 0.923315 0.618572
vt 0.923644 0.619148
vt 0.920169 0.615791
vt 0.851234 0.597184
vt 0.894875 0.669335
vt 0.853926 0.595539
vt 0.726228 0.653461
vt 0.209649 0.633190
vt 0.203301 0.644064
vt 0.210231 0.633543
vt 0.785619 0.581936
vt 0.823943 0.656650
vt 0.826527 0.655659
vt 0.822039 0.615275
vt 0.860334 0.601230
vt 0.856983 0.595358
vt 0.846638 0.670079
vt 0.803556 0.597636
vt 0.844773 0.671232
vt 0.610004 0.630796
vt 0.906996 0.510374
vt 0.778610 0.601347
vt 0.811495 0.657737
vt 0.779829 0.600670
vt 0.727809 0.652751
vt 0.724869 0.662399
vt 0.818956 0.516450
vt 0.852254 0.600816
vt 0.621072 0.696837
vt 0.975922 0.588551
vt 0.950624 0.603748
vt 0.663556 0.658051
vt 0.894140 0.631406
vt 0.669500 0.602974
vt 0.893437 0.630280
vt 0.920825 0.616941
vt 0.658707 0.580516
vt 0.948882 0.603984
vt 0.893765 0.630856
vt 0.892816 0.670575
vt 0.842136 0.559451
vt 0.822563 0.512798
vt 0.818894 0.514502
vt 0.202637 0.643662
vt 0.783088 0.583371
vt 0.825390 0.621146
vt 0.818781 0.735342
vt 0.837714 0.721614
vt 0.808315 0.718151
vt 0.824625 0.706325
vt 0.805700 0.596304
vt 0.810276 0.658414
vt 0.665399 0.623545
vt 0.665399 0.623545
vt 0.665399 0.623545
vt 0.665399 0.623545
vt 0.665399 0.623545
vt 0.665399 0.623545
vt 0.665399 0.623545
vt 0.665399 0.623545
vt 0.818794 0.735263
vt 0.824570 0.706389
vt 0.837609 0.721587
vt 0.808362 0.718170
vt 0.819915 0.518178
vt 0.817710 0.517209
vt 0.818669 0.518937
vt 0.853475 0.600139
vt 0.883526 0.657172
vt 0.884746 0.656495
vt 0.619890 0.697432
vt 0.620306 0.695458
vt 0.619124 0.696052
vt 0.975922 0.588551
vt 0.950296 0.603173
vt 0.950296 0.603173
vt 0.976250 0.589127
vt 0.660206 0.652179
vt 0.703562 0.635182
vt 0.700211 0.629311
vt 0.920497 0.616366
vt 0.894140 0.631406
vt 0.920497 0.616366
vt 0.670776 0.602265
vt 0.670443 0.604673
vt 0.671718 0.603965
vt 0.919840 0.615215
vt 0.893765 0.630856
vt 0.920169 0.615791
vt 0.702984 0.608513
vt 0.706654 0.606808
vt 0.699835 0.600758
vt 0.894469 0.631981
vt 0.659937 0.582732
vt 0.657431 0.581223
vt 0.658661 0.583440
vt 0.708260 0.606387
vt 0.611106 0.632781
vt 0.608586 0.631522
vt 0.609688 0.633507
vt 0.906648 0.509810
vt 0.907885 0.509867
vt 0.907538 0.509303
vt 0.949210 0.604560
vt 0.923315 0.618572
vt 0.923644 0.619148
vt 0.920169 0.615791
vt 0.851234 0.597184
vt 0.894875 0.669335
vt 0.853926 0.595539
vt 0.726228 0.653461
vt 0.209649 0.633190
vt 0.203301 0.644064
vt 0.210231 0.633543
vt 0.785619 0.581936
vt 0.823943 0.656650
vt 0.826527 0.655659
vt 0.822039 0.615275
vt 0.860334 0.601230
vt 0.856983 0.595358
vt 0.846638 0.670079
vt 0.803556 0.597636
vt 0.844773 0.671232
vt 0.610004 0.630796
vt 0.906996 0.510374
vt 0.778610 0.601347
vt 0.811495 0.657737
vt 0.779829 0.600670
vt 0.727809 0.652751
vt 0.724869 0.662399
vt 0.818956 0.516450
vt 0.852254 0.600816
vt 0.621072 0.696837
vt 0.975922 0.588551
vt 0.950624 0.603748
vt 0.663556 0.658051
vt 0.894140 0.631406
vt 0.669500 0.602974
vt 0.893437 0.630280
vt 0.920825 0.616941
vt 0.658707 0.580516
vt 0.948882 0.603984
vt 0.893765 0.630856
vt 0.892816 0.670575
vt 0.842136 0.559451
vt 0.822563 0.512798
vt 0.818894 0.514502
vt 0.202637 0.643662
vt 0.783088 0.583371
vt 0.825390 0.621146
vt 0.818781 0.735342
vt 0.837714 0.721614
vt 0.808315 0.718151
vt 0.824625 0.706325
vt 0.805700 0.596304
vt 0.810276 0.658414
vt 0.665399 0.623545
vt 0.665399 0.623545
vt 0.665399 0.623545
vt 0.665399 0.623545
vt 0.665399 0.623545
vt 0.665399 0.623545
vt 0.665399 0.623545
vt 0.665399 0.623545
vt 0.818794 0.735263
vt 0.824570 0.706389
vt 0.837609 0.721587
vt 0.808362 0.718170
vt 0.819915 0.518178
vt 0.817710 0.517209
vt 0.818669 0.518937
vt 0.853475 0.600139
vt 0.883526 0.657172
vt 0.884746 0.656495
vt 0.619890 0.697432
vt 0.620306 0.695458
vt 0.619124 0.696052
vt 0.975922 0.588551
vt 0.950296 0.603173
vt 0.950296 0.603173
vt 0.976250 0.589127
vt 0.660206 0.652179
vt 0.703562 0.635182
vt 0.700211 0.629311
vt 0.920497 0.616366
vt 0.894140 0.631406
vt 0.920497 0.616366
vt 0.670776 0.602265
vt 0.670443 0.604673
vt 0.671718 0.603965
vt 0.919840 0.615215
vt 0.893765 0.630856
vt 0.920169 0.615791
vt 0.702984 0.608513
vt 0.706654 0.606808
vt 0.699835 0.600758
vt 0.894469 0.631981
vt 0.659937 0.582732
vt 0.657431 0.581223
vt 0.658661 0.583440
vt 0.708260 0.606387
vt 0.611106 0.632781
vt 0.608586 0.631522
vt 0.609688 0.633507
vt 0.906648 0.509810
vt 0.907885 0.509867
vt 0.907538 0.509303
vt 0.949210 0.604560
vt 0.923315 0.618572
vt 0.923644 0.619148
vt 0.920169 0.615791
vt 0.851234 0.597184
vt 0.894875 0.669335
vt 0.853926 0.595539
vt 0.726228 0.653461
vt 0.209649 0.633190
vt 0.203301 0.644064
vt 0.210231 0.633543
vt 0.785619 0.581936
vt 0.823943 0.656650
vt 0.826527 0.655659
vt 0.822039 0.615275
vt 0.860334 0.601230
vt 0.856983 0.595358
vt 0.846638 0.670079
vt 0.803556 0.597636
vt 0.844773 0.671232
vt 0.610004 0.630796
vt 0.906996 0.510374
vt 0.778610 0.601347
vt 0.811495 0.657737
vt 0.779829 0.600670
vt 0.727809 0.652751
vt 0.724869 0.662399
vt 0.818956 0.516450
vt 0.852254 0.600816
vt 0.621072 0.696837
vt 0.975922 0.588551
vt 0.950624 0.603748
vt 0.663556 0.658051
vt 0.894140 0.631406
vt 0.669500 0.602974
vt 0.893437 0.630280
vt 0.920825 0.616941
vt 0.658707 0.580516
vt 0.948882 0.603984
vt 0.893765 0.630856
vt 0.892816 0.670575
vt 0.842136 0.559451
vt 0.822563 0.512798
vt 0.818894 0.514502
vt 0.202637 0.643662
vt 0.783088 0.583371
vt 0.825390 0.621146
vt 0.818781 0.735342
vt 0.837714 0.721614
vt 0.808315 0.718151
vt 0.824625 0.706325
vt 0.805700 0.596304
vt 0.810276 0.658414
vt 0.665399 0.623545
vt 0.665399 0.623545
vt 0.665399 0.623545
vt 0.665399 0.623545
vt 0.665399 0.623545
vt 0.665399 0.623545
vt 0.665399 0.623545
vt 0.665399 0.623545
vt 0.818794 0.735263
vt 0.824570 0.706389
vt 0.837609 0.721587
vt 0.808362 0.718170
vt 0.819915 0.518178
vt 0.817710 0.517209
vt 0.818669 0.518937
vt 0.853475 0.600139
vt 0.883526 0.657172
vt 0.884746 0.656495
vt 0.619890 0.697432
vt 0.620306 0.695458
vt 0.619124 0.696052
vt 0.975922 0.588551
vt 0.950296 0.603173
vt 0.950296 0.603173
vt 0.976250 0.589127
vt 0.660206 0.652179
vt 0.703562 0.635182
vt 0.700211 0.629311
vt 0.920497 0.616366
vt 0.894140 0.631406
vt 0.920497 0.616366
vt 0.670776 0.602265
vt 0.670443 0.604673
vt 0.671718 0.603965
vt 0.919840 0.615215
vt 0.893765 0.630856
vt 0.920169 0.615791
vt 0.702984 0.608513
vt 0.706654 0.606808
vt 0.699835 0.600758
vt 0.894469 0.631981
vt 0.659937 0.582732
vt 0.657431 0.581223
vt 0.658661 0.583440
vt 0.708260 0.606387
vt 0.611106 0.632781
vt 0.608586 0.631522
vt 0.609688 0.633507
vt 0.906648 0.509810
vt 0.907885 0.509867
vt 0.907538 0.509303
vt 0.949210 0.604560
vt 0.923315 0.618572
vt 0.923644 0.619148
vt 0.920169 0.615791
vt 0.851234 0.597184
vt 0.894875 0.669335
vt 0.853926 0.595539
vt 0.726228 0.653461
vt 0.209649 0.633190
vt 0.203301 0.644064
vt 0.210231 0.633543
vt 0.785619 0.581936
vt 0.823943 0.656650
vt 0.826527 0.655659
vt 0.822039 0.615275
vt 0.860334 0.601230
vt 0.856983 0.595358
vt 0.846638 0.670079
vt 0.803556 0.597636
vt 0.844773 0.671232
vt 0.610004 0.630796
vt 0.906996 0.510374
vt 0.778610 0.601347
vt 0.811495 0.657737
vt 0.779829 0.600670
vt 0.727809 0.652751
vt 0.724869 0.662399
vt 0.818956 0.516450
vt 0.852254 0.600816
vt 0.621072 0.696837
vt 0.975922 0.588551
vt 0.950624 0.603748
vt 0.663556 0.658051
vt 0.894140 0.631406
vt 0.669500 0.602974
vt 0.893437 0.630280
vt 0.920825 0.616941
vt 0.658707 0.580516
vt 0.948882 0.603984
vt 0.893765 0.630856
vt 0.892816 0.670575
vt 0.842136 0.559451
vt 0.822563 0.512798
vt 0.818894 0.514502
vt 0.202637 0.643662
vt 0.783088 0.583371
vt 0.825390 0.621146
vt 0.818781 0.735342
vt 0.837714 0.721614
vt 0.808315 0.718151
vt 0.824625 0.706325
vt 0.805700 0.596304
vt 0.810276 0.658414
vt 0.665399 0.623545
vt 0.665399 0.623545
vt 0.665399 0.623545
vt 0.665399 0.623545
vt 0.665399 0.623545
vt 0.665399 0.623545
vt 0.665399 0.623545
vt 0.665399 0.623545
vt 0.818794 0.735263
vt 0.824570 0.706389
vt 0.837609 0.721587
vt 0.808362 0.718170
vt 0.819915 0.518178
vt 0.817710 0.517209
vt 0.818669 0.518937
vt 0.853475 0.600139
vt 0.883526 0.657172
vt 0.884746 0.656495
vt 0.619890 0.697432
vt 0.620306 0.695458
vt 0.619124 0.696052
vt 0.975922 0.588551
vt 0.950296 0.603173
vt 0.950296 0.603173
vt 0.976250 0.589127
vt 0.660206 0.652179
vt 0.703562 0.635182
vt 0.700211 0.629311
vt 0.920497 0.616366
vt 0.894140 0.631406
vt 0.920497 0.616366
vt 0.670776 0.602265
vt 0.670443 0.604673
vt 0.671718 0.603965
vt 0.919840 0.615215
vt 0.893765 0.630856
vt 0.920169 0.615791
vt 0.702984 0.608513
vt 0.706654 0.606808
vt 0.699835 0.600758
vt 0.894469 0.631981
vt 0.659937 0.582732
vt 0.657431 0.581223
vt 0.658661 0.583440
vt 0.708260 0.606387
vt 0.611106 0.632781
vt 0.608586 0.631522
vt 0.609688 0.633507
vt 0.906648 0.509810
vt 0.907885 0.509867
vt 0.907538 0.509303
vt 0.949210 0.604560
vt 0.923315 0.618572
vt 0.923644 0.619148
vt 0.920169 0.615791
vt 0.851234 0.597184
vt 0.894875 0.669335
vt 0.853926 0.595539
vt 0.726228 0.653461
vt 0.209649 0.633190
vt 0.203301 0.644064
vt 0.210231 0.633543
vt 0.785619 0.581936
vt 0.823943 0.656650
vt 0.826527 0.655659
vt 0.822039 0.615275
vt 0.860334 0.601230
vt 0.856983 0.595358
vt 0.846638 0.670079
vt 0.803556 0.597636
vt 0.844773 0.671232
vt 0.610004 0.630796
vt 0.906996 0.510374
vt 0.778610 0.601347
vt 0.811495 0.657737
vt 0.779829 0.600670
vt 0.727809 0.652751
vt 0.724869 0.662399
vt 0.818956 0.516450
vt 0.852254 0.600816
vt 0.621072 0.696837
vt 0.975922 0.588551
vt 0.950624 0.603748
vt 0.663556 0.658051
vt 0.894140 0.631406
vt 0.669500 0.602974
vt 0.893437 0.630280
vt 0.920825 0.616941
vt 0.658707 0.580516
vt 0.948882 0.603984
vt 0.893765 0.630856
vt 0.892816 0.670575
vt 0.842136 0.559451
vt 0.822563 0.512798
vt 0.818894 0.514502
vt 0.202637 0.643662
vt 0.783088 0.583371
vt 0.825390 0.621146
vt 0.818781 0.735342
vt 0.837714 0.721614
vt 0.808315 0.718151
vt 0.824625 0.706325
vt 0.805700 0.596304
vt 0.810276 0.658414
vt 0.665399 0.623545
vt 0.665399 0.623545
vt 0.665399 0.623545
vt 0.665399 0.623545
vt 0.665399 0.623545
vt 0.665399 0.623545
vt 0.665399 0.623545
vt 0.665399 0.623545
vt 0.818794 0.735263
vt 0.824570 0.706389
vt 0.837609 0.721587
vt 0.808362 0.718170
vt 0.819915 0.518178
vt 0.817710 0.517209
vt 0.818669 0.518937
vt 0.853475 0.600139
vt 0.883526 0.657172
vt 0.884746 0.656495
vt 0.619890 0.697432
vt 0.620306 0.695458
vt 0.619124 0.696052
vt 0.975922 0.588551
vt 0.950296 0.603173
vt 0.950296 0.603173
vt 0.976250 0.589127
vt 0.660206 0.652179
vt 0.703562 0.635182
vt 0.700211 0.629311
vt 0.920497 0.616366
vt 0.894140 0.631406
vt 0.920497 0.616366
vt 0.670776 0.602265
vt 0.670443 0.604673
vt 0.671718 0.603965
vt 0.919840 0.615215
vt 0.893765 0.630856
vt 0.920169 0.615791
vt 0.702984 0.608513
vt 0.706654 0.606808
vt 0.699835 0.600758
vt 0.894469 0.631981
vt 0.659937 0.582732
vt 0.657431 0.581223
vt 0.658661 0.583440
vt 0.708260 0.606387
vt 0.611106 0.632781
vt 0.608586 0.631522
vt 0.609688 0.633507
vt 0.906648 0.509810
vt 0.907885 0.509867
vt 0.907538 0.509303
vt 0.949210 0.604560
vt 0.923315 0.618572
vt 0.923644 0.619148
vt 0.920169 0.615791
vt 0.851234 0.597184
vt 0.894875 0.669335
vt 0.853926 0.595539
vt 0.726228 0.653461
vt 0.209649 0.633190
vt 0.203301 0.644064
vt 0.210231 0.633543
vt 0.785619 0.581936
vt 0.823943 0.656650
vt 0.826527 0.655659
vt 0.822039 0.615275
vt 0.860334 0.601230
vt 0.856983 0.595358
vt 0.846638 0.670079
vt 0.803556 0.597636
vt 0.844773 0.671232
vt 0.610004 0.630796
vt 0.906996 0.510374
vt 0.778610 0.601347
vt 0.811495 0.657737
vt 0.779829 0.600670
vt 0.727809 0.652751
vt 0.724869 0.662399
vt 0.818956 0.516450
vt 0.852254 0.600816
vt 0.621072 0.696837
vt 0.975922 0.588551
vt 0.950624 0.603748
vt 0.663556 0.658051
vt 0.894140 0.631406
vt 0.669500 0.602974
vt 0.893437 0.630280
vt 0.920825 0.616941
vt 0.658707 0.580516
vt 0.948882 0.603984
vt 0.893765 0.630856
vt 0.892816 0.670575
vt 0.842136 0.559451
vt 0.822563 0.512798
vt 0.818894 0.514502
vt 0.202637 0.643662
vt 0.783088 0.583371
vt 0.825390 0.621146
vt 0.818781 0.735342
vt 0.837714 0.721614
vt 0.808315 0.718151
vt 0.824625 0.706325
vt 0.805700 0.596304
vt 0.810276 0.658414
vt 0.665399 0.623545
vt 0.665399 0.623545
vt 0.665399 0.623545
vt 0.665399 0.623545
vt 0.665399 0.623545
vt 0.665399 0.623545
vt 0.665399 0.623545
vt 0.665399 0.623545
vt 0.818794 0.735263
vt 0.824570 0.706389
vt 0.837609 0.721587
vt 0.808362 0.718170
vt 0.819915 0.518178
vt 0.817710 0.517209
vt 0.818669 0.518937
vt 0.853475 0.600139
vt 0.883526 0.657172
vt 0.884746 0.656495
vt 0.619890 0.697432
vt 0.620306 0.695458
vt 0.619124 0.696052
vt 0.975922 0.588551
vt 0.950296 0.603173
vt 0.950296 0.603173
vt 0.976250 0.589127
vt 0.660206 0.652179
vt 0.703562 0.635182
vt 0.700211 0.629311
vt 0.920497 0.616366
vt 0.894140 0.631406
vt 0.920497 0.616366
vt 0.670776 0.602265
vt 0.670443 0.604673
vt 0.671718 0.603965
vt 0.919840 0.615215
vt 0.893765 0.630856
vt 0.920169 0.615791
vt 0.702984 0.608513
vt 0.706654 0.606808
vt 0.699835 0.600758
vt 0.894469 0.631981
vt 0.659937 0.582732
vt 0.657431 0.581223
vt 0.658661 0.583440
vt 0.708260 0.606387
vt 0.611106 0.632781
vt 0.608586 0.631522
vt 0.609688 0.633507
vt 0.906648 0.509810
vt 0.907885 0.509867
vt 0.907538 0.509303
vt 0.949210 0.604560
vt 0.923315 0.618572
vt 0.923644 0.619148
vt 0.920169 0.615791
vt 0.851234 0.597184
vt 0.894875 0.669335
vt 0.853926 0.595539
vt 0.726228 0.653461
vt 0.209649 0.633190
vt 0.203301 0.644064
vt 0.210231 0.633543
vt 0.785619 0.581936
vt 0.823943 0.656650
vt 0.826527 0.655659
vt 0.822039 0.615275
vt 0.860334 0.601230
vt 0.856983 0.595358
vt 0.846638 0.670079
vt 0.803556 0.597636
vt 0.844773 0.671232
vt 0.610004 0.630796
vt 0.906996 0.510374
vt 0.778610 0.601347
vt 0.811495 0.657737
vt 0.779829 0.600670
vt 0.727809 0.652751
vt 0.724869 0.662399
vt 0.818956 0.516450
vt 0.852254 0.600816
vt 0.621072 0.696837
vt 0.975922 0.588551
vt 0.950624 0.603748
vt 0.663556 0.658051
vt 0.894140 0.631406
vt 0.669500 0.602974
vt 0.893437 0.630280
vt 0.920825 0.616941
vt 0.658707 0.580516
vt 0.948882 0.603984
vt 0.893765 0.630856
vt 0.892816 0.670575
vt 0.842136 0.559451
vt 0.822563 0.512798
vt 0.818894 0.514502
vt 0.202637 0.643662
vt 0.783088 0.583371
vt 0.825390 0.621146
vt 0.818781 0.735342
vt 0.837714 0.721614
vt 0.808315 0.718151
vt 0.824625 0.706325
vt 0.805700 0.596304
vt 0.810276 0.658414
vt 0.665399 0.623545
vt 0.665399 0.623545
vt 0.665399 0.623545
vt 0.665399 0.623545
vt 0.665399 0.623545
vt 0.665399 0.623545
vt 0.665399 0.623545
vt 0.665399 0.623545
vt 0.818794 0.735263
vt 0.824570 0.706389
vt 0.837609 0.721587
vt 0.808362 0.718170
vt 0.819915 0.518178
vt 0.817710 0.517209
vt 0.818669 0.518937
vt 0.853475 0.600139
vt 0.883526 0.657172
vt 0.884746 0.656495
vt 0.619890 0.697432
vt 0.620306 0.695458
vt 0.619124 0.696052
vt 0.975922 0.588551
vt 0.950296 0.603173
vt 0.950296 0.603173
vt 0.976250 0.589127
vt 0.660206 0.652179
vt 0.703562 0.635182
vt 0.700211 0.629311
vt 0.920497 0.616366
vt 0.894140 0.631406
vt 0.920497 0.616366
vt 0.670776 0.602265
vt 0.670443 0.604673
vt 0.671718 0.603965
vt 0.919840 0.615215
vt 0.893765 0.630856
vt 0.920169 0.615791
vt 0.702984 0.608513
vt 0.706654 0.606808
vt 0.699835 0.600758
vt 0.894469 0.631981
vt 0.659937 0.582732
vt 0.657431 0.581223
vt 0.658661 0.583440
vt 0.708260 0.606387
vt 0.611106 0.632781
vt 0.608586 0.631522
vt 0.609688 0.633507
vt 0.906648 0.509810
vt 0.907885 0.509867
vt 0.907538 0.509303
vt 0.949210 0.604560
vt 0.923315 0.618572
vt 0.923644 0.619148
vt 0.920169 0.615791
vt 0.851234 0.597184
vt 0.894875 0.669335
vt 0.853926 0.595539
vt 0.726228 0.653461
vt 0.209649 0.633190
vt 0.203301 0.644064
vt 0.210231 0.633543
vt 0.785619 0.581936
vt 0.823943 0.656650
vt 0.826527 0.655659
vt 0.822039 0.615275
vt 0.860334 0.601230
vt 0.856983 0.595358
vt 0.846638 0.670079
vt 0.803556 0.597636
vt 0.844773 0.671232
vt 0.610004 0.630796
vt 0.906996 0.510374
vt 0.778610 0.601347
vt 0.811495 0.657737
vt 0.779829 0.600670
vt 0.727809 0.652751
vt 0.724869 0.662399
vt 0.818956 0.516450
vt 0.852254 0.600816
vt 0.621072 0.696837
vt 0.975922 0.588551
vt 0.950624 0.603748
vt 0.663556 0.658051
vt 0.894140 0.631406
vt 0.669500 0.602974
vt 0.893437 0.630280
vt 0.920825 0.616941
vt 0.658707 0.580516
vt 0.948882 0.603984
vt 0.893765 0.630856
vt 0.892816 0.670575
vt 0.842136 0.559451
vt 0.822563 0.512798
vt 0.818894 0.514502
vt 0.202637 0.643662
vt 0.783088 0.583371
vt 0.825390 0.621146
vt 0.818781 0.735342
vt 0.837714 0.721614
vt 0.808315 0.718151
vt 0.824625 0.706325
vt 0.805700 0.596304
vt 0.810276 0.658414
vt 0.665399 0.623545
vt 0.665399 0.623545
vt 0.665399 0.623545
vt 0.665399 0.623545
vt 0.665399 0.623545
vt 0.665399 0.623545
vt 0.665399 0.623545
vt 0.665399 0.623545
vt 0.818794 0.735263
vt 0.824570 0.706389
vt 0.837609 0.721587
vt 0.808362 0.718170
vt 0.819915 0.518178
vt 0.817710 0.517209
vt 0.818669 0.518937
vt 0.853475 0.600139
vt 0.883526 0.657172
vt 0.884746 0.656495
vt 0.619890 0.697432
vt 0.620306 0.695458
vt 0.619124 0.696052
vt 0.975922 0.588551
vt 0.950296 0.603173
vt 0.950296 0.603173
vt 0.976250 0.589127
vt 0.660206 0.652179
vt 0.703562 0.635182
vt 0.700211 0.629311
vt 0.920497 0.616366
vt 0.894140 0.631406
vt 0.920497 0.616366
vt 0.670776 0.602265
vt 0.670443 0.604673
vt 0.671718 0.603965
vt 0.919840 0.615215
vt 0.893765 0.630856
vt 0.920169 0.615791
vt 0.702984 0.608513
vt 0.706654 0.606808
vt 0.699835 0.600758
vt 0.894469 0.631981
vt 0.659937 0.582732
vt 0.657431 0.581223
vt 0.658661 0.583440
vt 0.708260 0.606387
vt 0.611106 0.632781
vt 0.608586 0.631522
vt 0.609688 0.633507
vt 0.906648 0.509810
vt 0.907885 0.509867
vt 0.907538 0.509303
vt 0.949210 0.604560
vt 0.923315 0.618572
vt 0.923644 0.619148
vt 0.920169 0.615791
vt 0.851234 0.597184
vt 0.894875 0.669335
vt 0.853926 0.595539
vt 0.726228 0.653461
vt 0.209649 0.633190
vt 0.203301 0.644064
vt 0.210231 0.633543
vt 0.785619 0.581936
vt 0.823943 0.656650
vt 0.826527 0.655659
vt 0.822039 0.615275
vt 0.860334 0.601230
vt 0.856983 0.595358
vt 0.846638 0.670079
vt 0.803556 0.597636
vt 0.844773 0.671232
vt 0.610004 0.630796
vt 0.906996 0.510374
vt 0.778610 0.601347
vt 0.811495 0.657737
vt 0.779829 0.600670
vt 0.727809 0.652751
vt 0.724869 0.662399
vt 0.818956 0.516450
vt 0.852254 0.600816
vt 0.621072 0.696837
vt 0.975922 0.588551
vt 0.950624 0.603748
vt 0.663556 0.658051
vt 0.894140 0.631406
vt 0.669500 0.602974
vt 0.893437 0.630280
vt 0.920825 0.616941
vt 0.658707 0.580516
vt 0.948882 0.603984
vt 0.893765 0.630856
vt 0.892816 0.670575
vt 0.842136 0.559451
vt 0.822563 0.512798
vt 0.818894 0.514502
vt 0.202637 0.643662
vt 0.783088 0.583371
vt 0.825390 0.621146
vt 0.818781 0.735342
vt 0.837714 0.721614
vt 0.808315 0.718151
vt 0.824625 0.706325
vt 0.805700 0.596304
vt 0.810276 0.658414
vt 0.665399 0.623545
vt 0.665399 0.623545
vt 0.665399 0.623545
vt 0.665399 0.623545
vt 0.665399 0.623545
vt 0.665399 0.623545
vt 0.665399 0.623545
vt 0.665399 0.623545
vt 0.818794 0.735263
vt 0.824570 0.706389
vt 0.837609 0.721587
vt 0.808362 0.718170
vt 0.819915 0.518178
vt 0.817710 0.517209
vt 0.818669 0.518937
vt 0.853475 0.600139
vt 0.883526 0.657172
vt 0.884746 0.656495
vt 0.619890 0.697432
vt 0.620306 0.695458
vt 0.619124 0.696052
vt 0.975922 0.588551
vt 0.950296 0.603173
vt 0.950296 0.603173
vt 0.976250 0.589127
vt 0.660206 0.652179
vt 0.703562 0.635182
vt 0.700211 0.629311
vt 0.920497 0.616366
vt 0.894140 0.631406
vt 0.920497 0.616366
vt 0.670776 0.602265
vt 0.670443 0.604673
vt 0.671718 0.603965
vt 0.919840 0.615215
vt 0.893765 0.630856
vt 0.920169 0.615791
vt 0.702984 0.608513
vt 0.706654 0.606808
vt 0.699835 0.600758
vt 0.894469 0.631981
vt 0.659937 0.582732
vt 0.657431 0.581223
vt 0.658661 0.583440
vt 0.708260 0.606387
vt 0.611106 0.632781
vt 0.608586 0.631522
vt 0.609688 0.633507
vt 0.906648 0.509810
vt 0.907885 0.509867
vt 0.907538 0.509303
vt 0.949210 0.604560
vt 0.923315 0.618572
vt 0.923644 0.619148
vt 0.920169 0.615791
vt 0.851234 0.597184
vt 0.894875 0.669335
vt 0.853926 0.595539
vt 0.726228 0.653461
vt 0.209649 0.633190
vt 0.203301 0.644064
vt 0.210231 0.633543
vt 0.785619 0.581936
vt 0.823943 0.656650
vt 0.826527 0.655659
vt 0.822039 0.615275
vt 0.860334 0.601230
vt 0.856983 0.595358
vt 0.846638 0.670079
vt 0.803556 0.597636
vt 0.844773 0.671232
vt 0.610004 0.630796
vt 0.906996 0.510374
vt 0.778610 0.601347
vt 0.811495 0.657737
vt 0.779829 0.600670
vt 0.727809 0.652751
vt 0.724869 0.662399
vt 0.818956 0.516450
vt 0.852254 0.600816
vt 0.621072 0.696837
vt 0.975922 0.588551
vt 0.950624 0.603748
vt 0.663556 0.658051
vt 0.894140 0.631406
vt 0.669500 0.602974
vt 0.893437 0.630280
vt 0.920825 0.616941
vt 0.658707 0.580516
vt 0.948882 0.603984
vt 0.893765 0.630856
vt 0.892816 0.670575
vt 0.842136 0.559451
vt 0.822563 0.512798
vt 0.818894 0.514502
vt 0.202637 0.643662
vt 0.783088 0.583371
vt 0.825390 0.621146
vt 0.818781 0.735342
vt 0.837714 0.721614
vt 0.808315 0.718151
vt 0.824625 0.706325
vt 0.805700 0.596304
vt 0.810276 0.658414
vt 0.665399 0.623545
vt 0.665399 0.623545
vt 0.665399 0.623545
vt 0.665399 0.623545
vt 0.665399 0.623545
vt 0.665399 0.623545
vt 0.665399 0.623545
vt 0.665399 0.623545
vt 0.818794 0.735263
vt 0.824570 0.706389
vt 0.837609 0.721587
vt 0.808362 0.718170
vt 0.819915 0.518178
vt 0.817710 0.517209
vt 0.818669 0.518937
vt 0.853475 0.600139
vt 0.883526 0.657172
vt 0.884746 0.656495
vt 0.619890 0.697432
vt 0.620306 0.695458
vt 0.619124 0.696052
vt 0.975922 0.588551
vt 0.950296 0.603173
vt 0.950296 0.603173
vt 0.976250 0.589127
vt 0.660206 0.652179
vt 0.703562 0.635182
vt 0.700211 0.629311
vt 0.920497 0.616366
vt 0.894140 0.631406
vt 0.920497 0.616366
vt 0.670776 0.602265
vt 0.670443 0.604673
vt 0.671718 0.603965
vt 0.919840 0.615215
vt 0.893765 0.630856
vt 0.920169 0.615791
vt 0.702984 0.608513
vt 0.706654 0.606808
vt 0.699835 0.600758
vt 0.894469 0.631981
vt 0.659937 0.582732
vt 0.657431 0.581223
vt 0.658661 0.583440
vt 0.708260 0.606387
vt 0.611106 0.632781
vt 0.608586 0.631522
vt 0.609688 0.633507
vt 0.906648 0.509810
vt 0.907885 0.509867
vt 0.907538 0.509303
vt 0.949210 0.604560
vt 0.923315 0.618572
vt 0.923644 0.619148
vt 0.920169 0.615791
vt 0.851234 0.597184
vt 0.894875 0.669335
vt 0.853926 0.595539
vt 0.726228 0.653461
vt 0.209649 0.633190
vt 0.203301 0.644064
vt 0.210231 0.633543
vt 0.785619 0.581936
vt 0.823943 0.656650
vt 0.826527 0.655659
vt 0.822039 0.615275
vt 0.860334 0.601230
vt 0.856983 0.595358
vt 0.846638 0.670079
vt 0.803556 0.597636
vt 0.844773 0.671232
vt 0.610004 0.630796
vt 0.906996 0.510374
vt 0.778610 0.601347
vt 0.811495 0.657737
vt 0.779829 0.600670
vt 0.727809 0.652751
vt 0.724869 0.662399
vt 0.818956 0.516450
vt 0.852254 0.600816
vt 0.621072 0.696837
vt 0.975922 0.588551
vt 0.950624 0.603748
vt 0.663556 0.658051
vt 0.894140 0.631406
vt 0.669500 0.602974
vt 0.893437 0.630280
vt 0.920825 0.616941
vt 0.658707 0.580516
vt 0.948882 0.603984
vt 0.893765 0.630856
vt 0.892816 0.670575
vt 0.842136 0.559451
vt 0.822563 0.512798
vt 0.818894 0.514502
vt 0.202637 0.643662
vt 0.783088 0.583371
vt 0.825390 0.621146
vt 0.818781 0.735342
vt 0.837714 0.721614
vt 0.808315 0.718151
vt 0.824625 0.706325
vt 0.805700 0.596304
vt 0.810276 0.658414
vt 0.665399 0.623545
vt 0.665399 0.623545
vt 0.665399 0.623545
vt 0.665399 0.623545
vt 0.665399 0.623545
vt 0.665399 0.623545
vt 0.665399 0.623545
vt 0.665399 0.623545
vt 0.818794 0.735263
vt 0.824570 0.706389
vt 0.837609 0.721587
vt 0.808362 0.718170
vt 0.819915 0.518178
vt 0.817710 0.517209
vt 0.818669 0.518937
vt 0.853475 0.600139
vt 0.883526 0.657172
vt 0.884746 0.656495
vt 0.619890 0.697432
vt 0.620306 0.695458
vt 0.619124 0.696052
vt 0.975922 0.588551
vt 0.950296 0.603173
vt 0.950296 0.603173
vt 0.976250 0.589127
vt 0.660206 0.652179
vt 0.703562 0.635182
vt 0.700211 0.629311
vt 0.920497 0.616366
vt 0.894140 0.631406
vt 0.920497 0.616366
vt 0.670776 0.602265
vt 0.670443 0.604673
vt 0.671718 0.603965
vt 0.919840 0.615215
vt 0.893765 0.630856
vt 0.920169 0.615791
vt 0.702984 0.608513
vt 0.706654 0.606808
vt 0.699835 0.600758
vt 0.894469 0.631981
vt 0.659937 0.582732
vt 0.657431 0.581223
vt 0.658661 0.583440
vt 0.708260 0.606387
vt 0.611106 0.632781
vt 0.608586 0.631522
vt 0.609688 0.633507
vt 0.906648 0.509810
vt 0.907885 0.509867
vt 0.907538 0.509303
vt 0.949210 0.604560
vt 0.923315 0.618572
vt 0.923644 0.619148
vt 0.920169 0.615791
vt 0.851234 0.597184
vt 0.894875 0.669335
vt 0.853926 0.595539
vt 0.726228 0.653461
vt 0.209649 0.633190
vt 0.203301 0.644064
vt 0.210231 0.633543
vt 0.785619 0.581936
vt 0.823943 0.656650
vt 0.826527 0.655659
vt 0.822039 0.615275
vt 0.860334 0.601230
vt 0.856983 0.595358
vt 0.846638 0.670079
vt 0.803556 0.597636
vt 0.844773 0.671232
vt 0.610004 0.630796
vt 0.906996 0.510374
vt 0.778610 0.601347
vt 0.811495 0.657737
vt 0.779829 0.600670
vt 0.727809 0.652751
vt 0.724869 0.662399
vt 0.818956 0.516450
vt 0.852254 0.600816
vt 0.621072 0.696837
vt 0.975922 0.588551
vt 0.950624 0.603748
vt 0.663556 0.658051
vt 0.894140 0.631406
vt 0.669500 0.602974
vt 0.893437 0.630280
vt 0.920825 0.616941
vt 0.658707 0.580516
vt 0.948882 0.603984
vt 0.893765 0.630856
vt 0.892816 0.670575
vt 0.842136 0.559451
vt 0.822563 0.512798
vt 0.818894 0.514502
vt 0.202637 0.643662
vt 0.783088 0.583371
vt 0.825390 0.621146
vt 0.818781 0.735342
vt 0.837714 0.721614
vt 0.808315 0.718151
vt 0.824625 0.706325
vt 0.805700 0.596304
vt 0.810276 0.658414
vt 0.665399 0.623545
vt 0.665399 0.623545
vt 0.665399 0.623545
vt 0.665399 0.623545
vt 0.665399 0.623545
vt 0.665399 0.623545
vt 0.665399 0.623545
vt 0.665399 0.623545
vt 0.818794 0.735263
vt 0.824570 0.706389
vt 0.837609 0.721587
vt 0.808362 0.718170
vt 0.819915 0.518178
vt 0.817710 0.517209
vt 0.818669 0.518937
vt 0.853475 0.600139
vt 0.883526 0.657172
vt 0.884746 0.656495
vt 0.619890 0.697432
vt 0.620306 0.695458
vt 0.619124 0.696052
vt 0.975922 0.588551
vt 0.950296 0.603173
vt 0.950296 0.603173
vt 0.976250 0.589127
vt 0.660206 0.652179
vt 0.703562 0.635182
vt 0.700211 0.629311
vt 0.920497 0.616366
vt 0.894140 0.631406
vt 0.920497 0.616366
vt 0.670776 0.602265
vt 0.670443 0.604673
vt 0.671718 0.603965
vt 0.919840 0.615215
vt 0.893765 0.630856
vt 0.920169 0.615791
vt 0.702984 0.608513
vt 0.706654 0.606808
vt 0.699835 0.600758
vt 0.894469 0.631981
vt 0.659937 0.582732
vt 0.657431 0.581223
vt 0.658661 0.583440
vt 0.708260 0.606387
vt 0.611106 0.632781
vt 0.608586 0.631522
vt 0.609688 0.633507
vt 0.906648 0.509810
vt 0.907885 0.509867
vt 0.907538 0.509303
vt 0.949210 0.604560
vt 0.923315 0.618572
vt 0.923644 0.619148
vt 0.920169 0.615791
vt 0.851234 0.597184
vt 0.894875 0.669335
vt 0.853926 0.595539
vt 0.726228 0.653461
vt 0.209649 0.633190
vt 0.203301 0.644064
vt 0.210231 0.633543
vt 0.785619 0.581936
vt 0.823943 0.656650
vt 0.826527 0.655659
vt 0.822039 0.615275
vt 0.860334 0.601230
vt 0.856983 0.595358
vt 0.846638 0.670079
vt 0.803556 0.597636
vt 0.844773 0.671232
vt 0.610004 0.630796
vt 0.906996 0.510374
vt 0.778610 0.601347
vt 0.811495 0.657737
vt 0.779829 0.600670
vt 0.727809 0.652751
vt 0.724869 0.662399
vt 0.818956 0.516450
vt 0.852254 0.600816
vt 0.621072 0.696837
vt 0.975922 0.588551
vt 0.950624 0.603748
vt 0.663556 0.658051
vt 0.894140 0.631406
vt 0.669500 0.602974
vt 0.893437 0.630280
vt 0.920825 0.616941
vt 0.658707 0.580516
vt 0.948882 0.603984
vt 0.893765 0.630856
vt 0.892816 0.670575
vt 0.842136 0.559451
vt 0.822563 0.512798
vt 0.818894 0.514502
vt 0.202637 0.643662
vt 0.783088 0.583371
vt 0.825390 0.621146
vt 0.818781 0.735342
vt 0.837714 0.721614
vt 0.808315 0.718151
vt 0.824625 0.706325
vt 0.805700 0.596304
vt 0.810276 0.658414
vt 0.665399 0.623545
vt 0.665399 0.623545
vt 0.665399 0.623545
vt 0.665399 0.623545
vt 0.665399 0.623545
vt 0.665399 0.623545
vt 0.665399 0.623545
vt 0.665399 0.623545
vt 0.818794 0.735263
vt 0.824570 0.706389
vt 0.837609 0.721587
vt 0.808362 0.718170
vt 0.819915 0.518178
vt 0.817710 0.517209
vt 0.818669 0.518937
vt 0.853475 0.600139
vt 0.883526 0.657172
vt 0.884746 0.656495
vt 0.619890 0.697432
vt 0.620306 0.695458
vt 0.619124 0.696052
vt 0.975922 0.588551
vt 0.950296 0.603173
vt 0.950296 0.603173
vt 0.976250 0.589127
vt 0.660206 0.652179
vt 0.703562 0.635182
vt 0.700211 0.629311
vt 0.920497 0.616366
vt 0.894140 0.631406
vt 0.920497 0.616366
vt 0.670776 0.602265
vt 0.670443 0.604673
vt 0.671718 0.603965
vt 0.919840 0.615215
vt 0.893765 0.630856
vt 0.920169 0.615791
vt 0.702984 0.608513
vt 0.706654 0.606808
vt 0.699835 0.600758
vt 0.894469 0.631981
vt 0.659937 0.582732
vt 0.657431 0.581223
vt 0.658661 0.583440
vt 0.708260 0.606387
vt 0.611106 0.632781
vt 0.608586 0.631522
vt 0.609688 0.633507
vt 0.906648 0.509810
vt 0.907885 0.509867
vt 0.907538 0.509303
vt 0.949210 0.604560
vt 0.923315 0.618572
vt 0.923644 0.619148
vt 0.920169 0.615791
vt 0.851234 0.597184
vt 0.894875 0.669335
vt 0.853926 0.595539
vt 0.726228 0.653461
vt 0.209649 0.633190
vt 0.203301 0.644064
vt 0.210231 0.633543
vt 0.785619 0.581936
vt 0.823943 0.656650
vt 0.826527 0.655659
vt 0.822039 0.615275
vt 0.860334 0.601230
vt 0.856983 0.595358
vt 0.846638 0.670079
vt 0.803556 0.597636
vt 0.844773 0.671232
vt 0.610004 0.630796
vt 0.906996 0.510374
vt 0.778610 0.601347
vt 0.811495 0.657737
vt 0.779829 0.600670
vt 0.727809 0.652751
vt 0.724869 0.662399
vt 0.818956 0.516450
vt 0.852254 0.600816
vt 0.621072 0.696837
vt 0.975922 0.588551
vt 0.950624 0.603748
vt 0.663556 0.658051
vt 0.894140 0.631406
vt 0.669500 0.602974
vt 0.893437 0.630280
vt 0.920825 0.616941
vt 0.658707 0.580516
vt 0.948882 0.603984
vt 0.893765 0.630856
vt 0.892816 0.670575
vt 0.842136 0.559451
vt 0.822563 0.512798
vt 0.818894 0.514502
vt 0.202637 0.643662
vt 0.783088 0.583371
vt 0.825390 0.621146
vt 0.818781 0.735342
vt 0.837714 0.721614
vt 0.808315 0.718151
vt 0.824625 0.706325
vt 0.805700 0.596304
vt 0.810276 0.658414
vt 0.665399 0.623545
vt 0.665399 0.623545
vt 0.665399 0.623545
vt 0.665399 0.623545
vt 0.665399 0.623545
vt 0.665399 0.623545
vt 0.665399 0.623545
vt 0.665399 0.623545
vt 0.818794 0.735263
vt 0.824570 0.706389
vt 0.837609 0.721587
vt 0.808362 0.718170
vt 0.819915 0.518178
vt 0.817710 0.517209
vt 0.818669 0.518937
vt 0.853475 0.600139
vt 0.883526 0.657172
vt 0.884746 0.656495
vt 0.619890 0.697432
vt 0.620306 0.695458
vt 0.619124 0.696052
vt 0.975922 0.588551
vt 0.950296 0.603173
vt 0.950296 0.603173
vt 0.976250 0.589127
vt 0.660206 0.652179
vt 0.703562 0.635182
vt 0.700211 0.629311
vt 0.920497 0.616366
vt 0.894140 0.631406
vt 0.920497 0.616366
vt 0.670776 0.602265
vt 0.670443 0.604673
vt 0.671718 0.603965
vt 0.919840 0.615215
vt 0.893765 0.630856
vt 0.920169 0.615791
vt 0.702984 0.608513
vt 0.706654 0.606808
vt 0.699835 0.600758
vt 0.894469 0.631981
vt 0.659937 0.582732
vt 0.657431 0.581223
vt 0.658661 0.583440
vt 0.708260 0.606387
vt 0.611106 0.632781
vt 0.608586 0.631522
vt 0.609688 0.633507
vt 0.906648 0.509810
vt 0.907885 0.509867
vt 0.907538 0.509303
vt 0.949210 0.604560
vt 0.923315 0.618572
vt 0.923644 0.619148
vt 0.920169 0.615791
vt 0.851234 0.597184
vt 0.894875 0.669335
vt 0.853926 0.595539
vt 0.726228 0.653461
vt 0.209649 0.633190
vt 0.203301 0.644064
vt 0.210231 0.633543
vt 0.785619 0.581936
vt 0.823943 0.656650
vt 0.826527 0.655659
vt 0.822039 0.615275
vt 0.860334 0.601230
vt 0.856983 0.595358
vt 0.846638 0.670079
vt 0.803556 0.597636
vt 0.844773 0.671232
vt 0.610004 0.630796
vt 0.906996 0.510374
vt 0.778610 0.601347
vt 0.811495 0.657737
vt 0.779829 0.600670
vt 0.727809 0.652751
vt 0.724869 0.662399
vt 0.818956 0.516450
vt 0.852254 0.600816
vt 0.621072 0.696837
vt 0.975922 0.588551
vt 0.950624 0.603748
vt 0.663556 0.658051
vt 0.894140 0.631406
vt 0.669500 0.602974
vt 0.893437 0.630280
vt 0.920825 0.616941
vt 0.658707 0.580516
vt 0.948882 0.603984
vt 0.893765 0.630856
vt 0.892816 0.670575
vt 0.842136 0.559451
vt 0.822563 0.512798
vt 0.818894 0.514502
vt 0.202637 0.643662
vt 0.783088 0.583371
vt 0.825390 0.621146
vt 0.818781 0.735342
vt 0.837714 0.721614
vt 0.808315 0.718151
vt 0.824625 0.706325
vt 0.805700 0.596304
vt 0.810276 0.658414
vt 0.665399 0.623545
vt 0.665399 0.623545
vt 0.665399 0.623545
vt 0.665399 0.623545
vt 0.665399 0.623545
vt 0.665399 0.623545
vt 0.665399 0.623545
vt 0.665399 0.623545
vt 0.818794 0.735263
vt 0.824570 0.706389
vt 0.837609 0.721587
vt 0.808362 0.718170
vt 0.819915 0.518178
vt 0.817710 0.517209
vt 0.818669 0.518937
vt 0.853475 0.600139
vt 0.883526 0.657172
vt 0.884746 0.656495
vt 0.619890 0.697432
vt 0.620306 0.695458
vt 0.619124 0.696052
vt 0.975922 0.588551
vt 0.950296 0.603173
vt 0.950296 0.603173
vt 0.976250 0.589127
vt 0.660206 0.652179
vt 0.703562 0.635182
vt 0.700211 0.629311
vt 0.920497 0.616366
vt 0.894140 0.631406
vt 0.920497 0.616366
vt 0.670776 0.602265
vt 0.670443 0.604673
vt 0.671718 0.603965
vt 0.919840 0.615215
vt 0.893765 0.630856
vt 0.920169 0.615791
vt 0.702984 0.608513
vt 0.706654 0.606808
vt 0.699835 0.600758
vt 0.894469 0.631981
vt 0.659937 0.582732
vt 0.657431 0.581223
vt 0.658661 0.583440
vt 0.708260 0.606387
vt 0.611106 0.632781
vt 0.608586 0.631522
vt 0.609688 0.633507
vt 0.906648 0.509810
vt 0.907885 0.509867
vt 0.907538 0.509303
vt 0.949210 0.604560
vt 0.923315 0.618572
vt 0.923644 0.619148
vt 0.920169 0.615791
vt 0.851234 0.597184
vt 0.894875 0.669335
vt 0.853926 0.595539
vt 0.726228 0.653461
vt 0.209649 0.633190
vt 0.203301 0.644064
vt 0.210231 0.633543
vt 0.785619 0.581936
vt 0.823943 0.656650
vt 0.826527 0.655659
vt 0.822039 0.615275
vt 0.860334 0.601230
vt 0.856983 0.595358
vt 0.846638 0.670079
vt 0.803556 0.597636
vt 0.844773 0.671232
vt 0.610004 0.630796
vt 0.906996 0.510374
vt 0.778610 0.601347
vt 0.811495 0.657737
vt 0.779829 0.600670
vt 0.727809 0.652751
vt 0.724869 0.662399
vt 0.818956 0.516450
vt 0.852254 0.600816
vt 0.621072 0.696837
vt 0.975922 0.588551
vt 0.950624 0.603748
vt 0.663556 0.658051
vt 0.894140 0.631406
vt 0.669500 0.602974
vt 0.893437 0.630280
vt 0.920825 0.616941
vt 0.658707 0.580516
vt 0.948882 0.603984
vt 0.893765 0.630856
vt 0.892816 0.670575
vt 0.842136 0.559451
vt 0.822563 0.512798
vt 0.818894 0.514502
vt 0.202637 0.643662
vt 0.783088 0.583371
vt 0.825390 0.621146
vt 0.818781 0.735342
vt 0.837714 0.721614
vt 0.808315 0.718151
vt 0.824625 0.706325
vt 0.805700 0.596304
vt 0.810276 0.658414
vt 0.665399 0.623545
vt 0.665399 0.623545
vt 0.665399 0.623545
vt 0.665399 0.623545
vt 0.665399 0.623545
vt 0.665399 0.623545
vt 0.665399 0.623545
vt 0.665399 0.623545
vt 0.818794 0.735263
vt 0.824570 0.706389
vt 0.837609 0.721587
vt 0.808362 0.718170
vt 0.819915 0.518178
vt 0.817710 0.517209
vt 0.818669 0.518937
vt 0.853475 0.600139
vt 0.883526 0.657172
vt 0.884746 0.656495
vt 0.619890 0.697432
vt 0.620306 0.695458
vt 0.619124 0.696052
vt 0.975922 0.588551
vt 0.950296 0.603173
vt 0.950296 0.603173
vt 0.976250 0.589127
vt 0.660206 0.652179
vt 0.703562 0.635182
vt 0.700211 0.629311
vt 0.920497 0.616366
vt 0.894140 0.631406
vt 0.920497 0.616366
vt 0.670776 0.602265
vt 0.670443 0.604673
vt 0.671718 0.603965
vt 0.919840 0.615215
vt 0.893765 0.630856
vt 0.920169 0.615791
vt 0.702984 0.608513
vt 0.706654 0.606808
vt 0.699835 0.600758
vt 0.894469 0.631981
vt 0.659937 0.582732
vt 0.657431 0.581223
vt 0.658661 0.583440
vt 0.708260 0.606387
vt 0.611106 0.632781
vt 0.608586 0.631522
vt 0.609688 0.633507
vt 0.906648 0.509810
vt 0.907885 0.509867
vt 0.907538 0.509303
vt 0.949210 0.604560
vt 0.923315 0.618572
vt 0.923644 0.619148
vt 0.920169 0.615791
vt 0.851234 0.597184
vt 0.894875 0.669335
vt 0.853926 0.595539
vt 0.726228 0.653461
vt 0.209649 0.633190
vt 0.203301 0.644064
vt 0.210231 0.633543
vt 0.785619 0.581936
vt 0.823943 0.656650
vt 0.826527 0.655659
vt 0.822039 0.615275
vt 0.860334 0.601230
vt 0.856983 0.595358
vt 0.846638 0.670079
vt 0.803556 0.597636
vt 0.844773 0.671232
vt 0.610004 0.630796
vt 0.906996 0.510374
vt 0.778610 0.601347
vt 0.811495 0.657737
vt 0.779829 0.600670
vt 0.727809 0.652751
vt 0.724869 0.662399
vt 0.818956 0.516450
vt 0.852254 0.600816
vt 0.621072 0.696837
vt 0.975922 0.588551
vt 0.950624 0.603748
vt 0.663556 0.658051
vt 0.894140 0.631406
vt 0.669500 0.602974
vt 0.893437 0.630280
vt 0.920825 0.616941
vt 0.658707 0.580516
vt 0.948882 0.603984
vt 0.893765 0.630856
vt 0.892816 0.670575
vt 0.842136 0.559451
vt 0.822563 0.512798
vt 0.818894 0.514502
vt 0.202637 0.643662
vt 0.783088 0.583371
vt 0.825390 0.621146
vt 0.818781 0.735342
vt 0.837714 0.721614
vt 0.808315 0.718151
vt 0.824625 0.706325
vt 0.805700 0.596304
vt 0.810276 0.658414
vt 0.665399 0.623545
vt 0.665399 0.623545
vt 0.665399 0.623545
vt 0.665399 0.623545
vt 0.665399 0.623545
vt 0.665399 0.623545
vt 0.665399 0.623545
vt 0.665399 0.623545
vt 0.818794 0.735263
vt 0.824570 0.706389
vt 0.837609 0.721587
vt 0.808362 0.718170
vt 0.819915 0.518178
vt 0.817710 0.517209
vt 0.818669 0.518937
vt 0.853475 0.600139
vt 0.883526 0.657172
vt 0.884746 0.656495
vt 0.619890 0.697432
vt 0.620306 0.695458
vt 0.619124 0.696052
vt 0.975922 0.588551
vt 0.950296 0.603173
vt 0.950296 0.603173
vt 0.976250 0.589127
vt 0.660206 0.652179
vt 0.703562 0.635182
vt 0.700211 0.629311
vt 0.920497 0.616366
vt 0.894140 0.631406
vt 0.920497 0.616366
vt 0.670776 0.602265
vt 0.670443 0.604673
vt 0.671718 0.603965
vt 0.919840 0.615215
vt 0.893765 0.630856
vt 0.920169 0.615791
vt 0.702984 0.608513
vt 0.706654 0.606808
vt 0.699835 0.600758
vt 0.894469 0.631981
vt 0.659937 0.582732
vt 0.657431 0.581223
vt 0.658661 0.583440
vt 0.708260 0.606387
vt 0.611106 0.632781
vt 0.608586 0.631522
vt 0.609688 0.633507
vt 0.906648 0.509810
vt 0.907885 0.509867
vt 0.907538 0.509303
vt 0.949210 0.604560
vt 0.923315 0.618572
vt 0.923644 0.619148
vt 0.920169 0.615791
vt 0.851234 0.597184
vt 0.894875 0.669335
vt 0.853926 0.595539
vt 0.726228 0.653461
vt 0.209649 0.633190
vt 0.203301 0.644064
vt 0.210231 0.633543
vt 0.785619 0.581936
vt 0.823943 0.656650
vt 0.826527 0.655659
vt 0.822039 0.615275
vt 0.860334 0.601230
vt 0.856983 0.595358
vt 0.846638 0.670079
vt 0.803556 0.597636
vt 0.844773 0.671232
vt 0.610004 0.630796
vt 0.906996 0.510374
vt 0.778610 0.601347
vt 0.811495 0.657737
vt 0.779829 0.600670
vt 0.727809 0.652751
vt 0.724869 0.662399
vt 0.818956 0.516450
vt 0.852254 0.600816
vt 0.621072 0.696837
vt 0.975922 0.588551
vt 0.950624 0.603748
vt 0.663556 0.658051
vt 0.894140 0.631406
vt 0.669500 0.602974
vt 0.893437 0.630280
vt 0.920825 0.616941
vt 0.658707 0.580516
vt 0.948882 0.603984
vt 0.893765 0.630856
vt 0.892816 0.670575
vt 0.842136 0.559451
vt 0.822563 0.512798
vt 0.818894 0.514502
vt 0.202637 0.643662
vt 0.783088 0.583371
vt 0.825390 0.621146
vt 0.818781 0.735342
vt 0.837714 0.721614
vt 0.808315 0.718151
vt 0.824625 0.706325
vt 0.805700 0.596304
vt 0.810276 0.658414
vt 0.665399 0.623545
vt 0.665399 0.623545
vt 0.665399 0.623545
vt 0.665399 0.623545
vt 0.665399 0.623545
vt 0.665399 0.623545
vt 0.665399 0.623545
vt 0.665399 0.623545
vt 0.818794 0.735263
vt 0.824570 0.706389
vt 0.837609 0.721587
vt 0.808362 0.718170
vt 0.819915 0.518178
vt 0.817710 0.517209
vt 0.818669 0.518937
vt 0.853475 0.600139
vt 0.883526 0.657172
vt 0.884746 0.656495
vt 0.619890 0.697432
vt 0.620306 0.695458
vt 0.619124 0.696052
vt 0.975922 0.588551
vt 0.950296 0.603173
vt 0.950296 0.603173
vt 0.976250 0.589127
vt 0.660206 0.652179
vt 0.703562 0.635182
vt 0.700211 0.629311
vt 0.920497 0.616366
vt 0.894140 0.631406
vt 0.920497 0.616366
vt 0.670776 0.602265
vt 0.670443 0.604673
vt 0.671718 0.603965
vt 0.919840 0.615215
vt 0.893765 0.630856
vt 0.920169 0.615791
vt 0.702984 0.608513
vt 0.706654 0.606808
vt 0.699835 0.600758
vt 0.894469 0.631981
vt 0.659937 0.582732
vt 0.657431 0.581223
vt 0.658661 0.583440
vt 0.708260 0.606387
vt 0.611106 0.632781
vt 0.608586 0.631522
vt 0.609688 0.633507
vt 0.906648 0.509810
vt 0.907885 0.509867
vt 0.907538 0.509303
vt 0.949210 0.604560
vt 0.923315 0.618572
vt 0.923644 0.619148
vt 0.920169 0.615791
vt 0.851234 0.597184
vt 0.894875 0.669335
vt 0.853926 0.595539
vt 0.726228 0.653461
vt 0.209649 0.633190
vt 0.203301 0.644064
vt 0.210231 0.633543
vt 0.785619 0.581936
vt 0.823943 0.656650
vt 0.826527 0.655659
vt 0.822039 0.615275
vt 0.860334 0.601230
vt 0.856983 0.595358
vt 0.846638 0.670079
vt 0.803556 0.597636
vt 0.844773 0.671232
vt 0.610004 0.630796
vt 0.906996 0.510374
vt 0.778610 0.601347
vt 0.811495 0.657737
vt 0.779829 0.600670
vt 0.727809 0.652751
vt 0.724869 0.662399
vt 0.818956 0.516450
vt 0.852254 0.600816
vt 0.621072 0.696837
vt 0.975922 0.588551
vt 0.950624 0.603748
vt 0.663556 0.658051
vt 0.894140 0.631406
vt 0.669500 0.602974
vt 0.893437 0.630280
vt 0.920825 0.616941
vt 0.658707 0.580516
vt 0.948882 0.603984
vt 0.893765 0.630856
vt 0.892816 0.670575
vt 0.842136 0.559451
vt 0.822563 0.512798
vt 0.818894 0.514502
vt 0.202637 0.643662
vt 0.783088 0.583371
vt 0.825390 0.621146
vt 0.818781 0.735342
vt 0.837714 0.721614
vt 0.808315 0.718151
vt 0.824625 0.706325
vt 0.805700 0.596304
vt 0.810276 0.658414
vt 0.665399 0.623545
vt 0.665399 0.623545
vt 0.665399 0.623545
vt 0.665399 0.623545
vt 0.665399 0.623545
vt 0.665399 0.623545
vt 0.665399 0.623545
vt 0.665399 0.623545
vt 0.818794 0.735263
vt 0.824570 0.706389
vt 0.837609 0.721587
vt 0.808362 0.718170
vt 0.819915 0.518178
vt 0.817710 0.517209
vt 0.818669 0.518937
vt 0.853475 0.600139
vt 0.883526 0.657172
vt 0.884746 0.656495
vt 0.619890 0.697432
vt 0.620306 0.695458
vt 0.619124 0.696052
vt 0.975922 0.588551
vt 0.950296 0.603173
vt 0.950296 0.603173
vt 0.976250 0.589127
vt 0.660206 0.652179
vt 0.703562 0.635182
vt 0.700211 0.629311
vt 0.920497 0.616366
vt 0.894140 0.631406
vt 0.920497 0.616366
vt 0.670776 0.602265
vt 0.670443 0.604673
vt 0.671718 0.603965
vt 0.919840 0.615215
vt 0.893765 0.630856
vt 0.920169 0.615791
vt 0.702984 0.608513
vt 0.706654 0.606808
vt 0.699835 0.600758
vt 0.894469 0.631981
vt 0.659937 0.582732
vt 0.657431 0.581223
vt 0.658661 0.583440
vt 0.708260 0.606387
vt 0.611106 0.632781
vt 0.608586 0.631522
vt 0.609688 0.633507
vt 0.906648 0.509810
vt 0.907885 0.509867
vt 0.907538 0.509303
vt 0.949210 0.604560
vt 0.923315 0.618572
vt 0.923644 0.619148
vt 0.920169 0.615791
vt 0.851234 0.597184
vt 0.894875 0.669335
vt 0.853926 0.595539
vt 0.726228 0.653461
vt 0.209649 0.633190
vt 0.203301 0.644064
vt 0.210231 0.633543
vt 0.785619 0.581936
vt 0.823943 0.656650
vt 0.826527 0.655659
vt 0.822039 0.615275
vt 0.860334 0.601230
vt 0.856983 0.595358
vt 0.846638 0.670079
vt 0.803556 0.597636
vt 0.844773 0.671232
vt 0.610004 0.630796
vt 0.906996 0.510374
vt 0.778610 0.601347
vt 0.811495 0.657737
vt 0.779829 0.600670
vt 0.727809 0.652751
vt 0.724869 0.662399
vt 0.818956 0.516450
vt 0.852254 0.600816
vt 0.621072 0.696837
vt 0.975922 0.588551
vt 0.950624 0.603748
vt 0.663556 0.658051
vt 0.894140 0.631406
vt 0.669500 0.602974
vt 0.893437 0.630280
vt 0.920825 0.616941
vt 0.658707 0.580516
vt 0.948882 0.603984
vt 0.893765 0.630856
vt 0.892816 0.670575
vt 0.842136 0.559451
vt 0.822563 0.512798
vt 0.818894 0.514502
vt 0.202637 0.643662
vt 0.783088 0.583371
vt 0.825390 0.621146
vt 0.818781 0.735342
vt 0.837714 0.721614
vt 0.808315 0.718151
vt 0.824625 0.706325
vt 0.805700 0.596304
vt 0.810276 0.658414
vt 0.665399 0.623545
vt 0.665399 0.623545
vt 0.665399 0.623545
vt 0.665399 0.623545
vt 0.665399 0.623545
vt 0.665399 0.623545
vt 0.665399 0.623545
vt 0.665399 0.623545
vt 0.818794 0.735263
vt 0.824570 0.706389
vt 0.837609 0.721587
vt 0.808362 0.718170
vt 0.819915 0.518178
vt 0.817710 0.517209
vt 0.818669 0.518937
vt 0.853475 0.600139
vt 0.883526 0.657172
vt 0.884746 0.656495
vt 0.619890 0.697432
vt 0.620306 0.695458
vt 0.619124 0.696052
vt 0.975922 0.588551
vt 0.950296 0.603173
vt 0.950296 0.603173
vt 0.976250 0.589127
vt 0.660206 0.652179
vt 0.703562 0.635182
vt 0.700211 0.629311
vt 0.920497 0.616366
vt 0.894140 0.631406
vt 0.920497 0.616366
vt 0.670776 0.602265
vt 0.670443 0.604673
vt 0.671718 0.603965
vt 0.919840 0.615215
vt 0.893765 0.630856
vt 0.920169 0.615791
vt 0.702984 0.608513
vt 0.706654 0.606808
vt 0.699835 0.600758
vt 0.894469 0.631981
vt 0.659937 0.582732
vt 0.657431 0.581223
vt 0.658661 0.583440
vt 0.708260 0.606387
vt 0.611106 0.632781
vt 0.608586 0.631522
vt 0.609688 0.633507
vt 0.906648 0.509810
vt 0.907885 0.509867
vt 0.907538 0.509303
vt 0.949210 0.604560
vt 0.923315 0.618572
vt 0.923644 0.619148
vt 0.920169 0.615791
vt 0.851234 0.597184
vt 0.894875 0.669335
vt 0.853926 0.595539
vt 0.726228 0.653461
vt 0.209649 0.633190
vt 0.203301 0.644064
vt 0.210231 0.633543
vt 0.785619 0.581936
vt 0.823943 0.656650
vt 0.826527 0.655659
vt 0.822039 0.615275
vt 0.860334 0.601230
vt 0.856983 0.595358
vt 0.846638 0.670079
vt 0.803556 0.597636
vt 0.844773 0.671232
vt 0.610004 0.630796
vt 0.906996 0.510374
vt 0.778610 0.601347
vt 0.811495 0.657737
vt 0.779829 0.600670
vt 0.727809 0.652751
vt 0.724869 0.662399
vt 0.818956 0.516450
vt 0.852254 0.600816
vt 0.621072 0.696837
vt 0.975922 0.588551
vt 0.950624 0.603748
vt 0.663556 0.658051
vt 0.894140 0.631406
vt 0.669500 0.602974
vt 0.893437 0.630280
vt 0.920825 0.616941
vt 0.658707 0.580516
vt 0.948882 0.603984
vt 0.893765 0.630856
vt 0.892816 0.670575
vt 0.842136 0.559451
vt 0.822563 0.512798
vt 0.818894 0.514502
vt 0.202637 0.643662
vt 0.783088 0.583371
vt 0.825390 0.621146
vt 0.818781 0.735342
vt 0.837714 0.721614
vt 0.808315 0.718151
vt 0.824625 0.706325
vt 0.805700 0.596304
vt 0.810276 0.658414
vt 0.665399 0.623545
vt 0.665399 0.623545
vt 0.665399 0.623545
vt 0.665399 0.623545
vt 0.665399 0.623545
vt 0.665399 0.623545
vt 0.665399 0.623545
vt 0.665399 0.623545
vt 0.818794 0.735263
vt 0.824570 0.706389
vt 0.837609 0.721587
vt 0.808362 0.718170
vt 0.819915 0.518178
vt 0.817710 0.517209
vt 0.818669 0.518937
vt 0.853475 0.600139
vt 0.883526 0.657172
vt 0.884746 0.656495
vt 0.619890 0.697432
vt 0.620306 0.695458
vt 0.619124 0.696052
vt 0.975922 0.588551
vt 0.950296 0.603173
vt 0.950296 0.603173
vt 0.976250 0.589127
vt 0.660206 0.652179
vt 0.703562 0.635182
vt 0.700211 0.629311
vt 0.920497 0.616366
vt 0.894140 0.631406
vt 0.920497 0.616366
vt 0.670776 0.602265
vt 0.670443 0.604673
vt 0.671718 0.603965
vt 0.919840 0.615215
vt 0.893765 0.630856
vt 0.920169 0.615791
vt 0.702984 0.608513
vt 0.706654 0.606808
vt 0.699835 0.600758
vt 0.894469 0.631981
vt 0.659937 0.582732
vt 0.657431 0.581223
vt 0.658661 0.583440
vt 0.708260 0.606387
vt 0.611106 0.632781
vt 0.608586 0.631522
vt 0.609688 0.633507
vt 0.906648 0.509810
vt 0.907885 0.509867
vt 0.907538 0.509303
vt 0.949210 0.604560
vt 0.923315 0.618572
vt 0.923644 0.619148
vt 0.920169 0.615791
vt 0.851234 0.597184
vt 0.894875 0.669335
vt 0.853926 0.595539
vt 0.726228 0.653461
vt 0.209649 0.633190
vt 0.203301 0.644064
vt 0.210231 0.633543
vt 0.785619 0.581936
vt 0.823943 0.656650
vt 0.826527 0.655659
vt 0.822039 0.615275
vt 0.860334 0.601230
vt 0.856983 0.595358
vt 0.846638 0.670079
vt 0.803556 0.597636
vt 0.844773 0.671232
vt 0.610004 0.630796
vt 0.906996 0.510374
vt 0.778610 0.601347
vt 0.811495 0.657737
vt 0.779829 0.600670
vt 0.727809 0.652751
vt 0.724869 0.662399
vt 0.818956 0.516450
vt 0.852254 0.600816
vt 0.621072 0.696837
vt 0.975922 0.588551
vt 0.950624 0.603748
vt 0.663556 0.658051
vt 0.894140 0.631406
vt 0.669500 0.602974
vt 0.893437 0.630280
vt 0.920825 0.616941
vt 0.658707 0.580516
vt 0.948882 0.603984
vt 0.893765 0.630856
vt 0.892816 0.670575
vt 0.842136 0.559451
vt 0.822563 0.512798
vt 0.818894 0.514502
vt 0.202637 0.643662
vt 0.783088 0.583371
vt 0.825390 0.621146
vt 0.818781 0.735342
vt 0.837714 0.721614
vt 0.808315 0.718151
vt 0.824625 0.706325
vt 0.805700 0.596304
vt 0.810276 0.658414
vt 0.665399 0.623545
vt 0.665399 0.623545
vt 0.665399 0.623545
vt 0.665399 0.623545
vt 0.665399 0.623545
vt 0.665399 0.623545
vt 0.665399 0.623545
vt 0.665399 0.623545
vt 0.818794 0.735263
vt 0.824570 0.706389
vt 0.837609 0.721587
vt 0.808362 0.718170
vt 0.819915 0.518178
vt 0.817710 0.517209
vt 0.818669 0.518937
vt 0.853475 0.600139
vt 0.883526 0.657172
vt 0.884746 0.656495
vt 0.619890 0.697432
vt 0.620306 0.695458
vt 0.619124 0.696052
vt 0.975922 0.588551
vt 0.950296 0.603173
vt 0.950296 0.603173
vt 0.976250 0.589127
vt 0.660206 0.652179
vt 0.703562 0.635182
vt 0.700211 0.629311
vt 0.920497 0.616366
vt 0.894140 0.631406
vt 0.920497 0.616366
vt 0.670776 0.602265
vt 0.670443 0.604673
vt 0.671718 0.603965
vt 0.919840 0.615215
vt 0.893765 0.630856
vt 0.920169 0.615791
vt 0.702984 0.608513
vt 0.706654 0.606808
vt 0.699835 0.600758
vt 0.894469 0.631981
vt 0.659937 0.582732
vt 0.657431 0.581223
vt 0.658661 0.583440
vt 0.708260 0.606387
vt 0.611106 0.632781
vt 0.608586 0.631522
vt 0.609688 0.633507
vt 0.906648 0.509810
vt 0.907885 0.509867
vt 0.907538 0.509303
vt 0.949210 0.604560
vt 0.923315 0.618572
vt 0.923644 0.619148
vt 0.920169 0.615791
vt 0.851234 0.597184
vt 0.894875 0.669335
vt 0.853926 0.595539
vt 0.726228 0.653461
vt 0.209649 0.633190
vt 0.203301 0.644064
vt 0.210231 0.633543
vt 0.785619 0.581936
vt 0.823943 0.656650
vt 0.826527 0.655659
vt 0.822039 0.615275
vt 0.860334 0.601230
vt 0.856983 0.595358
vt 0.846638 0.670079
vt 0.803556 0.597636
vt 0.844773 0.671232
vt 0.610004 0.630796
vt 0.906996 0.510374
vt 0.778610 0.601347
vt 0.811495 0.657737
vt 0.779829 0.600670
vt 0.727809 0.652751
vt 0.724869 0.662399
vt 0.818956 0.516450
vt 0.852254 0.600816
vt 0.621072 0.696837
vt 0.975922 0.588551
vt 0.950624 0.603748
vt 0.663556 0.658051
vt 0.894140 0.631406
vt 0.669500 0.602974
vt 0.893437 0.630280
vt 0.920825 0.616941
vt 0.658707 0.580516
vt 0.948882 0.603984
vt 0.893765 0.630856
vt 0.892816 0.670575
vt 0.842136 0.559451
vt 0.822563 0.512798
vt 0.818894 0.514502
vt 0.202637 0.643662
vt 0.783088 0.583371
vt 0.825390 0.621146
vt 0.818781 0.735342
vt 0.837714 0.721614
vt 0.808315 0.718151
vt 0.824625 0.706325
vt 0.805700 0.596304
vt 0.810276 0.658414
vt 0.665399 0.623545
vt 0.665399 0.623545
vt 0.665399 0.623545
vt 0.665399 0.623545
vt 0.665399 0.623545
vt 0.665399 0.623545
vt 0.665399 0.623545
vt 0.665399 0.623545
vt 0.818794 0.735263
vt 0.824570 0.706389
vt 0.837609 0.721587
vt 0.808362 0.718170
vt 0.819915 0.518178
vt 0.817710 0.517209
vt 0.818669 0.518937
vt 0.853475 0.600139
vt 0.883526 0.657172
vt 0.884746 0.656495
vt 0.619890 0.697432
vt 0.620306 0.695458
vt 0.619124 0.696052
vt 0.975922 0.588551
vt 0.950296 0.603173
vt 0.950296 0.603173
vt 0.976250 0.589127
vt 0.660206 0.652179
vt 0.703562 0.635182
vt 0.700211 0.629311
vt 0.920497 0.616366
vt 0.894140 0.631406
vt 0.920497 0.616366
vt 0.670776 0.602265
vt 0.670443 0.604673
vt 0.671718 0.603965
vt 0.919840 0.615215
vt 0.893765 0.630856
vt 0.920169 0.615791
vt 0.702984 0.608513
vt 0.706654 0.606808
vt 0.699835 0.600758
vt 0.894469 0.631981
vt 0.659937 0.582732
vt 0.657431 0.581223
vt 0.658661 0.583440
vt 0.708260 0.606387
vt 0.611106 0.632781
vt 0.608586 0.631522
vt 0.609688 0.633507
vt 0.906648 0.509810
vt 0.907885 0.509867
vt 0.907538 0.509303
vt 0.949210 0.604560
vt 0.923315 0.618572
vt 0.923644 0.619148
vt 0.920169 0.615791
vt 0.851234 0.597184
vt 0.894875 0.669335
vt 0.853926 0.595539
vt 0.726228 0.653461
vt 0.209649 0.633190
vt 0.203301 0.644064
vt 0.210231 0.633543
vt 0.785619 0.581936
vt 0.823943 0.656650
vt 0.826527 0.655659
vt 0.822039 0.615275
vt 0.860334 0.601230
vt 0.856983 0.595358
vt 0.846638 0.670079
vt 0.803556 0.597636
vt 0.844773 0.671232
vt 0.610004 0.630796
vt 0.906996 0.510374
vt 0.778610 0.601347
vt 0.811495 0.657737
vt 0.779829 0.600670
vt 0.727809 0.652751
vt 0.724869 0.662399
vt 0.818956 0.516450
vt 0.852254 0.600816
vt 0.621072 0.696837
vt 0.975922 0.588551
vt 0.950624 0.603748
vt 0.663556 0.658051
vt 0.894140 0.631406
vt 0.669500 0.602974
vt 0.893437 0.630280
vt 0.920825 0.616941
vt 0.658707 0.580516
vt 0.948882 0.603984
vt 0.893765 0.630856
vt 0.892816 0.670575
vt 0.842136 0.559451
vt 0.822563 0.512798
vt 0.818894 0.514502
vt 0.202637 0.643662
vt 0.783088 0.583371
vt 0.825390 0.621146
vt 0.818781 0.735342
vt 0.837714 0.721614
vt 0.808315 0.718151
vt 0.824625 0.706325
vt 0.805700 0.596304
vt 0.810276 0.658414
vt 0.665399 0.623545
vt 0.665399 0.623545
vt 0.665399 0.623545
vt 0.665399 0.623545
vt 0.665399 0.623545
vt 0.665399 0.623545
vt 0.665399 0.623545
vt 0.665399 0.623545
vt 0.818794 0.735263
vt 0.824570 0.706389
vt 0.837609 0.721587
vt 0.808362 0.718170
vt 0.819915 0.518178
vt 0.817710 0.517209
vt 0.818669 0.518937
vt 0.853475 0.600139
vt 0.883526 0.657172
vt 0.884746 0.656495
vt 0.619890 0.697432
vt 0.620306 0.695458
vt 0.619124 0.696052
vt 0.975922 0.588551
vt 0.950296 0.603173
vt 0.950296 0.603173
vt 0.976250 0.589127
vt 0.660206 0.652179
vt 0.703562 0.635182
vt 0.700211 0.629311
vt 0.920497 0.616366
vt 0.894140 0.631406
vt 0.920497 0.616366
vt 0.670776 0.602265
vt 0.670443 0.604673
vt 0.671718 0.603965
vt 0.919840 0.615215
vt 0.893765 0.630856
vt 0.920169 0.615791
vt 0.702984 0.608513
vt 0.706654 0.606808
vt 0.699835 0.600758
vt 0.894469 0.631981
vt 0.659937 0.582732
vt 0.657431 0.581223
vt 0.658661 0.583440
vt 0.708260 0.606387
vt 0.611106 0.632781
vt 0.608586 0.631522
vt 0.609688 0.633507
vt 0.906648 0.509810
vt 0.907885 0.509867
vt 0.907538 0.509303
vt 0.949210 0.604560
vt 0.923315 0.618572
vt 0.923644 0.619148
vt 0.920169 0.615791
vt 0.851234 0.597184
vt 0.894875 0.669335
vt 0.853926 0.595539
vt 0.726228 0.653461
vt 0.209649 0.633190
vt 0.203301 0.644064
vt 0.210231 0.633543
vt 0.785619 0.581936
vt 0.823943 0.656650
vt 0.826527 0.655659
vt 0.822039 0.615275
vt 0.860334 0.601230
vt 0.856983 0.595358
vt 0.846638 0.670079
vt 0.803556 0.597636
vt 0.844773 0.671232
vt 0.610004 0.630796
vt 0.906996 0.510374
vt 0.778610 0.601347
vt 0.811495 0.657737
vt 0.779829 0.600670
vt 0.727809 0.652751
vt 0.724869 0.662399
vt 0.818956 0.516450
vt 0.852254 0.600816
vt 0.621072 0.696837
vt 0.975922 0.588551
vt 0.950624 0.603748
vt 0.663556 0.658051
vt 0.894140 0.631406
vt 0.669500 0.602974
vt 0.893437 0.630280
vt 0.920825 0.616941
vt 0.658707 0.580516
vt 0.948882 0.603984
vt 0.893765 0.630856
vt 0.892816 0.670575
vt 0.842136 0.559451
vt 0.822563 0.512798
vt 0.818894 0.514502
vt 0.202637 0.643662
vt 0.783088 0.583371
vt 0.825390 0.621146
vt 0.818781 0.735342
vt 0.837714 0.721614
vt 0.808315 0.718151
vt 0.824625 0.706325
vt 0.805700 0.596304
vt 0.810276 0.658414
vt 0.665399 0.623545
vt 0.665399 0.623545
vt 0.665399 0.623545
vt 0.665399 0.623545
vt 0.665399 0.623545
vt 0.665399 0.623545
vt 0.665399 0.623545
vt 0.665399 0.623545
vt 0.818794 0.735263
vt 0.824570 0.706389
vt 0.837609 0.721587
vt 0.808362 0.718170
vt 0.819915 0.518178
vt 0.817710 0.517209
vt 0.818669 0.518937
vt 0.853475 0.600139
vt 0.883526 0.657172
vt 0.884746 0.656495
vt 0.619890 0.697432
vt 0.620306 0.695458
vt 0.619124 0.696052
vt 0.975922 0.588551
vt 0.950296 0.603173
vt 0.950296 0.603173
vt 0.976250 0.589127
vt 0.660206 0.652179
vt 0.703562 0.635182
vt 0.700211 0.629311
vt 0.920497 0.616366
vt 0.894140 0.631406
vt 0.920497 0.616366
vt 0.670776 0.602265
vt 0.670443 0.604673
vt 0.671718 0.603965
vt 0.919840 0.615215
vt 0.893765 0.630856
vt 0.920169 0.615791
vt 0.702984 0.608513
vt 0.706654 0.606808
vt 0.699835 0.600758
vt 0.894469 0.631981
vt 0.659937 0.582732
vt 0.657431 0.581223
vt 0.658661 0.583440
vt 0.708260 0.606387
vt 0.611106 0.632781
vt 0.608586 0.631522
vt 0.609688 0.633507
vt 0.906648 0.509810
vt 0.907885 0.509867
vt 0.907538 0.509303
vt 0.949210 0.604560
vt 0.923315 0.618572
vt 0.923644 0.619148
vt 0.920169 0.615791
vt 0.851234 0.597184
vt 0.894875 0.669335
vt 0.853926 0.595539
vt 0.726228 0.653461
vt 0.209649 0.633190
vt 0.203301 0.644064
vt 0.210231 0.633543
vt 0.785619 0.581936
vt 0.823943 0.656650
vt 0.826527 0.655659
vt 0.822039 0.615275
vt 0.860334 0.601230
vt 0.856983 0.595358
vt 0.846638 0.670079
vt 0.803556 0.597636
vt 0.844773 0.671232
vt 0.610004 0.630796
vt 0.906996 0.510374
vt 0.778610 0.601347
vt 0.811495 0.657737
vt 0.779829 0.600670
vt 0.727809 0.652751
vt 0.724869 0.662399
vt 0.818956 0.516450
vt 0.852254 0.600816
vt 0.621072 0.696837
vt 0.975922 0.588551
vt 0.950624 0.603748
vt 0.663556 0.658051
vt 0.894140 0.631406
vt 0.669500 0.602974
vt 0.893437 0.630280
vt 0.920825 0.616941
vt 0.658707 0.580516
vt 0.948882 0.603984
vt 0.893765 0.630856
vt 0.892816 0.670575
vt 0.842136 0.559451
vt 0.822563 0.512798
vt 0.818894 0.514502
vt 0.202637 0.643662
vt 0.783088 0.583371
vt 0.825390 0.621146
vt 0.818781 0.735342
vt 0.837714 0.721614
vt 0.808315 0.718151
vt 0.824625 0.706325
vt 0.805700 0.596304
vt 0.810276 0.658414
vt 0.665399 0.623545
vt 0.665399 0.623545
vt 0.665399 0.623545
vt 0.665399 0.623545
vt 0.665399 0.623545
vt 0.665399 0.623545
vt 0.665399 0.623545
vt 0.665399 0.623545
vt 0.818794 0.735263
vt 0.824570 0.706389
vt 0.837609 0.721587
vt 0.808362 0.718170
vt 0.819915 0.518178
vt 0.817710 0.517209
vt 0.818669 0.518937
vt 0.853475 0.600139
vt 0.883526 0.657172
vt 0.884746 0.656495
vt 0.619890 0.697432
vt 0.620306 0.695458
vt 0.619124 0.696052
vt 0.975922 0.588551
vt 0.950296 0.603173
vt 0.950296 0.603173
vt 0.976250 0.589127
vt 0.660206 0.652179
vt 0.703562 0.635182
vt 0.700211 0.629311
vt 0.920497 0.616366
vt 0.894140 0.631406
vt 0.920497 0.616366
vt 0.670776 0.602265
vt 0.670443 0.604673
vt 0.671718 0.603965
vt 0.919840 0.615215
vt 0.893765 0.630856
vt 0.920169 0.615791
vt 0.702984 0.608513
vt 0.706654 0.606808
vt 0.699835 0.600758
vt 0.894469 0.631981
vt 0.659937 0.582732
vt 0.657431 0.581223
vt 0.658661 0.583440
vt 0.708260 0.606387
vt 0.611106 0.632781
vt 0.608586 0.631522
vt 0.609688 0.633507
vt 0.906648 0.509810
vt 0.907885 0.509867
vt 0.907538 0.509303
vt 0.949210 0.604560
vt 0.923315 0.618572
vt 0.923644 0.619148
vt 0.920169 0.615791
vt 0.851234 0.597184
vt 0.894875 0.669335
vt 0.853926 0.595539
vt 0.726228 0.653461
vt 0.209649 0.633190
vt 0.203301 0.644064
vt 0.210231 0.633543
vt 0.785619 0.581936
vt 0.823943 0.656650
vt 0.826527 0.655659
vt 0.822039 0.615275
vt 0.860334 0.601230
vt 0.856983 0.595358
vt 0.846638 0.670079
vt 0.803556 0.597636
vt 0.844773 0.671232
vt 0.610004 0.630796
vt 0.906996 0.510374
vt 0.778610 0.601347
vt 0.811495 0.657737
vt 0.779829 0.600670
vt 0.727809 0.652751
vt 0.724869 0.662399
vt 0.818956 0.516450
vt 0.852254 0.600816
vt 0.621072 0.696837
vt 0.975922 0.588551
vt 0.950624 0.603748
vt 0.663556 0.658051
vt 0.894140 0.631406
vt 0.669500 0.602974
vt 0.893437 0.630280
vt 0.920825 0.616941
vt 0.658707 0.580516
vt 0.948882 0.603984
vt 0.893765 0.630856
vt 0.892816 0.670575
vt 0.842136 0.559451
vt 0.822563 0.512798
vt 0.818894 0.514502
vt 0.202637 0.643662
vt 0.783088 0.583371
vt 0.825390 0.621146
vt 0.818781 0.735342
vt 0.837714 0.721614
vt 0.808315 0.718151
vt 0.824625 0.706325
vt 0.805700 0.596304
vt 0.810276 0.658414
vt 0.665399 0.623545
vt 0.665399 0.623545
vt 0.665399 0.623545
vt 0.665399 0.623545
vt 0.665399 0.623545
vt 0.665399 0.623545
vt 0.665399 0.623545
vt 0.665399 0.623545
vt 0.818794 0.735263
vt 0.824570 0.706389
vt 0.837609 0.721587
vt 0.808362 0.718170
vt 0.819915 0.518178
vt 0.817710 0.517209
vt 0.818669 0.518937
vt 0.853475 0.600139
vt 0.883526 0.657172
vt 0.884746 0.656495
vt 0.619890 0.697432
vt 0.620306 0.695458
vt 0.619124 0.696052
vt 0.975922 0.588551
vt 0.950296 0.603173
vt 0.950296 0.603173
vt 0.976250 0.589127
vt 0.660206 0.652179
vt 0.703562 0.635182
vt 0.700211 0.629311
vt 0.920497 0.616366
vt 0.894140 0.631406
vt 0.920497 0.616366
vt 0.670776 0.602265
vt 0.670443 0.604673
vt 0.671718 0.603965
vt 0.919840 0.615215
vt 0.893765 0.630856
vt 0.920169 0.615791
vt 0.702984 0.608513
vt 0.706654 0.606808
vt 0.699835 0.600758
vt 0.894469 0.631981
vt 0.659937 0.582732
vt 0.657431 0.581223
vt 0.658661 0.583440
vt 0.708260 0.606387
vt 0.611106 0.632781
vt 0.608586 0.631522
vt 0.609688 0.633507
vt 0.906648 0.509810
vt 0.907885 0.509867
vt 0.907538 0.509303
vt 0.949210 0.604560
vt 0.923315 0.618572
vt 0.923644 0.619148
vt 0.920169 0.615791
vt 0.851234 0.597184
vt 0.894875 0.669335
vt 0.853926 0.595539
vt 0.726228 0.653461
vt 0.209649 0.633190
vt 0.203301 0.644064
vt 0.210231 0.633543
vt 0.785619 0.581936
vt 0.823943 0.656650
vt 0.826527 0.655659
vt 0.822039 0.615275
vt 0.860334 0.601230
vt 0.856983 0.595358
vt 0.846638 0.670079
vt 0.803556 0.597636
vt 0.844773 0.671232
vt 0.610004 0.630796
vt 0.906996 0.510374
vt 0.778610 0.601347
vt 0.811495 0.657737
vt 0.779829 0.600670
vt 0.727809 0.652751
vt 0.724869 0.662399
vt 0.818956 0.516450
vt 0.852254 0.600816
vt 0.621072 0.696837
vt 0.975922 0.588551
vt 0.950624 0.603748
vt 0.663556 0.658051
vt 0.894140 0.631406
vt 0.669500 0.602974
vt 0.893437 0.630280
vt 0.920825 0.616941
vt 0.658707 0.580516
vt 0.948882 0.603984
vt 0.893765 0.630856
vt 0.892816 0.670575
vt 0.842136 0.559451
vt 0.822563 0.512798
vt 0.818894 0.514502
vt 0.202637 0.643662
vt 0.783088 0.583371
vt 0.825390 0.621146
vt 0.818781 0.735342
vt 0.837714 0.721614
vt 0.808315 0.718151
vt 0.824625 0.706325
vt 0.805700 0.596304
vt 0.810276 0.658414
vt 0.665399 0.623545
vt 0.665399 0.623545
vt 0.665399 0.623545
vt 0.665399 0.623545
vt 0.665399 0.623545
vt 0.665399 0.623545
vt 0.665399 0.623545
vt 0.665399 0.623545
vt 0.818794 0.735263
vt 0.824570 0.706389
vt 0.837609 0.721587
vt 0.808362 0.718170
vn 0.0179 0.9637 0.2663
vn -0.9972 -0.0754 -0.0000
vn -0.0205 -0.9637 -0.2663
vn 0.9963 -0.0837 0.0204
vn 0.9963 -0.0837 0.0200
vn -0.9962 0.0837 0.0256
vn 0.0001 0.0877 0.9962
vn 0.0006 1.0000 0.0000
vn 0.0004 0.7270 0.6866
vn -0.9959 0.0880 -0.0204
vn -0.9959 0.0880 -0.0201
vn 0.0884 -0.9961 0.0003
vn 0.0886 -0.9961 -0.0000
vn 0.9969 -0.0756 -0.0233
vn 0.9969 -0.0756 -0.0234
vn -0.0241 0.3128 0.9495
vn 0.9958 -0.0880 -0.0268
vn -0.0943 0.9955 0.0001
vn 0.7631 0.4790 0.4339
vn -0.0180 -0.9637 -0.2664
vn -0.0087 0.9925 0.1221
vn -0.0454 0.9838 0.1733
vn -0.1062 0.9584 0.2651
vn -0.9973 0.0734 -0.0002
vn -0.9969 0.0755 -0.0204
vn -0.0000 -0.0000 1.0000
vn 0.8270 -0.0624 0.5587
vn -0.0341 0.0030 0.9994
vn -0.0345 0.0031 0.9994
vn -0.0305 0.0028 0.9995
vn -0.0301 0.0027 0.9995
vn -0.0006 -1.0000 0.0000
vn -0.0368 0.0033 0.9993
vn -0.0368 0.0032 0.9993
vn -0.1926 -0.9813 -0.0002
vn -0.0234 0.9923 0.1215
vn 0.0553 0.9985 0.0003
vn -0.0572 0.9830 0.1745
vn 0.9978 0.0658 0.0002
vn 0.6032 -0.6445 0.4699
vn 0.0180 0.9637 0.2663
vn -0.0204 -0.9637 -0.2663
vn 0.0884 -0.9961 -0.0002
vn -0.0942 0.9956 0.0002
vn -0.0350 0.0031 0.9994
vn 0.8109 -0.0594 0.5822
vn 0.0000 0.0000 -1.0000
vn -0.0286 -0.9996 0.0010
vn 0.0265 0.9996 -0.0017
vn 0.0265 0.9996 -0.0012
vn 0.0265 0.9996 -0.0011
vn -0.0285 -0.9996 0.0010
vn 0.0264 0.9996 -0.0017
vn -0.1369 0.9541 0.2663
vn -0.9721 -0.2344 -0.0000
vn 0.1343 -0.9545 -0.2663
vn 0.9968 0.0772 0.0204
vn 0.9968 0.0772 0.0200
vn -0.9967 -0.0771 0.0256
vn -0.0140 0.0865 0.9962
vn -0.1598 0.9871 0.0000
vn -0.1162 0.7177 0.6866
vn -0.9971 -0.0729 -0.0204
vn -0.9971 -0.0728 -0.0201
vn 0.2470 -0.9690 0.0003
vn 0.2472 -0.9690 -0.0000
vn 0.9961 0.0853 -0.0233
vn 0.9961 0.0853 -0.0234
vn -0.0740 0.3049 0.9495
vn 0.9970 0.0729 -0.0268
vn -0.2527 0.9675 0.0001
vn -0.2528 0.9675 0.0000
vn 0.6764 0.5952 0.4339
vn 0.1368 -0.9541 -0.2663
vn -0.1677 0.9782 0.1222
vn -0.2026 0.9638 0.1734
vn -0.2585 0.9289 0.2651
vn -0.9962 -0.0875 -0.0002
vn -0.9961 -0.0853 -0.0204
vn 0.8263 0.0710 0.5587
vn -0.0342 -0.0025 0.9994
vn -0.0345 -0.0025 0.9994
vn -0.0305 -0.0021 0.9995
vn -0.0302 -0.0021 0.9995
vn 0.1598 -0.9871 0.0000
vn -0.0369 -0.0027 0.9993
vn -0.0368 -0.0027 0.9993
vn -0.0327 -0.9995 -0.0002
vn -0.1823 0.9757 0.1214
vn -0.1055 0.9944 0.0002
vn -0.2141 0.9611 0.1745
vn 0.9744 0.2250 0.0002
vn 0.6987 -0.5394 0.4699
vn -0.1369 0.9541 0.2662
vn 0.1344 -0.9545 -0.2662
vn 0.2470 -0.9690 -0.0003
vn -0.2527 0.9676 0.0003
vn -0.0351 -0.0025 0.9994
vn 0.8099 0.0715 0.5822
vn 0.1321 -0.9912 0.0005
vn -0.1342 0.9910 -0.0017
vn -0.1342 0.9910 -0.0009
vn -0.1342 0.9910 -0.0011
vn 0.1322 -0.9912 0.0010
vn -0.1342 0.9909 -0.0014
vn -0.2882 0.9198 0.2663
vn -0.9220 -0.3873 -0.0000
vn 0.2857 -0.9206 -0.2663
vn 0.9715 0.2360 0.0204
vn 0.9715 0.2360 0.0200
vn -0.9714 -0.2360 0.0256
vn -0.0277 0.0832 0.9962
vn -0.3161 0.9487 0.0000
vn -0.2298 0.6898 0.6866
vn -0.9725 -0.2319 -0.0204
vn -0.9725 -0.2319 -0.0203
vn -0.9725 -0.2318 -0.0201
vn 0.3992 -0.9168 0.0003
vn 0.3994 -0.9168 -0.0000
vn 0.9695 0.2440 -0.0233
vn -0.1219 0.2890 0.9495
vn 0.9724 0.2319 -0.0268
vn -0.4046 0.9145 0.0001
vn -0.4047 0.9145 0.0000
vn 0.5722 0.6960 0.4339
vn 0.2880 -0.9198 -0.2663
vn -0.3225 0.9387 0.1222
vn -0.3546 0.9188 0.1734
vn -0.4041 0.8754 0.2651
vn -0.9692 -0.2462 -0.0002
vn -0.9696 -0.2440 -0.0204
vn -0.9696 -0.2440 -0.0205
vn 0.8042 0.2027 0.5587
vn -0.0333 -0.0079 0.9994
vn -0.0337 -0.0080 0.9994
vn -0.0298 -0.0070 0.9995
vn -0.0294 -0.0069 0.9995
vn 0.3161 -0.9487 0.0000
vn -0.0359 -0.0086 0.9993
vn 0.1280 -0.9918 -0.0002
vn -0.3365 0.9338 0.1215
vn -0.2637 0.9646 0.0003
vn -0.3655 0.9143 0.1745
vn 0.9257 0.3783 0.0002
vn 0.7762 -0.4203 0.4699
vn -0.2881 0.9198 0.2664
vn 0.2858 -0.9206 -0.2662
vn 0.3993 -0.9168 -0.0002
vn -0.4046 0.9145 0.0003
vn -0.0342 -0.0081 0.9994
vn 0.7880 0.2005 0.5821
vn 0.2894 -0.9572 0.0006
vn -0.2914 0.9566 -0.0013
vn -0.2914 0.9566 -0.0012
vn -0.2914 0.9566 -0.0007
vn 0.2894 -0.9572 0.0015
vn -0.2914 0.9566 -0.0018
vn -0.4320 0.8617 0.2663
vn -0.4320 0.8617 0.2662
vn -0.8479 -0.5301 -0.0000
vn 0.4296 -0.8628 -0.2663
vn 0.9211 0.3888 0.0203
vn 0.9211 0.3888 0.0200
vn -0.9210 -0.3888 0.0256
vn -0.0407 0.0776 0.9962
vn -0.4642 0.8857 0.0000
vn -0.3375 0.6440 0.6866
vn -0.9227 -0.3849 -0.0205
vn -0.9228 -0.3848 -0.0201
vn 0.5411 -0.8409 0.0003
vn 0.5413 -0.8408 -0.0000
vn 0.9178 0.3963 -0.0233
vn -0.1667 0.2658 0.9495
vn 0.9226 0.3848 -0.0268
vn -0.5461 0.8377 0.0001
vn -0.5461 0.8377 0.0000
vn 0.4531 0.7787 0.4339
vn 0.4318 -0.8617 -0.2663
vn -0.4689 0.8748 0.1222
vn -0.4974 0.8500 0.1734
vn -0.5393 0.7993 0.2651
vn -0.9172 -0.3984 -0.0002
vn -0.9179 -0.3964 -0.0204
vn -0.9179 -0.3964 -0.0203
vn 0.7613 0.3290 0.5587
vn -0.0316 -0.0132 0.9994
vn -0.0319 -0.0133 0.9994
vn -0.0283 -0.0117 0.9995
vn -0.0279 -0.0116 0.9995
vn 0.4642 -0.8857 0.0000
vn -0.0341 -0.0142 0.9993
vn 0.2855 -0.9584 -0.0003
vn -0.4818 0.8678 0.1214
vn -0.4150 0.9098 0.0002
vn -0.5074 0.8439 0.1745
vn 0.8530 0.5219 0.0002
vn 0.8336 -0.2904 0.4699
vn -0.4319 0.8617 0.2663
vn 0.4297 -0.8628 -0.2662
vn 0.5411 -0.8409 -0.0003
vn 0.9178 0.3963 -0.0234
vn -0.5460 0.8378 0.0003
vn -0.0325 -0.0135 0.9994
vn 0.7456 0.3243 0.5822
vn 0.4392 -0.8984 0.0007
vn -0.4411 0.8975 -0.0013
vn -0.4411 0.8975 -0.0014
vn -0.4411 0.8975 -0.0007
vn 0.4392 -0.8984 0.0010
vn -0.4411 0.8975 -0.0020
vn -0.5646 0.7812 0.2663
vn -0.5646 0.7812 0.2662
vn -0.7519 -0.6593 -0.0000
vn 0.5624 -0.7828 -0.2663
vn 0.8468 0.5315 0.0203
vn 0.8468 0.5315 0.0201
vn -0.8467 -0.5315 0.0256
vn -0.0526 0.0701 0.9962
vn -0.6002 0.7998 0.0000
vn -0.4364 0.5815 0.6866
vn -0.8491 -0.5279 -0.0206
vn -0.8491 -0.5279 -0.0203
vn -0.8491 -0.5279 -0.0202
vn 0.6690 -0.7433 0.0003
vn 0.6691 -0.7431 -0.0000
vn 0.8424 0.5384 -0.0233
vn 0.8424 0.5384 -0.0234
vn -0.2072 0.2356 0.9495
vn 0.8489 0.5278 -0.0268
vn -0.6734 0.7393 0.0001
vn -0.6734 0.7393 0.0000
vn 0.3223 0.8413 0.4339
vn 0.5645 -0.7813 -0.2664
vn -0.6031 0.7882 0.1222
vn -0.6273 0.7593 0.1733
vn -0.6606 0.7024 0.2651
vn -0.8414 -0.5404 -0.0002
vn -0.8424 -0.5385 -0.0204
vn -0.8424 -0.5385 -0.0203
vn 0.6987 0.4469 0.5587
vn -0.0291 -0.0181 0.9994
vn -0.0294 -0.0183 0.9994
vn -0.0260 -0.0161 0.9995
vn -0.0257 -0.0159 0.9995
vn 0.6002 -0.7998 0.0000
vn -0.0314 -0.0195 0.9993
vn 0.4355 -0.9002 -0.0002
vn -0.6148 0.7793 0.1215
vn -0.5556 0.8315 0.0003
vn -0.6362 0.7515 0.1745
vn 0.7582 0.6520 0.0002
vn 0.8694 -0.1529 0.4699
vn -0.5645 0.7812 0.2664
vn 0.5625 -0.7827 -0.2662
vn 0.6690 -0.7432 -0.0003
vn -0.6733 0.7393 0.0003
vn -0.0299 -0.0185 0.9994
vn 0.6840 0.4397 0.5821
vn 0.5776 -0.8163 0.0005
vn -0.5793 0.8151 -0.0020
vn -0.5793 0.8151 -0.0008
vn -0.5793 0.8151 -0.0015
vn 0.5777 -0.8163 0.0010
vn -0.5793 0.8151 -0.0014
vn -0.6826 0.6806 0.2663
vn -0.6826 0.6805 0.2663
vn -0.6364 -0.7713 -0.0000
vn 0.6807 -0.6824 -0.2663
vn 0.7506 0.6605 0.0206
vn 0.7506 0.6605 0.0201
vn -0.7505 -0.6604 0.0256
vn -0.0632 0.0608 0.9962
vn -0.7208 0.6932 0.0000
vn -0.5240 0.5040 0.6866
vn -0.7534 -0.6573 -0.0204
vn -0.7534 -0.6573 -0.0202
vn -0.7534 -0.6572 -0.0200
vn 0.7796 -0.6263 0.0003
vn 0.7797 -0.6262 -0.0000
vn 0.7451 0.6666 -0.0233
vn 0.7451 0.6666 -0.0234
vn -0.2423 0.1993 0.9495
vn 0.7533 0.6572 -0.0268
vn -0.7833 0.6217 0.0001
vn -0.7832 0.6217 0.0002
vn -0.7833 0.6217 0.0000
vn 0.1832 0.8821 0.4339
vn 0.6825 -0.6806 -0.2664
vn -0.7217 0.6813 0.1222
vn -0.7409 0.6488 0.1734
vn -0.7647 0.5874 0.2651
vn -0.7438 -0.6684 -0.0002
vn -0.7451 -0.6666 -0.0204
vn -0.7451 -0.6666 -0.0205
vn 0.6179 0.5532 0.5587
vn -0.0258 -0.0225 0.9994
vn -0.0261 -0.0227 0.9994
vn -0.0231 -0.0200 0.9995
vn -0.0228 -0.0198 0.9995
vn 0.7208 -0.6932 0.0000
vn -0.0278 -0.0243 0.9993
vn 0.5742 -0.8187 -0.0002
vn -0.7318 0.6706 0.1214
vn -0.6817 0.7316 0.0002
vn -0.7485 0.6398 0.1745
vn 0.6438 0.7652 0.0002
vn 0.6438 0.7652 0.0003
vn 0.8826 -0.0115 0.4699
vn -0.6825 0.6806 0.2663
vn 0.6808 -0.6824 -0.2662
vn 0.7796 -0.6263 -0.0002
vn -0.7832 0.6218 0.0003
vn -0.7438 -0.6684 -0.0001
vn -0.0265 -0.0231 0.9994
vn 0.6046 0.5437 0.5821
vn 0.7011 -0.7131 0.0006
vn -0.7026 0.7116 -0.0015
vn -0.7026 0.7116 -0.0010
vn -0.7026 0.7116 -0.0009
vn 0.7011 -0.7131 0.0010
vn -0.7026 0.7116 -0.0016
vn -0.7829 0.5623 0.2663
vn -0.7829 0.5623 0.2662
vn -0.5045 -0.8634 -0.0000
vn 0.7814 -0.5644 -0.2663
vn 0.6349 0.7723 0.0204
vn 0.6349 0.7723 0.0200
vn -0.6349 -0.7722 0.0256
vn -0.0721 0.0498 0.9962
vn -0.8226 0.5686 0.0000
vn -0.5981 0.4134 0.6866
vn -0.6382 -0.7696 -0.0204
vn -0.6383 -0.7696 -0.0200
vn 0.8699 -0.4932 0.0003
vn 0.8700 -0.4930 -0.0000
vn 0.6285 0.7774 -0.0233
vn 0.6285 0.7774 -0.0234
vn -0.2711 0.1578 0.9495
vn 0.6381 0.7695 -0.0268
vn -0.8728 0.4880 0.0001
vn -0.8729 0.4880 0.0000
vn 0.0394 0.9001 0.4339
vn 0.7828 -0.5624 -0.2663
vn -0.8217 0.5567 0.1222
vn -0.8354 0.5216 0.1734
vn -0.8490 0.4571 0.2651
vn -0.6270 -0.7790 -0.0003
vn -0.6286 -0.7775 -0.0204
vn -0.6286 -0.7775 -0.0205
vn 0.5212 0.6451 0.5587
vn -0.0219 -0.0264 0.9994
vn -0.0221 -0.0266 0.9994
vn -0.0219 -0.0263 0.9994
vn -0.0196 -0.0235 0.9995
vn -0.0194 -0.0232 0.9995
vn 0.8226 -0.5686 0.0000
vn -0.0236 -0.0284 0.9993
vn 0.6981 -0.7160 -0.0002
vn -0.8299 0.5445 0.1215
vn -0.7902 0.6128 0.0003
vn -0.8414 0.5114 0.1745
vn 0.5128 0.8585 0.0002
vn 0.5128 0.8585 0.0003
vn 0.8731 0.1302 0.4699
vn 0.7814 -0.5644 -0.2662
vn 0.8699 -0.4932 -0.0003
vn -0.8728 0.4881 0.0003
vn -0.6270 -0.7790 -0.0002
vn -0.0225 -0.0270 0.9994
vn 0.5096 0.6336 0.5821
vn 0.8064 -0.5914 0.0005
vn -0.8076 0.5897 -0.0018
vn -0.8076 0.5897 -0.0011
vn -0.8076 0.5897 -0.0013
vn 0.8064 -0.5914 0.0013
vn -0.8076 0.5897 -0.0016
vn -0.8630 0.4294 0.2663
vn -0.8629 0.4294 0.2663
vn -0.3594 -0.9332 -0.0000
vn 0.8618 -0.4318 -0.2663
vn 0.5028 0.8642 0.0204
vn 0.5028 0.8642 0.0200
vn -0.5028 -0.8640 0.0256
vn -0.0792 0.0376 0.9962
vn -0.9032 0.4293 0.0000
vn -0.6566 0.3121 0.6866
vn -0.5065 -0.8620 -0.0206
vn -0.5065 -0.8620 -0.0203
vn -0.5066 -0.8620 -0.0202
vn 0.9378 -0.3472 0.0003
vn 0.9378 -0.3471 -0.0000
vn 0.4957 0.8682 -0.0233
vn 0.4957 0.8682 -0.0234
vn -0.2929 0.1123 0.9495
vn 0.5064 0.8619 -0.0268
vn -0.9398 0.3417 0.0001
vn -0.9398 0.3416 0.0000
vn -0.1055 0.8948 0.4339
vn 0.8629 -0.4295 -0.2663
vn -0.9003 0.4177 0.1222
vn -0.9083 0.3808 0.1733
vn -0.9113 0.3150 0.2651
vn -0.4939 -0.8695 -0.0002
vn -0.4957 -0.8682 -0.0204
vn -0.4957 -0.8682 -0.0206
vn 0.4110 0.7204 0.5587
vn -0.0174 -0.0295 0.9994
vn -0.0175 -0.0298 0.9994
vn -0.0156 -0.0263 0.9995
vn -0.0154 -0.0260 0.9995
vn 0.9032 -0.4293 0.0000
vn -0.0187 -0.0319 0.9993
vn -0.0187 -0.0318 0.9993
vn 0.8040 -0.5947 -0.0002
vn -0.9065 0.4043 0.1215
vn -0.8783 0.4781 0.0003
vn -0.9126 0.3698 0.1745
vn 0.3684 0.9297 0.0002
vn 0.8409 0.2686 0.4699
vn 0.8618 -0.4317 -0.2662
vn 0.9378 -0.3473 -0.0003
vn -0.9398 0.3418 0.0003
vn -0.0178 -0.0303 0.9994
vn 0.4013 0.7071 0.5822
vn 0.8908 -0.4544 0.0006
vn -0.8917 0.4525 -0.0018
vn -0.8917 0.4526 -0.0010
vn -0.8917 0.4525 -0.0013
vn 0.8908 -0.4544 0.0011
vn -0.8918 0.4525 -0.0015
vn -0.9207 0.2854 0.2663
vn -0.2051 -0.9787 -0.0000
vn 0.9199 -0.2879 -0.2663
vn 0.3577 0.9336 0.0204
vn 0.3577 0.9336 0.0199
vn -0.3577 -0.9335 0.0256
vn -0.0842 0.0244 0.9962
vn -0.9603 0.2789 0.0000
vn -0.6982 0.2028 0.6866
vn -0.3617 -0.9321 -0.0204
vn -0.3617 -0.9321 -0.0200
vn 0.9813 -0.1924 0.0003
vn 0.9814 -0.1922 -0.0000
vn 0.3500 0.9365 -0.0233
vn 0.3500 0.9365 -0.0234
vn -0.3071 0.0639 0.9495
vn 0.3616 0.9319 -0.0268
vn -0.9825 0.1865 0.0001
vn -0.9825 0.1864 0.0000
vn -0.2477 0.8663 0.4339
vn 0.9206 -0.2856 -0.2663
vn -0.9557 0.2679 0.1222
vn -0.9576 0.2302 0.1734
vn -0.9500 0.1648 0.2651
vn -0.3481 -0.9375 -0.0002
vn -0.3500 -0.9365 -0.0204
vn -0.3500 -0.9365 -0.0205
vn 0.2901 0.7770 0.5587
vn -0.0124 -0.0319 0.9994
vn -0.0125 -0.0322 0.9994
vn -0.0111 -0.0285 0.9995
vn -0.0110 -0.0282 0.9995
vn 0.9603 -0.2789 0.0000
vn -0.0134 -0.0344 0.9993
vn 0.8889 -0.4581 -0.0002
vn -0.9596 0.2537 0.1215
vn -0.9436 0.3310 0.0003
vn -0.9601 0.2187 0.1745
vn 0.2145 0.9767 0.0002
vn 0.7869 0.4000 0.4699
vn -0.9206 0.2854 0.2663
vn 0.9199 -0.2878 -0.2662
vn 0.9813 -0.1923 -0.0002
vn -0.9824 0.1866 0.0003
vn -0.0127 -0.0328 0.9994
vn 0.2827 0.7623 0.5822
vn -0.0125 -0.0323 0.9994
vn -0.0112 -0.0285 0.9995
vn 0.9521 -0.3057 0.0006
vn -0.9528 0.3037 -0.0017
vn -0.9528 0.3037 -0.0009
vn -0.9528 0.3037 -0.0011
vn 0.9522 -0.3056 0.0013
vn -0.9528 0.3036 -0.0014
vn -0.9545 0.1341 0.2663
vn -0.0455 -0.9990 -0.0000
vn 0.9541 -0.1367 -0.2663
vn 0.2033 0.9789 0.0204
vn 0.2033 0.9789 0.0200
vn -0.2033 -0.9788 0.0256
vn -0.0870 0.0106 0.9962
vn -0.9926 0.1212 0.0000
vn -0.7217 0.0881 0.6866
vn -0.2075 -0.9780 -0.0204
vn -0.2076 -0.9780 -0.0201
vn 0.9995 -0.0325 0.0003
vn 0.9995 -0.0323 -0.0000
vn 0.1953 0.9805 -0.0233
vn 0.1953 0.9805 -0.0234
vn -0.3134 0.0138 0.9495
vn 0.2075 0.9779 -0.0268
vn -0.9996 0.0266 0.0001
vn -0.9996 0.0265 0.0000
vn -0.3834 0.8153 0.4339
vn 0.9545 -0.1342 -0.2663
vn -0.9863 0.1112 0.1222
vn -0.9821 0.0737 0.1734
vn -0.9642 0.0103 0.2651
vn -0.1932 -0.9812 -0.0002
vn -0.1953 -0.9805 -0.0204
vn 0.1617 0.8134 0.5587
vn -0.0071 -0.0335 0.9994
vn -0.0072 -0.0338 0.9994
vn -0.0064 -0.0299 0.9995
vn -0.0064 -0.0296 0.9995
vn 0.9926 -0.1212 0.0000
vn -0.0077 -0.0361 0.9993
vn 0.9509 -0.3096 -0.0002
vn -0.9879 0.0965 0.1215
vn -0.9845 0.1754 0.0003
vn -0.9827 0.0618 0.1745
vn 0.0551 0.9985 0.0002
vn 0.7126 0.5210 0.4699
vn 0.9542 -0.1366 -0.2662
vn 0.9995 -0.0324 -0.0002
vn -0.9996 0.0266 0.0003
vn -0.0073 -0.0344 0.9994
vn 0.1568 0.7978 0.5822
vn -0.0072 -0.0339 0.9994
vn 0.9888 -0.1490 0.0005
vn -0.9891 0.1469 -0.0018
vn -0.9892 0.1469 -0.0010
vn -0.9891 0.1469 -0.0012
vn 0.9889 -0.1489 0.0011
vn -0.9892 0.1469 -0.0016
vn -0.9637 -0.0208 0.2663
vn 0.1154 -0.9933 -0.0000
vn 0.9637 0.0181 -0.2663
vn 0.0437 0.9988 0.0204
vn 0.0437 0.9988 0.0200
vn -0.0437 -0.9987 0.0256
vn -0.0876 -0.0035 0.9962
vn -0.9992 -0.0395 0.0000
vn -0.7265 -0.0288 0.6866
vn -0.0479 -0.9986 -0.0204
vn -0.0479 -0.9986 -0.0203
vn -0.0480 -0.9986 -0.0201
vn 0.9917 0.1283 0.0003
vn 0.9917 0.1284 -0.0000
vn 0.0355 0.9991 -0.0233
vn 0.0355 0.9991 -0.0234
vn -0.3116 -0.0367 0.9495
vn 0.0479 0.9985 -0.0268
vn -0.9910 -0.1341 0.0001
vn -0.9910 -0.1342 0.0000
vn -0.5092 0.7433 0.4339
vn 0.9637 0.0206 -0.2664
vn -0.9913 -0.0485 0.1222
vn -0.9812 -0.0848 0.1733
vn -0.9533 -0.1445 0.2651
vn -0.0333 -0.9994 -0.0002
vn -0.0355 -0.9992 -0.0204
vn 0.0292 0.8288 0.5587
vn -0.0017 -0.0342 0.9994
vn -0.0017 -0.0346 0.9994
vn -0.0016 -0.0305 0.9995
vn -0.0015 -0.0302 0.9995
vn 0.9992 0.0395 0.0000
vn -0.0018 -0.0369 0.9993
vn 0.9882 -0.1531 -0.0002
vn -0.9906 -0.0632 0.1215
vn -0.9999 0.0153 0.0003
vn -0.9799 -0.0965 0.1745
vn -0.1058 0.9944 0.0002
vn 0.6198 0.6285 0.4699
vn -0.9637 -0.0208 0.2664
vn 0.9637 0.0182 -0.2662
vn 0.9917 0.1283 -0.0002
vn -0.9910 -0.1341 0.0003
vn -0.0017 -0.0351 0.9994
vn 0.0268 0.8126 0.5822
vn -0.0016 -0.0306 0.9995
vn 0.9999 0.0116 0.0006
vn -0.9999 -0.0136 -0.0018
vn -0.9999 -0.0137 -0.0010
vn -0.9999 -0.0136 -0.0012
vn 0.9999 0.0116 0.0010
vn -0.9999 -0.0137 -0.0016
vn -0.9479 -0.1750 0.2663
vn -0.9479 -0.1751 0.2663
vn 0.2732 -0.9620 -0.0000
vn 0.9483 0.1725 -0.2663
vn -0.1171 0.9929 0.0204
vn -0.1171 0.9929 0.0200
vn 0.1171 -0.9928 0.0256
vn -0.0859 -0.0175 0.9962
vn -0.9799 -0.1993 0.0000
vn -0.7124 -0.1449 0.6866
vn 0.1129 -0.9934 -0.0204
vn 0.1129 -0.9934 -0.0203
vn 0.1128 -0.9934 -0.0201
vn 0.9583 0.2857 0.0003
vn 0.9583 0.2859 -0.0000
vn -0.1252 0.9919 -0.0233
vn -0.3016 -0.0862 0.9495
vn -0.1128 0.9933 -0.0268
vn -0.9566 -0.2914 0.0001
vn -0.9566 -0.2914 0.0000
vn -0.6218 0.6520 0.4339
vn 0.9479 0.1750 -0.2664
vn -0.9707 -0.2069 0.1221
vn -0.9549 -0.2412 0.1733
vn -0.9178 -0.2956 0.2651
vn 0.1274 -0.9918 -0.0002
vn 0.1253 -0.9919 -0.0204
vn -0.1041 0.8228 0.5587
vn 0.0038 -0.0340 0.9994
vn 0.0039 -0.0344 0.9994
vn 0.0034 -0.0304 0.9995
vn 0.0033 -0.0301 0.9995
vn 0.9799 0.1993 0.0000
vn 0.0042 -0.0367 0.9993
vn 1.0000 0.0075 -0.0002
vn -0.9676 -0.2213 0.1215
vn -0.9894 -0.1454 0.0003
vn -0.9517 -0.2525 0.1745
vn -0.2639 0.9646 0.0002
vn 0.5109 0.7198 0.4699
vn 0.9483 0.1727 -0.2662
vn 0.9583 0.2857 -0.0003
vn -0.9567 -0.2912 0.0003
vn 0.0039 -0.0349 0.9994
vn -0.1039 0.8064 0.5822
vn 0.9851 0.1718 0.0005
vn -0.9848 -0.1739 -0.0018
vn -0.9848 -0.1738 -0.0009
vn -0.9848 -0.1739 -0.0013
vn 0.9851 0.1718 0.0014
vn -0.9848 -0.1739 -0.0015
vn -0.9075 -0.3248 0.2663
vn 0.4240 -0.9057 -0.0000
vn 0.9084 0.3223 -0.2663
vn -0.2748 0.9613 0.0204
vn -0.2748 0.9613 0.0201
vn 0.2748 -0.9612 0.0256
vn -0.0820 -0.0310 0.9962
vn -0.9353 -0.3539 0.0000
vn -0.6800 -0.2573 0.6866
vn 0.2707 -0.9624 -0.0204
vn 0.2707 -0.9624 -0.0205
vn 0.2707 -0.9625 -0.0200
vn 0.9001 0.4357 0.0003
vn 0.9000 0.4359 -0.0000
vn -0.2827 0.9589 -0.0233
vn -0.2827 0.9589 -0.0234
vn -0.2839 -0.1334 0.9495
vn -0.2707 0.9623 -0.0268
vn -0.8975 -0.4410 0.0001
vn -0.8975 -0.4410 0.0000
vn -0.7184 0.5438 0.4339
vn 0.9075 0.3247 -0.2664
vn -0.9250 -0.3599 0.1222
vn -0.9038 -0.3912 0.1733
vn -0.8585 -0.4390 0.2651
vn 0.2849 -0.9586 -0.0002
vn 0.2827 -0.9590 -0.0206
vn 0.2827 -0.9590 -0.0203
vn -0.2348 0.7954 0.5587
vn 0.0092 -0.0330 0.9994
vn 0.0094 -0.0333 0.9994
vn 0.0082 -0.0295 0.9995
vn 0.0081 -0.0291 0.9995
vn 0.9353 0.3539 0.0000
vn 0.0100 -0.0356 0.9993
vn 0.0100 -0.0355 0.9993
vn 0.9858 0.1678 -0.0002
vn -0.9196 -0.3737 0.1215
vn -0.9532 -0.3022 0.0003
vn -0.8989 -0.4019 0.1745
vn -0.4152 0.9097 0.0002
vn -0.4152 0.9097 0.0003
vn 0.3889 0.7924 0.4699
vn 0.9084 0.3225 -0.2662
vn 0.9001 0.4357 -0.0003
vn -0.8975 -0.4410 0.0003
vn 0.0095 -0.0338 0.9994
vn -0.2319 0.7793 0.5822
vn 0.9448 0.3276 0.0005
vn -0.9441 -0.3296 -0.0018
vn -0.9441 -0.3295 -0.0009
vn -0.9441 -0.3296 -0.0012
vn 0.9448 0.3276 0.0011
vn -0.9441 -0.3296 -0.0015
vn -0.8436 -0.4662 0.2663
vn -0.8436 -0.4663 0.2662
vn 0.5637 -0.8260 -0.0000
vn 0.8449 0.4639 -0.2663
vn -0.4255 0.9047 0.0204
vn -0.4255 0.9047 0.0199
vn 0.4254 -0.9046 0.0256
vn -0.0759 -0.0438 0.9962
vn -0.8664 -0.4993 0.0000
vn -0.6299 -0.3630 0.6866
vn 0.4216 -0.9065 -0.0204
vn 0.4216 -0.9066 -0.0204
vn 0.4216 -0.9066 -0.0200
vn 0.8185 0.5744 0.0003
vn 0.8184 0.5746 -0.0000
vn -0.4328 0.9012 -0.0233
vn -0.2588 -0.1772 0.9495
vn -0.4215 0.9064 -0.0268
vn -0.8151 -0.5793 0.0001
vn -0.8151 -0.5793 0.0002
vn -0.8151 -0.5793 0.0000
vn -0.7963 0.4215 0.4339
vn 0.8437 0.4661 -0.2663
vn -0.8553 -0.5036 0.1222
vn -0.8294 -0.5311 0.1734
vn -0.7770 -0.5710 0.2651
vn 0.4349 -0.9005 -0.0002
vn 0.4329 -0.9012 -0.0202
vn 0.4329 -0.9012 -0.0206
vn -0.3593 0.7475 0.5587
vn 0.0144 -0.0311 0.9994
vn 0.0146 -0.0314 0.9994
vn 0.0128 -0.0278 0.9995
vn 0.0127 -0.0275 0.9995
vn 0.8664 0.4993 0.0000
vn 0.0156 -0.0335 0.9993
vn 0.9461 0.3237 -0.0002
vn -0.8478 -0.5163 0.1215
vn -0.8924 -0.4512 0.0003
vn -0.8228 -0.5409 0.1745
vn -0.5557 0.8314 0.0002
vn 0.2567 0.8446 0.4699
vn -0.8437 -0.4662 0.2663
vn 0.8449 0.4640 -0.2662
vn 0.8185 0.5745 -0.0003
vn -0.8152 -0.5792 0.0003
vn 0.0148 -0.0319 0.9994
vn -0.3539 0.7320 0.5822
vn 0.8800 0.4749 0.0006
vn -0.8790 -0.4767 -0.0017
vn -0.8790 -0.4767 -0.0011
vn 0.8800 0.4749 0.0012
vn -0.8790 -0.4768 -0.0017
vn -0.7580 -0.5955 0.2663
vn -0.7579 -0.5955 0.2663
vn 0.6889 -0.7248 -0.0000
vn 0.7596 0.5934 -0.2663
vn -0.5651 0.8248 0.0202
vn 0.5650 -0.8247 0.0256
vn -0.0679 -0.0554 0.9962
vn -0.7751 -0.6318 0.0000
vn -0.5635 -0.4594 0.6866
vn 0.5616 -0.8272 -0.0206
vn 0.5616 -0.8272 -0.0202
vn 0.5615 -0.8272 -0.0202
vn 0.7158 0.6983 0.0003
vn 0.7157 0.6984 -0.0000
vn -0.5718 0.8201 -0.0233
vn -0.5718 0.8201 -0.0234
vn -0.2271 -0.2165 0.9495
vn -0.5615 0.8271 -0.0268
vn -0.7117 -0.7025 0.0001
vn -0.7116 -0.7026 0.0000
vn -0.8536 0.2883 0.4339
vn 0.7580 0.5954 -0.2664
vn -0.7634 -0.6343 0.1222
vn -0.7335 -0.6573 0.1734
vn -0.6753 -0.6882 0.2651
vn 0.5737 -0.8190 -0.0002
vn 0.5718 -0.8201 -0.0203
vn 0.5718 -0.8201 -0.0205
vn -0.4746 0.6802 0.5587
vn 0.0192 -0.0284 0.9994
vn 0.0194 -0.0286 0.9994
vn 0.0171 -0.0254 0.9995
vn 0.0169 -0.0251 0.9995
vn 0.7751 0.6318 0.0000
vn 0.0208 -0.0306 0.9993
vn 0.0207 -0.0305 0.9993
vn 0.8820 0.4712 -0.0002
vn -0.7540 -0.6456 0.1214
vn -0.8085 -0.5885 0.0003
vn -0.7254 -0.6658 0.1745
vn -0.6819 0.7315 0.0002
vn 0.1179 0.8748 0.4699
vn -0.7580 -0.5954 0.2663
vn 0.7595 0.5935 -0.2662
vn 0.7158 0.6983 -0.0002
vn -0.7117 -0.7025 0.0003
vn 0.0197 -0.0291 0.9994
vn -0.4667 0.6658 0.5822
vn 0.7925 0.6099 0.0006
vn -0.7912 -0.6116 -0.0016
vn -0.7912 -0.6116 -0.0011
vn -0.7912 -0.6116 -0.0010
vn 0.7924 0.6099 0.0013
vn -0.6526 -0.7093 0.2663
vn -0.6526 -0.7094 0.2663
vn 0.7963 -0.6050 -0.0000
vn 0.6545 0.7076 -0.2663
vn -0.6901 0.7235 0.0204
vn -0.6901 0.7235 0.0199
vn 0.6900 -0.7234 0.0257
vn 0.6900 -0.7234 0.0256
vn -0.0582 -0.0656 0.9962
vn -0.6637 -0.7480 0.0000
vn -0.4825 -0.5438 0.6866
vn 0.6870 -0.7264 -0.0206
vn 0.6870 -0.7264 -0.0202
vn 0.6869 -0.7264 -0.0202
vn 0.5945 0.8041 0.0003
vn 0.5944 0.8042 -0.0000
vn -0.6959 0.7177 -0.0233
vn -0.1894 -0.2501 0.9495
vn -0.6869 0.7263 -0.0268
vn -0.5898 -0.8076 0.0001
vn -0.5898 -0.8076 0.0002
vn -0.5897 -0.8076 0.0000
vn -0.8888 0.1477 0.4339
vn 0.6527 0.7093 -0.2663
vn -0.6518 -0.7485 0.1222
vn -0.6186 -0.7664 0.1734
vn -0.5562 -0.7876 0.2651
vn 0.6977 -0.7164 -0.0002
vn 0.6960 -0.7178 -0.0204
vn -0.5775 0.5952 0.5587
vn 0.0235 -0.0249 0.9994
vn 0.0238 -0.0251 0.9994
vn 0.0209 -0.0223 0.9995
vn 0.0207 -0.0220 0.9995
vn 0.6637 0.7480 0.0000
vn 0.0254 -0.0268 0.9993
vn 0.7950 0.6066 -0.0002
vn -0.6406 -0.7582 0.1214
vn -0.7037 -0.7105 0.0002
vn -0.6092 -0.7736 0.1745
vn -0.7904 0.6126 0.0002
vn -0.7904 0.6126 0.0003
vn -0.0239 0.8824 0.4699
vn -0.6527 -0.7093 0.2663
vn 0.5945 0.8041 -0.0002
vn -0.5898 -0.8075 0.0003
vn 0.0241 -0.0256 0.9994
vn -0.5675 0.5823 0.5822
vn 0.0238 -0.0252 0.9994
vn 0.0210 -0.0223 0.9995
vn 0.6844 0.7291 0.0005
vn -0.6829 -0.7305 -0.0018
vn -0.6829 -0.7305 -0.0008
vn -0.6829 -0.7306 -0.0013
vn 0.6844 0.7291 0.0010
vn -0.6828 -0.7306 -0.0014
vn -0.5304 -0.8048 0.2663
vn 0.8830 -0.4694 -0.0000
vn 0.5326 0.8034 -0.2663
vn -0.7972 0.6034 0.0204
vn -0.7972 0.6034 0.0199
vn 0.7971 -0.6033 0.0256
vn -0.0469 -0.0740 0.9962
vn -0.5351 -0.8448 0.0000
vn -0.3891 -0.6142 0.6866
vn 0.7946 -0.6068 -0.0208
vn 0.7946 -0.6068 -0.0203
vn 0.7945 -0.6069 -0.0204
vn 0.4579 0.8890 0.0003
vn 0.4577 0.8891 -0.0000
vn -0.8020 0.5968 -0.0233
vn -0.1468 -0.2772 0.9495
vn -0.7945 0.6067 -0.0268
vn -0.4526 -0.8917 0.0001
vn -0.9010 0.0032 0.4339
vn 0.5305 0.8047 -0.2664
vn -0.5233 -0.8434 0.1222
vn -0.4876 -0.8557 0.1734
vn -0.4227 -0.8666 0.2651
vn 0.8036 -0.5952 -0.0002
vn 0.8021 -0.5968 -0.0203
vn 0.8021 -0.5968 -0.0205
vn -0.6655 0.4949 0.5587
vn 0.0272 -0.0208 0.9994
vn 0.0275 -0.0210 0.9994
vn 0.0243 -0.0186 0.9995
vn 0.0240 -0.0184 0.9995
vn 0.5351 0.8448 0.0000
vn 0.0294 -0.0224 0.9993
vn 0.0293 -0.0224 0.9993
vn 0.6874 0.7263 -0.0002
vn -0.5107 -0.8511 0.1215
vn -0.5806 -0.8142 0.0003
vn -0.4773 -0.8613 0.1745
vn -0.8784 0.4779 0.0003
vn -0.8784 0.4779 0.0002
vn -0.1651 0.8671 0.4699
vn -0.5304 -0.8048 0.2664
vn 0.5325 0.8035 -0.2662
vn 0.4578 0.8890 -0.0003
vn -0.4527 -0.8917 0.0002
vn 0.0279 -0.0214 0.9994
vn -0.6535 0.4837 0.5822
vn 0.5586 0.8295 0.0005
vn -0.5568 -0.8306 -0.0018
vn -0.5568 -0.8306 -0.0008
vn -0.5568 -0.8306 -0.0013
vn 0.5585 0.8295 0.0010
vn -0.3944 -0.8795 0.2663
vn 0.9468 -0.3217 -0.0000
vn 0.3968 0.8784 -0.2663
vn -0.8836 0.4677 0.0204
vn -0.8836 0.4677 0.0200
vn 0.8835 -0.4677 0.0256
vn -0.0344 -0.0806 0.9962
vn -0.3927 -0.9197 0.0000
vn -0.2855 -0.6686 0.6866
vn 0.8816 -0.4715 -0.0205
vn 0.8816 -0.4715 -0.0204
vn 0.8816 -0.4716 -0.0201
vn 0.3093 0.9510 0.0003
vn 0.3092 0.9510 -0.0000
vn -0.8874 0.4605 -0.0233
vn -0.8874 0.4604 -0.0234
vn -0.1005 -0.2972 0.9495
vn -0.8815 0.4714 -0.0268
vn -0.3037 -0.9528 0.0001
vn -0.3037 -0.9528 0.0002
vn -0.3037 -0.9528 0.0000
vn -0.8898 -0.1413 0.4339
vn 0.3945 0.8794 -0.2664
vn -0.3813 -0.9164 0.1221
vn -0.3441 -0.9228 0.1733
vn -0.2782 -0.9232 0.2651
vn 0.8886 -0.4586 -0.0002
vn 0.8874 -0.4605 -0.0203
vn 0.8874 -0.4605 -0.0204
vn -0.7363 0.3817 0.5587
vn 0.0302 -0.0162 0.9994
vn 0.0305 -0.0163 0.9994
vn 0.0269 -0.0145 0.9995
vn 0.0266 -0.0143 0.9995
vn 0.3927 0.9197 0.0000
vn 0.0326 -0.0174 0.9993
vn 0.5620 0.8271 -0.0002
vn -0.3676 -0.9220 0.1214
vn -0.4425 -0.8968 0.0002
vn -0.3330 -0.9267 0.1745
vn -0.9437 0.3308 0.0002
vn -0.9437 0.3308 0.0003
vn -0.3021 0.8294 0.4699
vn -0.3945 -0.8795 0.2663
vn 0.3968 0.8785 -0.2662
vn 0.3093 0.9510 -0.0002
vn -0.3038 -0.9527 0.0003
vn 0.0310 -0.0166 0.9994
vn -0.7227 0.3726 0.5822
vn 0.4183 0.9083 0.0004
vn -0.4164 -0.9092 -0.0020
vn -0.4164 -0.9092 -0.0009
vn -0.4164 -0.9092 -0.0015
vn 0.4183 0.9083 0.0013
vn -0.2483 -0.9314 0.2663
vn -0.2482 -0.9314 0.2663
vn 0.9862 -0.1657 -0.0000
vn 0.2508 0.9307 -0.2663
vn -0.9472 0.3199 0.0205
vn -0.9472 0.3200 0.0200
vn 0.9471 -0.3199 0.0256
vn -0.0210 -0.0851 0.9962
vn -0.2401 -0.9707 0.0000
vn -0.1746 -0.7058 0.6866
vn 0.9458 -0.3240 -0.0204
vn 0.9458 -0.3240 -0.0200
vn 0.1528 0.9883 0.0003
vn 0.1526 0.9883 -0.0000
vn -0.9497 0.3122 -0.0233
vn -0.9497 0.3122 -0.0234
vn -0.0515 -0.3095 0.9495
vn -0.9457 0.3239 -0.0268
vn -0.1469 -0.9891 0.0001
vn -0.1470 -0.9891 0.0002
vn -0.1469 -0.9892 0.0001
vn -0.8556 -0.2822 0.4339
vn 0.2484 0.9313 -0.2664
vn -0.2293 -0.9657 0.1221
vn -0.1916 -0.9661 0.1733
vn -0.1265 -0.9559 0.2650
vn 0.9507 -0.3102 -0.0002
vn 0.9498 -0.3122 -0.0204
vn 0.9498 -0.3122 -0.0205
vn -0.7880 0.2587 0.5587
vn 0.0324 -0.0111 0.9994
vn 0.0327 -0.0112 0.9994
vn 0.0289 -0.0100 0.9995
vn 0.0286 -0.0099 0.9995
vn 0.2401 0.9707 0.0000
vn 0.0350 -0.0120 0.9993
vn 0.0349 -0.0120 0.9993
vn 0.4220 0.9066 -0.0002
vn -0.2150 -0.9690 0.1216
vn -0.2929 -0.9561 0.0004
vn -0.1800 -0.9680 0.1746
vn -0.9845 0.1752 0.0002
vn -0.4312 0.7702 0.4699
vn 0.2507 0.9307 -0.2662
vn 0.1528 0.9883 -0.0003
vn -0.1470 -0.9891 0.0003
vn 0.0332 -0.0114 0.9994
vn -0.7731 0.2519 0.5822
vn 0.2672 0.9636 0.0004
vn -0.2652 -0.9642 -0.0020
vn -0.2652 -0.9642 -0.0008
vn -0.2652 -0.9642 -0.0015
vn 0.2672 0.9637 0.0010
vn -0.2651 -0.9642 -0.0013
vn -0.0957 -0.9591 0.2663
vn -0.0956 -0.9591 0.2663
vn 1.0000 -0.0053 -0.0000
vn 0.0982 0.9589 -0.2663
vn -0.9863 0.1639 0.0203
vn -0.9863 0.1639 0.0200
vn 0.9862 -0.1639 0.0256
vn -0.0071 -0.0874 0.9962
vn -0.0813 -0.9967 -0.0000
vn -0.0591 -0.7246 0.6866
vn 0.9856 -0.1681 -0.0205
vn 0.9856 -0.1681 -0.0204
vn 0.9856 -0.1681 -0.0201
vn -0.0077 1.0000 0.0003
vn -0.0079 1.0000 -0.0000
vn -0.9875 0.1558 -0.0233
vn -0.0012 -0.3137 0.9495
vn -0.9854 0.1681 -0.0268
vn 0.0136 -0.9999 0.0002
vn 0.0137 -0.9999 0.0000
vn -0.7993 -0.4158 0.4339
vn 0.0958 0.9591 -0.2664
vn -0.0715 -0.9899 0.1222
vn -0.0342 -0.9843 0.1734
vn 0.0285 -0.9638 0.2651
vn 0.9881 -0.1537 -0.0002
vn 0.9876 -0.1558 -0.0203
vn 0.9876 -0.1558 -0.0204
vn -0.8193 0.1290 0.5587
vn 0.0338 -0.0058 0.9994
vn 0.0341 -0.0058 0.9994
vn 0.0301 -0.0052 0.9995
vn 0.0298 -0.0052 0.9995
vn 0.0813 0.9967 0.0000
vn 0.0364 -0.0062 0.9993
vn 0.2711 0.9625 -0.0003
vn -0.0568 -0.9910 0.1214
vn -0.1358 -0.9907 0.0002
vn -0.0224 -0.9844 0.1745
vn -0.9999 0.0150 0.0002
vn -0.5492 0.6911 0.4699
vn 0.0982 0.9589 -0.2662
vn -0.0077 1.0000 -0.0003
vn -0.9875 0.1558 -0.0234
vn 0.0135 -0.9999 0.0004
vn 0.0346 -0.0059 0.9994
vn -0.8035 0.1246 0.5822
vn 0.1092 0.9940 0.0009
vn -0.1071 -0.9942 -0.0013
vn -0.1071 -0.9942 -0.0008
vn -0.1071 -0.9943 -0.0007
vn 0.1091 0.9940 0.0006
vn -0.1070 -0.9943 -0.0014
vn 0.0594 -0.9621 0.2663
vn 0.0595 -0.9621 0.2663
vn 0.9879 0.1551 -0.0000
vn -0.0568 0.9622 -0.2663
vn -0.9998 0.0036 0.0204
vn -0.9998 0.0036 0.0200
vn 0.9997 -0.0036 0.0256
vn 0.0070 -0.0874 0.9962
vn 0.0796 -0.9968 0.0000
vn 0.0579 -0.7247 0.6866
vn 0.9998 -0.0078 -0.0204
vn 0.9998 -0.0079 -0.0201
vn -0.1680 0.9858 0.0003
vn -0.1682 0.9858 -0.0000
vn -0.9997 -0.0046 -0.0233
vn -0.9997 -0.0046 -0.0234
vn 0.0491 -0.3098 0.9495
vn -0.9996 0.0078 -0.0268
vn 0.1738 -0.9848 0.0001
vn 0.1738 -0.9848 0.0002
vn 0.1739 -0.9848 0.0000
vn -0.7222 -0.5386 0.4339
vn -0.0593 0.9621 -0.2663
vn 0.0882 -0.9886 0.1222
vn 0.1242 -0.9770 0.1734
vn 0.1827 -0.9468 0.2651
vn 1.0000 0.0068 -0.0002
vn 0.9998 0.0047 -0.0204
vn -0.8293 -0.0041 0.5587
vn 0.0343 -0.0003 0.9994
vn 0.0346 -0.0003 0.9994
vn 0.0342 -0.0003 0.9994
vn 0.0306 -0.0003 0.9995
vn 0.0302 -0.0003 0.9995
vn -0.0796 0.9968 -0.0000
vn 0.0369 -0.0003 0.9993
vn 0.1133 0.9936 -0.0002
vn 0.1029 -0.9873 0.1214
vn 0.0249 -0.9997 0.0002
vn 0.1358 -0.9753 0.1745
vn -0.9893 -0.1456 0.0002
vn -0.6529 0.5940 0.4699
vn 0.0594 -0.9620 0.2664
vn -0.0569 0.9622 -0.2662
vn -0.1680 0.9858 -0.0004
vn 0.1737 -0.9848 0.0003
vn 0.0351 -0.0003 0.9994
vn -0.8131 -0.0059 0.5822
vn -0.0517 0.9987 0.0003
vn 0.0538 -0.9986 -0.0017
vn 0.0538 -0.9986 -0.0007
vn 0.0538 -0.9986 -0.0011
vn -0.0517 0.9987 0.0010
vn 0.0538 -0.9986 -0.0013
vn 0.2130 -0.9401 0.2663
vn 0.2129 -0.9401 0.2663
vn 0.2130 -0.9401 0.2662
vn 0.9502 0.3116 -0.0000
vn -0.2104 0.9406 -0.2663
vn -0.9874 -0.1569 0.0205
vn -0.9874 -0.1569 0.0200
vn 0.9873 0.1568 0.0256
vn 0.0209 -0.0851 0.9962
vn 0.2385 -0.9711 0.0000
vn 0.1734 -0.7061 0.6866
vn 0.9881 0.1526 -0.0205
vn 0.9881 0.1526 -0.0203
vn 0.9881 0.1526 -0.0201
vn -0.3239 0.9461 0.0002
vn -0.3241 0.9460 -0.0000
vn -0.9860 -0.1649 -0.0233
vn -0.9860 -0.1649 -0.0234
vn 0.0982 -0.2979 0.9495
vn -0.9879 -0.1526 -0.0268
vn 0.3295 -0.9442 0.0001
vn 0.3296 -0.9441 0.0000
vn -0.6265 -0.6475 0.4339
vn -0.2129 0.9401 -0.2663
vn 0.2457 -0.9616 0.1222
vn 0.2792 -0.9444 0.1734
vn 0.3322 -0.9052 0.2651
vn 0.9859 0.1671 -0.0002
vn 0.9861 0.1650 -0.0204
vn -0.8180 -0.1371 0.5587
vn 0.0339 0.0052 0.9994
vn 0.0342 0.0053 0.9994
vn 0.0302 0.0046 0.9995
vn 0.0299 0.0045 0.9995
vn -0.2385 0.9711 0.0000
vn 0.0365 0.0056 0.9993
vn -0.0476 0.9989 -0.0003
vn 0.2599 -0.9580 0.1215
vn 0.1849 -0.9828 0.0003
vn 0.2905 -0.9408 0.1745
vn -0.9532 -0.3024 0.0002
vn -0.7397 0.4816 0.4699
vn -0.2105 0.9406 -0.2662
vn -0.3240 0.9461 -0.0002
vn 0.3294 -0.9442 0.0003
vn 0.0347 0.0053 0.9994
vn -0.8016 -0.1362 0.5821
vn -0.2112 0.9774 0.0004
vn 0.2132 -0.9770 -0.0017
vn 0.2132 -0.9770 -0.0007
vn 0.2133 -0.9770 -0.0011
vn -0.2112 0.9774 0.0013
vn 0.2133 -0.9770 -0.0012
vn 0.3610 -0.8937 0.2663
vn 0.8879 0.4600 -0.0001
vn 0.8879 0.4600 -0.0000
vn -0.3585 0.8947 -0.2663
vn -0.9495 -0.3132 0.0203
vn -0.9495 -0.3132 0.0201
vn 0.9494 0.3132 0.0256
vn 0.0343 -0.0807 0.9962
vn 0.3912 -0.9203 0.0000
vn 0.2844 -0.6691 0.6866
vn 0.9508 0.3091 -0.0204
vn 0.9508 0.3091 -0.0200
vn -0.4715 0.8819 0.0002
vn -0.4717 0.8818 -0.0000
vn -0.9468 -0.3210 -0.0233
vn 0.1447 -0.2783 0.9495
vn -0.9507 -0.3091 -0.0268
vn 0.4767 -0.8791 0.0001
vn 0.4767 -0.8790 0.0000
vn -0.5145 -0.7396 0.4339
vn -0.3609 0.8938 -0.2664
vn 0.3967 -0.9098 0.1222
vn 0.4271 -0.8874 0.1733
vn 0.4730 -0.8402 0.2651
vn 0.9464 0.3231 -0.0002
vn 0.9469 0.3210 -0.0205
vn 0.9469 0.3210 -0.0203
vn -0.7854 -0.2665 0.5587
vn 0.0326 0.0106 0.9994
vn 0.0329 0.0107 0.9994
vn 0.0291 0.0094 0.9995
vn 0.0288 0.0093 0.9995
vn -0.3912 0.9203 0.0000
vn 0.0351 0.0114 0.9993
vn -0.2072 0.9783 -0.0002
vn 0.4102 -0.9039 0.1214
vn 0.3402 -0.9404 0.0002
vn 0.4376 -0.8821 0.1745
vn -0.8923 -0.4514 0.0002
vn -0.8074 0.3567 0.4699
vn -0.3587 0.8947 -0.2662
vn -0.4715 0.8819 -0.0002
vn 0.4766 -0.8791 0.0003
vn 0.0334 0.0108 0.9994
vn -0.7694 -0.2630 0.5822
vn -0.3653 0.9309 0.0004
vn 0.3672 -0.9301 -0.0020
vn 0.3672 -0.9301 -0.0006
vn 0.3672 -0.9301 -0.0015
vn -0.3653 0.9309 0.0010
vn 0.3672 -0.9301 -0.0011
vn 0.4997 -0.8243 0.2663
vn 0.8027 0.5964 -0.0000
vn -0.4974 0.8256 -0.2663
vn -0.8869 -0.4614 0.0206
vn -0.8869 -0.4614 0.0199
vn 0.8868 0.4614 0.0256
vn 0.0468 -0.0741 0.9962
vn 0.5337 -0.8457 0.0000
vn 0.3880 -0.6148 0.6866
vn 0.8889 0.4576 -0.0205
vn 0.8889 0.4576 -0.0204
vn 0.8889 0.4576 -0.0201
vn -0.6068 0.7948 0.0003
vn -0.6070 0.7947 -0.0000
vn -0.8831 -0.4687 -0.0233
vn -0.8831 -0.4687 -0.0234
vn 0.1875 -0.2515 0.9495
vn -0.8888 -0.4576 -0.0268
vn 0.6115 -0.7912 0.0001
vn 0.6116 -0.7912 0.0000
vn -0.3892 -0.8126 0.4339
vn -0.4996 0.8243 -0.2663
vn 0.5375 -0.8344 0.1221
vn 0.5639 -0.8074 0.1733
vn 0.6017 -0.7535 0.2651
vn 0.8823 0.4707 -0.0002
vn 0.8831 0.4687 -0.0204
vn 0.8831 0.4687 -0.0205
vn -0.7325 -0.3890 0.5587
vn 0.0305 0.0157 0.9994
vn 0.0308 0.0158 0.9994
vn 0.0305 0.0156 0.9994
vn 0.0272 0.0139 0.9995
vn 0.0269 0.0138 0.9995
vn -0.5337 0.8457 0.0000
vn 0.0329 0.0169 0.9993
vn 0.0328 0.0169 0.9993
vn -0.3614 0.9324 -0.0002
vn 0.5499 -0.8264 0.1215
vn 0.4866 -0.8736 0.0003
vn 0.5734 -0.8005 0.1745
vn -0.8084 -0.5886 0.0002
vn -0.8542 0.2226 0.4699
vn -0.4975 0.8256 -0.2662
vn -0.6068 0.7948 -0.0002
vn 0.6115 -0.7913 0.0003
vn 0.0313 0.0161 0.9994
vn -0.7172 -0.3830 0.5822
vn -0.5099 0.8603 0.0006
vn 0.5116 -0.8592 -0.0018
vn 0.5116 -0.8592 -0.0011
vn 0.5116 -0.8592 -0.0013
vn -0.5099 0.8602 0.0010
vn 0.5117 -0.8592 -0.0016
vn 0.6254 -0.7334 0.2663
vn 0.6255 -0.7334 0.2663
vn 0.6966 0.7174 -0.0000
vn -0.6234 0.7352 -0.2663
vn -0.8014 -0.5977 0.0204
vn -0.8014 -0.5977 0.0200
vn 0.8013 0.5976 0.0256
vn 0.0581 -0.0657 0.9962
vn 0.6624 -0.7491 0.0000
vn 0.4816 -0.5446 0.6866
vn 0.8040 0.5943 -0.0206
vn 0.8040 0.5943 -0.0204
vn 0.8040 0.5943 -0.0202
vn -0.7265 0.6872 0.0003
vn -0.7266 0.6871 -0.0000
vn -0.7965 -0.6042 -0.0233
vn -0.7965 -0.6042 -0.0234
vn 0.2254 -0.2182 0.9495
vn -0.8039 -0.5942 -0.0268
vn -0.8039 -0.5942 -0.0267
vn 0.7305 -0.6829 0.0001
vn 0.7305 -0.6829 0.0000
vn -0.2538 -0.8645 0.4339
vn -0.6253 0.7335 -0.2664
vn 0.6644 -0.7373 0.1222
vn 0.6861 -0.7065 0.1733
vn 0.7148 -0.6472 0.2651
vn 0.7954 0.6061 -0.0002
vn 0.7965 0.6043 -0.0202
vn 0.7965 0.6043 -0.0205
vn -0.6606 -0.5015 0.5587
vn 0.0276 0.0203 0.9994
vn 0.0278 0.0206 0.9994
vn 0.0246 0.0181 0.9995
vn 0.0244 0.0179 0.9995
vn -0.6624 0.7491 0.0000
vn 0.0297 0.0220 0.9993
vn 0.0297 0.0219 0.9993
vn -0.5063 0.8624 -0.0002
vn 0.6753 -0.7275 0.1215
vn 0.6204 -0.7843 0.0003
vn 0.6944 -0.6981 0.1745
vn -0.7035 -0.7107 0.0002
vn -0.7035 -0.7107 0.0003
vn -0.8788 0.0827 0.4699
vn 0.6254 -0.7335 0.2663
vn -0.6235 0.7351 -0.2662
vn -0.7265 0.6872 -0.0003
vn 0.7304 -0.6830 0.0003
vn 0.0283 0.0209 0.9994
vn -0.6465 -0.4931 0.5821
vn 0.0247 0.0181 0.9995
vn -0.6412 0.7674 0.0004
vn 0.6428 -0.7660 -0.0020
vn 0.6428 -0.7660 -0.0011
vn 0.6428 -0.7660 -0.0015
vn -0.6413 0.7673 0.0013
vn 0.6428 -0.7660 -0.0016
vn 0.7350 -0.6236 0.2663
vn 0.5725 0.8199 -0.0000
vn -0.7333 0.6256 -0.2663
vn -0.6952 -0.7185 0.0206
vn -0.6952 -0.7185 0.0197
vn 0.6951 0.7184 0.0256
vn 0.6951 0.7184 0.0257
vn 0.0678 -0.0555 0.9962
vn 0.7740 -0.6332 0.0000
vn 0.5627 -0.4603 0.6866
vn 0.6982 0.7156 -0.0204
vn 0.6983 0.7156 -0.0203
vn 0.6983 0.7155 -0.0200
vn -0.8273 0.5618 0.0003
vn -0.8274 0.5617 -0.0000
vn -0.6892 -0.7242 -0.0233
vn 0.2575 -0.1792 0.9495
vn -0.6981 -0.7155 -0.0268
vn 0.8306 -0.5569 0.0001
vn 0.8306 -0.5568 0.0000
vn -0.1119 -0.8940 0.4339
vn -0.7349 0.6237 -0.2664
vn 0.7741 -0.6212 0.1222
vn 0.7906 -0.5873 0.1734
vn 0.8093 -0.5241 0.2651
vn 0.6878 0.7259 -0.0002
vn 0.6893 0.7242 -0.0206
vn 0.6893 0.7242 -0.0204
vn -0.5716 -0.6009 0.5587
vn 0.0240 0.0245 0.9994
vn 0.0242 0.0248 0.9994
vn 0.0239 0.0245 0.9994
vn 0.0214 0.0218 0.9995
vn 0.0212 0.0216 0.9995
vn -0.7740 0.6332 0.0000
vn 0.0258 0.0264 0.9993
vn -0.6380 0.7700 -0.0002
vn 0.7833 -0.6097 0.1215
vn 0.7382 -0.6746 0.0003
vn 0.7974 -0.5777 0.1745
vn -0.5804 -0.8143 0.0002
vn -0.5804 -0.8143 0.0003
vn -0.8807 -0.0593 0.4699
vn 0.7349 -0.6237 0.2663
vn -0.7333 0.6256 -0.2662
vn -0.8273 0.5618 -0.0003
vn 0.8305 -0.5570 0.0003
vn 0.0246 0.0251 0.9994
vn -0.5590 -0.5904 0.5822
vn -0.7560 0.6546 0.0006
vn 0.7574 -0.6530 -0.0015
vn 0.7574 -0.6530 -0.0010
vn 0.7574 -0.6530 -0.0009
vn -0.7560 0.6545 0.0012
vn 0.7574 -0.6529 -0.0016
vn 0.8255 -0.4977 0.2663
vn 0.4336 0.9011 -0.0000
vn -0.8241 0.4999 -0.2663
vn -0.5709 -0.8207 0.0206
vn -0.5709 -0.8207 0.0199
vn 0.5709 0.8206 0.0257
vn 0.5709 0.8206 0.0256
vn 0.0759 -0.0439 0.9962
vn 0.8656 -0.5008 0.0000
vn 0.6293 -0.3641 0.6866
vn 0.5744 0.8183 -0.0204
vn 0.5745 0.8183 -0.0200
vn -0.9067 0.4218 0.0003
vn -0.9068 0.4217 -0.0000
vn -0.5642 -0.8253 -0.0233
vn -0.5642 -0.8253 -0.0234
vn 0.2829 -0.1356 0.9495
vn -0.5744 -0.8182 -0.0268
vn -0.5743 -0.8182 -0.0268
vn 0.9092 -0.4165 0.0001
vn 0.9091 -0.4165 0.0001
vn 0.9092 -0.4164 0.0000
vn 0.0330 -0.9004 0.4339
vn -0.8254 0.4978 -0.2664
vn 0.8637 -0.4890 0.1222
vn 0.8746 -0.4529 0.1734
vn 0.8829 -0.3876 0.2651
vn 0.5625 0.8268 -0.0002
vn 0.5642 0.8254 -0.0203
vn 0.5642 0.8254 -0.0205
vn -0.4678 -0.6848 0.5587
vn 0.0197 0.0280 0.9994
vn 0.0199 0.0283 0.9994
vn 0.0176 0.0250 0.9995
vn 0.0174 0.0247 0.9995
vn -0.8656 0.5008 0.0000
vn 0.0212 0.0302 0.9993
vn -0.7533 0.6577 -0.0002
vn 0.8709 -0.4762 0.1215
vn 0.8368 -0.5474 0.0003
vn 0.8797 -0.4423 0.1745
vn -0.4423 -0.8969 0.0003
vn -0.4423 -0.8969 0.0002
vn -0.8598 -0.1998 0.4699
vn 0.8254 -0.4977 0.2663
vn -0.8242 0.4998 -0.2662
vn -0.9067 0.4218 -0.0003
vn 0.9091 -0.4165 0.0003
vn 0.0202 0.0288 0.9994
vn -0.4571 -0.6724 0.5822
vn 0.0177 0.0250 0.9995
vn -0.8512 0.5248 0.0007
vn 0.8523 -0.5231 -0.0018
vn 0.8523 -0.5231 -0.0009
vn 0.8523 -0.5231 -0.0012
vn -0.8512 0.5248 0.0012
vn 0.8523 -0.5230 -0.0015
vn 0.8946 -0.3588 0.2663
vn 0.8946 -0.3589 0.2663
vn 0.2834 0.9590 -0.0001
vn 0.2834 0.9590 -0.0000
vn -0.8936 0.3613 -0.2663
vn -0.4319 -0.9017 0.0204
vn -0.4319 -0.9017 0.0200
vn 0.4319 0.9016 0.0256
vn 0.0819 -0.0312 0.9962
vn 0.9347 -0.3555 0.0000
vn 0.6795 -0.2585 0.6866
vn 0.4357 0.8998 -0.0204
vn 0.4358 0.8998 -0.0200
vn -0.9626 0.2709 0.0003
vn -0.9626 0.2708 -0.0000
vn -0.4245 -0.9051 -0.0233
vn -0.4245 -0.9051 -0.0234
vn 0.3010 -0.0885 0.9495
vn -0.4357 -0.8997 -0.0268
vn 0.9642 -0.2652 0.0001
vn 0.9642 -0.2652 0.0000
vn 0.1769 -0.8834 0.4339
vn -0.8946 0.3589 -0.2663
vn 0.9309 -0.3441 0.1222
vn 0.9359 -0.3067 0.1734
vn 0.9336 -0.2409 0.2651
vn 0.4226 0.9063 -0.0002
vn 0.4245 0.9052 -0.0203
vn 0.4245 0.9052 -0.0205
vn -0.3519 -0.7510 0.5587
vn 0.0150 0.0308 0.9994
vn 0.0151 0.0311 0.9994
vn 0.0134 0.0275 0.9995
vn 0.0133 0.0272 0.9995
vn -0.9347 0.3555 0.0000
vn 0.0161 0.0333 0.9993
vn 0.0161 0.0332 0.9993
vn -0.8490 0.5283 -0.0002
vn 0.9360 -0.3303 0.1215
vn 0.9138 -0.4061 0.0003
vn 0.9393 -0.2955 0.1745
vn -0.2927 -0.9562 0.0003
vn -0.2927 -0.9562 0.0002
vn -0.8166 -0.3351 0.4699
vn -0.8937 0.3612 -0.2662
vn -0.9626 0.2709 -0.0003
vn 0.9642 -0.2653 0.0003
vn 0.0153 0.0316 0.9994
vn -0.3433 -0.7370 0.5822
vn -0.9244 0.3815 0.0006
vn 0.9252 -0.3796 -0.0018
vn 0.9251 -0.3796 -0.0011
vn 0.9252 -0.3796 -0.0013
vn -0.9244 0.3815 0.0011
vn 0.9252 -0.3796 -0.0017
vn 0.9406 -0.2107 0.2663
vn 0.1260 0.9920 -0.0000
vn -0.9400 0.2133 -0.2663
vn -0.2817 -0.9593 0.0204
vn -0.2817 -0.9593 0.0200
vn 0.2817 0.9592 0.0256
vn 0.0859 -0.0176 0.9962
vn 0.9796 -0.2010 0.0000
vn 0.7122 -0.1461 0.6866
vn 0.2858 0.9581 -0.0205
vn 0.2858 0.9581 -0.0204
vn 0.2858 0.9581 -0.0201
vn -0.9936 0.1130 0.0003
vn -0.9936 0.1128 -0.0000
vn -0.2738 -0.9615 -0.0233
vn 0.3113 -0.0390 0.9495
vn -0.2857 -0.9579 -0.0268
vn 0.9942 -0.1071 0.0001
vn 0.9943 -0.1071 0.0000
vn 0.3163 -0.8436 0.4339
vn -0.9405 0.2108 -0.2663
vn 0.9741 -0.1904 0.1222
vn 0.9730 -0.1526 0.1734
vn 0.9602 -0.0880 0.2651
vn 0.2718 0.9624 -0.0002
vn 0.2738 0.9616 -0.0204
vn 0.2738 0.9616 -0.0203
vn -0.2269 -0.7977 0.5587
vn 0.0098 0.0328 0.9994
vn 0.0099 0.0331 0.9994
vn 0.0088 0.0293 0.9995
vn 0.0087 0.0290 0.9995
vn -0.9796 0.2010 0.0000
vn 0.0106 0.0354 0.9993
vn -0.9228 0.3853 -0.0002
vn 0.9769 -0.1760 0.1215
vn 0.9671 -0.2544 0.0003
vn 0.9745 -0.1411 0.1745
vn -0.1355 -0.9908 0.0002
vn -0.7523 -0.4618 0.4699
vn 0.9406 -0.2108 0.2663
vn -0.9400 0.2132 -0.2662
vn -0.9936 0.1129 -0.0003
vn 0.9942 -0.1072 0.0003
vn 0.0101 0.0337 0.9994
vn -0.2207 -0.7826 0.5822
vn 0.0099 0.0332 0.9994
vn -0.9736 0.2283 0.0006
vn 0.9741 -0.2263 -0.0015
vn 0.9741 -0.2263 -0.0011
vn 0.9741 -0.2263 -0.0009
vn -0.9736 0.2283 0.0012
vn 0.9741 -0.2262 -0.0017
vn 0.9622 -0.0571 0.2663
vn -0.0348 0.9994 -0.0000
vn -0.9620 0.0597 -0.2663
vn -0.1242 -0.9921 0.0205
vn -0.1242 -0.9921 0.0199
vn 0.1242 0.9919 0.0256
vn 0.0876 -0.0036 0.9962
vn 0.9991 -0.0412 0.0000
vn 0.7264 -0.0300 0.6866
vn 0.1284 0.9915 -0.0205
vn 0.1284 0.9915 -0.0204
vn 0.1285 0.9915 -0.0201
vn -0.9989 -0.0478 0.0003
vn -0.9988 -0.0480 -0.0000
vn -0.1160 -0.9930 -0.0233
vn -0.1160 -0.9930 -0.0234
vn 0.3135 0.0114 0.9495
vn -0.1284 -0.9914 -0.0268
vn 0.9986 0.0537 0.0001
vn 0.9986 0.0538 0.0000
vn 0.4476 -0.7819 0.4339
vn -0.9622 0.0572 -0.2663
vn 0.9920 -0.0317 0.1222
vn 0.9848 0.0053 0.1734
vn 0.9619 0.0671 0.2651
vn 0.1139 0.9935 -0.0002
vn 0.1160 0.9930 -0.0204
vn -0.0960 -0.8238 0.5587
vn 0.0044 0.0340 0.9994
vn 0.0045 0.0343 0.9994
vn 0.0040 0.0303 0.9995
vn 0.0040 0.0300 0.9995
vn -0.9991 0.0412 0.0000
vn 0.0047 0.0366 0.9993
vn -0.9726 0.2324 -0.0002
vn 0.9925 -0.0169 0.1215
vn 0.9954 -0.0958 0.0003
vn 0.9845 0.0172 0.1745
vn 0.0252 -0.9997 0.0002
vn -0.6685 -0.5765 0.4699
vn -0.9621 0.0596 -0.2662
vn -0.9989 -0.0478 -0.0003
vn 0.9986 0.0536 0.0003
vn 0.0045 0.0349 0.9994
vn -0.0923 -0.8078 0.5822
vn -0.9976 0.0691 0.0007
vn 0.9977 -0.0671 -0.0017
vn 0.9977 -0.0671 -0.0009
vn 0.9977 -0.0671 -0.0011
vn -0.9976 0.0691 0.0011
vn 0.9977 -0.0670 -0.0015
vn 0.9589 0.0980 0.2663
vn 0.9589 0.0981 0.2663
vn -0.1947 0.9809 -0.0000
vn -0.9592 -0.0954 -0.2663
vn 0.0366 -0.9991 0.0204
vn 0.0366 -0.9991 0.0200
vn -0.0366 0.9990 0.0256
vn 0.0870 0.0105 0.9962
vn 0.9928 0.1196 0.0000
vn 0.7218 0.0869 0.6866
vn -0.0323 0.9993 -0.0204
vn -0.0322 0.9993 -0.0201
vn -0.9783 -0.2074 0.0003
vn -0.9782 -0.2075 -0.0000
vn 0.0448 -0.9987 -0.0233
vn 0.0448 -0.9987 -0.0234
vn 0.3076 0.0615 0.9495
vn 0.0323 -0.9991 -0.0268
vn 0.9770 0.2132 0.0001
vn 0.9770 0.2132 0.0000
vn 0.5672 -0.7000 0.4339
vn -0.9589 -0.0979 -0.2663
vn 0.9842 0.1278 0.1222
vn 0.9712 0.1633 0.1734
vn 0.9387 0.2205 0.2651
vn -0.0469 0.9989 -0.0002
vn -0.0448 0.9988 -0.0204
vn 0.0374 -0.8285 0.5587
vn -0.0011 0.0342 0.9994
vn -0.0011 0.0346 0.9994
vn -0.0009 0.0306 0.9995
vn -0.0009 0.0302 0.9995
vn -0.9928 -0.1196 0.0000
vn -0.0012 0.0369 0.9993
vn -0.9973 0.0733 -0.0002
vn 0.9823 0.1424 0.1214
vn 0.9979 0.0650 0.0003
vn 0.9690 0.1748 0.1745
vn 0.1852 -0.9827 0.0002
vn -0.5674 -0.6762 0.4699
vn 0.9589 0.0979 0.2663
vn -0.9592 -0.0955 -0.2662
vn -0.9783 -0.2074 -0.0003
vn 0.9770 0.2131 0.0003
vn -0.0011 0.0351 0.9994
vn 0.0385 -0.8122 0.5822
vn -0.9958 -0.0918 0.0005
vn 0.9956 0.0938 -0.0017
vn 0.9956 0.0938 -0.0012
vn -0.9958 -0.0918 0.0011
vn 0.9308 0.2505 0.2663
vn -0.3495 0.9370 -0.0000
vn -0.9314 -0.2480 -0.2663
vn 0.1964 -0.9803 0.0205
vn 0.1964 -0.9803 0.0200
vn -0.1963 0.9802 0.0256
vn 0.0842 0.0243 0.9962
vn 0.9608 0.2773 0.0000
vn 0.6985 0.2016 0.6866
vn -0.1922 0.9812 -0.0204
vn -0.1921 0.9812 -0.0201
vn -0.9323 -0.3617 0.0003
vn -0.9323 -0.3618 -0.0000
vn 0.2044 -0.9786 -0.0233
vn 0.2044 -0.9786 -0.0234
vn 0.2938 0.1101 0.9495
vn 0.1921 -0.9810 -0.0268
vn 0.9302 0.3672 0.0001
vn 0.9302 0.3671 0.0002
vn 0.9301 0.3672 0.0000
vn 0.6721 -0.6000 0.4339
vn -0.9308 -0.2504 -0.2663
vn 0.9510 0.2840 0.1222
vn 0.9325 0.3169 0.1734
vn 0.8911 0.3682 0.2651
vn -0.2066 0.9784 -0.0002
vn -0.2044 0.9787 -0.0203
vn -0.2044 0.9787 -0.0204
vn 0.1698 -0.8118 0.5587
vn -0.0066 0.0336 0.9994
vn -0.0066 0.0340 0.9994
vn -0.0065 0.0336 0.9994
vn -0.0058 0.0300 0.9995
vn -0.0057 0.0297 0.9995
vn -0.9608 -0.2773 0.0000
vn -0.0071 0.0363 0.9993
vn -0.0071 0.0362 0.9993
vn -0.9962 -0.0876 -0.0002
vn 0.9468 0.2982 0.1215
vn 0.9745 0.2242 0.0003
vn 0.9284 0.3280 0.1745
vn 0.3404 -0.9403 0.0002
vn -0.4516 -0.7585 0.4699
vn -0.9314 -0.2481 -0.2662
vn -0.9323 -0.3617 -0.0003
vn 0.9302 0.3670 0.0003
vn -0.0067 0.0345 0.9994
vn 0.1683 -0.7955 0.5822
vn -0.9682 -0.2503 0.0005
vn 0.9677 0.2523 -0.0018
vn 0.9677 0.2523 -0.0008
vn 0.9677 0.2523 -0.0012
vn -0.9682 -0.2503 0.0012
vn 0.9676 0.2523 -0.0014
vn 0.8785 0.3966 0.2663
vn -0.4952 0.8688 -0.0000
vn -0.8796 -0.3942 -0.2663
vn 0.3510 -0.9361 0.0203
vn 0.3511 -0.9361 0.0201
vn -0.3510 0.9360 0.0256
vn 0.0792 0.0375 0.9962
vn 0.9039 0.4278 0.0000
vn 0.6571 0.3110 0.6866
vn -0.3471 0.9376 -0.0205
vn -0.3471 0.9376 -0.0204
vn -0.3470 0.9376 -0.0201
vn -0.8622 -0.5065 0.0003
vn -0.8621 -0.5067 -0.0000
vn 0.3587 -0.9332 -0.0233
vn 0.3587 -0.9332 -0.0234
vn 0.2723 0.1558 0.9495
vn 0.3470 -0.9375 -0.0268
vn 0.8592 0.5116 0.0001
vn 0.8592 0.5116 0.0000
vn 0.7597 -0.4844 0.4339
vn -0.8786 -0.3965 -0.2663
vn 0.8931 0.4329 0.1222
vn 0.8696 0.4624 0.1733
vn 0.8205 0.5064 0.2651
vn -0.3608 0.9326 -0.0002
vn -0.3587 0.9332 -0.0204
vn -0.3587 0.9332 -0.0203
vn 0.2978 -0.7740 0.5587
vn -0.0119 0.0321 0.9994
vn -0.0120 0.0324 0.9994
vn -0.0105 0.0287 0.9995
vn -0.0104 0.0284 0.9995
vn -0.9039 -0.4278 0.0000
vn -0.0128 0.0347 0.9993
vn -0.0128 0.0346 0.9993
vn -0.9692 -0.2463 -0.0002
vn 0.8866 0.4462 0.1215
vn 0.9259 0.3777 0.0003
vn 0.8638 0.4727 0.1745
vn 0.4868 -0.8735 0.0003
vn 0.4868 -0.8735 0.0002
vn -0.3241 -0.8211 0.4699
vn -0.8796 -0.3943 -0.2662
vn -0.8622 -0.5065 -0.0003
vn 0.8593 0.5115 0.0003
vn -0.0122 0.0330 0.9994
vn 0.2937 -0.7582 0.5822
vn -0.0120 0.0325 0.9994
vn -0.9155 -0.4023 0.0005
vn 0.9146 0.4043 -0.0019
vn 0.9147 0.4042 -0.0009
vn 0.9146 0.4043 -0.0013
vn -0.9155 -0.4024 0.0012
vn 0.9146 0.4042 -0.0015
vn 0.8036 0.5323 0.2663
vn -0.6282 0.7781 -0.0000
vn -0.8050 -0.5301 -0.2663
vn 0.4967 -0.8677 0.0205
vn 0.4967 -0.8677 0.0199
vn -0.4966 0.8676 0.0256
vn 0.0722 0.0497 0.9962
vn 0.8236 0.5672 0.0000
vn 0.5988 0.4124 0.6866
vn -0.4930 0.8698 -0.0205
vn -0.4930 0.8698 -0.0203
vn -0.4929 0.8698 -0.0201
vn -0.7699 -0.6382 0.0002
vn -0.7697 -0.6383 -0.0000
vn 0.5037 -0.8636 -0.0233
vn 0.5037 -0.8635 -0.0234
vn 0.2438 0.1974 0.9495
vn 0.4929 -0.8697 -0.0268
vn 0.7660 0.6428 0.0001
vn 0.7661 0.6428 0.0001
vn 0.7660 0.6428 0.0000
vn 0.8275 -0.3563 0.4339
vn -0.8036 -0.5323 -0.2664
vn 0.8121 0.5706 0.1222
vn 0.7841 0.5959 0.1734
vn 0.7287 0.6315 0.2651
vn -0.5057 0.8627 -0.0002
vn -0.5038 0.8636 -0.0204
vn -0.5038 0.8636 -0.0203
vn 0.4181 -0.7163 0.5587
vn -0.0169 0.0298 0.9994
vn -0.0170 0.0301 0.9994
vn -0.0150 0.0267 0.9995
vn -0.0148 0.0264 0.9995
vn -0.0148 0.0263 0.9995
vn -0.8236 -0.5672 0.0000
vn -0.0182 0.0321 0.9993
vn -0.9172 -0.3985 -0.0002
vn 0.8036 0.5826 0.1215
vn 0.8534 0.5213 0.0003
vn 0.7768 0.6051 0.1745
vn 0.6206 -0.7841 0.0002
vn -0.1882 -0.8624 0.4699
vn -0.8049 -0.5303 -0.2662
vn -0.7698 -0.6382 -0.0003
vn 0.7661 0.6427 0.0003
vn -0.0173 0.0306 0.9994
vn 0.4115 -0.7013 0.5821
vn -0.0171 0.0301 0.9994
vn -0.8391 -0.5440 0.0005
vn 0.8380 0.5457 -0.0016
vn 0.8380 0.5457 -0.0010
vn -0.8391 -0.5440 0.0012
vn 0.8380 0.5457 -0.0015
vn 0.7078 0.6543 0.2663
vn 0.7077 0.6544 0.2663
vn -0.7448 0.6673 -0.0000
vn -0.7095 -0.6524 -0.2663
vn 0.6294 -0.7768 0.0204
vn 0.6294 -0.7768 0.0200
vn -0.6293 0.7767 0.0256
vn 0.0633 0.0607 0.9962
vn 0.7219 0.6920 0.0000
vn 0.5249 0.5031 0.6866
vn -0.6261 0.7795 -0.0206
vn -0.6261 0.7795 -0.0201
vn -0.6260 0.7795 -0.0202
vn -0.6575 -0.7535 0.0003
vn -0.6574 -0.7536 -0.0000
vn 0.6357 -0.7716 -0.0233
vn 0.6357 -0.7716 -0.0234
vn 0.2090 0.2340 0.9495
vn 0.6260 -0.7794 -0.0268
vn 0.6260 -0.7794 -0.0267
vn 0.6530 0.7573 0.0001
vn 0.6530 0.7573 0.0002
vn 0.6530 0.7574 0.0000
vn 0.8740 -0.2189 0.4339
vn -0.7079 -0.6542 -0.2663
vn 0.7101 0.6934 0.1222
vn 0.6784 0.7139 0.1733
vn 0.6180 0.7402 0.2651
vn -0.6376 0.7704 -0.0002
vn -0.6358 0.7716 -0.0204
vn 0.5276 -0.6399 0.5587
vn -0.0214 0.0267 0.9994
vn -0.0217 0.0270 0.9994
vn -0.0191 0.0239 0.9995
vn -0.0189 0.0236 0.9995
vn -0.7219 -0.6920 0.0000
vn -0.0231 0.0288 0.9993
vn -0.8413 -0.5405 -0.0002
vn 0.6998 0.7040 0.1215
vn 0.7587 0.6514 0.0003
vn 0.6697 0.7219 0.1745
vn 0.7384 -0.6744 0.0002
vn -0.0474 -0.8814 0.4699
vn -0.7095 -0.6525 -0.2662
vn -0.6575 -0.7535 -0.0003
vn 0.6531 0.7573 0.0003
vn -0.0220 0.0274 0.9994
vn 0.5186 -0.6262 0.5822
vn -0.7410 -0.6715 0.0006
vn 0.7396 0.6730 -0.0017
vn 0.7396 0.6730 -0.0011
vn -0.7410 -0.6715 0.0012
vn 0.7396 0.6731 -0.0017
vn 0.5936 0.7594 0.2663
vn -0.8422 0.5391 -0.0000
vn -0.5957 -0.7578 -0.2663
vn 0.7459 -0.6658 0.0204
vn 0.7459 -0.6658 0.0200
vn -0.7458 0.6657 0.0256
vn 0.0527 0.0700 0.9962
vn 0.6016 0.7988 0.0000
vn 0.4374 0.5808 0.6866
vn -0.7430 0.6690 -0.0206
vn -0.7430 0.6690 -0.0203
vn -0.7430 0.6690 -0.0202
vn -0.5281 -0.8492 0.0002
vn -0.5280 -0.8493 -0.0000
vn 0.7512 -0.6596 -0.0233
vn 0.7512 -0.6596 -0.0234
vn 0.1687 0.2645 0.9495
vn 0.7429 -0.6689 -0.0268
vn 0.5231 0.8523 0.0001
vn 0.5231 0.8523 0.0002
vn 0.5231 0.8523 0.0000
vn 0.8978 -0.0759 0.4339
vn -0.5937 -0.7593 -0.2663
vn 0.5897 0.7984 0.1222
vn 0.5551 0.8135 0.1733
vn 0.4913 0.8297 0.2651
vn -0.7529 0.6582 -0.0002
vn -0.7513 0.6596 -0.0206
vn -0.7513 0.6596 -0.0204
vn 0.6234 -0.5470 0.5587
vn -0.0254 0.0230 0.9994
vn -0.0257 0.0232 0.9994
vn -0.0254 0.0229 0.9994
vn -0.0227 0.0205 0.9995
vn -0.0224 0.0203 0.9995
vn -0.6016 -0.7988 0.0000
vn -0.0275 0.0247 0.9993
vn -0.0274 0.0247 0.9993
vn -0.7438 -0.6685 -0.0003
vn 0.5778 0.8071 0.1214
vn 0.6444 0.7647 0.0003
vn 0.5452 0.8199 0.1745
vn 0.8370 -0.5473 0.0002
vn 0.0946 -0.8776 0.4699
vn -0.5956 -0.7578 -0.2663
vn -0.5281 -0.8492 -0.0002
vn 0.5232 0.8522 0.0003
vn -0.0261 0.0235 0.9994
vn 0.6124 -0.5349 0.5821
vn -0.6237 -0.7817 0.0004
vn 0.6221 0.7830 -0.0017
vn 0.6221 0.7830 -0.0009
vn 0.6221 0.7830 -0.0011
vn -0.6237 -0.7817 0.0010
vn 0.6220 0.7830 -0.0015
vn 0.4641 0.8448 0.2663
vn -0.9178 0.3971 -0.0000
vn -0.4664 -0.8435 -0.2663
vn 0.8430 -0.5375 0.0205
vn 0.8430 -0.5375 0.0199
vn -0.8429 0.5375 0.0256
vn 0.0408 0.0776 0.9962
vn 0.4657 0.8850 0.0000
vn 0.3386 0.6434 0.6866
vn -0.8407 0.5411 -0.0205
vn -0.8407 0.5412 -0.0201
vn -0.3851 -0.9229 0.0002
vn -0.3849 -0.9229 -0.0000
vn 0.8473 -0.5306 -0.0233
vn 0.1241 0.2881 0.9495
vn 0.8406 -0.5411 -0.0268
vn 0.3796 0.9251 0.0001
vn 0.3796 0.9252 0.0001
vn 0.8983 0.0691 0.4339
vn -0.4642 -0.8447 -0.2663
vn 0.4540 0.8826 0.1222
vn 0.4174 0.8920 0.1734
vn 0.3518 0.8977 0.2651
vn -0.8487 0.5289 -0.0002
vn -0.8474 0.5306 -0.0204
vn 0.7031 -0.4399 0.5587
vn -0.0288 0.0186 0.9994
vn -0.0291 0.0187 0.9994
vn -0.0257 0.0166 0.9995
vn -0.0254 0.0164 0.9995
vn -0.4657 -0.8850 0.0000
vn -0.0311 0.0200 0.9993
vn -0.0310 0.0200 0.9993
vn -0.6269 -0.7791 -0.0002
vn 0.4408 0.8893 0.1215
vn 0.5134 0.8581 0.0003
vn 0.4066 0.8968 0.1745
vn 0.9139 -0.4059 0.0002
vn 0.2341 -0.8511 0.4699
vn 0.4642 0.8448 0.2663
vn -0.4664 -0.8436 -0.2662
vn -0.3851 -0.9229 -0.0002
vn 0.8473 -0.5306 -0.0234
vn 0.3797 0.9251 0.0003
vn -0.0295 0.0190 0.9994
vn 0.6902 -0.4297 0.5821
vn -0.4902 -0.8716 0.0007
vn 0.4884 0.8726 -0.0017
vn 0.4884 0.8726 -0.0008
vn 0.4884 0.8726 -0.0011
vn -0.4902 -0.8716 0.0010
vn 0.4884 0.8726 -0.0014
vn 0.3226 0.9083 0.2663
vn 0.3226 0.9083 0.2662
vn -0.9696 0.2447 -0.0000
vn -0.3251 -0.9074 -0.2663
vn 0.9183 -0.3954 0.0205
vn 0.9183 -0.3954 0.0199
vn -0.9182 0.3953 0.0256
vn 0.0278 0.0831 0.9962
vn 0.3177 0.9482 0.0000
vn 0.2310 0.6894 0.6866
vn -0.9166 0.3993 -0.0205
vn -0.9166 0.3993 -0.0204
vn -0.9166 0.3993 -0.0201
vn -0.2321 -0.9727 0.0003
vn -0.2319 -0.9727 -0.0000
vn 0.9214 -0.3878 -0.0233
vn 0.9214 -0.3878 -0.0234
vn 0.0763 0.3043 0.9495
vn 0.9165 -0.3992 -0.0268
vn 0.2263 0.9740 0.0001
vn 0.2263 0.9741 0.0001
vn 0.8756 0.2123 0.4339
vn -0.3227 -0.9082 -0.2663
vn 0.3065 0.9440 0.1222
vn 0.2689 0.9474 0.1734
vn 0.2033 0.9426 0.2651
vn -0.9225 0.3859 -0.0002
vn -0.9215 0.3878 -0.0204
vn -0.9215 0.3878 -0.0205
vn 0.7645 -0.3215 0.5587
vn -0.0314 0.0137 0.9994
vn -0.0317 0.0138 0.9994
vn -0.0280 0.0123 0.9995
vn -0.0277 0.0122 0.9995
vn -0.3177 -0.9482 0.0000
vn -0.0339 0.0148 0.9993
vn -0.0338 0.0147 0.9993
vn -0.4938 -0.8696 -0.0003
vn 0.2925 0.9485 0.1214
vn 0.3691 0.9294 0.0002
vn 0.2576 0.9504 0.1745
vn 0.9672 -0.2541 0.0002
vn 0.3676 -0.8025 0.4699
vn 0.3227 0.9083 0.2664
vn -0.3250 -0.9075 -0.2662
vn -0.2321 -0.9727 -0.0002
vn 0.2264 0.9740 0.0002
vn -0.0322 0.0141 0.9994
vn 0.7502 -0.3135 0.5821
vn -0.3441 -0.9389 0.0007
vn 0.3421 0.9396 -0.0017
vn 0.3421 0.9396 -0.0008
vn 0.3421 0.9397 -0.0011
vn -0.3441 -0.9389 0.0013
vn 0.3421 0.9397 -0.0013
vn 0.1728 0.9483 0.2663
vn -0.9963 0.0860 -0.0000
vn -0.1754 -0.9478 -0.2663
vn 0.9698 -0.2430 0.0204
vn 0.9698 -0.2430 0.0201
vn 0.9698 -0.2430 0.0200
vn -0.9697 0.2429 0.0256
vn 0.0142 0.0865 0.9962
vn 0.1615 0.9869 0.0000
vn 0.1174 0.7175 0.6866
vn -0.9688 0.2471 -0.0205
vn -0.9688 0.2471 -0.0203
vn -0.9688 0.2471 -0.0202
vn -0.0731 -0.9973 0.0003
vn -0.0729 -0.9973 -0.0000
vn 0.9717 -0.2350 -0.0233
vn 0.0265 0.3126 0.9495
vn 0.9686 -0.2471 -0.0268
vn 0.0672 0.9977 0.0001
vn 0.0671 0.9977 0.0001
vn 0.8302 0.3499 0.4339
vn -0.1729 -0.9482 -0.2664
vn 0.1512 0.9809 0.1222
vn 0.1135 0.9783 0.1733
vn 0.0495 0.9630 0.2651
vn -0.9725 0.2329 -0.0002
vn -0.9718 0.2350 -0.0204
vn -0.9718 0.2350 -0.0205
vn 0.8062 -0.1947 0.5587
vn -0.0332 0.0085 0.9994
vn -0.0335 0.0086 0.9994
vn -0.0296 0.0076 0.9995
vn -0.0293 0.0076 0.9995
vn -0.1615 -0.9869 0.0000
vn -0.0358 0.0091 0.9993
vn -0.3480 -0.9375 -0.0003
vn 0.1366 0.9831 0.1216
vn 0.2153 0.9766 0.0004
vn 0.1018 0.9794 0.1746
vn 0.9954 -0.0957 0.0002
vn 0.4916 -0.7332 0.4699
vn -0.1753 -0.9478 -0.2662
vn -0.0731 -0.9973 -0.0003
vn 0.0672 0.9977 0.0002
vn -0.0341 0.0087 0.9994
vn 0.7908 -0.1891 0.5822
vn -0.1890 -0.9820 0.0005
vn 0.1870 0.9824 -0.0020
vn 0.1870 0.9824 -0.0009
vn 0.1870 0.9824 -0.0015
vn -0.1890 -0.9820 0.0010
vn 0.1870 0.9824 -0.0014
usemtl Default_OBJ
s 1
f 1/1/1 2/2/1 3/3/1
f 4/4/2 5/5/2 6/6/2
f 7/7/3 8/8/3 9/9/3
f 3/10/4 11/11/5 9/12/5
f 9/12/6 1/13/6 3/10/6
f 10/14/7 12/15/8 13/16/9
f 14/17/10 2/18/10 7/19/11
f 15/20/12 16/21/13 4/22/13
f 17/23/14 18/24/15 19/25/14
f 20/26/16 21/27/16 22/28/16
f 23/29/17 7/19/17 2/18/17
f 5/30/18 24/31/18 6/32/18
f 21/27/19 27/33/19 22/28/19
f 28/34/20 29/35/20 18/36/20
f 30/37/21 17/38/22 19/39/23
f 29/40/24 31/41/24 30/42/24
f 18/24/25 32/43/25 19/25/25
f 5/44/26 33/45/26 34/46/26
f 35/47/27 27/33/27 21/27/27
f 11/48/28 32/49/29 38/50/28
f 17/51/30 40/52/31 28/53/31
f 39/54/32 26/55/32 22/56/32
f 42/57/33 1/58/34 8/59/33
f 28/34/35 40/60/35 29/35/35
f 30/37/36 31/61/37 17/38/38
f 34/62/39 15/63/39 24/64/39
f 36/65/40 35/47/40 10/66/40
f 1/1/1 23/67/41 2/2/1
f 4/4/2 16/68/2 5/5/2
f 7/7/42 42/69/42 8/8/42
f 3/10/4 43/70/4 11/11/5
f 9/12/6 8/71/6 1/13/6
f 10/14/8 25/72/8 12/15/8
f 14/17/10 37/73/10 2/18/10
f 15/20/43 33/74/43 16/21/43
f 17/23/14 28/75/15 18/24/15
f 23/29/17 42/76/17 7/19/17
f 5/30/18 34/77/44 24/31/18
f 29/40/24 40/78/24 31/41/24
f 18/24/25 38/79/25 32/43/25
f 5/44/26 16/80/26 33/45/26
f 35/81/45 21/82/45 20/83/45
f 35/47/46 36/65/46 27/33/46
f 11/48/28 43/84/29 32/49/29
f 17/51/30 31/85/30 40/52/31
f 39/54/32 41/86/32 26/55/32
f 12/87/47 25/88/47 41/89/47
f 25/88/47 26/90/47 41/89/47
f 42/57/33 23/91/34 1/58/34
f 34/62/39 33/92/39 15/63/39
f 9/93/48 38/94/48 18/95/48
f 32/96/49 3/97/50 19/98/51
f 9/93/52 11/99/52 38/94/52
f 32/96/49 43/100/53 3/97/50
f 13/101/9 22/102/26 10/103/7
f 13/101/9 39/104/26 22/102/26
f 44/105/54 45/106/54 46/107/54
f 47/108/55 48/109/55 49/110/55
f 50/111/56 51/112/56 52/113/56
f 46/114/57 54/115/58 52/116/58
f 52/116/59 44/117/59 46/114/59
f 53/118/60 55/119/61 56/120/62
f 57/121/63 45/122/63 50/123/64
f 58/124/65 59/125/66 47/126/66
f 60/127/67 61/128/68 62/129/67
f 63/130/69 64/131/69 65/132/69
f 66/133/70 50/123/70 45/122/70
f 48/134/71 67/135/71 49/136/72
f 64/131/73 70/137/73 65/132/73
f 71/138/74 72/139/74 61/140/74
f 73/141/75 60/142/76 62/143/77
f 72/144/78 74/145/78 73/146/78
f 61/128/79 75/147/79 62/129/79
f 48/148/26 76/149/26 77/150/26
f 78/151/80 70/137/80 64/131/80
f 54/152/81 75/153/82 81/154/81
f 60/155/83 83/156/84 71/157/84
f 82/158/85 69/159/85 65/160/85
f 85/161/86 44/162/87 51/163/86
f 71/138/88 83/164/88 72/139/88
f 73/141/89 74/165/90 60/142/91
f 77/166/92 58/167/92 67/168/92
f 79/169/93 78/151/93 53/170/93
f 44/105/54 66/171/94 45/106/54
f 47/108/55 59/172/55 48/109/55
f 50/111/95 85/173/95 51/112/95
f 46/114/57 86/174/57 54/115/58
f 52/116/59 51/175/59 44/117/59
f 53/118/61 68/176/61 55/119/61
f 57/121/63 80/177/63 45/122/63
f 58/124/96 76/178/96 59/125/96
f 60/127/67 71/179/68 61/128/68
f 66/133/70 85/180/70 50/123/70
f 48/134/71 77/181/97 67/135/71
f 72/144/78 83/182/78 74/145/78
f 61/128/79 81/183/79 75/147/79
f 48/148/26 59/184/26 76/149/26
f 78/185/98 64/186/98 63/187/98
f 78/151/99 79/169/99 70/137/99
f 54/152/81 86/188/82 75/153/82
f 60/155/83 74/189/83 83/156/84
f 82/158/85 84/190/85 69/159/85
f 55/191/47 68/192/47 84/193/47
f 68/192/47 69/194/47 84/193/47
f 85/161/86 66/195/87 44/162/87
f 77/166/92 76/196/92 58/167/92
f 52/197/100 81/198/100 61/199/100
f 75/200/101 46/201/102 62/202/103
f 52/197/104 54/203/104 81/198/104
f 75/200/101 86/204/105 46/201/102
f 56/205/62 65/206/26 53/207/60
f 56/205/62 82/208/26 65/206/26
f 87/209/106 88/210/106 89/211/106
f 90/212/107 91/213/107 92/214/107
f 93/215/108 94/216/108 95/217/108
f 89/218/109 97/219/110 95/220/110
f 95/220/111 87/221/111 89/218/111
f 96/222/112 98/223/113 99/224/114
f 100/225/115 88/226/116 93/227/117
f 101/228/118 102/229/119 90/230/119
f 103/231/120 104/232/120 105/233/120
f 106/234/121 107/235/121 108/236/121
f 109/237/122 93/227/122 88/226/122
f 91/238/123 110/239/123 92/240/124
f 107/235/125 113/241/125 108/236/125
f 114/242/126 115/243/126 104/244/126
f 116/245/127 103/246/128 105/247/129
f 115/248/130 117/249/130 116/250/130
f 104/232/131 118/251/132 105/233/132
f 91/252/26 119/253/26 120/254/26
f 121/255/133 113/241/133 107/235/133
f 97/256/134 118/257/135 124/258/134
f 103/259/136 126/260/137 114/261/137
f 125/262/138 112/263/138 108/264/138
f 128/265/139 87/266/139 94/267/139
f 114/242/140 126/268/140 115/243/140
f 116/245/141 117/269/142 103/246/143
f 120/270/144 101/271/144 110/272/144
f 122/273/145 121/255/145 96/274/145
f 87/209/106 109/275/146 88/210/106
f 90/212/107 102/276/107 91/213/107
f 93/215/147 128/277/147 94/216/147
f 89/218/109 129/278/109 97/219/110
f 95/220/111 94/279/111 87/221/111
f 96/222/113 111/280/113 98/223/113
f 100/225/115 123/281/116 88/226/116
f 101/228/148 119/282/148 102/229/148
f 103/231/120 114/283/120 104/232/120
f 109/237/122 128/284/122 93/227/122
f 91/238/123 120/285/149 110/239/123
f 115/248/130 126/286/130 117/249/130
f 104/232/131 124/287/131 118/251/132
f 91/252/26 102/288/26 119/253/26
f 121/289/150 107/290/150 106/291/150
f 121/255/151 122/273/151 113/241/151
f 97/256/134 129/292/135 118/257/135
f 103/259/136 117/293/136 126/260/137
f 125/262/138 127/294/138 112/263/138
f 98/295/47 111/296/47 127/297/47
f 111/296/47 112/298/47 127/297/47
f 128/265/139 109/299/139 87/266/139
f 120/270/144 119/300/144 101/271/144
f 95/301/152 124/302/152 104/303/152
f 118/304/153 89/305/154 105/306/155
f 95/301/156 97/307/156 124/302/156
f 118/304/153 129/308/157 89/305/154
f 99/309/114 108/310/26 96/311/112
f 99/309/114 125/312/26 108/310/26
f 130/313/158 131/314/158 132/315/159
f 133/316/160 134/317/160 135/318/160
f 136/319/161 137/320/161 138/321/161
f 132/322/162 140/323/163 138/324/163
f 138/324/164 130/325/164 132/322/164
f 139/326/165 141/327/166 142/328/167
f 143/329/168 131/330/168 136/331/169
f 144/332/170 145/333/171 133/334/171
f 146/335/172 147/336/172 148/337/172
f 149/338/173 150/339/173 151/340/173
f 152/341/174 136/331/174 131/330/174
f 134/342/175 153/343/175 135/344/176
f 150/339/177 156/345/177 151/340/177
f 157/346/178 158/347/178 147/348/178
f 159/349/179 146/350/180 148/351/181
f 158/352/182 160/353/182 159/354/182
f 147/336/183 161/355/184 148/337/184
f 134/356/26 162/357/26 163/358/26
f 164/359/185 156/345/185 150/339/185
f 140/360/186 161/361/187 167/362/186
f 146/363/188 169/364/189 157/365/189
f 168/366/190 155/367/190 151/368/190
f 171/369/191 130/370/191 137/371/191
f 157/346/192 169/372/192 158/347/192
f 159/349/193 160/373/194 146/350/195
f 163/374/196 144/375/196 153/376/196
f 165/377/197 164/359/197 139/378/197
f 130/313/158 152/379/198 131/314/158
f 133/316/160 145/380/160 134/317/160
f 136/319/199 171/381/199 137/320/199
f 132/322/162 172/382/162 140/323/163
f 138/324/164 137/383/164 130/325/164
f 139/326/166 154/384/166 141/327/166
f 143/329/168 166/385/168 131/330/168
f 144/332/200 162/386/200 145/333/200
f 146/335/172 157/387/201 147/336/172
f 152/341/174 171/388/174 136/331/174
f 134/342/175 163/389/202 153/343/175
f 158/352/182 169/390/182 160/353/182
f 147/336/183 167/391/183 161/355/184
f 134/356/26 145/392/26 162/357/26
f 164/393/203 150/394/203 149/395/203
f 164/359/204 165/377/204 156/345/204
f 140/360/186 172/396/187 161/361/187
f 146/363/188 160/397/188 169/364/189
f 168/366/190 170/398/190 155/367/190
f 141/399/47 154/400/47 170/401/47
f 154/400/47 155/402/47 170/401/47
f 171/369/191 152/403/191 130/370/191
f 163/374/196 162/404/196 144/375/196
f 138/405/205 167/406/205 147/407/205
f 161/408/206 132/409/207 148/410/208
f 138/405/209 140/411/209 167/406/209
f 161/408/206 172/412/210 132/409/207
f 142/413/167 151/414/26 139/415/165
f 142/413/167 168/416/26 151/414/26
f 173/417/211 174/418/211 175/419/212
f 176/420/213 177/421/213 178/422/213
f 179/423/214 180/424/214 181/425/214
f 175/426/215 183/427/216 181/428/216
f 181/428/217 173/429/217 175/426/217
f 182/430/218 184/431/219 185/432/220
f 186/433/221 174/434/222 179/435/223
f 187/436/224 188/437/225 176/438/225
f 189/439/226 190/440/227 191/441/226
f 192/442/228 193/443/228 194/444/228
f 195/445/229 179/435/229 174/434/229
f 177/446/230 196/447/230 178/448/231
f 193/443/232 199/449/232 194/444/232
f 200/450/233 201/451/233 190/452/233
f 202/453/234 189/454/235 191/455/236
f 201/456/237 203/457/237 202/458/237
f 190/440/238 204/459/239 191/441/239
f 177/460/26 205/461/26 206/462/26
f 207/463/240 199/449/240 193/443/240
f 183/464/241 204/465/242 210/466/241
f 189/467/243 212/468/244 200/469/244
f 211/470/245 198/471/245 194/472/245
f 214/473/246 173/474/246 180/475/246
f 200/450/247 212/476/247 201/451/247
f 202/453/248 203/477/249 189/454/250
f 206/478/251 187/479/251 196/480/251
f 208/481/252 207/463/252 182/482/252
f 173/417/211 195/483/253 174/418/211
f 176/420/213 188/484/213 177/421/213
f 179/423/254 214/485/254 180/424/254
f 175/426/215 215/486/215 183/427/216
f 181/428/217 180/487/217 173/429/217
f 182/430/219 197/488/219 184/431/219
f 186/433/221 209/489/222 174/434/222
f 187/436/255 205/490/255 188/437/255
f 189/439/226 200/491/227 190/440/227
f 195/445/229 214/492/229 179/435/229
f 177/446/230 206/493/256 196/447/230
f 201/456/237 212/494/237 203/457/237
f 190/440/238 210/495/238 204/459/239
f 177/460/26 188/496/26 205/461/26
f 207/497/257 193/498/257 192/499/257
f 207/463/258 208/481/258 199/449/258
f 183/464/241 215/500/242 204/465/242
f 189/467/243 203/501/243 212/468/244
f 211/470/245 213/502/245 198/471/245
f 184/503/47 197/504/47 213/505/47
f 197/504/47 198/506/47 213/505/47
f 214/473/246 195/507/246 173/474/246
f 206/478/251 205/508/251 187/479/251
f 181/509/259 210/510/259 190/511/259
f 204/512/260 175/513/261 191/514/262
f 181/509/263 183/515/263 210/510/263
f 204/512/260 215/516/264 175/513/261
f 185/517/220 194/518/26 182/519/218
f 185/517/220 211/520/26 194/518/26
f 216/521/265 217/522/265 218/523/266
f 219/524/267 220/525/267 221/526/267
f 222/527/268 223/528/268 224/529/268
f 218/530/269 226/531/270 224/532/270
f 224/532/271 216/533/271 218/530/271
f 225/534/272 227/535/273 228/536/274
f 229/537/275 217/538/276 222/539/277
f 230/540/278 231/541/279 219/542/279
f 232/543/280 233/544/281 234/545/280
f 235/546/282 236/547/282 237/548/282
f 238/549/283 222/539/283 217/538/283
f 220/550/284 239/551/285 221/552/286
f 236/547/287 242/553/287 237/548/287
f 243/554/288 244/555/288 233/556/288
f 245/557/289 232/558/290 234/559/291
f 244/560/292 246/561/292 245/562/292
f 233/544/293 247/563/294 234/545/294
f 220/564/26 248/565/26 249/566/26
f 250/567/295 242/553/295 236/547/295
f 226/568/296 247/569/297 253/570/296
f 232/571/298 255/572/299 243/573/299
f 254/574/300 241/575/300 237/576/300
f 257/577/301 216/578/301 223/579/301
f 243/554/302 255/580/302 244/555/302
f 245/557/303 246/581/304 232/558/305
f 249/582/306 230/583/307 239/584/306
f 251/585/308 250/567/308 225/586/308
f 216/521/265 238/587/309 217/522/265
f 219/524/267 231/588/267 220/525/267
f 222/527/310 257/589/310 223/528/310
f 218/530/269 258/590/269 226/531/270
f 224/532/271 223/591/271 216/533/271
f 225/534/273 240/592/273 227/535/273
f 229/537/275 252/593/276 217/538/276
f 230/540/311 248/594/311 231/541/311
f 232/543/280 243/595/281 233/544/281
f 238/549/283 257/596/283 222/539/283
f 220/550/284 249/597/312 239/551/285
f 244/560/313 255/598/313 246/561/313
f 233/544/293 253/599/293 247/563/294
f 220/564/26 231/600/26 248/565/26
f 250/601/314 236/602/314 235/603/314
f 250/567/315 251/585/315 242/553/315
f 226/568/296 258/604/297 247/569/297
f 232/571/298 246/605/298 255/572/299
f 254/574/300 256/606/300 241/575/300
f 227/607/47 240/608/47 256/609/47
f 240/608/47 241/610/47 256/609/47
f 257/577/301 238/611/301 216/578/301
f 249/582/306 248/612/307 230/583/307
f 224/613/316 253/614/316 233/615/316
f 247/616/317 218/617/318 234/618/319
f 224/613/320 226/619/320 253/614/320
f 247/616/317 258/620/321 218/617/318
f 228/621/274 237/622/26 225/623/272
f 228/621/274 254/624/26 237/622/26
f 259/625/322 260/626/322 261/627/323
f 262/628/324 263/629/324 264/630/324
f 265/631/325 266/632/325 267/633/325
f 261/634/326 269/635/327 267/636/327
f 267/636/328 259/637/328 261/634/328
f 268/638/329 270/639/330 271/640/331
f 272/641/332 260/642/332 265/643/333
f 273/644/334 274/645/335 262/646/335
f 275/647/336 276/648/337 277/649/336
f 278/650/338 279/651/338 280/652/338
f 281/653/339 265/643/339 260/642/339
f 263/654/340 282/655/340 264/656/341
f 279/651/342 285/657/342 280/652/342
f 286/658/343 287/659/343 276/660/343
f 288/661/344 275/662/345 277/663/346
f 287/664/347 289/665/347 288/666/347
f 276/648/348 290/667/349 277/649/349
f 263/668/26 291/669/26 292/670/26
f 293/671/350 285/657/350 279/651/350
f 269/672/351 290/673/352 296/674/353
f 275/675/354 298/676/355 286/677/355
f 297/678/356 284/679/356 280/680/356
f 300/681/357 259/682/357 266/683/357
f 286/658/358 298/684/358 287/659/358
f 288/661/359 289/685/360 275/662/361
f 292/686/362 273/687/363 282/688/362
f 294/689/364 293/671/364 268/690/364
f 259/625/322 281/691/322 260/626/322
f 262/628/324 274/692/324 263/629/324
f 265/631/365 300/693/365 266/632/365
f 261/634/326 301/694/326 269/635/327
f 267/636/328 266/695/328 259/637/328
f 268/638/330 283/696/330 270/639/330
f 272/641/332 295/697/332 260/642/332
f 273/644/366 291/698/366 274/645/366
f 275/647/336 286/699/337 276/648/337
f 281/653/339 300/700/339 265/643/339
f 263/654/340 292/701/367 282/655/340
f 287/664/368 298/702/368 289/665/368
f 276/648/348 296/703/348 290/667/349
f 263/668/26 274/704/26 291/669/26
f 293/705/369 279/706/369 278/707/369
f 293/671/370 294/689/370 285/657/370
f 269/672/351 301/708/352 290/673/352
f 275/675/354 289/709/354 298/676/355
f 297/678/356 299/710/356 284/679/356
f 270/711/47 283/712/47 299/713/47
f 283/712/47 284/714/47 299/713/47
f 300/681/357 281/715/357 259/682/357
f 292/686/362 291/716/363 273/687/363
f 267/717/371 296/718/371 276/719/371
f 290/720/372 261/721/373 277/722/374
f 267/717/375 269/723/375 296/718/375
f 290/720/372 301/724/376 261/721/373
f 271/725/331 280/726/26 268/727/329
f 271/725/331 297/728/26 280/726/26
f 302/729/377 303/730/378 304/731/377
f 305/732/379 306/733/379 307/734/379
f 308/735/380 309/736/380 310/737/380
f 304/738/381 312/739/382 310/740/382
f 310/740/383 302/741/383 304/738/383
f 311/742/384 313/743/385 314/744/386
f 315/745/387 303/746/388 308/747/389
f 316/748/390 317/749/391 305/750/391
f 318/751/392 319/752/393 320/753/392
f 321/754/394 322/755/394 323/756/394
f 324/757/395 308/747/395 303/746/395
f 306/758/396 325/759/396 307/760/397
f 322/755/398 328/761/398 323/756/398
f 329/762/399 330/763/399 319/764/399
f 331/765/400 318/766/401 320/767/402
f 330/768/403 332/769/403 331/770/403
f 319/752/404 333/771/405 320/753/405
f 306/772/26 334/773/26 335/774/26
f 336/775/406 328/761/406 322/755/406
f 312/776/407 333/777/408 339/778/407
f 318/779/409 341/780/410 329/781/410
f 340/782/411 327/783/411 323/784/411
f 343/785/412 302/786/413 309/787/412
f 329/762/414 341/788/414 330/763/414
f 331/765/415 332/789/416 318/766/417
f 335/790/418 316/791/418 325/792/418
f 337/793/419 336/775/419 311/794/419
f 302/729/377 324/795/378 303/730/378
f 305/732/379 317/796/379 306/733/379
f 308/735/420 343/797/420 309/736/420
f 304/738/381 344/798/381 312/739/382
f 310/740/383 309/799/383 302/741/383
f 311/742/385 326/800/385 313/743/385
f 315/745/387 338/801/388 303/746/388
f 316/748/421 334/802/421 317/749/421
f 318/751/392 329/803/393 319/752/393
f 324/757/395 343/804/395 308/747/395
f 306/758/396 335/805/422 325/759/396
f 330/768/403 341/806/403 332/769/403
f 319/752/404 339/807/404 333/771/405
f 306/772/26 317/808/26 334/773/26
f 336/809/423 322/810/423 321/811/423
f 336/775/424 337/793/424 328/761/424
f 312/776/407 344/812/408 333/777/408
f 318/779/409 332/813/409 341/780/410
f 340/782/411 342/814/411 327/783/411
f 313/815/47 326/816/47 342/817/47
f 326/816/47 327/818/47 342/817/47
f 343/785/412 324/819/413 302/786/413
f 335/790/418 334/820/418 316/791/418
f 310/821/425 339/822/425 319/823/425
f 333/824/426 304/825/427 320/826/428
f 310/821/429 312/827/429 339/822/429
f 333/824/426 344/828/430 304/825/427
f 314/829/386 323/830/26 311/831/384
f 314/829/386 340/832/26 323/830/26
f 345/833/431 346/834/431 347/835/431
f 348/836/432 349/837/432 350/838/432
f 351/839/433 352/840/433 353/841/433
f 347/842/434 355/843/435 353/844/435
f 353/844/436 345/845/436 347/842/436
f 354/846/437 356/847/438 357/848/439
f 358/849/440 346/850/440 351/851/441
f 359/852/442 360/853/443 348/854/443
f 361/855/444 362/856/445 363/857/444
f 364/858/446 365/859/446 366/860/446
f 367/861/447 351/851/447 346/850/447
f 349/862/448 368/863/448 350/864/449
f 365/859/450 371/865/450 366/860/450
f 372/866/451 373/867/451 362/868/451
f 374/869/452 361/870/453 363/871/454
f 373/872/455 375/873/455 374/874/455
f 362/856/456 376/875/457 363/857/457
f 349/876/26 377/877/26 378/878/26
f 379/879/458 371/865/458 365/859/458
f 355/880/459 376/881/460 382/882/459
f 361/883/461 384/884/462 372/885/462
f 383/886/463 370/887/463 366/888/463
f 386/889/464 345/890/464 352/891/464
f 372/866/465 384/892/465 373/867/465
f 374/869/466 375/893/467 361/870/468
f 378/894/469 359/895/469 368/896/469
f 380/897/470 379/879/470 354/898/470
f 345/833/431 367/899/471 346/834/431
f 348/836/432 360/900/432 349/837/432
f 351/839/472 386/901/472 352/840/472
f 347/842/434 387/902/434 355/843/435
f 353/844/436 352/903/436 345/845/436
f 354/846/438 369/904/438 356/847/438
f 358/849/440 381/905/440 346/850/440
f 359/852/473 377/906/473 360/853/473
f 361/855/444 372/907/445 362/856/445
f 367/861/447 386/908/447 351/851/447
f 349/862/448 378/909/474 368/863/448
f 373/872/455 384/910/455 375/873/455
f 362/856/456 382/911/456 376/875/457
f 349/876/26 360/912/26 377/877/26
f 379/913/475 365/914/475 364/915/475
f 379/879/476 380/897/476 371/865/476
f 355/880/459 387/916/477 376/881/460
f 361/883/461 375/917/478 384/884/462
f 383/886/463 385/918/463 370/887/463
f 356/919/47 369/920/47 385/921/47
f 369/920/47 370/922/47 385/921/47
f 386/889/464 367/923/464 345/890/464
f 378/894/469 377/924/469 359/895/469
f 353/925/479 382/926/479 362/927/479
f 376/928/480 347/929/481 363/930/482
f 353/925/483 355/931/483 382/926/483
f 376/928/480 387/932/484 347/929/481
f 357/933/439 366/934/26 354/935/437
f 357/933/439 383/936/26 366/934/26
f 388/937/485 389/938/485 390/939/485
f 391/940/486 392/941/486 393/942/486
f 394/943/487 395/944/487 396/945/487
f 390/946/488 398/947/489 396/948/489
f 396/948/490 388/949/490 390/946/490
f 397/950/491 399/951/492 400/952/493
f 401/953/494 389/954/494 394/955/495
f 402/956/496 403/957/497 391/958/497
f 404/959/498 405/960/499 406/961/498
f 407/962/500 408/963/500 409/964/500
f 410/965/501 394/955/501 389/954/501
f 392/966/502 411/967/502 393/968/503
f 408/963/504 414/969/504 409/964/504
f 415/970/505 416/971/505 405/972/505
f 417/973/506 404/974/507 406/975/508
f 416/976/509 418/977/509 417/978/509
f 405/960/510 419/979/510 406/961/510
f 392/980/26 420/981/26 421/982/26
f 422/983/511 414/969/511 408/963/511
f 398/984/512 419/985/513 425/986/512
f 404/987/514 427/988/515 415/989/515
f 426/990/516 413/991/516 409/992/516
f 429/993/517 388/994/517 395/995/517
f 415/970/518 427/996/518 416/971/518
f 417/973/519 418/997/520 404/974/521
f 421/998/522 402/999/522 411/1000/522
f 423/1001/523 422/983/523 397/1002/523
f 388/937/485 410/1003/485 389/938/485
f 391/940/486 403/1004/486 392/941/486
f 394/943/524 429/1005/524 395/944/524
f 390/946/488 430/1006/488 398/947/489
f 396/948/490 395/1007/490 388/949/490
f 397/950/492 412/1008/492 399/951/492
f 401/953/494 424/1009/494 389/954/494
f 402/956/525 420/1010/525 403/957/525
f 404/959/498 415/1011/499 405/960/499
f 410/965/501 429/1012/501 394/955/501
f 392/966/502 421/1013/526 411/967/502
f 416/976/509 427/1014/509 418/977/509
f 405/960/510 425/1015/510 419/979/510
f 392/980/26 403/1016/26 420/981/26
f 422/1017/527 408/1018/527 407/1019/527
f 422/983/528 423/1001/528 414/969/528
f 398/984/512 430/1020/529 419/985/513
f 404/987/514 418/1021/514 427/988/515
f 426/990/516 428/1022/516 413/991/516
f 399/1023/47 412/1024/47 428/1025/47
f 412/1024/47 413/1026/47 428/1025/47
f 429/993/517 410/1027/517 388/994/517
f 421/998/522 420/1028/522 402/999/522
f 396/1029/530 425/1030/530 405/1031/530
f 419/1032/531 390/1033/532 406/1034/533
f 396/1029/534 398/1035/534 425/1030/534
f 419/1032/531 430/1036/535 390/1033/532
f 400/1037/493 409/1038/26 397/1039/491
f 400/1037/493 426/1040/26 409/1038/26
f 431/1041/536 432/1042/536 433/1043/536
f 434/1044/537 435/1045/537 436/1046/537
f 437/1047/538 438/1048/538 439/1049/538
f 433/1050/539 441/1051/540 439/1052/540
f 439/1052/541 431/1053/541 433/1050/541
f 440/1054/542 442/1055/543 443/1056/544
f 444/1057/545 432/1058/546 437/1059/547
f 445/1060/548 446/1061/549 434/1062/549
f 447/1063/550 448/1064/551 449/1065/550
f 450/1066/552 451/1067/552 452/1068/552
f 453/1069/553 437/1059/553 432/1058/553
f 435/1070/554 454/1071/554 436/1072/555
f 451/1067/556 457/1073/556 452/1068/556
f 458/1074/557 459/1075/557 448/1076/557
f 460/1077/558 447/1078/559 449/1079/560
f 459/1080/561 461/1081/561 460/1082/561
f 448/1064/562 462/1083/562 449/1065/562
f 435/1084/26 463/1085/26 464/1086/26
f 465/1087/563 457/1073/563 451/1067/563
f 441/1088/564 462/1089/565 468/1090/564
f 447/1091/566 470/1092/567 458/1093/567
f 469/1094/568 456/1095/568 452/1096/568
f 472/1097/569 431/1098/569 438/1099/569
f 458/1074/570 470/1100/570 459/1075/570
f 460/1077/571 461/1101/572 447/1078/573
f 464/1102/574 445/1103/574 454/1104/574
f 466/1105/575 465/1087/575 440/1106/575
f 431/1041/536 453/1107/576 432/1042/536
f 434/1044/537 446/1108/537 435/1045/537
f 437/1047/577 472/1109/577 438/1048/577
f 433/1050/539 473/1110/539 441/1051/540
f 439/1052/541 438/1111/541 431/1053/541
f 440/1054/543 455/1112/543 442/1055/543
f 444/1057/545 467/1113/546 432/1058/546
f 445/1060/578 463/1114/578 446/1061/578
f 447/1063/550 458/1115/551 448/1064/551
f 453/1069/553 472/1116/553 437/1059/553
f 435/1070/554 464/1117/579 454/1071/554
f 459/1080/561 470/1118/561 461/1081/561
f 448/1064/562 468/1119/562 462/1083/562
f 435/1084/26 446/1120/26 463/1085/26
f 465/1121/580 451/1122/580 450/1123/580
f 465/1087/581 466/1105/581 457/1073/581
f 441/1088/564 473/1124/565 462/1089/565
f 447/1091/566 461/1125/582 470/1092/567
f 469/1094/568 471/1126/568 456/1095/568
f 442/1127/47 455/1128/47 471/1129/47
f 455/1128/47 456/1130/47 471/1129/47
f 472/1097/569 453/1131/569 431/1098/569
f 464/1102/574 463/1132/574 445/1103/574
f 439/1133/583 468/1134/583 448/1135/583
f 462/1136/584 433/1137/585 449/1138/586
f 439/1133/587 441/1139/587 468/1134/587
f 462/1136/584 473/1140/588 433/1137/585
f 443/1141/544 452/1142/26 440/1143/542
f 443/1141/544 469/1144/26 452/1142/26
f 474/1145/589 475/1146/589 476/1147/590
f 477/1148/591 478/1149/591 479/1150/591
f 480/1151/592 481/1152/592 482/1153/592
f 476/1154/593 484/1155/594 482/1156/594
f 482/1156/595 474/1157/595 476/1154/595
f 483/1158/596 485/1159/597 486/1160/598
f 487/1161/599 475/1162/600 480/1163/601
f 488/1164/602 489/1165/603 477/1166/603
f 490/1167/604 491/1168/604 492/1169/604
f 493/1170/605 494/1171/605 495/1172/605
f 496/1173/606 480/1163/606 475/1162/606
f 478/1174/607 497/1175/607 479/1176/608
f 494/1171/609 500/1177/609 495/1172/609
f 501/1178/610 502/1179/610 491/1180/610
f 503/1181/611 490/1182/612 492/1183/613
f 502/1184/614 504/1185/614 503/1186/614
f 491/1168/615 505/1187/615 492/1169/615
f 478/1188/26 506/1189/26 507/1190/26
f 508/1191/616 500/1177/616 494/1171/616
f 484/1192/617 505/1193/618 511/1194/617
f 490/1195/619 513/1196/620 501/1197/620
f 512/1198/621 499/1199/621 495/1200/621
f 515/1201/622 474/1202/622 481/1203/622
f 501/1178/623 513/1204/623 502/1179/623
f 503/1181/624 504/1205/625 490/1182/626
f 507/1206/627 488/1207/627 497/1208/627
f 509/1209/628 508/1191/628 483/1210/628
f 474/1145/589 496/1211/589 475/1146/589
f 477/1148/591 489/1212/591 478/1149/591
f 480/1151/629 515/1213/629 481/1152/629
f 476/1154/593 516/1214/593 484/1155/594
f 482/1156/595 481/1215/595 474/1157/595
f 483/1158/597 498/1216/597 485/1159/597
f 487/1161/599 510/1217/600 475/1162/600
f 488/1164/630 506/1218/630 489/1165/630
f 490/1167/604 501/1219/604 491/1168/604
f 496/1173/606 515/1220/606 480/1163/606
f 478/1174/607 507/1221/631 497/1175/607
f 502/1184/614 513/1222/614 504/1185/614
f 491/1168/615 511/1223/615 505/1187/615
f 478/1188/26 489/1224/26 506/1189/26
f 508/1225/632 494/1226/632 493/1227/632
f 508/1191/633 509/1209/633 500/1177/633
f 484/1192/617 516/1228/618 505/1193/618
f 490/1195/619 504/1229/619 513/1196/620
f 512/1198/621 514/1230/621 499/1199/621
f 485/1231/47 498/1232/47 514/1233/47
f 498/1232/47 499/1234/47 514/1233/47
f 515/1201/622 496/1235/622 474/1202/622
f 507/1206/627 506/1236/627 488/1207/627
f 482/1237/634 511/1238/634 491/1239/634
f 505/1240/635 476/1241/636 492/1242/637
f 482/1237/638 484/1243/638 511/1238/638
f 505/1240/635 516/1244/639 476/1241/636
f 486/1245/598 495/1246/26 483/1247/596
f 486/1245/598 512/1248/26 495/1246/26
f 517/1249/640 518/1250/640 519/1251/640
f 520/1252/641 521/1253/641 522/1254/641
f 523/1255/642 524/1256/642 525/1257/642
f 519/1258/643 527/1259/644 525/1260/644
f 525/1260/645 517/1261/645 519/1258/645
f 526/1262/646 528/1263/647 529/1264/648
f 530/1265/649 518/1266/650 523/1267/651
f 531/1268/652 532/1269/653 520/1270/653
f 533/1271/654 534/1272/655 535/1273/654
f 536/1274/656 537/1275/656 538/1276/656
f 539/1277/657 523/1267/657 518/1266/657
f 521/1278/658 540/1279/658 522/1280/659
f 537/1275/660 543/1281/660 538/1276/660
f 544/1282/661 545/1283/661 534/1284/661
f 546/1285/662 533/1286/663 535/1287/664
f 545/1288/665 547/1289/665 546/1290/665
f 534/1272/666 548/1291/667 535/1273/667
f 521/1292/26 549/1293/26 550/1294/26
f 551/1295/668 543/1281/668 537/1275/668
f 527/1296/669 548/1297/670 554/1298/669
f 533/1299/671 556/1300/672 544/1301/672
f 555/1302/673 542/1303/673 538/1304/673
f 558/1305/674 517/1306/675 524/1307/674
f 544/1282/676 556/1308/676 545/1283/676
f 546/1285/677 547/1309/678 533/1286/679
f 550/1310/680 531/1311/681 540/1312/680
f 552/1313/682 551/1295/682 526/1314/682
f 517/1249/640 539/1315/640 518/1250/640
f 520/1252/641 532/1316/641 521/1253/641
f 523/1255/683 558/1317/683 524/1256/683
f 519/1258/643 559/1318/643 527/1259/644
f 525/1260/645 524/1319/645 517/1261/645
f 526/1262/647 541/1320/647 528/1263/647
f 530/1265/649 553/1321/650 518/1266/650
f 531/1268/684 549/1322/684 532/1269/684
f 533/1271/654 544/1323/655 534/1272/655
f 539/1277/657 558/1324/657 523/1267/657
f 521/1278/658 550/1325/685 540/1279/658
f 545/1288/665 556/1326/665 547/1289/665
f 534/1272/666 554/1327/666 548/1291/667
f 521/1292/26 532/1328/26 549/1293/26
f 551/1329/686 537/1330/686 536/1331/686
f 551/1295/687 552/1313/687 543/1281/687
f 527/1296/669 559/1332/670 548/1297/670
f 533/1299/671 547/1333/671 556/1300/672
f 555/1302/673 557/1334/673 542/1303/673
f 528/1335/47 541/1336/47 557/1337/47
f 541/1336/47 542/1338/47 557/1337/47
f 558/1305/674 539/1339/675 517/1306/675
f 550/1310/680 549/1340/681 531/1311/681
f 525/1341/688 554/1342/688 534/1343/688
f 548/1344/689 519/1345/690 535/1346/691
f 525/1341/692 527/1347/692 554/1342/692
f 548/1344/689 559/1348/693 519/1345/690
f 529/1349/648 538/1350/26 526/1351/646
f 529/1349/648 555/1352/26 538/1350/26
f 560/1353/694 561/1354/694 562/1355/695
f 563/1356/696 564/1357/696 565/1358/696
f 566/1359/697 567/1360/697 568/1361/697
f 562/1362/698 570/1363/699 568/1364/699
f 568/1364/700 560/1365/700 562/1362/700
f 569/1366/701 571/1367/702 572/1368/703
f 573/1369/704 561/1370/705 566/1371/706
f 574/1372/707 575/1373/708 563/1374/708
f 576/1375/709 577/1376/709 578/1377/709
f 579/1378/710 580/1379/710 581/1380/710
f 582/1381/711 566/1371/711 561/1370/711
f 564/1382/712 583/1383/713 565/1384/714
f 580/1379/715 586/1385/715 581/1380/715
f 587/1386/716 588/1387/716 577/1388/716
f 589/1389/717 576/1390/718 578/1391/719
f 588/1392/720 590/1393/720 589/1394/720
f 577/1376/721 591/1395/722 578/1377/722
f 564/1396/26 592/1397/26 593/1398/26
f 594/1399/723 586/1385/723 580/1379/723
f 570/1400/724 591/1401/725 597/1402/724
f 576/1403/726 599/1404/727 587/1405/727
f 598/1406/728 585/1407/728 581/1408/728
f 601/1409/729 560/1410/729 567/1411/729
f 587/1386/730 599/1412/730 588/1387/730
f 589/1389/731 590/1413/732 576/1390/733
f 593/1414/734 574/1415/734 583/1416/734
f 595/1417/735 594/1399/735 569/1418/735
f 560/1353/694 582/1419/736 561/1354/694
f 563/1356/696 575/1420/696 564/1357/696
f 566/1359/737 601/1421/737 567/1360/737
f 562/1362/698 602/1422/698 570/1363/699
f 568/1364/700 567/1423/700 560/1365/700
f 569/1366/702 584/1424/702 571/1367/702
f 573/1369/704 596/1425/705 561/1370/705
f 574/1372/738 592/1426/738 575/1373/738
f 576/1375/709 587/1427/709 577/1376/709
f 582/1381/711 601/1428/711 566/1371/711
f 564/1382/712 593/1429/739 583/1383/713
f 588/1392/720 599/1430/720 590/1393/720
f 577/1376/721 597/1431/721 591/1395/722
f 564/1396/26 575/1432/26 592/1397/26
f 594/1433/740 580/1434/740 579/1435/740
f 594/1399/741 595/1417/741 586/1385/741
f 570/1400/724 602/1436/725 591/1401/725
f 576/1403/726 590/1437/726 599/1404/727
f 598/1406/728 600/1438/728 585/1407/728
f 571/1439/47 584/1440/47 600/1441/47
f 584/1440/47 585/1442/47 600/1441/47
f 601/1409/729 582/1443/729 560/1410/729
f 593/1414/734 592/1444/734 574/1415/734
f 568/1445/742 597/1446/742 577/1447/742
f 591/1448/743 562/1449/744 578/1450/744
f 568/1445/745 570/1451/745 597/1446/745
f 591/1448/743 602/1452/746 562/1449/744
f 572/1453/703 581/1454/26 569/1455/701
f 572/1453/703 598/1456/26 581/1454/26
f 603/1457/747 604/1458/747 605/1459/748
f 606/1460/749 607/1461/749 608/1462/749
f 609/1463/750 610/1464/750 611/1465/750
f 605/1466/751 613/1467/751 611/1468/751
f 611/1468/752 603/1469/752 605/1466/752
f 612/1470/753 614/1471/754 615/1472/755
f 616/1473/756 604/1474/757 609/1475/758
f 617/1476/759 618/1477/760 606/1478/760
f 619/1479/761 620/1480/762 621/1481/761
f 622/1482/763 623/1483/763 624/1484/763
f 625/1485/764 609/1475/764 604/1474/764
f 607/1486/765 626/1487/765 608/1488/766
f 623/1483/767 629/1489/767 624/1484/767
f 630/1490/768 631/1491/768 620/1492/768
f 632/1493/769 619/1494/770 621/1495/771
f 631/1496/772 633/1497/772 632/1498/772
f 620/1480/773 634/1499/774 621/1481/774
f 607/1500/26 635/1501/26 636/1502/26
f 637/1503/775 629/1489/775 623/1483/775
f 613/1504/776 634/1505/777 640/1506/776
f 619/1507/778 642/1508/779 630/1509/779
f 641/1510/780 628/1511/780 624/1512/780
f 644/1513/781 603/1514/782 610/1515/781
f 630/1490/783 642/1516/783 631/1491/783
f 632/1493/784 633/1517/785 619/1494/786
f 636/1518/787 617/1519/787 626/1520/787
f 638/1521/788 637/1503/788 612/1522/788
f 603/1457/747 625/1523/789 604/1458/747
f 606/1460/749 618/1524/749 607/1461/749
f 609/1463/790 644/1525/790 610/1464/790
f 605/1466/751 645/1526/751 613/1467/751
f 611/1468/752 610/1527/752 603/1469/752
f 612/1470/754 627/1528/754 614/1471/754
f 616/1473/756 639/1529/757 604/1474/757
f 617/1476/791 635/1530/791 618/1477/791
f 619/1479/761 630/1531/762 620/1480/762
f 625/1485/764 644/1532/764 609/1475/764
f 607/1486/765 636/1533/792 626/1487/765
f 631/1496/772 642/1534/772 633/1497/772
f 620/1480/773 640/1535/773 634/1499/774
f 607/1500/26 618/1536/26 635/1501/26
f 637/1537/793 623/1538/793 622/1539/793
f 637/1503/794 638/1521/794 629/1489/794
f 613/1504/776 645/1540/777 634/1505/777
f 619/1507/778 633/1541/778 642/1508/779
f 641/1510/780 643/1542/780 628/1511/780
f 614/1543/47 627/1544/47 643/1545/47
f 627/1544/47 628/1546/47 643/1545/47
f 644/1513/781 625/1547/782 603/1514/782
f 636/1518/787 635/1548/787 617/1519/787
f 611/1549/795 640/1550/795 620/1551/795
f 634/1552/796 605/1553/797 621/1554/798
f 611/1549/799 613/1555/799 640/1550/799
f 634/1552/796 645/1556/796 605/1553/797
f 615/1557/755 624/1558/26 612/1559/753
f 615/1557/755 641/1560/26 624/1558/26
f 646/1561/800 647/1562/800 648/1563/801
f 649/1564/802 650/1565/802 651/1566/802
f 652/1567/803 653/1568/803 654/1569/803
f 648/1570/804 656/1571/805 654/1572/805
f 654/1572/806 646/1573/807 648/1570/807
f 655/1574/808 657/1575/809 658/1576/810
f 659/1577/811 647/1578/812 652/1579/813
f 660/1580/814 661/1581/815 649/1582/815
f 662/1583/816 663/1584/816 664/1585/816
f 665/1586/817 666/1587/817 667/1588/817
f 668/1589/818 652/1579/818 647/1578/818
f 650/1590/819 669/1591/820 651/1592/821
f 666/1587/822 672/1593/822 667/1588/822
f 673/1594/823 674/1595/823 663/1596/823
f 675/1597/824 662/1598/825 664/1599/826
f 674/1600/827 676/1601/827 675/1602/827
f 663/1584/828 677/1603/828 664/1585/828
f 650/1604/26 678/1605/26 679/1606/26
f 680/1607/829 672/1593/829 666/1587/829
f 656/1608/830 677/1609/831 683/1610/830
f 662/1611/832 685/1612/833 673/1613/833
f 684/1614/834 671/1615/834 667/1616/834
f 687/1617/835 646/1618/835 653/1619/835
f 673/1594/836 685/1620/836 674/1595/836
f 675/1597/837 676/1621/838 662/1598/839
f 679/1622/840 660/1623/841 669/1624/840
f 681/1625/842 680/1607/842 655/1626/842
f 646/1561/800 668/1627/843 647/1562/800
f 649/1564/802 661/1628/802 650/1565/802
f 652/1567/803 687/1629/803 653/1568/803
f 648/1570/804 688/1630/804 656/1571/805
f 654/1572/806 653/1631/806 646/1573/807
f 655/1574/809 670/1632/809 657/1575/809
f 659/1577/811 682/1633/812 647/1578/812
f 660/1580/844 678/1634/844 661/1581/844
f 662/1583/816 673/1635/816 663/1584/816
f 668/1589/818 687/1636/818 652/1579/818
f 650/1590/819 679/1637/845 669/1591/820
f 674/1600/827 685/1638/827 676/1601/827
f 663/1584/828 683/1639/828 677/1603/828
f 650/1604/26 661/1640/26 678/1605/26
f 680/1641/846 666/1642/846 665/1643/846
f 680/1607/847 681/1625/847 672/1593/847
f 656/1608/830 688/1644/848 677/1609/831
f 662/1611/832 676/1645/849 685/1612/833
f 684/1614/834 686/1646/834 671/1615/834
f 657/1647/47 670/1648/47 686/1649/47
f 670/1648/47 671/1650/47 686/1649/47
f 687/1617/835 668/1651/835 646/1618/835
f 679/1622/840 678/1652/841 660/1623/841
f 654/1653/850 683/1654/850 663/1655/850
f 677/1656/851 648/1657/852 664/1658/853
f 654/1653/854 656/1659/854 683/1654/854
f 677/1656/851 688/1660/855 648/1657/852
f 658/1661/810 667/1662/26 655/1663/808
f 658/1661/810 684/1664/26 667/1662/26
f 689/1665/856 690/1666/856 691/1667/856
f 692/1668/857 693/1669/857 694/1670/857
f 695/1671/858 696/1672/858 697/1673/858
f 691/1674/859 699/1675/860 697/1676/860
f 697/1676/861 689/1677/861 691/1674/861
f 698/1678/862 700/1679/863 701/1680/864
f 702/1681/865 690/1682/866 695/1683/867
f 703/1684/868 704/1685/869 692/1686/869
f 705/1687/870 706/1688/870 707/1689/870
f 708/1690/871 709/1691/871 710/1692/871
f 711/1693/872 695/1683/872 690/1682/872
f 693/1694/873 712/1695/873 694/1696/873
f 709/1691/874 715/1697/874 710/1692/874
f 716/1698/875 717/1699/875 706/1700/875
f 718/1701/876 705/1702/877 707/1703/878
f 717/1704/879 719/1705/879 718/1706/879
f 706/1688/880 720/1707/881 707/1689/881
f 693/1708/26 721/1709/26 722/1710/26
f 723/1711/882 715/1697/882 709/1691/882
f 699/1712/883 720/1713/884 726/1714/883
f 705/1715/885 728/1716/886 716/1717/886
f 727/1718/887 714/1719/887 710/1720/887
f 730/1721/888 689/1722/889 696/1723/888
f 716/1698/890 728/1724/890 717/1699/890
f 718/1701/891 719/1725/892 705/1702/893
f 722/1726/894 703/1727/895 712/1728/894
f 724/1729/896 723/1711/896 698/1730/896
f 689/1665/856 711/1731/897 690/1666/856
f 692/1668/857 704/1732/857 693/1669/857
f 695/1671/898 730/1733/898 696/1672/898
f 691/1674/859 731/1734/859 699/1675/860
f 697/1676/861 696/1735/861 689/1677/861
f 698/1678/863 713/1736/863 700/1679/863
f 702/1681/865 725/1737/866 690/1682/866
f 703/1684/899 721/1738/899 704/1685/899
f 705/1687/870 716/1739/870 706/1688/870
f 711/1693/872 730/1740/872 695/1683/872
f 693/1694/873 722/1741/900 712/1695/873
f 717/1704/879 728/1742/879 719/1705/879
f 706/1688/880 726/1743/880 720/1707/881
f 693/1708/26 704/1744/26 721/1709/26
f 723/1745/901 709/1746/901 708/1747/901
f 723/1711/902 724/1729/902 715/1697/902
f 699/1712/883 731/1748/884 720/1713/884
f 705/1715/885 719/1749/885 728/1716/886
f 727/1718/887 729/1750/887 714/1719/887
f 700/1751/47 713/1752/47 729/1753/47
f 713/1752/47 714/1754/47 729/1753/47
f 730/1721/888 711/1755/889 689/1722/889
f 722/1726/894 721/1756/895 703/1727/895
f 697/1757/903 726/1758/903 706/1759/903
f 720/1760/904 691/1761/905 707/1762/906
f 697/1757/907 699/1763/907 726/1758/907
f 720/1760/904 731/1764/906 691/1761/905
f 701/1765/864 710/1766/26 698/1767/862
f 701/1765/864 727/1768/26 710/1766/26
f 732/1769/908 733/1770/908 734/1771/908
f 735/1772/909 736/1773/909 737/1774/909
f 738/1775/910 739/1776/910 740/1777/910
f 734/1778/911 742/1779/912 740/1780/912
f 740/1780/913 732/1781/913 734/1778/913
f 741/1782/914 743/1783/915 744/1784/916
f 745/1785/917 733/1786/918 738/1787/919
f 746/1788/920 747/1789/921 735/1790/921
f 748/1791/922 749/1792/923 750/1793/922
f 751/1794/924 752/1795/924 753/1796/924
f 754/1797/925 738/1787/925 733/1786/925
f 736/1798/926 755/1799/927 737/1800/928
f 752/1795/929 758/1801/929 753/1796/929
f 759/1802/930 760/1803/930 749/1804/930
f 761/1805/931 748/1806/932 750/1807/933
f 760/1808/934 762/1809/934 761/1810/934
f 749/1792/935 763/1811/936 750/1793/936
f 736/1812/26 764/1813/26 765/1814/26
f 766/1815/937 758/1801/937 752/1795/937
f 742/1816/938 763/1817/939 769/1818/938
f 748/1819/940 771/1820/941 759/1821/941
f 770/1822/942 757/1823/942 753/1824/942
f 773/1825/943 732/1826/943 739/1827/943
f 759/1802/944 771/1828/944 760/1803/944
f 761/1805/945 762/1829/946 748/1806/947
f 765/1830/948 746/1831/949 755/1832/948
f 767/1833/950 766/1815/950 741/1834/950
f 732/1769/908 754/1835/951 733/1770/908
f 735/1772/909 747/1836/909 736/1773/909
f 738/1775/952 773/1837/952 739/1776/952
f 734/1778/911 774/1838/911 742/1779/912
f 740/1780/913 739/1839/913 732/1781/913
f 741/1782/915 756/1840/915 743/1783/915
f 745/1785/917 768/1841/918 733/1786/918
f 746/1788/953 764/1842/953 747/1789/953
f 748/1791/922 759/1843/923 749/1792/923
f 754/1797/925 773/1844/925 738/1787/925
f 736/1798/926 765/1845/954 755/1799/927
f 760/1808/934 771/1846/934 762/1809/934
f 749/1792/935 769/1847/935 763/1811/936
f 736/1812/26 747/1848/26 764/1813/26
f 766/1849/955 752/1850/955 751/1851/955
f 766/1815/956 767/1833/956 758/1801/956
f 742/1816/938 774/1852/939 763/1817/939
f 748/1819/940 762/1853/940 771/1820/941
f 770/1822/942 772/1854/942 757/1823/942
f 743/1855/47 756/1856/47 772/1857/47
f 756/1856/47 757/1858/47 772/1857/47
f 773/1825/943 754/1859/943 732/1826/943
f 765/1830/948 764/1860/949 746/1831/949
f 740/1861/957 769/1862/957 749/1863/957
f 763/1864/958 734/1865/959 750/1866/960
f 740/1861/961 742/1867/961 769/1862/961
f 763/1864/958 774/1868/960 734/1865/959
f 744/1869/916 753/1870/26 741/1871/914
f 744/1869/916 770/1872/26 753/1870/26
f 775/1873/962 776/1874/962 777/1875/963
f 778/1876/964 779/1877/964 780/1878/964
f 781/1879/965 782/1880/965 783/1881/965
f 777/1882/966 785/1883/967 783/1884/967
f 783/1884/968 775/1885/968 777/1882/968
f 784/1886/969 786/1887/970 787/1888/971
f 788/1889/972 776/1890/972 781/1891/973
f 789/1892/974 790/1893/975 778/1894/975
f 791/1895/976 792/1896/977 793/1897/976
f 794/1898/978 795/1899/978 796/1900/978
f 797/1901/979 781/1891/979 776/1890/979
f 779/1902/980 798/1903/981 780/1904/982
f 795/1899/983 801/1905/983 796/1900/983
f 802/1906/984 803/1907/984 792/1908/984
f 804/1909/985 791/1910/986 793/1911/987
f 803/1912/988 805/1913/988 804/1914/988
f 792/1896/989 806/1915/990 793/1897/990
f 779/1916/26 807/1917/26 808/1918/26
f 809/1919/991 801/1905/991 795/1899/991
f 785/1920/992 806/1921/993 812/1922/992
f 791/1923/994 814/1924/995 802/1925/995
f 813/1926/996 800/1927/996 796/1928/996
f 816/1929/997 775/1930/998 782/1931/997
f 802/1906/999 814/1932/999 803/1907/999
f 804/1909/1000 805/1933/1001 791/1910/1002
f 808/1934/1003 789/1935/1003 798/1936/1003
f 810/1937/1004 809/1919/1004 784/1938/1004
f 775/1873/962 797/1939/962 776/1874/962
f 778/1876/964 790/1940/964 779/1877/964
f 781/1879/1005 816/1941/1005 782/1880/1005
f 777/1882/966 817/1942/966 785/1883/967
f 783/1884/968 782/1943/968 775/1885/968
f 784/1886/970 799/1944/970 786/1887/970
f 788/1889/972 811/1945/972 776/1890/972
f 789/1892/1006 807/1946/1006 790/1893/1006
f 791/1895/976 802/1947/977 792/1896/977
f 797/1901/979 816/1948/979 781/1891/979
f 779/1902/980 808/1949/1007 798/1903/981
f 803/1912/988 814/1950/988 805/1913/988
f 792/1896/989 812/1951/989 806/1915/990
f 779/1916/26 790/1952/26 807/1917/26
f 809/1953/1008 795/1954/1008 794/1955/1008
f 809/1919/1009 810/1937/1009 801/1905/1009
f 785/1920/992 817/1956/993 806/1921/993
f 791/1923/994 805/1957/994 814/1924/995
f 813/1926/996 815/1958/996 800/1927/996
f 786/1959/47 799/1960/47 815/1961/47
f 799/1960/47 800/1962/47 815/1961/47
f 816/1929/997 797/1963/998 775/1930/998
f 808/1934/1003 807/1964/1003 789/1935/1003
f 783/1965/1010 812/1966/1010 792/1967/1010
f 806/1968/1011 777/1969/1012 793/1970/1013
f 783/1965/1014 785/1971/1014 812/1966/1014
f 806/1968/1011 817/1972/1015 777/1969/1012
f 787/1973/971 796/1974/26 784/1975/969
f 787/1973/971 813/1976/26 796/1974/26
f 818/1977/1016 819/1978/1016 820/1979/1017
f 821/1980/1018 822/1981/1018 823/1982/1018
f 824/1983/1019 825/1984/1019 826/1985/1019
f 820/1986/1020 828/1987/1021 826/1988/1021
f 826/1988/1022 818/1989/1022 820/1986/1022
f 827/1990/1023 829/1991/1024 830/1992/1025
f 831/1993/1026 819/1994/1027 824/1995/1028
f 832/1996/1029 833/1997/1030 821/1998/1030
f 834/1999/1031 835/2000/1031 836/2001/1031
f 837/2002/1032 838/2003/1032 839/2004/1032
f 840/2005/1033 824/1995/1033 819/1994/1033
f 822/2006/1034 841/2007/1034 823/2008/1035
f 838/2003/1036 844/2009/1036 839/2004/1036
f 845/2010/1037 846/2011/1037 835/2012/1037
f 847/2013/1038 834/2014/1039 836/2015/1040
f 846/2016/1041 848/2017/1041 847/2018/1041
f 835/2000/1042 849/2019/1043 836/2001/1043
f 822/2020/26 850/2021/26 851/2022/26
f 852/2023/1044 844/2009/1044 838/2003/1044
f 828/2024/1045 849/2025/1046 855/2026/1045
f 834/2027/1047 857/2028/1048 845/2029/1048
f 856/2030/1049 843/2031/1049 839/2032/1049
f 859/2033/1050 818/2034/1050 825/2035/1050
f 845/2010/1051 857/2036/1051 846/2011/1051
f 847/2013/1052 848/2037/1053 834/2014/1054
f 851/2038/1055 832/2039/1055 841/2040/1055
f 853/2041/1056 852/2023/1056 827/2042/1056
f 818/1977/1016 840/2043/1016 819/1978/1016
f 821/1980/1018 833/2044/1018 822/1981/1018
f 824/1983/1057 859/2045/1057 825/1984/1057
f 820/1986/1020 860/2046/1020 828/1987/1021
f 826/1988/1022 825/2047/1022 818/1989/1022
f 827/1990/1024 842/2048/1024 829/1991/1024
f 831/1993/1026 854/2049/1027 819/1994/1027
f 832/1996/1058 850/2050/1058 833/1997/1058
f 834/1999/1031 845/2051/1059 835/2000/1031
f 840/2005/1033 859/2052/1033 824/1995/1033
f 822/2006/1034 851/2053/1060 841/2007/1034
f 846/2016/1041 857/2054/1041 848/2017/1041
f 835/2000/1042 855/2055/1042 849/2019/1043
f 822/2020/26 833/2056/26 850/2021/26
f 852/2057/1061 838/2058/1061 837/2059/1061
f 852/2023/1062 853/2041/1062 844/2009/1062
f 828/2024/1045 860/2060/1046 849/2025/1046
f 834/2027/1047 848/2061/1047 857/2028/1048
f 856/2030/1049 858/2062/1049 843/2031/1049
f 829/2063/47 842/2064/47 858/2065/47
f 842/2064/47 843/2066/47 858/2065/47
f 859/2033/1050 840/2067/1050 818/2034/1050
f 851/2038/1055 850/2068/1055 832/2039/1055
f 826/2069/1063 855/2070/1063 835/2071/1063
f 849/2072/1064 820/2073/1065 836/2074/1066
f 826/2069/1067 828/2075/1067 855/2070/1067
f 849/2072/1064 860/2076/1068 820/2073/1065
f 830/2077/1025 839/2078/26 827/2079/1023
f 830/2077/1025 856/2080/26 839/2078/26
f 861/2081/1069 862/2082/1069 863/2083/1070
f 864/2084/1071 865/2085/1071 866/2086/1071
f 867/2087/1072 868/2088/1072 869/2089/1072
f 863/2090/1073 871/2091/1074 869/2092/1074
f 869/2092/1075 861/2093/1075 863/2090/1075
f 870/2094/1076 872/2095/1077 873/2096/1078
f 874/2097/1079 862/2098/1079 867/2099/1080
f 875/2100/1081 876/2101/1082 864/2102/1082
f 877/2103/1083 878/2104/1084 879/2105/1083
f 880/2106/1085 881/2107/1085 882/2108/1085
f 883/2109/1086 867/2099/1086 862/2098/1086
f 865/2110/1087 884/2111/1088 866/2112/1089
f 881/2107/1090 887/2113/1090 882/2108/1090
f 888/2114/1091 889/2115/1091 878/2116/1091
f 890/2117/1092 877/2118/1093 879/2119/1094
f 889/2120/1095 891/2121/1095 890/2122/1095
f 878/2104/1096 892/2123/1096 879/2105/1096
f 865/2124/26 893/2125/26 894/2126/26
f 895/2127/1097 887/2113/1097 881/2107/1097
f 871/2128/1098 892/2129/1099 898/2130/1100
f 877/2131/1101 900/2132/1102 888/2133/1102
f 899/2134/1103 886/2135/1103 882/2136/1103
f 902/2137/1104 861/2138/1104 868/2139/1104
f 888/2114/1105 900/2140/1105 889/2115/1105
f 890/2117/1106 891/2141/1107 877/2118/1108
f 894/2142/1109 875/2143/1109 884/2144/1109
f 896/2145/1110 895/2127/1110 870/2146/1110
f 861/2081/1069 883/2147/1111 862/2082/1069
f 864/2084/1071 876/2148/1071 865/2085/1071
f 867/2087/1112 902/2149/1112 868/2088/1112
f 863/2090/1073 903/2150/1073 871/2091/1074
f 869/2092/1075 868/2151/1075 861/2093/1075
f 870/2094/1077 885/2152/1077 872/2095/1077
f 874/2097/1079 897/2153/1079 862/2098/1079
f 875/2100/1113 893/2154/1113 876/2101/1113
f 877/2103/1083 888/2155/1084 878/2104/1084
f 883/2109/1086 902/2156/1086 867/2099/1086
f 865/2110/1087 894/2157/1114 884/2111/1088
f 889/2120/1095 900/2158/1095 891/2121/1095
f 878/2104/1096 898/2159/1096 892/2123/1096
f 865/2124/26 876/2160/26 893/2125/26
f 895/2161/1115 881/2162/1115 880/2163/1115
f 895/2127/1116 896/2145/1116 887/2113/1116
f 871/2128/1098 903/2164/1099 892/2129/1099
f 877/2131/1101 891/2165/1101 900/2132/1102
f 899/2134/1103 901/2166/1103 886/2135/1103
f 872/2167/47 885/2168/47 901/2169/47
f 885/2168/47 886/2170/47 901/2169/47
f 902/2137/1104 883/2171/1104 861/2138/1104
f 894/2142/1109 893/2172/1109 875/2143/1109
f 869/2173/1117 898/2174/1117 878/2175/1117
f 892/2176/1118 863/2177/1119 879/2178/1120
f 869/2173/1121 871/2179/1121 898/2174/1121
f 892/2176/1118 903/2180/1122 863/2177/1119
f 873/2181/1078 882/2182/26 870/2183/1076
f 873/2181/1078 899/2184/26 882/2182/26
f 904/2185/1123 905/2186/1124 906/2187/1125
f 907/2188/1126 908/2189/1126 909/2190/1126
f 910/2191/1127 911/2192/1127 912/2193/1127
f 906/2194/1128 914/2195/1129 912/2196/1129
f 912/2196/1130 904/2197/1130 906/2194/1130
f 913/2198/1131 915/2199/1132 916/2200/1133
f 917/2201/1134 905/2202/1135 910/2203/1136
f 918/2204/1137 919/2205/1138 907/2206/1138
f 920/2207/1139 921/2208/1140 922/2209/1139
f 923/2210/1141 924/2211/1141 925/2212/1141
f 926/2213/1142 910/2203/1142 905/2202/1142
f 908/2214/1143 927/2215/1143 909/2216/1144
f 924/2211/1145 930/2217/1145 925/2212/1145
f 931/2218/1146 932/2219/1146 921/2220/1146
f 933/2221/1147 920/2222/1148 922/2223/1149
f 932/2224/1150 934/2225/1150 933/2226/1150
f 921/2208/1151 935/2227/1151 922/2209/1151
f 908/2228/26 936/2229/26 937/2230/26
f 938/2231/1152 930/2217/1152 924/2211/1152
f 914/2232/1153 935/2233/1154 941/2234/1153
f 920/2235/1155 943/2236/1156 931/2237/1156
f 942/2238/1157 929/2239/1157 925/2240/1157
f 945/2241/1158 904/2242/1158 911/2243/1158
f 931/2218/1159 943/2244/1159 932/2219/1159
f 933/2221/1160 934/2245/1161 920/2222/1162
f 937/2246/1163 918/2247/1163 927/2248/1163
f 939/2249/1164 938/2231/1164 913/2250/1164
f 904/2185/1123 926/2251/1124 905/2186/1124
f 907/2188/1126 919/2252/1126 908/2189/1126
f 910/2191/1165 945/2253/1165 911/2192/1165
f 906/2194/1128 946/2254/1128 914/2195/1129
f 912/2196/1130 911/2255/1130 904/2197/1130
f 913/2198/1132 928/2256/1132 915/2199/1132
f 917/2201/1134 940/2257/1135 905/2202/1135
f 918/2204/1166 936/2258/1166 919/2205/1166
f 920/2207/1139 931/2259/1140 921/2208/1140
f 926/2213/1142 945/2260/1142 910/2203/1142
f 908/2214/1143 937/2261/1167 927/2215/1143
f 932/2224/1150 943/2262/1150 934/2225/1150
f 921/2208/1151 941/2263/1151 935/2227/1151
f 908/2228/26 919/2264/26 936/2229/26
f 938/2265/1168 924/2266/1168 923/2267/1168
f 938/2231/1169 939/2249/1169 930/2217/1169
f 914/2232/1153 946/2268/1154 935/2233/1154
f 920/2235/1155 934/2269/1155 943/2236/1156
f 942/2238/1157 944/2270/1157 929/2239/1157
f 915/2271/47 928/2272/47 944/2273/47
f 928/2272/47 929/2274/47 944/2273/47
f 945/2241/1158 926/2275/1158 904/2242/1158
f 937/2246/1163 936/2276/1163 918/2247/1163
f 912/2277/1170 941/2278/1170 921/2279/1170
f 935/2280/1171 906/2281/1172 922/2282/1173
f 912/2277/1174 914/2283/1174 941/2278/1174
f 935/2280/1171 946/2284/1175 906/2281/1172
f 916/2285/1133 925/2286/26 913/2287/1131
f 916/2285/1133 942/2288/26 925/2286/26
f 947/2289/1176 948/2290/1176 949/2291/1176
f 950/2292/1177 951/2293/1178 952/2294/1178
f 953/2295/1179 954/2296/1179 955/2297/1179
f 949/2298/1180 957/2299/1181 955/2300/1181
f 955/2300/1182 947/2301/1182 949/2298/1182
f 956/2302/1183 958/2303/1184 959/2304/1185
f 960/2305/1186 948/2306/1186 953/2307/1187
f 961/2308/1188 962/2309/1189 950/2310/1189
f 963/2311/1190 964/2312/1190 965/2313/1190
f 966/2314/1191 967/2315/1191 968/2316/1191
f 969/2317/1192 953/2307/1192 948/2306/1192
f 951/2318/1193 970/2319/1193 952/2320/1194
f 967/2315/1195 973/2321/1195 968/2316/1195
f 974/2322/1196 975/2323/1196 964/2324/1196
f 976/2325/1197 963/2326/1198 965/2327/1199
f 975/2328/1200 977/2329/1200 976/2330/1200
f 964/2312/1201 978/2331/1202 965/2313/1202
f 951/2332/26 979/2333/26 980/2334/26
f 981/2335/1203 973/2321/1203 967/2315/1203
f 957/2336/1204 978/2337/1205 984/2338/1204
f 963/2339/1206 986/2340/1207 974/2341/1207
f 985/2342/1208 972/2343/1208 968/2344/1208
f 988/2345/1209 947/2346/1209 954/2347/1209
f 974/2322/1210 986/2348/1210 975/2323/1210
f 976/2325/1211 977/2349/1212 963/2326/1213
f 980/2350/1214 961/2351/1214 970/2352/1214
f 982/2353/1215 981/2335/1215 956/2354/1215
f 947/2289/1176 969/2355/1176 948/2290/1176
f 950/2292/1177 962/2356/1177 951/2293/1178
f 953/2295/1216 988/2357/1216 954/2296/1216
f 949/2298/1180 989/2358/1180 957/2299/1181
f 955/2300/1182 954/2359/1182 947/2301/1182
f 956/2302/1184 971/2360/1184 958/2303/1184
f 960/2305/1186 983/2361/1186 948/2306/1186
f 961/2308/1217 979/2362/1217 962/2309/1217
f 963/2311/1190 974/2363/1190 964/2312/1190
f 969/2317/1192 988/2364/1192 953/2307/1192
f 951/2318/1193 980/2365/1218 970/2319/1193
f 975/2328/1200 986/2366/1200 977/2329/1200
f 964/2312/1201 984/2367/1201 978/2331/1202
f 951/2332/26 962/2368/26 979/2333/26
f 981/2369/1219 967/2370/1219 966/2371/1219
f 981/2335/1220 982/2353/1220 973/2321/1220
f 957/2336/1204 989/2372/1205 978/2337/1205
f 963/2339/1206 977/2373/1206 986/2340/1207
f 985/2342/1208 987/2374/1208 972/2343/1208
f 958/2375/47 971/2376/47 987/2377/47
f 971/2376/47 972/2378/47 987/2377/47
f 988/2345/1209 969/2379/1209 947/2346/1209
f 980/2350/1214 979/2380/1214 961/2351/1214
f 955/2381/1221 984/2382/1221 964/2383/1221
f 978/2384/1222 949/2385/1223 965/2386/1224
f 955/2381/1225 957/2387/1225 984/2382/1225
f 978/2384/1222 989/2388/1226 949/2385/1223
f 959/2389/1185 968/2390/26 956/2391/1183
f 959/2389/1185 985/2392/26 968/2390/26
f 990/2393/1227 991/2394/1227 992/2395/1227
f 993/2396/1228 994/2397/1228 995/2398/1228
f 996/2399/1229 997/2400/1229 998/2401/1229
f 992/2402/1230 1000/2403/1231 998/2404/1231
f 998/2404/1232 990/2405/1232 992/2402/1232
f 999/2406/1233 1001/2407/1234 1002/2408/1235
f 1003/2409/1236 991/2410/1237 996/2411/1238
f 1004/2412/1239 1005/2413/1240 993/2414/1240
f 1006/2415/1241 1007/2416/1242 1008/2417/1241
f 1009/2418/1243 1010/2419/1243 1011/2420/1243
f 1012/2421/1244 996/2411/1244 991/2410/1244
f 994/2422/1245 1013/2423/1245 995/2424/1246
f 1010/2419/1247 1016/2425/1247 1011/2420/1247
f 1017/2426/1248 1018/2427/1248 1007/2428/1248
f 1019/2429/1249 1006/2430/1250 1008/2431/1251
f 1018/2432/1252 1020/2433/1252 1019/2434/1252
f 1007/2416/1253 1021/2435/1254 1008/2417/1254
f 994/2436/26 1022/2437/26 1023/2438/26
f 1024/2439/1255 1016/2425/1255 1010/2419/1255
f 1000/2440/1256 1021/2441/1257 1027/2442/1258
f 1006/2443/1259 1029/2444/1260 1017/2445/1260
f 1028/2446/1261 1015/2447/1261 1011/2448/1261
f 1031/2449/1262 990/2450/1263 997/2451/1262
f 1017/2426/1264 1029/2452/1264 1018/2427/1264
f 1019/2429/1265 1020/2453/1266 1006/2430/1267
f 1023/2454/1268 1004/2455/1268 1013/2456/1268
f 1025/2457/1269 1024/2439/1269 999/2458/1269
f 990/2393/1227 1012/2459/1227 991/2394/1227
f 993/2396/1228 1005/2460/1228 994/2397/1228
f 996/2399/1270 1031/2461/1270 997/2400/1270
f 992/2402/1230 1032/2462/1230 1000/2403/1231
f 998/2404/1232 997/2463/1232 990/2405/1232
f 999/2406/1234 1014/2464/1234 1001/2407/1234
f 1003/2409/1236 1026/2465/1237 991/2410/1237
f 1004/2412/1271 1022/2466/1271 1005/2413/1271
f 1006/2415/1241 1017/2467/1242 1007/2416/1242
f 1012/2421/1244 1031/2468/1244 996/2411/1244
f 994/2422/1245 1023/2469/1272 1013/2423/1245
f 1018/2432/1252 1029/2470/1252 1020/2433/1252
f 1007/2416/1253 1027/2471/1253 1021/2435/1254
f 994/2436/26 1005/2472/26 1022/2437/26
f 1024/2473/1273 1010/2474/1273 1009/2475/1273
f 1024/2439/1274 1025/2457/1274 1016/2425/1274
f 1000/2440/1256 1032/2476/1257 1021/2441/1257
f 1006/2443/1259 1020/2477/1259 1029/2444/1260
f 1028/2446/1261 1030/2478/1261 1015/2447/1261
f 1001/2479/47 1014/2480/47 1030/2481/47
f 1014/2480/47 1015/2482/47 1030/2481/47
f 1031/2449/1262 1012/2483/1263 990/2450/1263
f 1023/2454/1268 1022/2484/1268 1004/2455/1268
f 998/2485/1275 1027/2486/1275 1007/2487/1275
f 1021/2488/1276 992/2489/1277 1008/2490/1278
f 998/2485/1279 1000/2491/1279 1027/2486/1279
f 1021/2488/1276 1032/2492/1280 992/2489/1277
f 1002/2493/1235 1011/2494/26 999/2495/1233
f 1002/2493/1235 1028/2496/26 1011/2494/26
f 1033/2497/1281 1034/2498/1281 1035/2499/1282
f 1036/2500/1283 1037/2501/1283 1038/2502/1283
f 1039/2503/1284 1040/2504/1284 1041/2505/1284
f 1035/2506/1285 1043/2507/1286 1041/2508/1286
f 1041/2508/1287 1033/2509/1287 1035/2506/1287
f 1042/2510/1288 1044/2511/1289 1045/2512/1290
f 1046/2513/1291 1034/2514/1292 1039/2515/1293
f 1047/2516/1294 1048/2517/1295 1036/2518/1295
f 1049/2519/1296 1050/2520/1297 1051/2521/1296
f 1052/2522/1298 1053/2523/1298 1054/2524/1298
f 1055/2525/1299 1039/2515/1299 1034/2514/1300
f 1037/2526/1301 1056/2527/1301 1038/2528/1302
f 1053/2523/1303 1059/2529/1303 1054/2524/1303
f 1060/2530/1304 1061/2531/1304 1050/2532/1304
f 1062/2533/1305 1049/2534/1306 1051/2535/1307
f 1061/2536/1308 1063/2537/1308 1062/2538/1308
f 1050/2520/1309 1064/2539/1310 1051/2521/1310
f 1037/2540/26 1065/2541/26 1066/2542/26
f 1067/2543/1311 1059/2529/1311 1053/2523/1311
f 1043/2544/1312 1064/2545/1313 1070/2546/1312
f 1049/2547/1314 1072/2548/1315 1060/2549/1315
f 1071/2550/1316 1058/2551/1316 1054/2552/1316
f 1074/2553/1317 1033/2554/1318 1040/2555/1317
f 1060/2530/1319 1072/2556/1319 1061/2531/1319
f 1062/2533/1320 1063/2557/1321 1049/2534/1322
f 1066/2558/1323 1047/2559/1324 1056/2560/1323
f 1068/2561/1325 1067/2543/1325 1042/2562/1325
f 1033/2497/1281 1055/2563/1326 1034/2498/1281
f 1036/2500/1283 1048/2564/1283 1037/2501/1283
f 1039/2503/1327 1074/2565/1327 1040/2504/1327
f 1035/2506/1285 1075/2566/1285 1043/2507/1286
f 1041/2508/1287 1040/2567/1287 1033/2509/1287
f 1042/2510/1289 1057/2568/1289 1044/2511/1289
f 1046/2513/1291 1069/2569/1292 1034/2514/1292
f 1047/2516/1328 1065/2570/1328 1048/2517/1328
f 1049/2519/1296 1060/2571/1297 1050/2520/1297
f 1055/2525/1299 1074/2572/1299 1039/2515/1299
f 1037/2526/1301 1066/2573/1329 1056/2527/1301
f 1061/2536/1308 1072/2574/1308 1063/2537/1308
f 1050/2520/1309 1070/2575/1309 1064/2539/1310
f 1037/2540/26 1048/2576/26 1065/2541/26
f 1067/2577/1330 1053/2578/1330 1052/2579/1330
f 1067/2543/1331 1068/2561/1331 1059/2529/1331
f 1043/2544/1312 1075/2580/1313 1064/2545/1313
f 1049/2547/1314 1063/2581/1332 1072/2548/1315
f 1071/2550/1316 1073/2582/1316 1058/2551/1316
f 1044/2583/47 1057/2584/47 1073/2585/47
f 1057/2584/47 1058/2586/47 1073/2585/47
f 1074/2553/1317 1055/2587/1318 1033/2554/1318
f 1066/2558/1323 1065/2588/1324 1047/2559/1324
f 1041/2589/1333 1070/2590/1333 1050/2591/1333
f 1064/2592/1334 1035/2593/1335 1051/2594/1336
f 1041/2589/1337 1043/2595/1337 1070/2590/1337
f 1064/2592/1334 1075/2596/1338 1035/2593/1335
f 1045/2597/1290 1054/2598/26 1042/2599/1288
f 1045/2597/1290 1071/2600/26 1054/2598/26
f 1076/2601/1339 1077/2602/1339 1078/2603/1339
f 1079/2604/1340 1080/2605/1340 1081/2606/1340
f 1082/2607/1341 1083/2608/1341 1084/2609/1341
f 1078/2610/1342 1086/2611/1343 1084/2612/1343
f 1084/2612/1344 1076/2613/1345 1078/2610/1345
f 1085/2614/1346 1087/2615/1347 1088/2616/1348
f 1089/2617/1349 1077/2618/1350 1082/2619/1351
f 1090/2620/1352 1091/2621/1353 1079/2622/1353
f 1092/2623/1354 1093/2624/1354 1094/2625/1354
f 1095/2626/1355 1096/2627/1355 1097/2628/1355
f 1098/2629/1356 1082/2619/1356 1077/2618/1356
f 1080/2630/1357 1099/2631/1357 1081/2632/1358
f 1096/2627/1359 1102/2633/1359 1097/2628/1359
f 1103/2634/1360 1104/2635/1360 1093/2636/1360
f 1105/2637/1361 1092/2638/1362 1094/2639/1363
f 1104/2640/1364 1106/2641/1364 1105/2642/1364
f 1093/2624/1365 1107/2643/1366 1094/2625/1366
f 1080/2644/26 1108/2645/26 1109/2646/26
f 1110/2647/1367 1102/2633/1367 1096/2627/1367
f 1086/2648/1368 1107/2649/1369 1113/2650/1370
f 1092/2651/1371 1115/2652/1372 1103/2653/1372
f 1114/2654/1373 1101/2655/1373 1097/2656/1373
f 1117/2657/1374 1076/2658/1374 1083/2659/1374
f 1103/2634/1375 1115/2660/1375 1104/2635/1375
f 1105/2637/1376 1106/2661/1377 1092/2638/1378
f 1109/2662/1379 1090/2663/1380 1099/2664/1379
f 1111/2665/1381 1110/2647/1381 1085/2666/1381
f 1076/2601/1339 1098/2667/1382 1077/2602/1339
f 1079/2604/1340 1091/2668/1340 1080/2605/1340
f 1082/2607/1383 1117/2669/1383 1083/2608/1383
f 1078/2610/1342 1118/2670/1342 1086/2611/1343
f 1084/2612/1344 1083/2671/1344 1076/2613/1345
f 1085/2614/1347 1100/2672/1347 1087/2615/1347
f 1089/2617/1349 1112/2673/1350 1077/2618/1350
f 1090/2620/1384 1108/2674/1384 1091/2621/1384
f 1092/2623/1354 1103/2675/1354 1093/2624/1354
f 1098/2629/1356 1117/2676/1356 1082/2619/1356
f 1080/2630/1357 1109/2677/1385 1099/2631/1357
f 1104/2640/1364 1115/2678/1364 1106/2641/1364
f 1093/2624/1365 1113/2679/1365 1107/2643/1366
f 1080/2644/26 1091/2680/26 1108/2645/26
f 1110/2681/1386 1096/2682/1386 1095/2683/1386
f 1110/2647/1387 1111/2665/1387 1102/2633/1387
f 1086/2648/1368 1118/2684/1369 1107/2649/1369
f 1092/2651/1371 1106/2685/1371 1115/2652/1372
f 1114/2654/1373 1116/2686/1373 1101/2655/1373
f 1087/2687/47 1100/2688/47 1116/2689/47
f 1100/2688/47 1101/2690/47 1116/2689/47
f 1117/2657/1374 1098/2691/1374 1076/2658/1374
f 1109/2662/1379 1108/2692/1380 1090/2663/1380
f 1084/2693/1388 1113/2694/1388 1093/2695/1388
f 1107/2696/1389 1078/2697/1390 1094/2698/1391
f 1084/2693/1392 1086/2699/1392 1113/2694/1392
f 1107/2696/1389 1118/2700/1393 1078/2697/1390
f 1088/2701/1348 1097/2702/26 1085/2703/1346
f 1088/2701/1348 1114/2704/26 1097/2702/26
f 1119/2705/1394 1120/2706/1394 1121/2707/1394
f 1122/2708/1395 1123/2709/1395 1124/2710/1395
f 1125/2711/1396 1126/2712/1396 1127/2713/1396
f 1121/2714/1397 1129/2715/1398 1127/2716/1398
f 1127/2716/1399 1119/2717/1400 1121/2714/1400
f 1128/2718/1401 1130/2719/1402 1131/2720/1403
f 1132/2721/1404 1120/2722/1404 1125/2723/1405
f 1133/2724/1406 1134/2725/1407 1122/2726/1407
f 1135/2727/1408 1136/2728/1409 1137/2729/1408
f 1138/2730/1410 1139/2731/1410 1140/2732/1410
f 1141/2733/1411 1125/2723/1412 1120/2722/1411
f 1123/2734/1413 1142/2735/1414 1124/2736/1415
f 1139/2731/1416 1145/2737/1416 1140/2732/1416
f 1146/2738/1417 1147/2739/1417 1136/2740/1417
f 1148/2741/1418 1135/2742/1419 1137/2743/1420
f 1147/2744/1421 1149/2745/1421 1148/2746/1421
f 1136/2728/1422 1150/2747/1423 1137/2729/1423
f 1123/2748/26 1151/2749/26 1152/2750/26
f 1153/2751/1424 1145/2737/1424 1139/2731/1424
f 1129/2752/1425 1150/2753/1426 1156/2754/1425
f 1135/2755/1427 1158/2756/1428 1146/2757/1428
f 1157/2758/1429 1144/2759/1429 1140/2760/1429
f 1160/2761/1430 1119/2762/1430 1126/2763/1430
f 1146/2738/1431 1158/2764/1431 1147/2739/1431
f 1148/2741/1432 1149/2765/1433 1135/2742/1434
f 1152/2766/1435 1133/2767/1436 1142/2768/1435
f 1154/2769/1437 1153/2751/1437 1128/2770/1437
f 1119/2705/1394 1141/2771/1438 1120/2706/1394
f 1122/2708/1395 1134/2772/1395 1123/2709/1395
f 1125/2711/1439 1160/2773/1439 1126/2712/1439
f 1121/2714/1397 1161/2774/1397 1129/2715/1398
f 1127/2716/1399 1126/2775/1399 1119/2717/1400
f 1128/2718/1402 1143/2776/1402 1130/2719/1402
f 1132/2721/1404 1155/2777/1404 1120/2722/1404
f 1133/2724/1440 1151/2778/1440 1134/2725/1440
f 1135/2727/1408 1146/2779/1409 1136/2728/1409
f 1141/2733/1411 1160/2780/1412 1125/2723/1412
f 1123/2734/1413 1152/2781/1441 1142/2735/1414
f 1147/2744/1421 1158/2782/1421 1149/2745/1421
f 1136/2728/1422 1156/2783/1422 1150/2747/1423
f 1123/2748/26 1134/2784/26 1151/2749/26
f 1153/2785/1442 1139/2786/1442 1138/2787/1442
f 1153/2751/1443 1154/2769/1443 1145/2737/1443
f 1129/2752/1425 1161/2788/1426 1150/2753/1426
f 1135/2755/1427 1149/2789/1444 1158/2756/1428
f 1157/2758/1429 1159/2790/1429 1144/2759/1429
f 1130/2791/47 1143/2792/47 1159/2793/47
f 1143/2792/47 1144/2794/47 1159/2793/47
f 1160/2761/1430 1141/2795/1430 1119/2762/1430
f 1152/2766/1435 1151/2796/1436 1133/2767/1436
f 1127/2797/1445 1156/2798/1445 1136/2799/1445
f 1150/2800/1446 1121/2801/1447 1137/2802/1448
f 1127/2797/1449 1129/2803/1449 1156/2798/1449
f 1150/2800/1446 1161/2804/1450 1121/2801/1447
f 1131/2805/1403 1140/2806/26 1128/2807/1401
f 1131/2805/1403 1157/2808/26 1140/2806/26
f 1162/2809/1451 1163/2810/1451 1164/2811/1452
f 1165/2812/1453 1166/2813/1454 1167/2814/1454
f 1168/2815/1455 1169/2816/1455 1170/2817/1455
f 1164/2818/1456 1172/2819/1457 1170/2820/1457
f 1170/2820/1458 1162/2821/1458 1164/2818/1458
f 1171/2822/1459 1173/2823/1460 1174/2824/1461
f 1175/2825/1462 1163/2826/1462 1168/2827/1463
f 1176/2828/1464 1177/2829/1465 1165/2830/1465
f 1178/2831/1466 1179/2832/1467 1180/2833/1466
f 1181/2834/1468 1182/2835/1468 1183/2836/1468
f 1184/2837/1469 1168/2827/1469 1163/2826/1469
f 1166/2838/1470 1185/2839/1470 1167/2840/1471
f 1182/2835/1472 1188/2841/1472 1183/2836/1472
f 1189/2842/1473 1190/2843/1473 1179/2844/1473
f 1191/2845/1474 1178/2846/1475 1180/2847/1476
f 1190/2848/1477 1192/2849/1477 1191/2850/1477
f 1179/2832/1478 1193/2851/1479 1180/2833/1479
f 1166/2852/26 1194/2853/26 1195/2854/26
f 1196/2855/1480 1188/2841/1480 1182/2835/1480
f 1172/2856/1481 1193/2857/1482 1199/2858/1481
f 1178/2859/1483 1201/2860/1484 1189/2861/1484
f 1200/2862/1485 1187/2863/1485 1183/2864/1485
f 1203/2865/1486 1162/2866/1487 1169/2867/1486
f 1189/2842/1488 1201/2868/1488 1190/2843/1488
f 1191/2845/1489 1192/2869/1490 1178/2846/1491
f 1195/2870/1492 1176/2871/1493 1185/2872/1492
f 1197/2873/1494 1196/2855/1494 1171/2874/1494
f 1162/2809/1451 1184/2875/1451 1163/2810/1451
f 1165/2812/1453 1177/2876/1453 1166/2813/1454
f 1168/2815/1495 1203/2877/1495 1169/2816/1495
f 1164/2818/1456 1204/2878/1456 1172/2819/1457
f 1170/2820/1458 1169/2879/1458 1162/2821/1458
f 1171/2822/1460 1186/2880/1460 1173/2823/1460
f 1175/2825/1462 1198/2881/1462 1163/2826/1462
f 1176/2828/1496 1194/2882/1496 1177/2829/1496
f 1178/2831/1466 1189/2883/1467 1179/2832/1467
f 1184/2837/1469 1203/2884/1469 1168/2827/1469
f 1166/2838/1470 1195/2885/1497 1185/2839/1470
f 1190/2848/1477 1201/2886/1477 1192/2849/1477
f 1179/2832/1478 1199/2887/1478 1193/2851/1479
f 1166/2852/26 1177/2888/26 1194/2853/26
f 1196/2889/1498 1182/2890/1498 1181/2891/1498
f 1196/2855/1499 1197/2873/1499 1188/2841/1499
f 1172/2856/1481 1204/2892/1482 1193/2857/1482
f 1178/2859/1483 1192/2893/1483 1201/2860/1484
f 1200/2862/1485 1202/2894/1485 1187/2863/1485
f 1173/2895/47 1186/2896/47 1202/2897/47
f 1186/2896/47 1187/2898/47 1202/2897/47
f 1203/2865/1486 1184/2899/1487 1162/2866/1487
f 1195/2870/1492 1194/2900/1493 1176/2871/1493
f 1170/2901/1500 1199/2902/1500 1179/2903/1500
f 1193/2904/1501 1164/2905/1502 1180/2906/1503
f 1170/2901/1504 1172/2907/1504 1199/2902/1504
f 1193/2904/1501 1204/2908/1505 1164/2905/1502
f 1174/2909/1461 1183/2910/26 1171/2911/1459
f 1174/2909/1461 1200/2912/26 1183/2910/26
f 1205/2913/1506 1206/2914/1506 1207/2915/1506
f 1208/2916/1507 1209/2917/1507 1210/2918/1507
f 1211/2919/1508 1212/2920/1508 1213/2921/1508
f 1207/2922/1509 1215/2923/1510 1213/2924/1510
f 1213/2924/1511 1205/2925/1511 1207/2922/1511
f 1214/2926/1512 1216/2927/1513 1217/2928/1514
f 1218/2929/1515 1206/2930/1516 1211/2931/1517
f 1219/2932/1518 1220/2933/1519 1208/2934/1519
f 1221/2935/1520 1222/2936/1520 1223/2937/1520
f 1224/2938/1521 1225/2939/1521 1226/2940/1521
f 1227/2941/1522 1211/2931/1522 1206/2930/1522
f 1209/2942/1523 1228/2943/1523 1210/2944/1524
f 1225/2939/1525 1231/2945/1525 1226/2940/1525
f 1232/2946/1526 1233/2947/1526 1222/2948/1526
f 1234/2949/1527 1221/2950/1528 1223/2951/1529
f 1233/2952/1530 1235/2953/1530 1234/2954/1530
f 1222/2936/1531 1236/2955/1532 1223/2937/1532
f 1209/2956/26 1237/2957/26 1238/2958/26
f 1239/2959/1533 1231/2945/1533 1225/2939/1533
f 1215/2960/1534 1236/2961/1535 1242/2962/1534
f 1221/2963/1536 1244/2964/1537 1232/2965/1537
f 1243/2966/1538 1230/2967/1538 1226/2968/1538
f 1246/2969/1539 1205/2970/1539 1212/2971/1539
f 1232/2946/1540 1244/2972/1540 1233/2947/1540
f 1234/2949/1541 1235/2973/1542 1221/2950/1543
f 1238/2974/1544 1219/2975/1544 1228/2976/1544
f 1240/2977/1545 1239/2959/1545 1214/2978/1545
f 1205/2913/1506 1227/2979/1546 1206/2914/1506
f 1208/2916/1507 1220/2980/1507 1209/2917/1507
f 1211/2919/1547 1246/2981/1547 1212/2920/1547
f 1207/2922/1509 1247/2982/1509 1215/2923/1510
f 1213/2924/1511 1212/2983/1511 1205/2925/1511
f 1214/2926/1513 1229/2984/1513 1216/2927/1513
f 1218/2929/1515 1241/2985/1516 1206/2930/1516
f 1219/2932/1548 1237/2986/1548 1220/2933/1548
f 1221/2935/1520 1232/2987/1520 1222/2936/1520
f 1227/2941/1522 1246/2988/1522 1211/2931/1522
f 1209/2942/1523 1238/2989/1549 1228/2943/1523
f 1233/2952/1530 1244/2990/1530 1235/2953/1530
f 1222/2936/1531 1242/2991/1531 1236/2955/1532
f 1209/2956/26 1220/2992/26 1237/2957/26
f 1239/2993/1550 1225/2994/1550 1224/2995/1550
f 1239/2959/1551 1240/2977/1551 1231/2945/1551
f 1215/2960/1534 1247/2996/1552 1236/2961/1535
f 1221/2963/1536 1235/2997/1536 1244/2964/1537
f 1243/2966/1538 1245/2998/1538 1230/2967/1538
f 1216/2999/47 1229/3000/47 1245/3001/47
f 1229/3000/47 1230/3002/47 1245/3001/47
f 1246/2969/1539 1227/3003/1539 1205/2970/1539
f 1238/2974/1544 1237/3004/1544 1219/2975/1544
f 1213/3005/1553 1242/3006/1553 1222/3007/1553
f 1236/3008/1554 1207/3009/1555 1223/3010/1556
f 1213/3005/1557 1215/3011/1557 1242/3006/1557
f 1236/3008/1554 1247/3012/1558 1207/3009/1555
f 1217/3013/1514 1226/3014/26 1214/3015/1512
f 1217/3013/1514 1243/3016/26 1226/3014/26
f 1248/3017/1559 1249/3018/1559 1250/3019/1559
f 1251/3020/1560 1252/3021/1560 1253/3022/1560
f 1254/3023/1561 1255/3024/1561 1256/3025/1561
f 1250/3026/1562 1258/3027/1563 1256/3028/1563
f 1256/3028/1564 1248/3029/1564 1250/3026/1564
f 1257/3030/1565 1259/3031/1566 1260/3032/1567
f 1261/3033/1568 1249/3034/1569 1254/3035/1570
f 1262/3036/1571 1263/3037/1572 1251/3038/1572
f 1264/3039/1573 1265/3040/1574 1266/3041/1573
f 1267/3042/1575 1268/3043/1575 1269/3044/1575
f 1270/3045/1576 1254/3035/1576 1249/3034/1576
f 1252/3046/1577 1271/3047/1577 1253/3048/1578
f 1268/3043/1579 1274/3049/1579 1269/3044/1579
f 1275/3050/1580 1276/3051/1580 1265/3052/1580
f 1277/3053/1581 1264/3054/1582 1266/3055/1583
f 1276/3056/1584 1278/3057/1584 1277/3058/1584
f 1265/3040/1585 1279/3059/1585 1266/3041/1585
f 1252/3060/26 1280/3061/26 1281/3062/26
f 1282/3063/1586 1274/3049/1586 1268/3043/1586
f 1258/3064/1587 1279/3065/1588 1285/3066/1587
f 1264/3067/1589 1287/3068/1590 1275/3069/1590
f 1286/3070/1591 1273/3071/1591 1269/3072/1591
f 1289/3073/1592 1248/3074/1592 1255/3075/1592
f 1275/3050/1593 1287/3076/1593 1276/3051/1593
f 1277/3053/1594 1278/3077/1595 1264/3054/1596
f 1281/3078/1597 1262/3079/1597 1271/3080/1597
f 1283/3081/1598 1282/3063/1598 1257/3082/1598
f 1248/3017/1559 1270/3083/1559 1249/3018/1559
f 1251/3020/1560 1263/3084/1560 1252/3021/1560
f 1254/3023/1599 1289/3085/1599 1255/3024/1599
f 1250/3026/1562 1290/3086/1562 1258/3027/1563
f 1256/3028/1564 1255/3087/1564 1248/3029/1564
f 1257/3030/1566 1272/3088/1566 1259/3031/1566
f 1261/3033/1568 1284/3089/1569 1249/3034/1569
f 1262/3036/1600 1280/3090/1600 1263/3037/1600
f 1264/3039/1573 1275/3091/1574 1265/3040/1574
f 1270/3045/1576 1289/3092/1576 1254/3035/1576
f 1252/3046/1577 1281/3093/1601 1271/3047/1577
f 1276/3056/1584 1287/3094/1584 1278/3057/1584
f 1265/3040/1585 1285/3095/1585 1279/3059/1585
f 1252/3060/26 1263/3096/26 1280/3061/26
f 1282/3097/1602 1268/3098/1602 1267/3099/1602
f 1282/3063/1603 1283/3081/1603 1274/3049/1603
f 1258/3064/1587 1290/3100/1588 1279/3065/1588
f 1264/3067/1589 1278/3101/1589 1287/3068/1590
f 1286/3070/1591 1288/3102/1591 1273/3071/1591
f 1259/3103/47 1272/3104/47 1288/3105/47
f 1272/3104/47 1273/3106/47 1288/3105/47
f 1289/3073/1592 1270/3107/1592 1248/3074/1592
f 1281/3078/1597 1280/3108/1597 1262/3079/1597
f 1256/3109/1604 1285/3110/1604 1265/3111/1604
f 1279/3112/1605 1250/3113/1606 1266/3114/1607
f 1256/3109/1608 1258/3115/1608 1285/3110/1608
f 1279/3112/1605 1290/3116/1609 1250/3113/1606
f 1260/3117/1567 1269/3118/26 1257/3119/1565
f 1260/3117/1567 1286/3120/26 1269/3118/26
f 1291/3121/1610 1292/3122/1610 1293/3123/1611
f 1294/3124/1612 1295/3125/1612 1296/3126/1612
f 1297/3127/1613 1298/3128/1613 1299/3129/1613
f 1293/3130/1614 1301/3131/1615 1299/3132/1615
f 1299/3132/1616 1291/3133/1616 1293/3130/1616
f 1300/3134/1617 1302/3135/1618 1303/3136/1619
f 1304/3137/1620 1292/3138/1620 1297/3139/1621
f 1305/3140/1622 1306/3141/1623 1294/3142/1623
f 1307/3143/1624 1308/3144/1625 1309/3145/1624
f 1310/3146/1626 1311/3147/1626 1312/3148/1626
f 1313/3149/1627 1297/3139/1627 1292/3138/1627
f 1295/3150/1628 1314/3151/1628 1296/3152/1629
f 1311/3147/1630 1317/3153/1630 1312/3148/1630
f 1318/3154/1631 1319/3155/1631 1308/3156/1631
f 1320/3157/1632 1307/3158/1633 1309/3159/1634
f 1319/3160/1635 1321/3161/1635 1320/3162/1635
f 1308/3144/1636 1322/3163/1636 1309/3145/1636
f 1295/3164/26 1323/3165/26 1324/3166/26
f 1325/3167/1637 1317/3153/1637 1311/3147/1637
f 1301/3168/1638 1322/3169/1639 1328/3170/1638
f 1307/3171/1640 1330/3172/1641 1318/3173/1641
f 1329/3174/1642 1316/3175/1642 1312/3176/1642
f 1332/3177/1643 1291/3178/1643 1298/3179/1643
f 1318/3154/1644 1330/3180/1644 1319/3155/1644
f 1320/3157/1645 1321/3181/1646 1307/3158/1647
f 1324/3182/1648 1305/3183/1648 1314/3184/1648
f 1326/3185/1649 1325/3167/1649 1300/3186/1649
f 1291/3121/1610 1313/3187/1650 1292/3122/1610
f 1294/3124/1612 1306/3188/1612 1295/3125/1612
f 1297/3127/1651 1332/3189/1651 1298/3128/1651
f 1293/3130/1614 1333/3190/1614 1301/3131/1615
f 1299/3132/1616 1298/3191/1616 1291/3133/1616
f 1300/3134/1618 1315/3192/1618 1302/3135/1618
f 1304/3137/1620 1327/3193/1620 1292/3138/1620
f 1305/3140/1652 1323/3194/1652 1306/3141/1652
f 1307/3143/1624 1318/3195/1625 1308/3144/1625
f 1313/3149/1627 1332/3196/1627 1297/3139/1627
f 1295/3150/1628 1324/3197/1653 1314/3151/1628
f 1319/3160/1635 1330/3198/1635 1321/3161/1635
f 1308/3144/1636 1328/3199/1636 1322/3163/1636
f 1295/3164/26 1306/3200/26 1323/3165/26
f 1325/3201/1654 1311/3202/1654 1310/3203/1654
f 1325/3167/1655 1326/3185/1655 1317/3153/1655
f 1301/3168/1638 1333/3204/1639 1322/3169/1639
f 1307/3171/1640 1321/3205/1640 1330/3172/1641
f 1329/3174/1642 1331/3206/1642 1316/3175/1642
f 1302/3207/47 1315/3208/47 1331/3209/47
f 1315/3208/47 1316/3210/47 1331/3209/47
f 1332/3177/1643 1313/3211/1643 1291/3178/1643
f 1324/3182/1648 1323/3212/1648 1305/3183/1648
f 1299/3213/1656 1328/3214/1656 1308/3215/1656
f 1322/3216/1657 1293/3217/1658 1309/3218/1658
f 1299/3213/1659 1301/3219/1659 1328/3214/1659
f 1322/3216/1657 1333/3220/1657 1293/3217/1658
f 1303/3221/1619 1312/3222/26 1300/3223/1617
f 1303/3221/1619 1329/3224/26 1312/3222/26
f 1334/3225/1660 1335/3226/1660 1336/3227/1660
f 1337/3228/1661 1338/3229/1661 1339/3230/1661
f 1340/3231/1662 1341/3232/1662 1342/3233/1662
f 1336/3234/1663 1344/3235/1664 1342/3236/1664
f 1342/3236/1665 1334/3237/1665 1336/3234/1665
f 1343/3238/1666 1345/3239/1667 1346/3240/1668
f 1347/3241/1669 1335/3242/1669 1340/3243/1670
f 1348/3244/1671 1349/3245/1672 1337/3246/1672
f 1350/3247/1673 1351/3248/1674 1352/3249/1673
f 1353/3250/1675 1354/3251/1675 1355/3252/1675
f 1356/3253/1676 1340/3243/1676 1335/3242/1676
f 1338/3254/1677 1357/3255/1678 1339/3256/1679
f 1354/3251/1680 1360/3257/1680 1355/3252/1680
f 1361/3258/1681 1362/3259/1681 1351/3260/1681
f 1363/3261/1682 1350/3262/1683 1352/3263/1684
f 1362/3264/1685 1364/3265/1685 1363/3266/1685
f 1351/3248/1686 1365/3267/1687 1352/3249/1687
f 1338/3268/26 1366/3269/26 1367/3270/26
f 1368/3271/1688 1360/3257/1688 1354/3251/1688
f 1344/3272/1689 1365/3273/1690 1371/3274/1691
f 1350/3275/1692 1373/3276/1693 1361/3277/1693
f 1372/3278/1694 1359/3279/1694 1355/3280/1694
f 1375/3281/1695 1334/3282/1696 1341/3283/1695
f 1361/3258/1697 1373/3284/1697 1362/3259/1697
f 1363/3261/1698 1364/3285/1699 1350/3262/1700
f 1367/3286/1701 1348/3287/1701 1357/3288/1701
f 1369/3289/1702 1368/3271/1702 1343/3290/1702
f 1334/3225/1660 1356/3291/1660 1335/3226/1660
f 1337/3228/1661 1349/3292/1661 1338/3229/1661
f 1340/3231/1703 1375/3293/1703 1341/3232/1703
f 1336/3234/1663 1376/3294/1663 1344/3235/1664
f 1342/3236/1665 1341/3295/1665 1334/3237/1665
f 1343/3238/1667 1358/3296/1667 1345/3239/1667
f 1347/3241/1669 1370/3297/1669 1335/3242/1669
f 1348/3244/1704 1366/3298/1704 1349/3245/1704
f 1350/3247/1673 1361/3299/1674 1351/3248/1674
f 1356/3253/1676 1375/3300/1676 1340/3243/1676
f 1338/3254/1677 1367/3301/1705 1357/3255/1678
f 1362/3264/1685 1373/3302/1685 1364/3265/1685
f 1351/3248/1686 1371/3303/1686 1365/3267/1687
f 1338/3268/26 1349/3304/26 1366/3269/26
f 1368/3305/1706 1354/3306/1706 1353/3307/1706
f 1368/3271/1707 1369/3289/1707 1360/3257/1707
f 1344/3272/1689 1376/3308/1690 1365/3273/1690
f 1350/3275/1692 1364/3309/1692 1373/3276/1693
f 1372/3278/1694 1374/3310/1694 1359/3279/1694
f 1345/3311/47 1358/3312/47 1374/3313/47
f 1358/3312/47 1359/3314/47 1374/3313/47
f 1375/3281/1695 1356/3315/1696 1334/3282/1696
f 1367/3286/1701 1366/3316/1701 1348/3287/1701
f 1342/3317/1708 1371/3318/1708 1351/3319/1708
f 1365/3320/1709 1336/3321/1710 1352/3322/1711
f 1342/3317/1712 1344/3323/1712 1371/3318/1712
f 1365/3320/1709 1376/3324/1713 1336/3321/1710
f 1346/3325/1668 1355/3326/26 1343/3327/1666
f 1346/3325/1668 1372/3328/26 1355/3326/26
f 1377/3329/1714 1378/3330/1714 1379/3331/1714
f 1380/3332/1715 1381/3333/1715 1382/3334/1715
f 1383/3335/1716 1384/3336/1716 1385/3337/1716
f 1379/3338/1717 1387/3339/1718 1385/3340/1718
f 1385/3340/1719 1377/3341/1719 1379/3338/1719
f 1386/3342/1720 1388/3343/1721 1389/3344/1722
f 1390/3345/1723 1378/3346/1724 1383/3347/1725
f 1391/3348/1726 1392/3349/1727 1380/3350/1727
f 1393/3351/1728 1394/3352/1729 1395/3353/1728
f 1396/3354/1730 1397/3355/1730 1398/3356/1730
f 1399/3357/1731 1383/3347/1731 1378/3346/1731
f 1381/3358/1732 1400/3359/1732 1382/3360/1733
f 1397/3355/1734 1403/3361/1734 1398/3356/1734
f 1404/3362/1735 1405/3363/1735 1394/3364/1735
f 1406/3365/1736 1393/3366/1737 1395/3367/1738
f 1405/3368/1739 1407/3369/1739 1406/3370/1739
f 1394/3352/1740 1408/3371/1741 1395/3353/1741
f 1381/3372/26 1409/3373/26 1410/3374/26
f 1411/3375/1742 1403/3361/1742 1397/3355/1742
f 1387/3376/1743 1408/3377/1744 1414/3378/1743
f 1393/3379/1745 1416/3380/1746 1404/3381/1746
f 1415/3382/1747 1402/3383/1747 1398/3384/1747
f 1418/3385/1748 1377/3386/1749 1384/3387/1748
f 1404/3362/1750 1416/3388/1750 1405/3363/1750
f 1406/3365/1751 1407/3389/1752 1393/3366/1753
f 1410/3390/1754 1391/3391/1755 1400/3392/1754
f 1412/3393/1756 1411/3375/1756 1386/3394/1756
f 1377/3329/1714 1399/3395/1714 1378/3330/1714
f 1380/3332/1715 1392/3396/1715 1381/3333/1715
f 1383/3335/1757 1418/3397/1757 1384/3336/1757
f 1379/3338/1717 1419/3398/1717 1387/3339/1718
f 1385/3340/1719 1384/3399/1719 1377/3341/1719
f 1386/3342/1721 1401/3400/1721 1388/3343/1721
f 1390/3345/1723 1413/3401/1724 1378/3346/1724
f 1391/3348/1758 1409/3402/1758 1392/3349/1758
f 1393/3351/1728 1404/3403/1729 1394/3352/1729
f 1399/3357/1731 1418/3404/1731 1383/3347/1731
f 1381/3358/1732 1410/3405/1759 1400/3359/1732
f 1405/3368/1739 1416/3406/1739 1407/3369/1739
f 1394/3352/1740 1414/3407/1740 1408/3371/1741
f 1381/3372/26 1392/3408/26 1409/3373/26
f 1411/3409/1760 1397/3410/1760 1396/3411/1760
f 1411/3375/1761 1412/3393/1761 1403/3361/1761
f 1387/3376/1743 1419/3412/1762 1408/3377/1744
f 1393/3379/1745 1407/3413/1745 1416/3380/1746
f 1415/3382/1747 1417/3414/1747 1402/3383/1747
f 1388/3415/47 1401/3416/47 1417/3417/47
f 1401/3416/47 1402/3418/47 1417/3417/47
f 1418/3385/1748 1399/3419/1749 1377/3386/1749
f 1410/3390/1754 1409/3420/1755 1391/3391/1755
f 1385/3421/1763 1414/3422/1763 1394/3423/1763
f 1408/3424/1764 1379/3425/1765 1395/3426/1766
f 1385/3421/1767 1387/3427/1767 1414/3422/1767
f 1408/3424/1764 1419/3428/1768 1379/3425/1765
f 1389/3429/1722 1398/3430/26 1386/3431/1720
f 1389/3429/1722 1415/3432/26 1398/3430/26
f 1420/3433/1769 1421/3434/1769 1422/3435/1769
f 1423/3436/1770 1424/3437/1770 1425/3438/1770
f 1426/3439/1771 1427/3440/1771 1428/3441/1771
f 1422/3442/1772 1430/3443/1773 1428/3444/1773
f 1428/3444/1774 1420/3445/1774 1422/3442/1774
f 1429/3446/1775 1431/3447/1776 1432/3448/1777
f 1433/3449/1778 1421/3450/1779 1426/3451/1780
f 1434/3452/1781 1435/3453/1782 1423/3454/1782
f 1436/3455/1783 1437/3456/1784 1438/3457/1783
f 1439/3458/1785 1440/3459/1785 1441/3460/1785
f 1442/3461/1786 1426/3451/1786 1421/3450/1786
f 1424/3462/1787 1443/3463/1788 1425/3464/1789
f 1440/3459/1790 1446/3465/1790 1441/3460/1790
f 1447/3466/1791 1448/3467/1791 1437/3468/1791
f 1449/3469/1792 1436/3470/1793 1438/3471/1794
f 1448/3472/1795 1450/3473/1795 1449/3474/1795
f 1437/3456/1796 1451/3475/1797 1438/3457/1797
f 1424/3476/26 1452/3477/26 1453/3478/26
f 1454/3479/1798 1446/3465/1798 1440/3459/1798
f 1430/3480/1799 1451/3481/1800 1457/3482/1799
f 1436/3483/1801 1459/3484/1802 1447/3485/1803
f 1458/3486/1804 1445/3487/1804 1441/3488/1804
f 1461/3489/1805 1420/3490/1805 1427/3491/1805
f 1447/3466/1806 1459/3492/1806 1448/3467/1806
f 1449/3469/1807 1450/3493/1808 1436/3470/1809
f 1453/3494/1810 1434/3495/1810 1443/3496/1810
f 1455/3497/1811 1454/3479/1811 1429/3498/1811
f 1420/3433/1769 1442/3499/1769 1421/3434/1769
f 1423/3436/1770 1435/3500/1770 1424/3437/1770
f 1426/3439/1812 1461/3501/1812 1427/3440/1812
f 1422/3442/1772 1462/3502/1772 1430/3443/1773
f 1428/3444/1774 1427/3503/1774 1420/3445/1774
f 1429/3446/1776 1444/3504/1776 1431/3447/1776
f 1433/3449/1778 1456/3505/1779 1421/3450/1779
f 1434/3452/1813 1452/3506/1813 1435/3453/1813
f 1436/3455/1783 1447/3507/1784 1437/3456/1784
f 1442/3461/1786 1461/3508/1786 1426/3451/1786
f 1424/3462/1787 1453/3509/1814 1443/3463/1788
f 1448/3472/1795 1459/3510/1795 1450/3473/1795
f 1437/3456/1796 1457/3511/1796 1451/3475/1797
f 1424/3476/26 1435/3512/26 1452/3477/26
f 1454/3513/1815 1440/3514/1815 1439/3515/1815
f 1454/3479/1816 1455/3497/1816 1446/3465/1816
f 1430/3480/1799 1462/3516/1817 1451/3481/1800
f 1436/3483/1801 1450/3517/1801 1459/3484/1802
f 1458/3486/1804 1460/3518/1804 1445/3487/1804
f 1431/3519/47 1444/3520/47 1460/3521/47
f 1444/3520/47 1445/3522/47 1460/3521/47
f 1461/3489/1805 1442/3523/1805 1420/3490/1805
f 1453/3494/1810 1452/3524/1810 1434/3495/1810
f 1428/3525/1818 1457/3526/1818 1437/3527/1818
f 1451/3528/1819 1422/3529/1820 1438/3530/1820
f 1428/3525/1821 1430/3531/1821 1457/3526/1821
f 1451/3528/1819 1462/3532/1822 1422/3529/1820
f 1432/3533/1777 1441/3534/26 1429/3535/1775
f 1432/3533/1777 1458/3536/26 1441/3534/26
f 1463/3537/1823 1464/3538/1823 1465/3539/1824
f 1466/3540/1825 1467/3541/1825 1468/3542/1825
f 1469/3543/1826 1470/3544/1826 1471/3545/1826
f 1465/3546/1827 1473/3547/1828 1471/3548/1828
f 1471/3548/1829 1463/3549/1829 1465/3546/1829
f 1472/3550/1830 1474/3551/1831 1475/3552/1832
f 1476/3553/1833 1464/3554/1834 1469/3555/1835
f 1477/3556/1836 1478/3557/1837 1466/3558/1837
f 1479/3559/1838 1480/3560/1839 1481/3561/1838
f 1482/3562/1840 1483/3563/1840 1484/3564/1840
f 1485/3565/1841 1469/3555/1842 1464/3554/1841
f 1467/3566/1843 1486/3567/1844 1468/3568/1845
f 1483/3563/1846 1489/3569/1846 1484/3564/1846
f 1490/3570/1847 1491/3571/1847 1480/3572/1847
f 1492/3573/1848 1479/3574/1849 1481/3575/1850
f 1491/3576/1851 1493/3577/1851 1492/3578/1851
f 1480/3560/1852 1494/3579/1852 1481/3561/1852
f 1467/3580/26 1495/3581/26 1496/3582/26
f 1497/3583/1853 1489/3569/1853 1483/3563/1853
f 1473/3584/1854 1494/3585/1855 1500/3586/1854
f 1479/3587/1856 1502/3588/1857 1490/3589/1857
f 1501/3590/1858 1488/3591/1858 1484/3592/1858
f 1504/3593/1859 1463/3594/1859 1470/3595/1859
f 1490/3570/1860 1502/3596/1860 1491/3571/1860
f 1492/3573/1861 1493/3597/1862 1479/3574/1863
f 1496/3598/1864 1477/3599/1864 1486/3600/1864
f 1498/3601/1865 1497/3583/1865 1472/3602/1865
f 1463/3537/1823 1485/3603/1823 1464/3538/1823
f 1466/3540/1825 1478/3604/1825 1467/3541/1825
f 1469/3543/1866 1504/3605/1866 1470/3544/1866
f 1465/3546/1827 1505/3606/1827 1473/3547/1828
f 1471/3548/1829 1470/3607/1829 1463/3549/1829
f 1472/3550/1831 1487/3608/1831 1474/3551/1831
f 1476/3553/1833 1499/3609/1834 1464/3554/1834
f 1477/3556/1867 1495/3610/1867 1478/3557/1867
f 1479/3559/1838 1490/3611/1839 1480/3560/1839
f 1485/3565/1841 1504/3612/1842 1469/3555/1842
f 1467/3566/1843 1496/3613/1868 1486/3567/1844
f 1491/3576/1851 1502/3614/1851 1493/3577/1851
f 1480/3560/1852 1500/3615/1852 1494/3579/1852
f 1467/3580/26 1478/3616/26 1495/3581/26
f 1497/3617/1869 1483/3618/1869 1482/3619/1869
f 1497/3583/1870 1498/3601/1870 1489/3569/1870
f 1473/3584/1854 1505/3620/1855 1494/3585/1855
f 1479/3587/1856 1493/3621/1856 1502/3588/1857
f 1501/3590/1858 1503/3622/1858 1488/3591/1858
f 1474/3623/47 1487/3624/47 1503/3625/47
f 1487/3624/47 1488/3626/47 1503/3625/47
f 1504/3593/1859 1485/3627/1859 1463/3594/1859
f 1496/3598/1864 1495/3628/1864 1477/3599/1864
f 1471/3629/1871 1500/3630/1871 1480/3631/1871
f 1494/3632/1872 1465/3633/1873 1481/3634/1873
f 1471/3629/1874 1473/3635/1874 1500/3630/1874
f 1494/3632/1872 1505/3636/1875 1465/3633/1873
f 1475/3637/1832 1484/3638/26 1472/3639/1830
f 1475/3637/1832 1501/3640/26 1484/3638/26
f 1506/3641/1876 1507/3642/1876 1508/3643/1876
f 1509/3644/1877 1510/3645/1877 1511/3646/1877
f 1512/3647/1878 1513/3648/1878 1514/3649/1878
f 1508/3650/1879 1516/3651/1880 1514/3652/1880
f 1514/3652/1881 1506/3653/1881 1508/3650/1881
f 1515/3654/1882 1517/3655/1883 1518/3656/1884
f 1519/3657/1885 1507/3658/1886 1512/3659/1887
f 1520/3660/1888 1521/3661/1889 1509/3662/1889
f 1522/3663/1890 1523/3664/1891 1524/3665/1890
f 1525/3666/1892 1526/3667/1892 1527/3668/1892
f 1528/3669/1893 1512/3659/1893 1507/3658/1893
f 1510/3670/1894 1529/3671/1895 1511/3672/1896
f 1526/3667/1897 1532/3673/1897 1527/3668/1897
f 1533/3674/1898 1534/3675/1898 1523/3676/1898
f 1535/3677/1899 1522/3678/1900 1524/3679/1901
f 1534/3680/1902 1536/3681/1902 1535/3682/1902
f 1523/3664/1903 1537/3683/1904 1524/3665/1904
f 1510/3684/26 1538/3685/26 1539/3686/26
f 1540/3687/1905 1532/3673/1905 1526/3667/1905
f 1516/3688/1906 1537/3689/1907 1543/3690/1908
f 1522/3691/1909 1545/3692/1910 1533/3693/1910
f 1544/3694/1911 1531/3695/1911 1527/3696/1911
f 1547/3697/1912 1506/3698/1913 1513/3699/1912
f 1533/3674/1914 1545/3700/1914 1534/3675/1914
f 1535/3677/1915 1536/3701/1916 1522/3678/1917
f 1539/3702/1918 1520/3703/1918 1529/3704/1918
f 1541/3705/1919 1540/3687/1919 1515/3706/1919
f 1506/3641/1876 1528/3707/1876 1507/3642/1876
f 1509/3644/1877 1521/3708/1877 1510/3645/1877
f 1512/3647/1920 1547/3709/1920 1513/3648/1920
f 1508/3650/1879 1548/3710/1879 1516/3651/1880
f 1514/3652/1881 1513/3711/1881 1506/3653/1881
f 1515/3654/1883 1530/3712/1883 1517/3655/1883
f 1519/3657/1885 1542/3713/1886 1507/3658/1886
f 1520/3660/1921 1538/3714/1921 1521/3661/1921
f 1522/3663/1890 1533/3715/1891 1523/3664/1891
f 1528/3669/1893 1547/3716/1893 1512/3659/1893
f 1510/3670/1894 1539/3717/1922 1529/3671/1895
f 1534/3680/1902 1545/3718/1902 1536/3681/1902
f 1523/3664/1903 1543/3719/1903 1537/3683/1904
f 1510/3684/26 1521/3720/26 1538/3685/26
f 1540/3721/1923 1526/3722/1923 1525/3723/1923
f 1540/3687/1924 1541/3705/1924 1532/3673/1924
f 1516/3688/1906 1548/3724/1907 1537/3689/1907
f 1522/3691/1909 1536/3725/1909 1545/3692/1910
f 1544/3694/1911 1546/3726/1911 1531/3695/1911
f 1517/3727/47 1530/3728/47 1546/3729/47
f 1530/3728/47 1531/3730/47 1546/3729/47
f 1547/3697/1912 1528/3731/1913 1506/3698/1913
f 1539/3702/1918 1538/3732/1918 1520/3703/1918
f 1514/3733/1925 1543/3734/1925 1523/3735/1925
f 1537/3736/1926 1508/3737/1927 1524/3738/1928
f 1514/3733/1929 1516/3739/1929 1543/3734/1929
f 1537/3736/1926 1548/3740/1930 1508/3737/1927
f 1518/3741/1884 1527/3742/26 1515/3743/1882
f 1518/3741/1884 1544/3744/26 1527/3742/26
f 1549/3745/1931 1550/3746/1931 1551/3747/1931
f 1552/3748/1932 1553/3749/1932 1554/3750/1932
f 1555/3751/1933 1556/3752/1933 1557/3753/1933
f 1551/3754/1934 1559/3755/1935 1557/3756/1935
f 1557/3756/1936 1549/3757/1936 1551/3754/1936
f 1558/3758/1937 1560/3759/1938 1561/3760/1939
f 1562/3761/1940 1550/3762/1940 1555/3763/1941
f 1563/3764/1942 1564/3765/1943 1552/3766/1943
f 1565/3767/1944 1566/3768/1944 1567/3769/1944
f 1568/3770/1945 1569/3771/1945 1570/3772/1945
f 1571/3773/1946 1555/3763/1946 1550/3762/1946
f 1553/3774/1947 1572/3775/1947 1554/3776/1948
f 1569/3771/1949 1575/3777/1949 1570/3772/1949
f 1576/3778/1950 1577/3779/1950 1566/3780/1950
f 1578/3781/1951 1565/3782/1952 1567/3783/1953
f 1577/3784/1954 1579/3785/1954 1578/3786/1954
f 1566/3768/1955 1580/3787/1955 1567/3769/1955
f 1553/3788/26 1581/3789/26 1582/3790/26
f 1583/3791/1956 1575/3777/1956 1569/3771/1956
f 1559/3792/1957 1580/3793/1958 1586/3794/1957
f 1565/3795/1959 1588/3796/1960 1576/3797/1960
f 1587/3798/1961 1574/3799/1961 1570/3800/1961
f 1590/3801/1962 1549/3802/1963 1556/3803/1962
f 1576/3778/1964 1588/3804/1964 1577/3779/1964
f 1578/3781/1965 1579/3805/1966 1565/3782/1967
f 1582/3806/1968 1563/3807/1968 1572/3808/1968
f 1584/3809/1969 1583/3791/1969 1558/3810/1969
f 1549/3745/1931 1571/3811/1970 1550/3746/1931
f 1552/3748/1932 1564/3812/1932 1553/3749/1932
f 1555/3751/1971 1590/3813/1971 1556/3752/1971
f 1551/3754/1934 1591/3814/1934 1559/3755/1935
f 1557/3756/1936 1556/3815/1936 1549/3757/1936
f 1558/3758/1938 1573/3816/1938 1560/3759/1938
f 1562/3761/1940 1585/3817/1940 1550/3762/1940
f 1563/3764/1972 1581/3818/1972 1564/3765/1972
f 1565/3767/1944 1576/3819/1973 1566/3768/1944
f 1571/3773/1946 1590/3820/1946 1555/3763/1946
f 1553/3774/1947 1582/3821/1974 1572/3775/1947
f 1577/3784/1954 1588/3822/1954 1579/3785/1954
f 1566/3768/1955 1586/3823/1955 1580/3787/1955
f 1553/3788/26 1564/3824/26 1581/3789/26
f 1583/3825/1975 1569/3826/1975 1568/3827/1975
f 1583/3791/1976 1584/3809/1976 1575/3777/1976
f 1559/3792/1957 1591/3828/1958 1580/3793/1958
f 1565/3795/1959 1579/3829/1959 1588/3796/1960
f 1587/3798/1961 1589/3830/1961 1574/3799/1961
f 1560/3831/47 1573/3832/47 1589/3833/47
f 1573/3832/47 1574/3834/47 1589/3833/47
f 1590/3801/1962 1571/3835/1963 1549/3802/1963
f 1582/3806/1968 1581/3836/1968 1563/3807/1968
f 1557/3837/1977 1586/3838/1977 1566/3839/1977
f 1580/3840/1978 1551/3841/1979 1567/3842/1980
f 1557/3837/1981 1559/3843/1981 1586/3838/1981
f 1580/3840/1978 1591/3844/1982 1551/3841/1979
f 1561/3845/1939 1570/3846/26 1558/3847/1937
f 1561/3845/1939 1587/3848/26 1570/3846/26
f 1592/3849/1983 1593/3850/1983 1594/3851/1984
f 1595/3852/1985 1596/3853/1985 1597/3854/1985
f 1598/3855/1986 1599/3856/1986 1600/3857/1986
f 1594/3858/1987 1602/3859/1988 1600/3860/1988
f 1600/3860/1989 1592/3861/1989 1594/3858/1989
f 1601/3862/1990 1603/3863/1991 1604/3864/1992
f 1605/3865/1993 1593/3866/1994 1598/3867/1995
f 1606/3868/1996 1607/3869/1997 1595/3870/1997
f 1608/3871/1998 1609/3872/1999 1610/3873/1998
f 1611/3874/2000 1612/3875/2000 1613/3876/2000
f 1614/3877/2001 1598/3867/2001 1593/3866/2001
f 1596/3878/2002 1615/3879/2002 1597/3880/2003
f 1612/3875/2004 1618/3881/2004 1613/3876/2004
f 1619/3882/2005 1620/3883/2005 1609/3884/2005
f 1621/3885/2006 1608/3886/2007 1610/3887/2008
f 1620/3888/2009 1622/3889/2009 1621/3890/2009
f 1609/3872/2010 1623/3891/2011 1610/3873/2011
f 1596/3892/26 1624/3893/26 1625/3894/26
f 1626/3895/2012 1618/3881/2012 1612/3875/2012
f 1602/3896/2013 1623/3897/2014 1629/3898/2013
f 1608/3899/2015 1631/3900/2016 1619/3901/2016
f 1630/3902/2017 1617/3903/2017 1613/3904/2017
f 1633/3905/2018 1592/3906/2019 1599/3907/2018
f 1619/3882/2020 1631/3908/2020 1620/3883/2020
f 1621/3885/2021 1622/3909/2022 1608/3886/2023
f 1625/3910/2024 1606/3911/2024 1615/3912/2024
f 1627/3913/2025 1626/3895/2025 1601/3914/2025
f 1592/3849/1983 1614/3915/2026 1593/3850/1983
f 1595/3852/1985 1607/3916/1985 1596/3853/1985
f 1598/3855/2027 1633/3917/2027 1599/3856/2027
f 1594/3858/1987 1634/3918/1987 1602/3859/1988
f 1600/3860/1989 1599/3919/1989 1592/3861/1989
f 1601/3862/1991 1616/3920/1991 1603/3863/1991
f 1605/3865/1993 1628/3921/1994 1593/3866/1994
f 1606/3868/2028 1624/3922/2028 1607/3869/2028
f 1608/3871/1998 1619/3923/1999 1609/3872/1999
f 1614/3877/2001 1633/3924/2001 1598/3867/2001
f 1596/3878/2002 1625/3925/2029 1615/3879/2002
f 1620/3888/2009 1631/3926/2009 1622/3889/2009
f 1609/3872/2010 1629/3927/2010 1623/3891/2011
f 1596/3892/26 1607/3928/26 1624/3893/26
f 1626/3929/2030 1612/3930/2030 1611/3931/2030
f 1626/3895/2031 1627/3913/2031 1618/3881/2031
f 1602/3896/2013 1634/3932/2014 1623/3897/2014
f 1608/3899/2015 1622/3933/2015 1631/3900/2016
f 1630/3902/2017 1632/3934/2017 1617/3903/2017
f 1603/3935/47 1616/3936/47 1632/3937/47
f 1616/3936/47 1617/3938/47 1632/3937/47
f 1633/3905/2018 1614/3939/2019 1592/3906/2019
f 1625/3910/2024 1624/3940/2024 1606/3911/2024
f 1600/3941/2032 1629/3942/2032 1609/3943/2032
f 1623/3944/2033 1594/3945/2034 1610/3946/2035
f 1600/3941/2036 1602/3947/2036 1629/3942/2036
f 1623/3944/2033 1634/3948/2037 1594/3945/2034
f 1604/3949/1992 1613/3950/26 1601/3951/1990
f 1604/3949/1992 1630/3952/26 1613/3950/26
f 1635/3953/2038 1636/3954/2038 1637/3955/2038
f 1638/3956/2039 1639/3957/2039 1640/3958/2039
f 1641/3959/2040 1642/3960/2040 1643/3961/2040
f 1637/3962/2041 1645/3963/2042 1643/3964/2043
f 1643/3964/2044 1635/3965/2044 1637/3962/2044
f 1644/3966/2045 1646/3967/2046 1647/3968/2047
f 1648/3969/2048 1636/3970/2049 1641/3971/2050
f 1649/3972/2051 1650/3973/2052 1638/3974/2052
f 1651/3975/2053 1652/3976/2053 1653/3977/2053
f 1654/3978/2054 1655/3979/2054 1656/3980/2054
f 1657/3981/2055 1641/3971/2055 1636/3970/2055
f 1639/3982/2056 1658/3983/2056 1640/3984/2057
f 1655/3979/2058 1661/3985/2058 1656/3980/2058
f 1662/3986/2059 1663/3987/2059 1652/3988/2059
f 1664/3989/2060 1651/3990/2061 1653/3991/2062
f 1663/3992/2063 1665/3993/2063 1664/3994/2063
f 1652/3976/2064 1666/3995/2065 1653/3977/2065
f 1639/3996/26 1667/3997/26 1668/3998/26
f 1669/3999/2066 1661/3985/2066 1655/3979/2066
f 1645/4000/2067 1666/4001/2068 1672/4002/2067
f 1651/4003/2069 1674/4004/2070 1662/4005/2070
f 1673/4006/2071 1660/4007/2071 1656/4008/2071
f 1676/4009/2072 1635/4010/2072 1642/4011/2072
f 1662/3986/2073 1674/4012/2073 1663/3987/2073
f 1664/3989/2074 1665/4013/2075 1651/3990/2076
f 1668/4014/2077 1649/4015/2077 1658/4016/2077
f 1670/4017/2078 1669/3999/2078 1644/4018/2078
f 1635/3953/2038 1657/4019/2038 1636/3954/2038
f 1638/3956/2039 1650/4020/2039 1639/3957/2039
f 1641/3959/2079 1676/4021/2079 1642/3960/2079
f 1637/3962/2041 1677/4022/2041 1645/3963/2042
f 1643/3964/2044 1642/4023/2044 1635/3965/2044
f 1644/3966/2046 1659/4024/2046 1646/3967/2046
f 1648/3969/2048 1671/4025/2049 1636/3970/2049
f 1649/3972/2080 1667/4026/2080 1650/3973/2080
f 1651/3975/2053 1662/4027/2053 1652/3976/2053
f 1657/3981/2055 1676/4028/2055 1641/3971/2055
f 1639/3982/2056 1668/4029/2081 1658/3983/2056
f 1663/3992/2063 1674/4030/2063 1665/3993/2063
f 1652/3976/2064 1672/4031/2064 1666/3995/2065
f 1639/3996/26 1650/4032/26 1667/3997/26
f 1669/4033/2082 1655/4034/2082 1654/4035/2082
f 1669/3999/2083 1670/4017/2083 1661/3985/2083
f 1645/4000/2067 1677/4036/2068 1666/4001/2068
f 1651/4003/2069 1665/4037/2069 1674/4004/2070
f 1673/4006/2071 1675/4038/2071 1660/4007/2071
f 1646/4039/47 1659/4040/47 1675/4041/47
f 1659/4040/47 1660/4042/47 1675/4041/47
f 1676/4009/2072 1657/4043/2072 1635/4010/2072
f 1668/4014/2077 1667/4044/2077 1649/4015/2077
f 1643/4045/2084 1672/4046/2084 1652/4047/2084
f 1666/4048/2085 1637/4049/2086 1653/4050/2087
f 1643/4045/2088 1645/4051/2088 1672/4046/2088
f 1666/4048/2085 1677/4052/2089 1637/4049/2086
f 1647/4053/2047 1656/4054/26 1644/4055/2045
f 1647/4053/2047 1673/4056/26 1656/4054/26
