# Blender v3.0.0 OBJ File: ''
# www.blender.org
o ring
v -1.167995 0.167696 4.539482
v -0.046713 0.002793 4.687102
v -1.167995 0.002795 4.539482
v -0.046712 0.167694 4.687102
v -1.131413 0.167696 4.402955
v -0.046713 0.167694 4.545758
v -1.131413 0.191253 4.402955
v -1.125315 0.191253 4.380200
v -0.046712 0.191251 4.545758
v -1.202512 0.191253 4.487823
v -1.231406 0.191253 4.595657
v -1.186286 0.191253 4.607747
v -1.119218 0.191253 4.357446
v -1.113121 0.191253 4.334691
v -1.107024 0.191253 4.311936
v -1.100927 0.191253 4.289182
v -1.094830 0.191253 4.266427
v -1.088733 0.191253 4.243673
v -1.070442 0.191253 4.175409
v -1.064345 0.191253 4.152654
v -1.058248 0.191253 4.129900
v -1.046054 0.191253 4.084391
v -1.039956 0.191253 4.061636
v -0.982897 0.191253 3.668206
v -0.937777 0.191253 3.680296
v -0.949971 0.167696 3.725805
v -0.937777 0.026352 3.680296
v -0.949972 -0.044320 3.725805
v -0.995091 -0.044320 3.713716
v -0.982897 0.026352 3.668206
v -0.046713 -0.044321 3.844721
v -0.046713 0.167694 3.844721
v -0.046713 0.167694 3.891836
v -0.962165 0.167696 3.771315
v -0.046713 0.144137 3.891836
v -0.962165 0.144138 3.771315
v -0.046713 0.144137 4.074612
v -0.046713 0.167694 4.074612
v -1.009471 0.144138 3.947863
v -1.009471 0.167696 3.947863
v -1.039956 0.167696 4.061636
v -0.046713 0.191251 4.192399
v -0.046713 0.167694 4.192399
v -0.000001 -0.044321 3.844721
v -0.046713 0.026350 3.797607
v -0.046713 0.191252 3.797607
v -0.000001 0.191251 4.646137
v -0.046712 0.191251 4.757773
v -0.000001 0.191251 4.757773
v -0.046713 0.002793 4.757773
v -0.000001 -0.044322 4.757773
v -0.000001 -0.044322 4.716809
v -0.046713 -0.044322 4.757773
v -0.046713 -0.044322 4.734216
v -0.046712 0.191251 4.639987
v -0.046713 0.002793 4.734216
v -1.180189 0.002795 4.584992
v -1.155801 0.191253 4.493973
v -1.220804 -0.044320 4.556087
v -1.220804 -0.067877 4.556087
v -1.150737 -0.067877 4.565312
v -0.680470 -0.067878 4.627224
v -0.540336 -0.067878 4.645673
v -0.070069 -0.067879 4.707584
v -0.000001 -0.067879 4.716809
v -0.070069 -0.114993 4.707584
v -0.000001 -0.114993 4.716809
v -0.000001 -0.114993 4.693252
v -0.067020 -0.114993 4.684428
v -0.060870 -0.067879 4.637717
v -0.531137 -0.067878 4.575805
v -0.060870 -0.114993 4.637717
v -0.531137 -0.114993 4.575805
v -0.543410 -0.067878 4.669028
v -0.543410 -0.114993 4.669028
v -0.537287 -0.114993 4.622517
v -0.677421 -0.114992 4.604067
v -1.146678 -0.114992 4.542289
v -1.138490 -0.114992 4.495846
v -0.671272 -0.114992 4.557356
v -1.138490 -0.067877 4.495846
v -0.671272 -0.067878 4.557356
v -1.150737 -0.114992 4.565312
v -1.220804 -0.114992 4.556087
v -1.214707 -0.114992 4.533333
v -0.000001 -0.138551 4.693252
v -1.214707 -0.138549 4.533333
v -0.233611 -0.138550 4.638736
v -0.000001 -0.138551 4.645730
v -0.230536 -0.138550 4.615380
v -0.373745 -0.138550 4.620286
v -0.974948 -0.138549 4.541137
v -0.834814 -0.138549 4.559586
v -1.202408 -0.138549 4.487431
v -0.233611 -0.209222 4.638736
v -0.373745 -0.209222 4.620286
v -0.230536 -0.209222 4.615380
v -0.000001 -0.232780 4.645730
v -0.971873 -0.209221 4.517781
v -1.202408 -0.232778 4.487431
v -0.971873 -0.138549 4.517781
v -0.834814 -0.209221 4.559586
v -0.974948 -0.209221 4.541137
v -0.831739 -0.138549 4.536230
v -0.831739 -0.209221 4.536230
v -0.370670 -0.209222 4.596931
v -0.370670 -0.138550 4.596931
v -0.350338 -0.232779 4.531980
v -0.834568 -0.232779 4.468230
v -0.000002 -0.232780 4.526927
v -0.350338 -0.232779 4.480805
v -0.000002 -0.256337 4.526927
v -0.350338 -0.256337 4.480805
v -0.350338 -0.256336 3.923551
v -0.350338 -0.279894 4.531980
v -0.834568 -0.279893 4.468230
v -0.640513 -0.279893 3.744005
v -0.350338 -0.279894 3.782208
v -0.350338 -0.232779 3.782208
v -0.350338 -0.232779 3.804749
v -0.640513 -0.232779 3.744005
v -0.646347 -0.232779 3.765778
v -0.677096 -0.256336 3.880533
v -1.027432 -0.256335 3.834411
v -0.821323 -0.256336 4.418799
v -1.171659 -0.256335 4.372676
v -1.171659 -0.232778 4.372676
v -0.821323 -0.232779 4.418799
v -0.677096 -0.232779 3.880533
v -1.027432 -0.232778 3.834411
v -0.996683 -0.232778 3.719656
v -0.657753 -0.232779 3.808347
v -0.350338 -0.232779 3.848819
v -0.350338 -0.232779 3.923551
v -0.000002 -0.232780 3.969674
v -0.000002 -0.232780 3.850871
v -0.000002 -0.185665 3.850871
v -0.996683 -0.185664 3.719656
v -0.009226 -0.185665 3.920939
v -1.005908 -0.185664 3.789723
v -0.009226 -0.091436 3.920939
v -1.005908 -0.091434 3.789723
v -0.996683 -0.091434 3.719656
v -0.000002 -0.091436 3.850871
v -0.000001 -0.044321 3.850871
v -0.996683 -0.044320 3.719656
v -1.023728 -0.091434 3.784948
v -1.023728 -0.185664 3.784948
v -0.000002 -0.256337 3.969674
v -0.683545 -0.114992 4.650579
v -0.683545 -0.067878 4.650579
v -1.186286 -0.044320 4.607747
v -1.231406 -0.044320 4.595657
v -1.186286 0.002795 4.607747
v -0.046712 0.191251 4.522201
v -0.046713 0.191251 4.215956
v -0.046713 0.167694 4.522201
v -0.046713 0.167694 4.498643
v -1.125315 0.167696 4.380200
v -1.119218 0.167696 4.357446
v -0.046712 0.191251 4.475086
v -0.046712 0.191251 4.498643
v -1.113121 0.167696 4.334691
v -0.046713 0.167694 4.475086
v -0.046713 0.167694 4.451529
v -1.107024 0.167696 4.311936
v -0.046713 0.191251 4.451529
v -0.046713 0.191251 4.427971
v -1.100927 0.167696 4.289182
v -0.046713 0.167694 4.427971
v -1.094830 0.167696 4.266427
v -0.046713 0.167694 4.404414
v -0.046713 0.191251 4.404414
v -0.046713 0.191251 4.380857
v -1.082636 0.167696 4.220918
v -0.046713 0.167694 4.380857
v -1.088733 0.167696 4.243673
v -0.046713 0.167694 4.357300
v -1.070442 0.167696 4.175409
v -0.046713 0.167694 4.333743
v -1.076539 0.167696 4.198164
v -0.046713 0.167694 4.310185
v -1.064345 0.167696 4.152654
v -0.046713 0.167694 4.263071
v -0.046713 0.167694 4.286628
v -1.058248 0.167696 4.129900
v -0.046713 0.191251 4.239513
v -0.046713 0.191251 4.263071
v -1.052151 0.167696 4.107145
v -1.052151 0.191253 4.107145
v -0.046713 0.167694 4.239513
v -1.046054 0.167696 4.084391
v -0.046713 0.167694 4.215956
v -0.046713 0.191251 4.286628
v -0.046713 0.191251 4.357300
v -0.046713 0.191251 4.310185
v -0.046713 0.191251 4.333743
v -1.076539 0.191253 4.198164
v -1.082636 0.191253 4.220918
v -0.000001 0.026350 3.797607
v -0.000001 0.191251 3.797607
v -1.180190 -0.044320 4.584992
v -4.687111 0.167702 0.046702
v -4.539491 0.002801 1.167984
v -4.687111 0.002801 0.046702
v -4.539491 0.167702 1.167984
v -4.545767 0.167702 0.046702
v -4.402964 0.167701 1.131402
v -4.545767 0.191259 0.046702
v -4.522210 0.191259 0.046702
v -4.402964 0.191259 1.131402
v -4.646146 0.191259 -0.000010
v -4.757782 0.191260 -0.000010
v -4.757782 0.191259 0.046702
v -4.498652 0.191259 0.046702
v -4.475095 0.191259 0.046702
v -4.451538 0.191259 0.046702
v -4.427980 0.191259 0.046702
v -4.404423 0.191259 0.046702
v -4.380866 0.191259 0.046702
v -4.310194 0.191259 0.046702
v -4.286637 0.191259 0.046702
v -4.263080 0.191259 0.046702
v -4.215965 0.191259 0.046702
v -4.192408 0.191259 0.046702
v -3.797615 0.191258 -0.000010
v -3.797615 0.191258 0.046702
v -3.844730 0.167701 0.046702
v -3.797616 0.026357 0.046702
v -3.844731 -0.044315 0.046702
v -3.844731 -0.044315 -0.000010
v -3.797616 0.026357 -0.000010
v -3.725815 -0.044315 0.949960
v -3.725814 0.167700 0.949960
v -3.771323 0.167700 0.962155
v -3.891845 0.167701 0.046702
v -3.771323 0.144143 0.962155
v -3.891845 0.144144 0.046702
v -3.947872 0.144143 1.009461
v -3.947872 0.167701 1.009461
v -4.074621 0.144144 0.046702
v -4.074621 0.167701 0.046702
v -4.192408 0.167701 0.046702
v -4.061645 0.191258 1.039946
v -4.061645 0.167701 1.039946
v -3.713725 -0.044315 0.995080
v -3.680305 0.026357 0.937766
v -3.680305 0.191258 0.937766
v -4.487833 0.191259 1.202502
v -4.607755 0.191259 1.186276
v -4.595665 0.191259 1.231395
v -4.607755 0.002801 1.186276
v -4.595666 -0.044314 1.231395
v -4.556097 -0.044314 1.220793
v -4.607756 -0.044314 1.186276
v -4.585001 -0.044314 1.180179
v -4.493982 0.191259 1.155790
v -4.585001 0.002801 1.180179
v -4.734225 0.002801 0.046702
v -4.639997 0.191259 0.046702
v -4.716818 -0.044313 -0.000010
v -4.716818 -0.067871 -0.000010
v -4.707593 -0.067871 0.070058
v -4.645682 -0.067871 0.540325
v -4.627233 -0.067871 0.680459
v -4.565321 -0.067871 1.150726
v -4.556097 -0.067871 1.220793
v -4.565321 -0.114986 1.150726
v -4.556097 -0.114986 1.220793
v -4.533342 -0.114986 1.214696
v -4.542165 -0.114986 1.147677
v -4.495454 -0.067871 1.141527
v -4.557365 -0.067871 0.671261
v -4.495454 -0.114986 1.141527
v -4.557365 -0.114986 0.671261
v -4.650589 -0.067871 0.683534
v -4.650589 -0.114986 0.683534
v -4.604076 -0.114986 0.677411
v -4.622526 -0.114986 0.537276
v -4.684305 -0.114985 0.068019
v -4.637325 -0.114985 0.063908
v -4.575814 -0.114986 0.531126
v -4.637325 -0.067871 0.063908
v -4.575814 -0.067871 0.531126
v -4.707593 -0.114985 0.070058
v -4.716818 -0.114985 -0.000010
v -4.693261 -0.114985 -0.000010
v -4.533342 -0.138543 1.214696
v -4.693261 -0.138543 -0.000010
v -4.541146 -0.138543 0.974937
v -4.487441 -0.138543 1.202396
v -4.517790 -0.138543 0.971862
v -4.559595 -0.138543 0.834803
v -4.638745 -0.138543 0.233600
v -4.620296 -0.138543 0.373734
v -4.645740 -0.138543 -0.000010
v -4.541146 -0.209215 0.974937
v -4.559595 -0.209215 0.834803
v -4.517790 -0.209215 0.971862
v -4.487441 -0.232772 1.202396
v -4.615389 -0.209215 0.230525
v -4.645740 -0.232772 -0.000010
v -4.615389 -0.138543 0.230525
v -4.620296 -0.209215 0.373734
v -4.638745 -0.209215 0.233600
v -4.596940 -0.138543 0.370659
v -4.596940 -0.209215 0.370659
v -4.536239 -0.209215 0.831728
v -4.536239 -0.138543 0.831728
v -4.468240 -0.232772 0.834557
v -4.531989 -0.232772 0.350327
v -4.372685 -0.232773 1.171648
v -4.418808 -0.232772 0.821312
v -4.372685 -0.256330 1.171648
v -4.418808 -0.256330 0.821312
v -3.880542 -0.256330 0.677085
v -4.468240 -0.279887 0.834557
v -4.531989 -0.279887 0.350327
v -3.782217 -0.279888 0.350327
v -3.744015 -0.279888 0.640502
v -3.744015 -0.232773 0.640502
v -3.765788 -0.232773 0.646335
v -3.782217 -0.232773 0.350327
v -3.804758 -0.232773 0.350327
v -3.923560 -0.256330 0.350327
v -3.969683 -0.256330 -0.000009
v -4.480814 -0.256329 0.350327
v -4.526937 -0.256329 -0.000010
v -4.526937 -0.232772 -0.000010
v -4.480814 -0.232772 0.350327
v -3.923560 -0.232773 0.350327
v -3.969683 -0.232773 -0.000009
v -3.850881 -0.232773 -0.000010
v -3.848828 -0.232773 0.350327
v -3.808356 -0.232773 0.657742
v -3.880542 -0.232773 0.677085
v -3.834420 -0.232773 1.027420
v -3.719665 -0.232773 0.996672
v -3.719665 -0.185659 0.996672
v -3.850881 -0.185659 -0.000010
v -3.789732 -0.185659 1.005896
v -3.920948 -0.185658 0.009215
v -3.789732 -0.091430 1.005896
v -3.920948 -0.091429 0.009215
v -3.850881 -0.091429 -0.000010
v -3.719665 -0.091430 0.996672
v -3.719665 -0.044315 0.996672
v -3.850881 -0.044315 -0.000010
v -3.920948 -0.091429 -0.009234
v -3.920948 -0.185658 -0.009234
v -3.834420 -0.256331 1.027420
v -4.669038 -0.114985 0.543399
v -4.669038 -0.067871 0.543399
v -4.757783 -0.044313 0.046702
v -4.757783 -0.044313 -0.000010
v -4.757782 0.002801 0.046702
v -4.380209 0.191259 1.125305
v -4.084399 0.191258 1.046043
v -4.380209 0.167701 1.125305
v -4.357454 0.167701 1.119208
v -4.522210 0.167702 0.046702
v -4.498652 0.167702 0.046702
v -4.334700 0.191259 1.113111
v -4.357454 0.191259 1.119208
v -4.475095 0.167702 0.046702
v -4.334700 0.167701 1.113111
v -4.311945 0.167701 1.107014
v -4.451538 0.167702 0.046702
v -4.311945 0.191259 1.107014
v -4.289190 0.191259 1.100917
v -4.427980 0.167702 0.046702
v -4.289190 0.167701 1.100917
v -4.404423 0.167702 0.046702
v -4.266436 0.167701 1.094819
v -4.266436 0.191259 1.094819
v -4.243681 0.191258 1.088722
v -4.357309 0.167702 0.046702
v -4.243681 0.167701 1.088722
v -4.380866 0.167702 0.046702
v -4.220927 0.167701 1.082626
v -4.310194 0.167701 0.046702
v -4.198172 0.167701 1.076528
v -4.333752 0.167702 0.046702
v -4.175417 0.167701 1.070431
v -4.286637 0.167701 0.046702
v -4.129909 0.167701 1.058237
v -4.152663 0.167701 1.064334
v -4.263080 0.167701 0.046702
v -4.107154 0.191258 1.052140
v -4.129909 0.191258 1.058237
v -4.239522 0.167701 0.046702
v -4.239522 0.191259 0.046702
v -4.107154 0.167701 1.052140
v -4.215965 0.167701 0.046702
v -4.084399 0.167701 1.046043
v -4.152663 0.191258 1.064334
v -4.220927 0.191258 1.082626
v -4.175417 0.191258 1.070431
v -4.198172 0.191258 1.076528
v -4.333752 0.191259 0.046702
v -4.357309 0.191259 0.046702
v -3.668216 0.026357 0.982886
v -3.668215 0.191258 0.982886
v -4.734226 -0.044313 0.046702
v -1.258237 0.167697 -4.515318
v -2.303106 0.002798 -4.082519
v -1.258237 0.002796 -4.515318
v -2.303106 0.167699 -4.082519
v -1.221655 0.167697 -4.378790
v -2.232434 0.167699 -3.960112
v -1.221655 0.191255 -4.378790
v -1.215558 0.191255 -4.356036
v -2.232434 0.191256 -3.960112
v -1.202515 0.191255 -4.487839
v -1.231409 0.191255 -4.595672
v -1.276528 0.191255 -4.583582
v -1.209461 0.191255 -4.333282
v -1.203364 0.191255 -4.310527
v -1.197267 0.191255 -4.287773
v -1.191170 0.191255 -4.265018
v -1.185072 0.191255 -4.242263
v -1.178975 0.191255 -4.219509
v -1.160684 0.191255 -4.151245
v -1.154587 0.191255 -4.128490
v -1.148490 0.191255 -4.105736
v -1.136296 0.191254 -4.060227
v -1.130199 0.191254 -4.037472
v -0.982899 0.191254 -3.668222
v -1.028019 0.191254 -3.656132
v -1.040213 0.167697 -3.701642
v -1.028019 0.026353 -3.656132
v -1.040213 -0.044319 -3.701642
v -0.995094 -0.044319 -3.713731
v -0.982899 0.026353 -3.668222
v -1.881916 -0.044317 -3.352997
v -1.881916 0.167698 -3.352997
v -1.905473 0.167698 -3.393800
v -1.052407 0.167697 -3.747150
v -1.905473 0.144141 -3.393800
v -1.052407 0.144140 -3.747150
v -1.996861 0.144141 -3.552088
v -1.996861 0.167698 -3.552088
v -1.099713 0.144140 -3.923699
v -1.099713 0.167697 -3.923699
v -1.130199 0.167697 -4.037472
v -2.055754 0.191256 -3.654095
v -2.055755 0.167699 -3.654095
v -1.922369 -0.044317 -3.329641
v -1.858359 0.026354 -3.312194
v -1.858358 0.191255 -3.312194
v -2.323076 0.191256 -4.023687
v -2.338441 0.191256 -4.143722
v -2.378895 0.191256 -4.120366
v -2.338442 0.002798 -4.143722
v -2.378895 -0.044316 -4.120366
v -2.358413 -0.044316 -4.084890
v -2.338442 -0.044316 -4.143722
v -2.326663 -0.044317 -4.123322
v -2.279548 0.191256 -4.041716
v -2.326663 0.002798 -4.123322
v -1.270432 0.002796 -4.560828
v -1.246043 0.191255 -4.469809
v -1.220806 -0.044318 -4.556103
v -1.220806 -0.067875 -4.556103
v -1.286099 -0.067875 -4.529058
v -1.724317 -0.067875 -4.347540
v -1.854902 -0.067875 -4.293452
v -2.293121 -0.067874 -4.111936
v -2.358413 -0.067874 -4.084890
v -2.293121 -0.114988 -4.111936
v -2.358413 -0.114988 -4.084890
v -2.346634 -0.114988 -4.064489
v -2.284183 -0.114988 -4.090357
v -2.266153 -0.067874 -4.046829
v -1.827934 -0.067875 -4.228345
v -2.266153 -0.114989 -4.046829
v -1.827934 -0.114989 -4.228345
v -1.863917 -0.067875 -4.315215
v -1.863917 -0.114989 -4.315215
v -1.845964 -0.114989 -4.271873
v -1.715380 -0.114989 -4.325963
v -1.278103 -0.114990 -4.507090
v -1.261972 -0.114990 -4.462775
v -1.697350 -0.114989 -4.282435
v -1.261972 -0.067875 -4.462775
v -1.697350 -0.067875 -4.282435
v -1.286099 -0.114990 -4.529058
v -1.220806 -0.114990 -4.556103
v -1.214709 -0.114990 -4.533348
v -2.346634 -0.138546 -4.064489
v -1.214709 -0.138547 -4.533348
v -2.117065 -0.138546 -4.134082
v -2.322874 -0.138546 -4.023335
v -2.108050 -0.138546 -4.112317
v -1.986481 -0.138546 -4.188171
v -1.426249 -0.138547 -4.420227
v -1.556834 -0.138547 -4.366137
v -1.202410 -0.138547 -4.487447
v -2.117065 -0.209218 -4.134082
v -1.986481 -0.209218 -4.188171
v -2.108050 -0.209218 -4.112317
v -2.322874 -0.232775 -4.023335
v -1.417234 -0.209219 -4.398463
v -1.202410 -0.232777 -4.487447
v -1.417234 -0.138547 -4.398463
v -1.556834 -0.209219 -4.366137
v -1.426249 -0.209219 -4.420227
v -1.547818 -0.138547 -4.344372
v -1.547818 -0.209219 -4.344372
v -1.977466 -0.209218 -4.166407
v -1.977466 -0.138546 -4.166407
v -1.962599 -0.232775 -4.099992
v -1.511368 -0.232776 -4.286898
v -2.263473 -0.232775 -3.920448
v -1.937011 -0.232775 -4.055673
v -2.263473 -0.256332 -3.920448
v -1.937011 -0.256333 -4.055673
v -1.658385 -0.256333 -3.573078
v -1.962599 -0.279890 -4.099992
v -1.511368 -0.279891 -4.286898
v -1.317313 -0.279891 -3.562674
v -1.587713 -0.279891 -3.450671
v -1.587713 -0.232776 -3.450671
v -1.598983 -0.232776 -3.470192
v -1.317313 -0.232777 -3.562674
v -1.323147 -0.232776 -3.584447
v -1.353895 -0.256334 -3.699201
v -1.027434 -0.256334 -3.834426
v -1.498123 -0.256333 -4.237466
v -1.171662 -0.256334 -4.372692
v -1.171662 -0.232777 -4.372692
v -1.498123 -0.232776 -4.237466
v -1.353895 -0.232776 -3.699201
v -1.027434 -0.232777 -3.834426
v -0.996686 -0.232777 -3.719671
v -1.334553 -0.232776 -3.627016
v -1.621019 -0.232776 -3.508358
v -1.658385 -0.232776 -3.573078
v -1.984846 -0.232775 -3.437853
v -1.925444 -0.232776 -3.334967
v -1.925444 -0.185661 -3.334967
v -0.996685 -0.185662 -3.719671
v -1.952489 -0.185661 -3.400259
v -1.023730 -0.185662 -3.784964
v -1.952489 -0.091432 -3.400259
v -1.023730 -0.091433 -3.784964
v -0.996685 -0.091433 -3.719671
v -1.925444 -0.091432 -3.334967
v -1.925444 -0.044317 -3.334967
v -0.996685 -0.044319 -3.719671
v -1.005910 -0.091433 -3.789739
v -1.005910 -0.185662 -3.789739
v -1.984846 -0.256333 -3.437853
v -1.733333 -0.114989 -4.369305
v -1.733333 -0.067875 -4.369305
v -1.276529 -0.044318 -4.583582
v -1.231409 -0.044318 -4.595672
v -1.276529 0.002796 -4.583582
v -2.220655 0.191256 -3.939710
v -2.067533 0.191256 -3.674495
v -2.220655 0.167699 -3.939710
v -2.208877 0.167699 -3.919310
v -1.215558 0.167697 -4.356036
v -1.209461 0.167697 -4.333282
v -2.197098 0.191256 -3.898908
v -2.208876 0.191256 -3.919310
v -1.203364 0.167697 -4.310527
v -2.197098 0.167699 -3.898908
v -2.185319 0.167699 -3.878507
v -1.197267 0.167697 -4.287773
v -2.185319 0.191256 -3.878507
v -2.173541 0.191256 -3.858106
v -1.191170 0.167697 -4.265018
v -2.173541 0.167699 -3.858106
v -1.185072 0.167697 -4.242263
v -2.161762 0.167699 -3.837704
v -2.161762 0.191256 -3.837704
v -2.149983 0.191256 -3.817304
v -1.172878 0.167697 -4.196754
v -2.149984 0.167699 -3.817304
v -1.178975 0.167697 -4.219509
v -2.138205 0.167699 -3.796902
v -1.160684 0.167697 -4.151245
v -2.126426 0.167699 -3.776501
v -1.166781 0.167697 -4.174000
v -2.114648 0.167699 -3.756100
v -1.154587 0.167697 -4.128490
v -2.091090 0.167699 -3.715298
v -2.102869 0.167699 -3.735698
v -1.148490 0.167697 -4.105736
v -2.079312 0.191256 -3.694896
v -2.091090 0.191256 -3.715298
v -1.142393 0.167697 -4.082981
v -1.142393 0.191254 -4.082981
v -2.079312 0.167699 -3.694896
v -1.136296 0.167697 -4.060227
v -2.067533 0.167699 -3.674495
v -2.102869 0.191256 -3.735698
v -2.138205 0.191256 -3.796902
v -2.114647 0.191256 -3.756100
v -2.126426 0.191256 -3.776501
v -1.166781 0.191255 -4.174000
v -1.172878 0.191255 -4.196754
v -1.898812 0.026355 -3.288839
v -1.898812 0.191256 -3.288839
v -1.270432 -0.044318 -4.560828
v -2.384008 0.167699 -4.035809
v -3.281257 0.002799 -3.347326
v -2.384008 0.002798 -4.035809
v -3.281257 0.167700 -3.347326
v -2.313336 0.167699 -3.913402
v -3.181312 0.167700 -3.247381
v -2.313336 0.191256 -3.913402
v -2.301557 0.191256 -3.893001
v -3.181312 0.191258 -3.247381
v -2.323072 0.191256 -4.023689
v -2.378890 0.191256 -4.120369
v -2.419343 0.191257 -4.097013
v -2.289778 0.191256 -3.872600
v -2.278000 0.191256 -3.852198
v -2.266221 0.191256 -3.831797
v -2.254442 0.191256 -3.811396
v -2.242664 0.191256 -3.790995
v -2.230885 0.191256 -3.770594
v -2.195549 0.191256 -3.709390
v -2.183771 0.191256 -3.688988
v -2.171992 0.191256 -3.668588
v -2.148435 0.191256 -3.627785
v -2.136656 0.191256 -3.607384
v -1.898807 0.191256 -3.288840
v -1.939260 0.191256 -3.265484
v -1.962818 0.167698 -3.306287
v -1.939261 0.026355 -3.265484
v -1.962818 -0.044317 -3.306287
v -1.922364 -0.044317 -3.329643
v -1.898807 0.026355 -3.288840
v -2.685605 -0.044316 -2.751673
v -2.685604 0.167699 -2.751673
v -2.718920 0.167699 -2.784988
v -1.986375 0.167698 -3.347089
v -2.718920 0.144142 -2.784988
v -1.986375 0.144141 -3.347089
v -2.848162 0.144142 -2.914230
v -2.848162 0.167700 -2.914230
v -2.077763 0.144141 -3.505379
v -2.077763 0.167699 -3.505379
v -2.136656 0.167699 -3.607384
v -2.931449 0.191257 -2.997518
v -2.931450 0.167700 -2.997518
v -2.718635 -0.044316 -2.718643
v -2.652290 0.026356 -2.718358
v -2.652289 0.191257 -2.718358
v -3.285321 0.191258 -3.285330
v -3.331230 0.191258 -3.397299
v -3.364259 0.191258 -3.364269
v -3.331230 0.002799 -3.397299
v -3.364260 -0.044315 -3.364269
v -3.335294 -0.044315 -3.335302
v -3.331230 -0.044315 -3.397299
v -3.314573 -0.044315 -3.380641
v -3.247942 0.191258 -3.314011
v -3.314573 0.002799 -3.380641
v -2.407565 0.002798 -4.076612
v -2.360450 0.191256 -3.995007
v -2.358408 -0.044316 -4.084892
v -2.358408 -0.067874 -4.084892
v -2.414476 -0.067874 -4.041870
v -2.790783 -0.067873 -3.753120
v -2.902919 -0.067873 -3.667075
v -3.279226 -0.067872 -3.378324
v -3.335294 -0.067872 -3.335302
v -3.279226 -0.114987 -3.378324
v -3.335294 -0.114987 -3.335302
v -3.318636 -0.114987 -3.318645
v -3.265008 -0.114987 -3.359795
v -3.236326 -0.067873 -3.322417
v -2.860019 -0.067873 -3.611167
v -3.236326 -0.114987 -3.322417
v -2.860019 -0.114988 -3.611167
v -2.917259 -0.067873 -3.685765
v -2.917260 -0.114988 -3.685765
v -2.888701 -0.114988 -3.648545
v -2.776565 -0.114988 -3.734590
v -2.401066 -0.114988 -4.022720
v -2.374016 -0.114988 -3.984090
v -2.747884 -0.114988 -3.697212
v -2.374016 -0.067874 -3.984090
v -2.747884 -0.067873 -3.697212
v -2.414476 -0.114988 -4.041870
v -2.358408 -0.114988 -4.084892
v -2.346630 -0.114988 -4.064490
v -3.318636 -0.138544 -3.318645
v -2.346630 -0.138546 -4.064490
v -3.114901 -0.138545 -3.445283
v -3.285034 -0.138544 -3.285042
v -3.100560 -0.138545 -3.426594
v -3.002765 -0.138545 -3.531328
v -2.521683 -0.138545 -3.900474
v -2.633819 -0.138545 -3.814430
v -2.322869 -0.138546 -4.023336
v -3.114901 -0.209216 -3.445283
v -3.002765 -0.209217 -3.531328
v -3.100560 -0.209216 -3.426594
v -3.285034 -0.232773 -3.285042
v -2.507343 -0.209217 -3.881785
v -2.322869 -0.232775 -4.023336
v -2.507343 -0.138545 -3.881785
v -2.633819 -0.209217 -3.814430
v -2.521683 -0.209217 -3.900474
v -2.619478 -0.138545 -3.795740
v -2.619478 -0.209217 -3.795740
v -2.988425 -0.209217 -3.512638
v -2.988425 -0.138545 -3.512638
v -2.956875 -0.232774 -3.452333
v -2.569394 -0.232775 -3.749657
v -3.201028 -0.232774 -3.201035
v -2.920689 -0.232774 -3.416147
v -3.201028 -0.256331 -3.201035
v -2.920689 -0.256331 -3.416147
v -2.526651 -0.256332 -3.022110
v -2.956875 -0.279889 -3.452333
v -2.569394 -0.279889 -3.749657
v -2.194508 -0.279890 -3.100336
v -2.426706 -0.279889 -2.922164
v -2.426706 -0.232775 -2.922164
v -2.442645 -0.232775 -2.938103
v -2.194508 -0.232775 -3.100336
v -2.205778 -0.232775 -3.119856
v -2.265180 -0.256332 -3.222742
v -1.984841 -0.256333 -3.437855
v -2.543807 -0.256332 -3.705339
v -2.263468 -0.256332 -3.920450
v -2.263468 -0.232775 -3.920450
v -2.543807 -0.232775 -3.705339
v -2.265180 -0.232775 -3.222742
v -1.984841 -0.232775 -3.437855
v -1.925440 -0.232776 -3.334969
v -2.227813 -0.232775 -3.158022
v -2.473807 -0.232775 -2.969265
v -2.526651 -0.232775 -3.022110
v -2.806990 -0.232774 -2.806998
v -2.722983 -0.232774 -2.722991
v -2.722983 -0.185660 -2.722991
v -1.925440 -0.185661 -3.334969
v -2.766006 -0.185660 -2.779060
v -1.968462 -0.185661 -3.391036
v -2.766005 -0.091431 -2.779060
v -1.968462 -0.091432 -3.391036
v -1.925439 -0.091432 -3.334969
v -2.722983 -0.091431 -2.722991
v -2.722983 -0.044316 -2.722991
v -1.925439 -0.044317 -3.334969
v -1.952484 -0.091432 -3.400260
v -1.952484 -0.185661 -3.400260
v -2.806990 -0.256332 -2.806998
v -2.805124 -0.114988 -3.771809
v -2.805124 -0.067873 -3.771809
v -2.419344 -0.044316 -4.097013
v -2.378891 -0.044316 -4.120369
v -2.419344 0.002798 -4.097013
v -3.164654 0.191258 -3.230723
v -2.948107 0.191257 -3.014175
v -3.164655 0.167700 -3.230723
v -3.147997 0.167700 -3.214066
v -2.301557 0.167699 -3.893001
v -2.289778 0.167699 -3.872600
v -3.131340 0.191257 -3.197409
v -3.147997 0.191258 -3.214066
v -2.278000 0.167699 -3.852198
v -3.131340 0.167700 -3.197409
v -3.114682 0.167700 -3.180751
v -2.266221 0.167699 -3.831797
v -3.114682 0.191257 -3.180751
v -3.098024 0.191257 -3.164094
v -2.254443 0.167699 -3.811396
v -3.098025 0.167700 -3.164094
v -2.242664 0.167699 -3.790995
v -3.081367 0.167700 -3.147436
v -3.081367 0.191257 -3.147436
v -3.064709 0.191257 -3.130779
v -2.219107 0.167699 -3.750192
v -3.064709 0.167700 -3.130779
v -2.230886 0.167699 -3.770594
v -3.048052 0.167700 -3.114121
v -2.195550 0.167699 -3.709390
v -3.031395 0.167700 -3.097464
v -2.207328 0.167699 -3.729791
v -3.014737 0.167700 -3.080806
v -2.183771 0.167699 -3.688988
v -2.981422 0.167700 -3.047491
v -2.998080 0.167700 -3.064148
v -2.171992 0.167699 -3.668588
v -2.964764 0.191257 -3.030833
v -2.981422 0.191257 -3.047491
v -2.160213 0.167699 -3.648186
v -2.160213 0.191256 -3.648186
v -2.964765 0.167700 -3.030833
v -2.148435 0.167699 -3.627785
v -2.948107 0.167700 -3.014175
v -2.998079 0.191257 -3.064148
v -3.048052 0.191257 -3.114121
v -3.014737 0.191257 -3.080806
v -3.031394 0.191257 -3.097464
v -2.207328 0.191256 -3.729791
v -2.219107 0.191256 -3.750192
v -2.685320 0.026356 -2.685328
v -2.685319 0.191257 -2.685328
v -2.407565 -0.044316 -4.076612
v -3.281256 0.167699 3.347310
v -2.384008 0.002797 4.035794
v -3.281257 0.002798 3.347310
v -2.384008 0.167698 4.035794
v -3.181311 0.167699 3.247365
v -2.313336 0.167698 3.913387
v -3.181311 0.191257 3.247365
v -3.164654 0.191256 3.230708
v -2.313336 0.191255 3.913387
v -3.285320 0.191257 3.285314
v -3.364259 0.191257 3.364253
v -3.331229 0.191257 3.397283
v -3.147996 0.191256 3.214051
v -3.131339 0.191256 3.197393
v -3.114681 0.191256 3.180735
v -3.098024 0.191256 3.164078
v -3.081366 0.191256 3.147420
v -3.064709 0.191256 3.130763
v -3.014736 0.191256 3.080790
v -2.998078 0.191256 3.064133
v -2.981421 0.191256 3.047475
v -2.948106 0.191256 3.014160
v -2.931448 0.191256 2.997503
v -2.685318 0.191256 2.685313
v -2.652288 0.191256 2.718343
v -2.685604 0.167699 2.751658
v -2.652289 0.026355 2.718343
v -2.685604 -0.044317 2.751658
v -2.718634 -0.044317 2.718628
v -2.685319 0.026355 2.685313
v -1.962818 -0.044318 3.306272
v -1.962818 0.167697 3.306272
v -1.986375 0.167697 3.347074
v -2.718919 0.167699 2.784973
v -1.986375 0.144140 3.347074
v -2.718919 0.144141 2.784973
v -2.077763 0.144140 3.505363
v -2.077763 0.167697 3.505363
v -2.848161 0.144141 2.914215
v -2.848161 0.167699 2.914215
v -2.931448 0.167699 2.997503
v -2.136656 0.191255 3.607369
v -2.136656 0.167697 3.607369
v -1.922364 -0.044318 3.329628
v -1.939261 0.026354 3.265469
v -1.939260 0.191255 3.265469
v -2.323072 0.191255 4.023673
v -2.419343 0.191255 4.096998
v -2.378890 0.191255 4.120354
v -2.419344 0.002797 4.096998
v -2.378891 -0.044318 4.120354
v -2.358408 -0.044318 4.084877
v -2.419344 -0.044318 4.096998
v -2.407565 -0.044318 4.076596
v -2.360450 0.191255 3.994992
v -2.407565 0.002797 4.076596
v -3.314572 0.002798 3.380625
v -3.247941 0.191257 3.313995
v -3.335293 -0.044316 3.335286
v -3.335293 -0.067873 3.335286
v -3.279225 -0.067874 3.378309
v -2.902918 -0.067874 3.667059
v -2.790783 -0.067874 3.753104
v -2.414476 -0.067875 4.041854
v -2.358408 -0.067875 4.084877
v -2.414476 -0.114990 4.041854
v -2.358408 -0.114990 4.084877
v -2.346630 -0.114990 4.064476
v -2.400258 -0.114990 4.023325
v -2.371576 -0.067875 3.985946
v -2.747883 -0.067874 3.697196
v -2.371577 -0.114990 3.985946
v -2.747883 -0.114989 3.697196
v -2.805123 -0.067874 3.771793
v -2.805124 -0.114989 3.771793
v -2.776565 -0.114989 3.734574
v -2.888700 -0.114989 3.648530
v -3.264199 -0.114988 3.360400
v -3.233886 -0.114988 3.324273
v -2.860019 -0.114989 3.611151
v -3.233886 -0.067874 3.324273
v -2.860018 -0.067874 3.611151
v -3.279225 -0.114988 3.378309
v -3.335293 -0.114988 3.335286
v -3.318635 -0.114988 3.318629
v -2.346630 -0.138547 4.064476
v -3.318635 -0.138545 3.318629
v -2.521683 -0.138547 3.900459
v -2.322869 -0.138547 4.023321
v -2.507343 -0.138547 3.881770
v -2.633819 -0.138546 3.814414
v -3.114900 -0.138546 3.445267
v -3.002765 -0.138546 3.531312
v -3.285033 -0.138545 3.285027
v -2.521683 -0.209219 3.900459
v -2.633819 -0.209218 3.814414
v -2.507343 -0.209219 3.881770
v -2.322869 -0.232776 4.023321
v -3.100560 -0.209218 3.426578
v -3.285033 -0.232775 3.285027
v -3.100560 -0.138546 3.426578
v -3.002765 -0.209218 3.531312
v -3.114900 -0.209218 3.445267
v -2.988424 -0.138546 3.512622
v -2.988424 -0.209218 3.512622
v -2.619478 -0.209218 3.795725
v -2.619478 -0.138546 3.795725
v -2.569394 -0.232776 3.749642
v -2.956874 -0.232775 3.452318
v -2.263468 -0.232776 3.920435
v -2.543806 -0.232776 3.705323
v -2.263468 -0.256333 3.920435
v -2.543806 -0.256333 3.705323
v -2.265179 -0.256333 3.222728
v -2.569394 -0.279890 3.749642
v -2.956875 -0.279890 3.452318
v -2.426706 -0.279890 2.922149
v -2.194508 -0.279891 3.100321
v -2.194508 -0.232776 3.100321
v -2.205778 -0.232776 3.119842
v -2.426705 -0.232776 2.922149
v -2.442644 -0.232776 2.938088
v -2.526650 -0.256333 3.022094
v -2.806989 -0.256332 2.806983
v -2.920688 -0.256332 3.416132
v -3.201027 -0.256332 3.201020
v -3.201027 -0.232775 3.201020
v -2.920688 -0.232775 3.416132
v -2.526650 -0.232776 3.022094
v -2.806989 -0.232775 2.806983
v -2.722982 -0.232775 2.722977
v -2.473806 -0.232776 2.969250
v -2.227813 -0.232776 3.158008
v -2.265179 -0.232776 3.222728
v -1.984841 -0.232777 3.437840
v -1.925440 -0.232777 3.334953
v -1.925440 -0.185662 3.334953
v -2.722982 -0.185661 2.722977
v -1.968462 -0.185662 3.391021
v -2.766005 -0.185661 2.779044
v -1.968462 -0.091433 3.391021
v -2.766005 -0.091432 2.779044
v -2.722982 -0.091432 2.722977
v -1.925440 -0.091433 3.334953
v -1.925440 -0.044318 3.334953
v -2.722982 -0.044317 2.722977
v -2.779050 -0.091432 2.765999
v -2.779050 -0.185661 2.765999
v -1.984841 -0.256334 3.437840
v -2.917259 -0.114989 3.685749
v -2.917259 -0.067874 3.685749
v -3.331229 -0.044316 3.397283
v -3.364259 -0.044316 3.364253
v -3.331229 0.002798 3.397283
v -2.301557 0.191255 3.892986
v -2.148435 0.191255 3.627770
v -2.301557 0.167698 3.892986
v -2.289779 0.167698 3.872584
v -3.164654 0.167699 3.230708
v -3.147997 0.167699 3.214051
v -2.278000 0.191255 3.852183
v -2.289778 0.191255 3.872584
v -3.131339 0.167699 3.197393
v -2.278000 0.167698 3.852183
v -2.266222 0.167698 3.831782
v -3.114681 0.167699 3.180735
v -2.266221 0.191255 3.831782
v -2.254442 0.191255 3.811381
v -3.098024 0.167699 3.164078
v -2.254443 0.167698 3.811381
v -3.081366 0.167699 3.147420
v -2.242664 0.167698 3.790980
v -2.242664 0.191255 3.790980
v -2.230885 0.191255 3.770578
v -3.048051 0.167699 3.114105
v -2.230886 0.167698 3.770578
v -3.064709 0.167699 3.130763
v -2.219107 0.167698 3.750177
v -3.014736 0.167699 3.080790
v -2.207328 0.167698 3.729776
v -3.031394 0.167699 3.097448
v -2.195549 0.167698 3.709375
v -2.998079 0.167699 3.064133
v -2.171992 0.167698 3.668572
v -2.183771 0.167698 3.688974
v -2.981421 0.167699 3.047475
v -2.160213 0.191255 3.648171
v -2.171992 0.191255 3.668572
v -2.964764 0.167699 3.030818
v -2.964763 0.191256 3.030818
v -2.160213 0.167698 3.648171
v -2.948106 0.167699 3.014160
v -2.148435 0.167697 3.627770
v -2.183771 0.191255 3.688974
v -2.219107 0.191255 3.750177
v -2.195549 0.191255 3.709375
v -2.207328 0.191255 3.729776
v -3.031394 0.191256 3.097448
v -3.048051 0.191256 3.114105
v -1.898807 0.026353 3.288825
v -1.898807 0.191254 3.288825
v -3.314572 -0.044316 3.380625
v -3.347318 0.167701 -3.281266
v -4.035801 0.002800 -2.384016
v -3.347318 0.002799 -3.281266
v -4.035801 0.167701 -2.384016
v -3.247373 0.167700 -3.181321
v -3.913394 0.167701 -2.313345
v -3.247373 0.191258 -3.181321
v -3.230715 0.191258 -3.164663
v -3.913394 0.191259 -2.313345
v -3.285321 0.191258 -3.285329
v -3.364260 0.191258 -3.364268
v -3.397290 0.191258 -3.331238
v -3.214057 0.191258 -3.148005
v -3.197400 0.191258 -3.131347
v -3.180743 0.191258 -3.114690
v -3.164085 0.191257 -3.098033
v -3.147428 0.191257 -3.081375
v -3.130770 0.191257 -3.064717
v -3.080798 0.191257 -3.014745
v -3.064140 0.191257 -2.998088
v -3.047482 0.191257 -2.981430
v -3.014168 0.191257 -2.948115
v -2.997510 0.191257 -2.931458
v -2.685320 0.191257 -2.685328
v -2.718350 0.191257 -2.652297
v -2.751665 0.167699 -2.685612
v -2.718350 0.026356 -2.652297
v -2.751666 -0.044316 -2.685612
v -2.718635 -0.044316 -2.718643
v -2.685320 0.026356 -2.685328
v -3.306279 -0.044315 -1.962827
v -3.306279 0.167700 -1.962827
v -3.347081 0.167700 -1.986384
v -2.784980 0.167700 -2.718927
v -3.347081 0.144143 -1.986384
v -2.784980 0.144142 -2.718927
v -3.505370 0.144143 -2.077772
v -3.505370 0.167701 -2.077772
v -2.914222 0.144142 -2.848170
v -2.914222 0.167700 -2.848170
v -2.997510 0.167700 -2.931458
v -3.607376 0.191258 -2.136665
v -3.607376 0.167701 -2.136665
v -3.329635 -0.044315 -1.922374
v -3.265477 0.026356 -1.939269
v -3.265476 0.191257 -1.939269
v -4.023680 0.191259 -2.323081
v -4.097004 0.191259 -2.419353
v -4.120360 0.191259 -2.378899
v -4.097004 0.002801 -2.419353
v -4.120361 -0.044314 -2.378899
v -4.084884 -0.044314 -2.358417
v -4.097005 -0.044314 -2.419353
v -4.076604 -0.044314 -2.407574
v -3.994998 0.191259 -2.360460
v -4.076603 0.002800 -2.407574
v -3.380633 0.002800 -3.314581
v -3.314003 0.191258 -3.247951
v -3.335294 -0.044315 -3.335302
v -3.335294 -0.067872 -3.335302
v -3.378316 -0.067872 -3.279233
v -3.667067 -0.067872 -2.902927
v -3.753111 -0.067872 -2.790791
v -4.041862 -0.067871 -2.414485
v -4.084884 -0.067871 -2.358417
v -4.041862 -0.114986 -2.414485
v -4.084884 -0.114986 -2.358417
v -4.064483 -0.114986 -2.346638
v -4.023333 -0.114986 -2.400266
v -3.985954 -0.067871 -2.371585
v -3.697203 -0.067872 -2.747892
v -3.985954 -0.114986 -2.371585
v -3.697204 -0.114987 -2.747892
v -3.771801 -0.067872 -2.805132
v -3.771801 -0.114986 -2.805132
v -3.734582 -0.114986 -2.776574
v -3.648538 -0.114987 -2.888709
v -3.360408 -0.114987 -3.264207
v -3.324281 -0.114987 -3.233895
v -3.611159 -0.114987 -2.860027
v -3.324280 -0.067872 -3.233895
v -3.611159 -0.067872 -2.860027
v -3.378316 -0.114987 -3.279233
v -3.335294 -0.114987 -3.335302
v -3.318637 -0.114987 -3.318644
v -4.064483 -0.138543 -2.346638
v -3.318637 -0.138544 -3.318644
v -3.900466 -0.138543 -2.521692
v -4.023328 -0.138543 -2.322878
v -3.881778 -0.138543 -2.507351
v -3.814422 -0.138544 -2.633827
v -3.445275 -0.138544 -3.114909
v -3.531319 -0.138544 -3.002774
v -3.285034 -0.138544 -3.285041
v -3.900466 -0.209215 -2.521692
v -3.814422 -0.209215 -2.633827
v -3.881778 -0.209215 -2.507351
v -4.023328 -0.232772 -2.322878
v -3.426586 -0.209216 -3.100569
v -3.285034 -0.232773 -3.285041
v -3.426586 -0.138544 -3.100569
v -3.531319 -0.209216 -3.002774
v -3.445275 -0.209216 -3.114909
v -3.512630 -0.138544 -2.988433
v -3.512630 -0.209216 -2.988433
v -3.795733 -0.209215 -2.619486
v -3.795733 -0.138544 -2.619486
v -3.749650 -0.232773 -2.569403
v -3.452326 -0.232773 -2.956884
v -3.920442 -0.232773 -2.263476
v -3.705331 -0.232773 -2.543814
v -3.920442 -0.256330 -2.263476
v -3.705331 -0.256330 -2.543814
v -3.222736 -0.256331 -2.265188
v -3.749650 -0.279887 -2.569403
v -3.452326 -0.279888 -2.956884
v -2.922157 -0.279889 -2.426713
v -3.100329 -0.279888 -2.194517
v -3.100328 -0.232774 -2.194517
v -3.119849 -0.232774 -2.205787
v -2.922157 -0.232774 -2.426713
v -2.938096 -0.232774 -2.442653
v -3.022102 -0.256331 -2.526659
v -2.806990 -0.256332 -2.806997
v -3.416139 -0.256331 -2.920697
v -3.201028 -0.256331 -3.201035
v -3.201028 -0.232774 -3.201035
v -3.416139 -0.232773 -2.920697
v -3.022102 -0.232774 -2.526659
v -2.806990 -0.232774 -2.806997
v -2.722984 -0.232774 -2.722991
v -2.969258 -0.232774 -2.473815
v -3.158015 -0.232774 -2.227822
v -3.222736 -0.232774 -2.265188
v -3.437847 -0.232773 -1.984850
v -3.334961 -0.232774 -1.925449
v -3.334961 -0.185659 -1.925449
v -2.722984 -0.185660 -2.722991
v -3.391029 -0.185659 -1.968471
v -2.779052 -0.185660 -2.766014
v -3.391028 -0.091430 -1.968471
v -2.779052 -0.091431 -2.766014
v -2.722984 -0.091431 -2.722991
v -3.334961 -0.091430 -1.925449
v -3.334961 -0.044315 -1.925449
v -2.722984 -0.044316 -2.722991
v -2.766006 -0.091431 -2.779059
v -2.766006 -0.185660 -2.779059
v -3.437847 -0.256331 -1.984850
v -3.685756 -0.114986 -2.917268
v -3.685756 -0.067872 -2.917268
v -3.397290 -0.044315 -3.331238
v -3.364260 -0.044315 -3.364268
v -3.397290 0.002800 -3.331238
v -3.892992 0.191259 -2.301566
v -3.627777 0.191258 -2.148444
v -3.892992 0.167701 -2.301566
v -3.872591 0.167701 -2.289787
v -3.230715 0.167700 -3.164663
v -3.214058 0.167700 -3.148005
v -3.852190 0.191258 -2.278008
v -3.872591 0.191259 -2.289787
v -3.197400 0.167700 -3.131347
v -3.852190 0.167701 -2.278008
v -3.831789 0.167701 -2.266230
v -3.180743 0.167700 -3.114690
v -3.831789 0.191258 -2.266230
v -3.811388 0.191258 -2.254452
v -3.164085 0.167700 -3.098033
v -3.811388 0.167701 -2.254452
v -3.147428 0.167700 -3.081375
v -3.790987 0.167701 -2.242673
v -3.790987 0.191258 -2.242673
v -3.770586 0.191258 -2.230894
v -3.114113 0.167700 -3.048060
v -3.770586 0.167701 -2.230894
v -3.130770 0.167700 -3.064717
v -3.750184 0.167701 -2.219115
v -3.080798 0.167700 -3.014745
v -3.729783 0.167701 -2.207336
v -3.097455 0.167700 -3.031403
v -3.709382 0.167701 -2.195559
v -3.064140 0.167700 -2.998088
v -3.668580 0.167701 -2.172001
v -3.688981 0.167701 -2.183780
v -3.047483 0.167700 -2.981430
v -3.648178 0.191258 -2.160222
v -3.668580 0.191258 -2.172001
v -3.030825 0.167700 -2.964773
v -3.030825 0.191257 -2.964773
v -3.648178 0.167701 -2.160222
v -3.014168 0.167700 -2.948115
v -3.627777 0.167701 -2.148444
v -3.688981 0.191258 -2.183780
v -3.750184 0.191258 -2.219115
v -3.709382 0.191258 -2.195559
v -3.729783 0.191258 -2.207336
v -3.097455 0.191257 -3.031403
v -3.114112 0.191257 -3.048060
v -3.288832 0.026356 -1.898816
v -3.288832 0.191257 -1.898816
v -3.380633 -0.044315 -3.314581
v -4.082513 0.167701 -2.303111
v -4.515313 0.002801 -1.258242
v -4.082513 0.002800 -2.303111
v -4.515313 0.167702 -1.258242
v -3.960106 0.167701 -2.232439
v -4.378785 0.167702 -1.221659
v -3.960106 0.191259 -2.232439
v -3.939705 0.191259 -2.220660
v -4.378785 0.191259 -1.221659
v -4.023681 0.191259 -2.323081
v -4.120361 0.191259 -2.378900
v -4.143717 0.191259 -2.338447
v -3.919304 0.191259 -2.208881
v -3.898902 0.191258 -2.197102
v -3.878502 0.191258 -2.185323
v -3.858100 0.191258 -2.173546
v -3.837699 0.191258 -2.161767
v -3.817298 0.191258 -2.149988
v -3.756094 0.191258 -2.114652
v -3.735693 0.191258 -2.102874
v -3.715292 0.191258 -2.091095
v -3.674489 0.191258 -2.067537
v -3.654088 0.191258 -2.055759
v -3.288832 0.191257 -1.898816
v -3.312188 0.191258 -1.858363
v -3.352991 0.167700 -1.881921
v -3.312189 0.026356 -1.858363
v -3.352991 -0.044315 -1.881921
v -3.329635 -0.044315 -1.922374
v -3.288833 0.026356 -1.898816
v -3.701636 -0.044315 -1.040217
v -3.701636 0.167701 -1.040217
v -3.747145 0.167701 -1.052411
v -3.393793 0.167700 -1.905477
v -3.747145 0.144143 -1.052411
v -3.393793 0.144143 -1.905477
v -3.923693 0.144144 -1.099718
v -3.923693 0.167701 -1.099718
v -3.552082 0.144143 -1.996866
v -3.552082 0.167701 -1.996866
v -3.654088 0.167701 -2.055759
v -4.037466 0.191259 -1.130203
v -4.037466 0.167701 -1.130203
v -3.713726 -0.044315 -0.995098
v -3.656127 0.026357 -1.028023
v -3.656126 0.191258 -1.028023
v -4.487834 0.191259 -1.202520
v -4.583577 0.191259 -1.276533
v -4.595667 0.191259 -1.231413
v -4.583577 0.002801 -1.276533
v -4.595667 -0.044313 -1.231413
v -4.556098 -0.044314 -1.220810
v -4.583578 -0.044313 -1.276533
v -4.560823 -0.044313 -1.270435
v -4.469804 0.191259 -1.246048
v -4.560822 0.002801 -1.270435
v -4.123316 0.002801 -2.326668
v -4.041711 0.191259 -2.279553
v -4.084886 -0.044314 -2.358417
v -4.084886 -0.067871 -2.358417
v -4.111930 -0.067871 -2.293125
v -4.293447 -0.067871 -1.854906
v -4.347537 -0.067871 -1.724322
v -4.529053 -0.067871 -1.286103
v -4.556098 -0.067871 -1.220810
v -4.529053 -0.114985 -1.286103
v -4.556098 -0.114985 -1.220810
v -4.533343 -0.114985 -1.214713
v -4.507475 -0.114985 -1.277165
v -4.463947 -0.067871 -1.259135
v -4.282431 -0.067871 -1.697354
v -4.463947 -0.114986 -1.259135
v -4.282431 -0.114986 -1.697354
v -4.369300 -0.067871 -1.733337
v -4.369300 -0.114986 -1.733337
v -4.325959 -0.114986 -1.715384
v -4.271869 -0.114986 -1.845969
v -4.090743 -0.114986 -2.283246
v -4.048001 -0.114986 -2.263316
v -4.228341 -0.114986 -1.827938
v -4.048001 -0.067871 -2.263316
v -4.228341 -0.067871 -1.827938
v -4.111930 -0.114986 -2.293125
v -4.084886 -0.114986 -2.358417
v -4.064484 -0.114986 -2.346639
v -4.533343 -0.138543 -1.214713
v -4.064484 -0.138543 -2.346639
v -4.420223 -0.138543 -1.426253
v -4.487442 -0.138543 -1.202414
v -4.398458 -0.138543 -1.417238
v -4.366133 -0.138543 -1.556837
v -4.134077 -0.138543 -2.117069
v -4.188167 -0.138543 -1.986485
v -4.023329 -0.138543 -2.322878
v -4.420223 -0.209215 -1.426253
v -4.366133 -0.209215 -1.556837
v -4.398458 -0.209215 -1.417238
v -4.487442 -0.232772 -1.202414
v -4.112312 -0.209215 -2.108054
v -4.023329 -0.232772 -2.322878
v -4.112312 -0.138543 -2.108054
v -4.188167 -0.209215 -1.986485
v -4.134077 -0.209215 -2.117069
v -4.166402 -0.138543 -1.977470
v -4.166402 -0.209215 -1.977470
v -4.344369 -0.209215 -1.547822
v -4.344369 -0.138543 -1.547822
v -4.286893 -0.232772 -1.511372
v -4.099988 -0.232772 -1.962603
v -4.372686 -0.232772 -1.171665
v -4.237462 -0.232772 -1.498127
v -4.372686 -0.256329 -1.171665
v -4.237462 -0.256330 -1.498127
v -3.699196 -0.256330 -1.353899
v -4.286893 -0.279887 -1.511372
v -4.099988 -0.279887 -1.962603
v -3.450665 -0.279888 -1.587716
v -3.562669 -0.279888 -1.317316
v -3.562669 -0.232773 -1.317316
v -3.584441 -0.232773 -1.323150
v -3.450665 -0.232773 -1.587716
v -3.470186 -0.232773 -1.598987
v -3.573073 -0.256331 -1.658388
v -3.437848 -0.256331 -1.984850
v -4.055668 -0.256330 -1.937016
v -3.920443 -0.256330 -2.263477
v -3.920443 -0.232773 -2.263477
v -4.055668 -0.232772 -1.937016
v -3.573073 -0.232773 -1.658388
v -3.437848 -0.232773 -1.984850
v -3.334961 -0.232774 -1.925449
v -3.508353 -0.232773 -1.621022
v -3.627010 -0.232773 -1.334557
v -3.699196 -0.232773 -1.353899
v -3.834421 -0.232773 -1.027438
v -3.719666 -0.232773 -0.996689
v -3.719666 -0.185659 -0.996689
v -3.334961 -0.185659 -1.925449
v -3.784959 -0.185658 -1.023733
v -3.400254 -0.185659 -1.952493
v -3.784958 -0.091429 -1.023733
v -3.400254 -0.091430 -1.952493
v -3.334961 -0.091430 -1.925449
v -3.719666 -0.091429 -0.996689
v -3.719666 -0.044315 -0.996689
v -3.334961 -0.044315 -1.925449
v -3.391029 -0.091430 -1.968471
v -3.391029 -0.185659 -1.968471
v -3.834421 -0.256330 -1.027438
v -4.315211 -0.114986 -1.863921
v -4.315211 -0.067871 -1.863921
v -4.143718 -0.044314 -2.338447
v -4.120362 -0.044314 -2.378900
v -4.143717 0.002801 -2.338447
v -4.356031 0.191259 -1.215562
v -4.060221 0.191259 -1.136299
v -4.356031 0.167702 -1.215562
v -4.333276 0.167702 -1.209465
v -3.939705 0.167701 -2.220660
v -3.919304 0.167701 -2.208881
v -4.310522 0.191259 -1.203368
v -4.333276 0.191259 -1.209465
v -3.898902 0.167701 -2.197102
v -4.310522 0.167702 -1.203368
v -4.287767 0.167702 -1.197271
v -3.878502 0.167701 -2.185323
v -4.287767 0.191259 -1.197271
v -4.265012 0.191259 -1.191174
v -3.858100 0.167701 -2.173546
v -4.265012 0.167702 -1.191174
v -3.837699 0.167701 -2.161767
v -4.242258 0.167702 -1.185076
v -4.242258 0.191259 -1.185076
v -4.219503 0.191259 -1.178979
v -3.796897 0.167701 -2.138209
v -4.219503 0.167702 -1.178979
v -3.817298 0.167701 -2.149988
v -4.196748 0.167701 -1.172882
v -3.756094 0.167701 -2.114652
v -4.173994 0.167701 -1.166785
v -3.776496 0.167701 -2.126431
v -4.151239 0.167701 -1.160688
v -3.735693 0.167701 -2.102874
v -4.105730 0.167701 -1.148494
v -4.128484 0.167701 -1.154591
v -3.715292 0.167701 -2.091095
v -4.082975 0.191259 -1.142397
v -4.105730 0.191259 -1.148494
v -3.694890 0.167701 -2.079316
v -3.694890 0.191258 -2.079316
v -4.082975 0.167701 -1.142397
v -3.674489 0.167701 -2.067537
v -4.060221 0.167701 -1.136299
v -4.128484 0.191259 -1.154591
v -4.196748 0.191259 -1.172882
v -4.151239 0.191259 -1.160688
v -4.173994 0.191259 -1.166785
v -3.776495 0.191258 -2.126431
v -3.796896 0.191258 -2.138209
v -3.668217 0.026357 -0.982903
v -3.668216 0.191258 -0.982903
v -4.123316 -0.044314 -2.326668
v -2.303105 0.167698 4.082504
v -1.258236 0.002795 4.515303
v -2.303105 0.002797 4.082504
v -1.258236 0.167696 4.515303
v -2.232433 0.167698 3.960097
v -1.221653 0.167696 4.378775
v -2.232433 0.191255 3.960097
v -2.220654 0.191255 3.939696
v -1.221653 0.191253 4.378775
v -2.323076 0.191255 4.023671
v -2.378894 0.191255 4.120352
v -2.338440 0.191255 4.143708
v -2.208876 0.191255 3.919294
v -2.197097 0.191255 3.898893
v -2.185318 0.191255 3.878492
v -2.173539 0.191255 3.858091
v -2.161761 0.191255 3.837689
v -2.149982 0.191255 3.817288
v -2.114646 0.191255 3.756085
v -2.102868 0.191255 3.735683
v -2.091089 0.191255 3.715282
v -2.067532 0.191255 3.674480
v -2.055753 0.191255 3.654078
v -1.898811 0.191254 3.288823
v -1.858357 0.191254 3.312179
v -1.881915 0.167697 3.352981
v -1.858357 0.026353 3.312179
v -1.881915 -0.044318 3.352981
v -1.922368 -0.044318 3.329625
v -1.898811 0.026353 3.288823
v -1.040212 -0.044320 3.701626
v -1.040212 0.167696 3.701626
v -1.052406 0.167696 3.747135
v -1.905472 0.167697 3.393784
v -1.052406 0.144138 3.747135
v -1.905472 0.144140 3.393784
v -1.099712 0.144139 3.923683
v -1.099712 0.167696 3.923683
v -1.996860 0.144140 3.552072
v -1.996860 0.167697 3.552072
v -2.055753 0.167697 3.654078
v -1.130197 0.191253 4.037456
v -1.130197 0.167696 4.037456
v -0.995092 -0.044320 3.713716
v -1.028018 0.026352 3.656116
v -1.028017 0.191253 3.656116
v -1.202513 0.191253 4.487823
v -1.276527 0.191253 4.583567
v -1.231407 0.191253 4.595656
v -1.276527 0.002795 4.583567
v -1.231407 -0.044320 4.595656
v -1.220805 -0.044320 4.556087
v -1.276527 -0.044320 4.583567
v -1.270430 -0.044320 4.560812
v -1.246041 0.191253 4.469794
v -1.270430 0.002795 4.560812
v -2.326662 0.002797 4.123306
v -2.279547 0.191255 4.041702
v -2.358412 -0.044318 4.084875
v -2.358412 -0.067875 4.084875
v -2.293119 -0.067875 4.111920
v -1.854901 -0.067876 4.293437
v -1.724316 -0.067876 4.347527
v -1.286097 -0.067877 4.529042
v -1.220805 -0.067877 4.556087
v -1.286097 -0.114991 4.529042
v -1.220805 -0.114992 4.556087
v -1.214708 -0.114992 4.533333
v -1.277159 -0.114991 4.507465
v -1.259129 -0.067877 4.463936
v -1.697348 -0.067876 4.282420
v -1.259130 -0.114991 4.463936
v -1.697348 -0.114991 4.282420
v -1.733331 -0.067876 4.369290
v -1.733331 -0.114991 4.369290
v -1.715379 -0.114991 4.325949
v -1.845963 -0.114991 4.271858
v -2.283240 -0.114990 4.090733
v -2.263311 -0.114990 4.047991
v -1.827933 -0.114991 4.228330
v -2.263311 -0.067875 4.047991
v -1.827933 -0.067876 4.228330
v -2.293120 -0.114990 4.111920
v -2.358412 -0.114990 4.084875
v -2.346634 -0.114990 4.064474
v -1.214708 -0.138549 4.533333
v -2.346634 -0.138547 4.064474
v -1.426247 -0.138548 4.420212
v -1.202409 -0.138549 4.487431
v -1.417232 -0.138548 4.398448
v -1.556832 -0.138548 4.366122
v -2.117064 -0.138547 4.134067
v -1.986480 -0.138548 4.188157
v -2.322873 -0.138547 4.023319
v -1.426247 -0.209220 4.420212
v -1.556832 -0.209220 4.366122
v -1.417232 -0.209220 4.398448
v -1.202409 -0.232778 4.487431
v -2.108049 -0.209219 4.112302
v -2.322873 -0.232776 4.023319
v -2.108049 -0.138547 4.112302
v -1.986480 -0.209219 4.188157
v -2.117064 -0.209219 4.134067
v -1.977464 -0.138548 4.166392
v -1.977464 -0.209219 4.166392
v -1.547817 -0.209220 4.344358
v -1.547817 -0.138548 4.344358
v -1.511367 -0.232777 4.286883
v -1.962598 -0.232777 4.099977
v -1.171660 -0.232778 4.372676
v -1.498122 -0.232777 4.237452
v -1.171660 -0.256335 4.372676
v -1.498122 -0.256335 4.237452
v -1.353894 -0.256335 3.699186
v -1.511367 -0.279892 4.286883
v -1.962598 -0.279891 4.099977
v -1.587712 -0.279892 3.450655
v -1.317312 -0.279892 3.562658
v -1.317312 -0.232778 3.562658
v -1.323146 -0.232778 3.584431
v -1.587712 -0.232777 3.450655
v -1.598982 -0.232777 3.470176
v -1.658383 -0.256334 3.573062
v -1.984845 -0.256334 3.437837
v -1.937010 -0.256334 4.055658
v -2.263472 -0.256333 3.920433
v -2.263472 -0.232776 3.920433
v -1.937010 -0.232777 4.055658
v -1.658383 -0.232777 3.573062
v -1.984845 -0.232777 3.437837
v -1.925443 -0.232777 3.334951
v -1.621017 -0.232777 3.508342
v -1.334552 -0.232778 3.627000
v -1.353894 -0.232778 3.699186
v -1.027433 -0.232778 3.834411
v -0.996684 -0.232778 3.719656
v -0.996684 -0.185664 3.719656
v -1.925443 -0.185662 3.334951
v -1.023729 -0.185664 3.784948
v -1.952488 -0.185662 3.400244
v -1.023729 -0.091434 3.784948
v -1.952488 -0.091433 3.400244
v -1.925443 -0.091433 3.334951
v -0.996684 -0.091434 3.719656
v -0.996684 -0.044320 3.719656
v -1.925443 -0.044318 3.334951
v -1.968465 -0.091433 3.391019
v -1.968466 -0.185662 3.391019
v -1.027433 -0.256335 3.834411
v -1.863916 -0.114990 4.315200
v -1.863916 -0.067876 4.315200
v -2.338441 -0.044318 4.143708
v -2.378894 -0.044318 4.120352
v -2.338441 0.002797 4.143708
v -1.215556 0.191253 4.356020
v -1.136294 0.191253 4.060211
v -1.215556 0.167696 4.356020
v -1.209459 0.167696 4.333266
v -2.220654 0.167698 3.939696
v -2.208876 0.167698 3.919294
v -1.203362 0.191253 4.310511
v -1.209459 0.191253 4.333266
v -2.197097 0.167698 3.898893
v -1.203362 0.167696 4.310511
v -1.197265 0.167696 4.287757
v -2.185318 0.167698 3.878492
v -1.197265 0.191253 4.287757
v -1.191168 0.191253 4.265002
v -2.173540 0.167698 3.858091
v -1.191168 0.167696 4.265002
v -2.161761 0.167698 3.837689
v -1.185071 0.167696 4.242248
v -1.185071 0.191253 4.242248
v -1.178974 0.191253 4.219493
v -2.138204 0.167697 3.796887
v -1.178974 0.167696 4.219493
v -2.149982 0.167698 3.817288
v -1.172877 0.167696 4.196738
v -2.114646 0.167697 3.756085
v -1.166780 0.167696 4.173984
v -2.126425 0.167697 3.776486
v -1.160683 0.167696 4.151229
v -2.102868 0.167697 3.735683
v -1.148488 0.167696 4.105720
v -1.154585 0.167696 4.128475
v -2.091089 0.167697 3.715282
v -1.142391 0.191253 4.082965
v -1.148488 0.191253 4.105720
v -2.079311 0.167697 3.694881
v -2.079310 0.191255 3.694881
v -1.142391 0.167696 4.082965
v -2.067532 0.167697 3.674480
v -1.136294 0.167696 4.060211
v -1.154585 0.191253 4.128475
v -1.172877 0.191253 4.196738
v -1.160683 0.191253 4.151229
v -1.166780 0.191253 4.173984
v -2.126425 0.191255 3.776486
v -2.138203 0.191255 3.796887
v -0.982898 0.026352 3.668206
v -0.982897 0.191253 3.668206
v -2.326662 -0.044318 4.123306
v -4.515311 0.167702 1.258227
v -4.082512 0.002800 2.303096
v -4.515311 0.002801 1.258227
v -4.082512 0.167701 2.303096
v -4.378784 0.167701 1.221645
v -3.960105 0.167701 2.232424
v -4.378784 0.191259 1.221645
v -4.356029 0.191259 1.215548
v -3.960105 0.191258 2.232424
v -4.487832 0.191259 1.202505
v -4.595665 0.191259 1.231399
v -4.583575 0.191259 1.276519
v -4.333274 0.191259 1.209451
v -4.310520 0.191259 1.203354
v -4.287765 0.191259 1.197257
v -4.265011 0.191259 1.191159
v -4.242256 0.191258 1.185062
v -4.219501 0.191258 1.178965
v -4.151237 0.191258 1.160674
v -4.128483 0.191258 1.154577
v -4.105728 0.191258 1.148480
v -4.060219 0.191258 1.136286
v -4.037465 0.191258 1.130189
v -3.668215 0.191258 0.982889
v -3.656125 0.191258 1.028009
v -3.701634 0.167700 1.040203
v -3.656126 0.026357 1.028009
v -3.701635 -0.044315 1.040203
v -3.713724 -0.044315 0.995084
v -3.668215 0.026357 0.982889
v -3.352990 -0.044316 1.881906
v -3.352990 0.167700 1.881906
v -3.393792 0.167700 1.905463
v -3.747144 0.167700 1.052397
v -3.393792 0.144142 1.905463
v -3.747144 0.144143 1.052397
v -3.552081 0.144143 1.996851
v -3.552081 0.167700 1.996851
v -3.923692 0.144143 1.099704
v -3.923692 0.167701 1.099704
v -4.037465 0.167701 1.130189
v -3.654086 0.191257 2.055744
v -3.654087 0.167700 2.055744
v -3.329634 -0.044316 1.922359
v -3.312187 0.026356 1.858348
v -3.312187 0.191257 1.858348
v -4.023680 0.191258 2.323067
v -4.143716 0.191258 2.338432
v -4.120360 0.191258 2.378885
v -4.143716 0.002800 2.338432
v -4.120360 -0.044315 2.378885
v -4.084884 -0.044315 2.358403
v -4.143716 -0.044315 2.338432
v -4.123315 -0.044315 2.326653
v -4.041710 0.191258 2.279539
v -4.123314 0.002800 2.326653
v -4.560820 0.002801 1.270422
v -4.469802 0.191259 1.246033
v -4.556096 -0.044314 1.220796
v -4.556096 -0.067871 1.220796
v -4.529051 -0.067871 1.286088
v -4.347535 -0.067872 1.724307
v -4.293445 -0.067872 1.854892
v -4.111928 -0.067872 2.293110
v -4.084884 -0.067872 2.358403
v -4.111928 -0.114987 2.293110
v -4.084884 -0.114987 2.358403
v -4.064482 -0.114987 2.346624
v -4.090351 -0.114987 2.284173
v -4.046823 -0.067872 2.266143
v -4.228338 -0.067872 1.827924
v -4.046823 -0.114987 2.266143
v -4.228338 -0.114986 1.827924
v -4.315209 -0.067872 1.863907
v -4.315209 -0.114986 1.863907
v -4.271867 -0.114986 1.845954
v -4.325956 -0.114986 1.715369
v -4.507083 -0.114986 1.278092
v -4.462769 -0.114986 1.261961
v -4.282428 -0.114986 1.697339
v -4.462769 -0.067871 1.261961
v -4.282428 -0.067872 1.697339
v -4.529051 -0.114986 1.286088
v -4.556096 -0.114986 1.220796
v -4.533341 -0.114986 1.214699
v -4.064482 -0.138544 2.346624
v -4.533341 -0.138543 1.214699
v -4.134075 -0.138544 2.117055
v -4.023328 -0.138544 2.322863
v -4.112311 -0.138544 2.108040
v -4.188165 -0.138544 1.986470
v -4.420221 -0.138543 1.426238
v -4.366131 -0.138543 1.556823
v -4.487440 -0.138543 1.202400
v -4.134075 -0.209216 2.117055
v -4.188165 -0.209216 1.986470
v -4.112311 -0.209216 2.108040
v -4.023328 -0.232773 2.322863
v -4.398457 -0.209215 1.417223
v -4.487440 -0.232772 1.202400
v -4.398457 -0.138543 1.417223
v -4.366131 -0.209215 1.556823
v -4.420221 -0.209215 1.426238
v -4.344367 -0.138543 1.547808
v -4.344367 -0.209215 1.547808
v -4.166400 -0.209216 1.977455
v -4.166400 -0.138544 1.977455
v -4.099986 -0.232773 1.962588
v -4.286891 -0.232773 1.511358
v -3.920442 -0.232773 2.263462
v -4.055666 -0.232773 1.937001
v -3.920442 -0.256331 2.263462
v -4.055666 -0.256330 1.937001
v -3.573071 -0.256331 1.658374
v -4.099986 -0.279888 1.962588
v -4.286891 -0.279887 1.511358
v -3.562667 -0.279888 1.317302
v -3.450664 -0.279889 1.587702
v -3.450664 -0.232774 1.587702
v -3.470185 -0.232774 1.598973
v -3.562667 -0.232774 1.317302
v -3.584440 -0.232774 1.323136
v -3.699194 -0.256331 1.353885
v -3.834419 -0.256331 1.027424
v -4.237460 -0.256330 1.498113
v -4.372685 -0.256330 1.171651
v -4.372685 -0.232773 1.171651
v -4.237460 -0.232773 1.498113
v -3.699194 -0.232774 1.353885
v -3.834419 -0.232773 1.027424
v -3.719665 -0.232773 0.996675
v -3.627008 -0.232774 1.334543
v -3.508351 -0.232774 1.621008
v -3.573071 -0.232774 1.658374
v -3.437846 -0.232774 1.984836
v -3.334960 -0.232774 1.925434
v -3.334960 -0.185660 1.925434
v -3.719665 -0.185659 0.996675
v -3.400253 -0.185660 1.952479
v -3.784957 -0.185659 1.023720
v -3.400252 -0.091430 1.952479
v -3.784957 -0.091430 1.023720
v -3.719665 -0.091430 0.996675
v -3.334960 -0.091431 1.925434
v -3.334960 -0.044316 1.925434
v -3.719665 -0.044315 0.996675
v -3.789732 -0.091430 1.005900
v -3.789732 -0.185659 1.005900
v -3.437846 -0.256331 1.984836
v -4.369298 -0.114986 1.733322
v -4.369298 -0.067872 1.733322
v -4.583575 -0.044314 1.276519
v -4.595665 -0.044314 1.231399
v -4.583575 0.002801 1.276519
v -3.939703 0.191258 2.220645
v -3.674488 0.191257 2.067523
v -3.939703 0.167701 2.220645
v -3.919302 0.167701 2.208867
v -4.356029 0.167701 1.215548
v -4.333274 0.167701 1.209451
v -3.898901 0.191258 2.197088
v -3.919302 0.191258 2.208867
v -4.310520 0.167701 1.203354
v -3.898901 0.167700 2.197088
v -3.878500 0.167700 2.185309
v -4.287765 0.167701 1.197257
v -3.878500 0.191258 2.185309
v -3.858099 0.191258 2.173531
v -4.265011 0.167701 1.191159
v -3.858099 0.167700 2.173531
v -4.242256 0.167701 1.185062
v -3.837698 0.167700 2.161752
v -3.837698 0.191258 2.161752
v -3.817296 0.191258 2.149973
v -4.196747 0.167701 1.172868
v -3.817296 0.167700 2.149973
v -4.219501 0.167701 1.178965
v -3.796895 0.167700 2.138195
v -4.151237 0.167701 1.160674
v -3.776494 0.167700 2.126416
v -4.173992 0.167701 1.166771
v -3.756093 0.167700 2.114638
v -4.128483 0.167701 1.154577
v -3.715290 0.167700 2.091080
v -3.735692 0.167700 2.102859
v -4.105728 0.167701 1.148480
v -3.694889 0.191257 2.079302
v -3.715290 0.191257 2.091080
v -4.082973 0.167701 1.142383
v -4.082973 0.191258 1.142383
v -3.694889 0.167700 2.079302
v -4.060219 0.167701 1.136286
v -3.674488 0.167700 2.067523
v -3.735691 0.191258 2.102859
v -3.796895 0.191258 2.138195
v -3.756093 0.191258 2.114638
v -3.776494 0.191258 2.126416
v -4.173992 0.191258 1.166771
v -4.196747 0.191258 1.172868
v -3.288832 0.026356 1.898802
v -3.288831 0.191257 1.898802
v -4.560821 -0.044314 1.270422
v -4.035801 0.167701 2.384001
v -3.347318 0.002798 3.281250
v -4.035801 0.002800 2.384001
v -3.347317 0.167699 3.281250
v -3.913393 0.167701 2.313329
v -3.247372 0.167699 3.181305
v -3.913393 0.191258 2.313329
v -3.892992 0.191258 2.301550
v -3.247372 0.191257 3.181305
v -4.023680 0.191258 2.323065
v -4.120360 0.191258 2.378884
v -4.097004 0.191258 2.419337
v -3.872591 0.191258 2.289772
v -3.852190 0.191258 2.277993
v -3.831789 0.191258 2.266215
v -3.811387 0.191258 2.254436
v -3.790986 0.191258 2.242657
v -3.770585 0.191258 2.230879
v -3.709381 0.191257 2.195543
v -3.688980 0.191257 2.183764
v -3.668579 0.191257 2.171985
v -3.627776 0.191257 2.148428
v -3.607375 0.191257 2.136649
v -3.288831 0.191257 1.898800
v -3.265476 0.191257 1.939254
v -3.306278 0.167700 1.962811
v -3.265476 0.026356 1.939254
v -3.306278 -0.044316 1.962811
v -3.329634 -0.044316 1.922357
v -3.288832 0.026356 1.898800
v -2.751665 -0.044317 2.685597
v -2.751664 0.167699 2.685597
v -2.784979 0.167699 2.718912
v -3.347080 0.167700 1.986368
v -2.784979 0.144141 2.718912
v -3.347080 0.144142 1.986368
v -2.914222 0.144142 2.848155
v -2.914222 0.167699 2.848155
v -3.505369 0.144143 2.077756
v -3.505369 0.167700 2.077756
v -3.607375 0.167700 2.136649
v -2.997509 0.191256 2.931442
v -2.997509 0.167699 2.931442
v -2.718634 -0.044317 2.718627
v -2.718350 0.026355 2.652282
v -2.718349 0.191256 2.652282
v -3.285321 0.191257 3.285314
v -3.397290 0.191257 3.331223
v -3.364259 0.191257 3.364253
v -3.397290 0.002798 3.331223
v -3.364260 -0.044316 3.364253
v -3.335294 -0.044316 3.335286
v -3.397290 -0.044316 3.331223
v -3.380632 -0.044316 3.314565
v -3.314002 0.191257 3.247935
v -3.380632 0.002798 3.314565
v -4.076603 0.002800 2.407558
v -3.994998 0.191258 2.360444
v -4.084884 -0.044315 2.358401
v -4.084884 -0.067872 2.358401
v -4.041862 -0.067872 2.414469
v -3.753111 -0.067873 2.790776
v -3.667066 -0.067873 2.902911
v -3.378316 -0.067873 3.279218
v -3.335294 -0.067873 3.335286
v -3.378316 -0.114988 3.279218
v -3.335294 -0.114988 3.335286
v -3.318636 -0.114988 3.318629
v -3.359787 -0.114988 3.265000
v -3.322408 -0.067873 3.236319
v -3.611158 -0.067873 2.860012
v -3.322408 -0.114988 3.236319
v -3.611159 -0.114988 2.860012
v -3.685755 -0.067873 2.917252
v -3.685756 -0.114987 2.917252
v -3.648537 -0.114987 2.888693
v -3.734582 -0.114987 2.776558
v -4.022712 -0.114987 2.401059
v -3.984082 -0.114987 2.374009
v -3.697203 -0.114987 2.747876
v -3.984082 -0.067872 2.374009
v -3.697203 -0.067873 2.747876
v -4.041862 -0.114987 2.414469
v -4.084884 -0.114987 2.358401
v -4.064483 -0.114987 2.346622
v -3.318636 -0.138545 3.318629
v -4.064483 -0.138544 2.346622
v -3.445274 -0.138545 3.114893
v -3.285034 -0.138545 3.285026
v -3.426585 -0.138545 3.100553
v -3.531319 -0.138545 3.002758
v -3.900466 -0.138544 2.521676
v -3.814422 -0.138544 2.633811
v -4.023328 -0.138544 2.322862
v -3.445274 -0.209217 3.114893
v -3.531319 -0.209217 3.002758
v -3.426585 -0.209217 3.100553
v -3.285034 -0.232775 3.285026
v -3.881777 -0.209216 2.507335
v -4.023328 -0.232773 2.322862
v -3.881777 -0.138544 2.507335
v -3.814422 -0.209216 2.633811
v -3.900466 -0.209216 2.521676
v -3.795732 -0.138544 2.619471
v -3.795732 -0.209216 2.619471
v -3.512630 -0.209217 2.988417
v -3.512630 -0.138545 2.988417
v -3.452325 -0.232774 2.956867
v -3.749650 -0.232774 2.569387
v -3.201027 -0.232775 3.201020
v -3.416139 -0.232774 2.920681
v -3.201027 -0.256332 3.201020
v -3.416139 -0.256332 2.920681
v -3.022101 -0.256332 2.526643
v -3.452326 -0.279889 2.956867
v -3.749650 -0.279888 2.569387
v -3.100328 -0.279889 2.194500
v -2.922156 -0.279890 2.426698
v -2.922156 -0.232775 2.426698
v -2.938095 -0.232775 2.442637
v -3.100327 -0.232775 2.194500
v -3.119848 -0.232775 2.205771
v -3.222735 -0.256332 2.265172
v -3.437846 -0.256331 1.984834
v -3.705331 -0.256331 2.543799
v -3.920442 -0.256331 2.263461
v -3.920442 -0.232773 2.263461
v -3.705331 -0.232774 2.543799
v -3.222735 -0.232774 2.265172
v -3.437846 -0.232774 1.984834
v -3.334960 -0.232774 1.925432
v -3.158015 -0.232775 2.227806
v -2.969257 -0.232775 2.473799
v -3.022101 -0.232775 2.526643
v -2.806990 -0.232775 2.806982
v -2.722983 -0.232775 2.722976
v -2.722983 -0.185661 2.722976
v -3.334960 -0.185660 1.925432
v -2.779051 -0.185661 2.765998
v -3.391028 -0.185660 1.968455
v -2.779051 -0.091432 2.765998
v -3.391027 -0.091430 1.968455
v -3.334960 -0.091431 1.925432
v -2.722983 -0.091432 2.722976
v -2.722983 -0.044317 2.722976
v -3.334960 -0.044316 1.925432
v -3.400252 -0.091430 1.952477
v -3.400253 -0.185660 1.952477
v -2.806990 -0.256332 2.806982
v -3.771800 -0.114987 2.805117
v -3.771800 -0.067873 2.805117
v -4.097005 -0.044315 2.419337
v -4.120360 -0.044315 2.378884
v -4.097004 0.002800 2.419337
v -3.230714 0.191257 3.164648
v -3.014167 0.191256 2.948100
v -3.230715 0.167699 3.164648
v -3.214057 0.167699 3.147990
v -3.892992 0.167700 2.301550
v -3.872591 0.167700 2.289772
v -3.197399 0.191257 3.131332
v -3.214057 0.191257 3.147990
v -3.852190 0.167700 2.277993
v -3.197399 0.167699 3.131332
v -3.180742 0.167699 3.114675
v -3.831789 0.167700 2.266215
v -3.180742 0.191257 3.114675
v -3.164084 0.191256 3.098017
v -3.811388 0.167700 2.254436
v -3.164085 0.167699 3.098017
v -3.790986 0.167700 2.242657
v -3.147427 0.167699 3.081360
v -3.147427 0.191256 3.081360
v -3.130769 0.191256 3.064703
v -3.750184 0.167700 2.219100
v -3.130769 0.167699 3.064703
v -3.770585 0.167700 2.230879
v -3.114112 0.167699 3.048045
v -3.709382 0.167700 2.195543
v -3.097455 0.167699 3.031387
v -3.729783 0.167700 2.207321
v -3.080797 0.167699 3.014730
v -3.688980 0.167700 2.183764
v -3.047482 0.167699 2.981415
v -3.064139 0.167699 2.998072
v -3.668579 0.167700 2.171985
v -3.030824 0.191256 2.964757
v -3.047482 0.191256 2.981415
v -3.648178 0.167700 2.160207
v -3.648178 0.191257 2.160207
v -3.030824 0.167699 2.964757
v -3.627776 0.167700 2.148428
v -3.014167 0.167699 2.948100
v -3.064139 0.191256 2.998072
v -3.114112 0.191256 3.048045
v -3.080797 0.191256 3.014730
v -3.097454 0.191256 3.031387
v -3.729783 0.191258 2.207321
v -3.750184 0.191258 2.219100
v -2.685319 0.026355 2.685313
v -2.685319 0.191256 2.685313
v -4.076604 -0.044315 2.407558
v -4.539490 0.167702 -1.168004
v -4.687110 0.002801 -0.046721
v -4.539490 0.002801 -1.168004
v -4.687110 0.167702 -0.046721
v -4.402963 0.167702 -1.131421
v -4.545767 0.167702 -0.046721
v -4.402963 0.191259 -1.131421
v -4.380208 0.191259 -1.125324
v -4.545767 0.191259 -0.046721
v -4.487832 0.191259 -1.202521
v -4.595665 0.191259 -1.231415
v -4.607755 0.191259 -1.186294
v -4.357454 0.191259 -1.119227
v -4.334699 0.191259 -1.113130
v -4.311944 0.191259 -1.107033
v -4.289190 0.191259 -1.100936
v -4.266435 0.191259 -1.094838
v -4.243680 0.191259 -1.088741
v -4.175416 0.191259 -1.070450
v -4.152662 0.191259 -1.064354
v -4.129908 0.191259 -1.058257
v -4.084398 0.191259 -1.046062
v -4.061644 0.191259 -1.039965
v -3.668215 0.191258 -0.982905
v -3.680304 0.191258 -0.937785
v -3.725814 0.167701 -0.949979
v -3.680305 0.026357 -0.937785
v -3.725814 -0.044315 -0.949979
v -3.713724 -0.044315 -0.995099
v -3.668215 0.026357 -0.982905
v -3.844730 -0.044315 -0.046721
v -3.844730 0.167701 -0.046721
v -3.891845 0.167701 -0.046721
v -3.771323 0.167701 -0.962173
v -3.891845 0.144144 -0.046721
v -3.771323 0.144144 -0.962173
v -4.074621 0.144144 -0.046721
v -4.074621 0.167701 -0.046721
v -3.947871 0.144144 -1.009480
v -3.947871 0.167701 -1.009480
v -4.061644 0.167701 -1.039965
v -4.192408 0.191259 -0.046721
v -4.192408 0.167701 -0.046721
v -3.844730 -0.044315 -0.000010
v -3.797616 0.026357 -0.046721
v -3.797615 0.191258 -0.046721
v -4.646146 0.191259 -0.000010
v -4.757782 0.191260 -0.046721
v -4.757782 0.191260 -0.000010
v -4.757782 0.002801 -0.046721
v -4.757782 -0.044313 -0.000010
v -4.716818 -0.044313 -0.000010
v -4.757782 -0.044313 -0.046721
v -4.734225 -0.044313 -0.046721
v -4.639996 0.191259 -0.046721
v -4.734225 0.002801 -0.046721
v -4.585000 0.002801 -1.180197
v -4.493981 0.191259 -1.155810
v -4.556096 -0.044314 -1.220812
v -4.556096 -0.067871 -1.220812
v -4.565320 -0.067871 -1.150745
v -4.627232 -0.067871 -0.680478
v -4.645681 -0.067871 -0.540344
v -4.707593 -0.067871 -0.070077
v -4.716818 -0.067871 -0.000010
v -4.707593 -0.114985 -0.070077
v -4.716818 -0.114985 -0.000010
v -4.693261 -0.114985 -0.000010
v -4.684437 -0.114985 -0.067028
v -4.637726 -0.067871 -0.060879
v -4.575814 -0.067871 -0.531145
v -4.637726 -0.114985 -0.060879
v -4.575814 -0.114985 -0.531145
v -4.669037 -0.067871 -0.543419
v -4.669037 -0.114985 -0.543419
v -4.622525 -0.114985 -0.537295
v -4.604076 -0.114985 -0.677430
v -4.542297 -0.114985 -1.146686
v -4.495854 -0.114986 -1.138498
v -4.557365 -0.114985 -0.671280
v -4.495854 -0.067871 -1.138498
v -4.557365 -0.067871 -0.671280
v -4.565320 -0.114985 -1.150745
v -4.556096 -0.114985 -1.220812
v -4.533341 -0.114985 -1.214715
v -4.693261 -0.138543 -0.000010
v -4.533341 -0.138543 -1.214715
v -4.638745 -0.138543 -0.233619
v -4.645739 -0.138543 -0.000010
v -4.615389 -0.138543 -0.230544
v -4.620296 -0.138543 -0.373754
v -4.541145 -0.138543 -0.974957
v -4.559594 -0.138543 -0.834822
v -4.487440 -0.138543 -1.202416
v -4.638745 -0.209215 -0.233619
v -4.620296 -0.209215 -0.373754
v -4.615389 -0.209215 -0.230544
v -4.645739 -0.232772 -0.000010
v -4.517789 -0.209215 -0.971882
v -4.487440 -0.232772 -1.202416
v -4.517789 -0.138543 -0.971881
v -4.559594 -0.209215 -0.834822
v -4.541145 -0.209215 -0.974957
v -4.536239 -0.138543 -0.831747
v -4.536239 -0.209215 -0.831747
v -4.596940 -0.209215 -0.370679
v -4.596940 -0.138543 -0.370679
v -4.531989 -0.232772 -0.350346
v -4.468239 -0.232772 -0.834576
v -4.526937 -0.232772 -0.000010
v -4.480814 -0.232772 -0.350346
v -4.526937 -0.256329 -0.000010
v -4.480814 -0.256329 -0.350346
v -3.923560 -0.256330 -0.350346
v -4.531989 -0.279887 -0.350346
v -4.468239 -0.279887 -0.834576
v -3.744014 -0.279888 -0.640520
v -3.782217 -0.279888 -0.350346
v -3.782217 -0.232773 -0.350346
v -3.804757 -0.232773 -0.350346
v -3.744014 -0.232773 -0.640520
v -3.765787 -0.232773 -0.646354
v -3.880542 -0.256330 -0.677103
v -3.834419 -0.256330 -1.027439
v -4.418807 -0.256329 -0.821331
v -4.372684 -0.256329 -1.171667
v -4.372684 -0.232772 -1.171667
v -4.418807 -0.232772 -0.821331
v -3.880542 -0.232773 -0.677103
v -3.834419 -0.232773 -1.027439
v -3.719664 -0.232773 -0.996691
v -3.808356 -0.232773 -0.657761
v -3.848828 -0.232773 -0.350346
v -3.923560 -0.232773 -0.350346
v -3.969683 -0.232773 -0.000009
v -3.850880 -0.232773 -0.000010
v -3.850880 -0.185659 -0.000010
v -3.719664 -0.185659 -0.996691
v -3.920947 -0.185658 -0.009234
v -3.789732 -0.185658 -1.005915
v -3.920947 -0.091429 -0.009234
v -3.789732 -0.091429 -1.005915
v -3.719664 -0.091429 -0.996691
v -3.850880 -0.091429 -0.000010
v -3.850880 -0.044315 -0.000010
v -3.719664 -0.044315 -0.996691
v -3.784956 -0.091429 -1.023735
v -3.784957 -0.185658 -1.023735
v -3.969683 -0.256330 -0.000009
v -4.650588 -0.114985 -0.683553
v -4.650588 -0.067871 -0.683553
v -4.607755 -0.044313 -1.186294
v -4.595665 -0.044313 -1.231415
v -4.607755 0.002801 -1.186294
v -4.522210 0.191259 -0.046721
v -4.215965 0.191259 -0.046721
v -4.522210 0.167702 -0.046721
v -4.498652 0.167702 -0.046721
v -4.380208 0.167702 -1.125324
v -4.357454 0.167702 -1.119227
v -4.475094 0.191259 -0.046721
v -4.498652 0.191259 -0.046721
v -4.334699 0.167702 -1.113130
v -4.475094 0.167702 -0.046721
v -4.451537 0.167702 -0.046721
v -4.311944 0.167702 -1.107033
v -4.451537 0.191259 -0.046721
v -4.427980 0.191259 -0.046721
v -4.289190 0.167702 -1.100936
v -4.427980 0.167702 -0.046721
v -4.266435 0.167702 -1.094838
v -4.404423 0.167702 -0.046721
v -4.404423 0.191259 -0.046721
v -4.380866 0.191259 -0.046721
v -4.220926 0.167702 -1.082644
v -4.380866 0.167702 -0.046721
v -4.243680 0.167702 -1.088741
v -4.357308 0.167702 -0.046721
v -4.175416 0.167701 -1.070450
v -4.333751 0.167702 -0.046721
v -4.198171 0.167701 -1.076548
v -4.310194 0.167701 -0.046721
v -4.152662 0.167701 -1.064354
v -4.263079 0.167701 -0.046721
v -4.286636 0.167701 -0.046721
v -4.129908 0.167701 -1.058257
v -4.239522 0.191259 -0.046721
v -4.263079 0.191259 -0.046721
v -4.107153 0.167701 -1.052159
v -4.107153 0.191259 -1.052159
v -4.239522 0.167701 -0.046721
v -4.084398 0.167701 -1.046062
v -4.215965 0.167701 -0.046721
v -4.286636 0.191259 -0.046721
v -4.357308 0.191259 -0.046721
v -4.310194 0.191259 -0.046721
v -4.333751 0.191259 -0.046721
v -4.198171 0.191259 -1.076548
v -4.220926 0.191259 -1.082644
v -3.797616 0.026357 -0.000010
v -3.797615 0.191258 -0.000010
v -4.585000 -0.044313 -1.180197
v 4.539493 0.167695 1.167988
v 4.687113 0.002794 0.046705
v 4.539493 0.002794 1.167988
v 4.687113 0.167695 0.046705
v 4.402965 0.167695 1.131405
v 4.545768 0.167695 0.046705
v 4.402965 0.191252 1.131405
v 4.380211 0.191252 1.125308
v 4.545768 0.191252 0.046705
v 4.487834 0.191252 1.202505
v 4.595667 0.191252 1.231398
v 4.607757 0.191252 1.186278
v 4.357456 0.191252 1.119211
v 4.334701 0.191252 1.113114
v 4.311946 0.191252 1.107016
v 4.289192 0.191252 1.100919
v 4.266438 0.191252 1.094822
v 4.243683 0.191252 1.088725
v 4.175419 0.191252 1.070434
v 4.152665 0.191252 1.064337
v 4.129910 0.191252 1.058240
v 4.084401 0.191252 1.046046
v 4.061646 0.191252 1.039948
v 3.668217 0.191252 0.982889
v 3.680306 0.191252 0.937769
v 3.725816 0.167695 0.949963
v 3.680306 0.026351 0.937769
v 3.725816 -0.044321 0.949963
v 3.713727 -0.044321 0.995083
v 3.668217 0.026351 0.982889
v 3.844732 -0.044321 0.046705
v 3.844732 0.167695 0.046705
v 3.891847 0.167695 0.046705
v 3.771325 0.167695 0.962157
v 3.891847 0.144137 0.046705
v 3.771325 0.144137 0.962157
v 4.074623 0.144137 0.046705
v 4.074623 0.167695 0.046705
v 3.947874 0.144137 1.009463
v 3.947874 0.167695 1.009463
v 4.061646 0.167695 1.039948
v 4.192409 0.191252 0.046705
v 4.192409 0.167695 0.046705
v 3.844732 -0.044321 -0.000006
v 3.797618 0.026351 0.046705
v 3.797618 0.191252 0.046705
v 4.646147 0.191252 -0.000006
v 4.757784 0.191252 0.046705
v 4.757784 0.191252 -0.000006
v 4.757784 0.002794 0.046705
v 4.757784 -0.044321 -0.000006
v 4.716819 -0.044321 -0.000006
v 4.757784 -0.044321 0.046705
v 4.734226 -0.044321 0.046705
v 4.639997 0.191252 0.046705
v 4.734227 0.002794 0.046705
v 4.585002 0.002794 1.180181
v 4.493984 0.191252 1.155793
v 4.556098 -0.044321 1.220796
v 4.556098 -0.067878 1.220796
v 4.565321 -0.067878 1.150729
v 4.627234 -0.067878 0.680462
v 4.645684 -0.067878 0.540327
v 4.707595 -0.067878 0.070060
v 4.716819 -0.067878 -0.000006
v 4.707595 -0.114993 0.070060
v 4.716820 -0.114993 -0.000006
v 4.693263 -0.114993 -0.000006
v 4.684439 -0.114993 0.067012
v 4.637728 -0.067878 0.060863
v 4.575816 -0.067878 0.531129
v 4.637728 -0.114993 0.060863
v 4.575816 -0.114993 0.531129
v 4.669039 -0.067878 0.543402
v 4.669039 -0.114993 0.543402
v 4.622528 -0.114993 0.537279
v 4.604078 -0.114993 0.677413
v 4.542299 -0.114993 1.146670
v 4.495856 -0.114993 1.138482
v 4.557366 -0.114993 0.671264
v 4.495856 -0.067878 1.138482
v 4.557366 -0.067878 0.671264
v 4.565321 -0.114993 1.150729
v 4.556098 -0.114993 1.220796
v 4.533343 -0.114993 1.214699
v 4.693263 -0.138550 -0.000006
v 4.533343 -0.138550 1.214699
v 4.638747 -0.138550 0.233603
v 4.645741 -0.138550 -0.000006
v 4.615392 -0.138550 0.230528
v 4.620298 -0.138550 0.373737
v 4.541148 -0.138550 0.974940
v 4.559597 -0.138550 0.834806
v 4.487441 -0.138550 1.202399
v 4.638747 -0.209222 0.233603
v 4.620298 -0.209222 0.373737
v 4.615392 -0.209222 0.230528
v 4.645741 -0.232779 -0.000006
v 4.517792 -0.209222 0.971865
v 4.487441 -0.232779 1.202399
v 4.517792 -0.138550 0.971865
v 4.559597 -0.209222 0.834806
v 4.541148 -0.209222 0.974940
v 4.536240 -0.138550 0.831731
v 4.536241 -0.209222 0.831730
v 4.596942 -0.209222 0.370662
v 4.596942 -0.138550 0.370662
v 4.531991 -0.232779 0.350330
v 4.468241 -0.232779 0.834560
v 4.526938 -0.232779 -0.000006
v 4.480816 -0.232779 0.350330
v 4.526938 -0.256336 -0.000006
v 4.480816 -0.256336 0.350330
v 3.923563 -0.256336 0.350329
v 4.531991 -0.279894 0.350330
v 4.468241 -0.279894 0.834560
v 3.744017 -0.279894 0.640504
v 3.782218 -0.279894 0.350329
v 3.782218 -0.232779 0.350329
v 3.804760 -0.232779 0.350329
v 3.744017 -0.232779 0.640504
v 3.765790 -0.232779 0.646339
v 3.880544 -0.256336 0.677086
v 3.834421 -0.256337 1.027423
v 4.418810 -0.256336 0.821315
v 4.372687 -0.256337 1.171651
v 4.372687 -0.232779 1.171651
v 4.418810 -0.232779 0.821315
v 3.880544 -0.232779 0.677086
v 3.834421 -0.232779 1.027423
v 3.719667 -0.232779 0.996675
v 3.808358 -0.232779 0.657745
v 3.848830 -0.232779 0.350329
v 3.923563 -0.232779 0.350329
v 3.969686 -0.232779 -0.000006
v 3.850882 -0.232779 -0.000006
v 3.850882 -0.185665 -0.000006
v 3.719667 -0.185665 0.996675
v 3.920949 -0.185665 0.009218
v 3.789733 -0.185665 1.005899
v 3.920949 -0.091435 0.009218
v 3.789733 -0.091436 1.005899
v 3.719667 -0.091436 0.996675
v 3.850882 -0.091435 -0.000006
v 3.850882 -0.044321 -0.000006
v 3.719667 -0.044321 0.996675
v 3.784958 -0.091436 1.023720
v 3.784958 -0.185665 1.023720
v 3.969686 -0.256336 -0.000006
v 4.650590 -0.114993 0.683537
v 4.650590 -0.067878 0.683537
v 4.607757 -0.044321 1.186278
v 4.595667 -0.044321 1.231398
v 4.607757 0.002794 1.186278
v 4.522212 0.191252 0.046705
v 4.215967 0.191252 0.046705
v 4.522212 0.167695 0.046705
v 4.498654 0.167695 0.046705
v 4.380211 0.167695 1.125308
v 4.357456 0.167695 1.119211
v 4.475097 0.191252 0.046705
v 4.498654 0.191252 0.046705
v 4.334701 0.167695 1.113114
v 4.475097 0.167695 0.046705
v 4.451540 0.167695 0.046705
v 4.311946 0.167695 1.107016
v 4.451540 0.191252 0.046705
v 4.427982 0.191252 0.046705
v 4.289192 0.167695 1.100919
v 4.427982 0.167695 0.046705
v 4.266438 0.167695 1.094822
v 4.404425 0.167695 0.046705
v 4.404425 0.191252 0.046705
v 4.380868 0.191252 0.046705
v 4.220928 0.167695 1.082628
v 4.380868 0.167695 0.046705
v 4.243683 0.167695 1.088725
v 4.357311 0.167695 0.046705
v 4.175419 0.167695 1.070434
v 4.333753 0.167695 0.046705
v 4.198174 0.167695 1.076531
v 4.310195 0.167695 0.046705
v 4.152665 0.167695 1.064337
v 4.263082 0.167695 0.046705
v 4.286639 0.167695 0.046705
v 4.129910 0.167695 1.058240
v 4.239524 0.191252 0.046705
v 4.263082 0.191252 0.046705
v 4.107155 0.167695 1.052143
v 4.107155 0.191252 1.052143
v 4.239524 0.167695 0.046705
v 4.084401 0.167695 1.046046
v 4.215967 0.167695 0.046705
v 4.286639 0.191252 0.046705
v 4.357311 0.191252 0.046705
v 4.310195 0.191252 0.046705
v 4.333753 0.191252 0.046705
v 4.198174 0.191252 1.076531
v 4.220928 0.191252 1.082628
v 3.797618 0.026351 -0.000006
v 3.797618 0.191252 -0.000006
v 4.585002 -0.044321 1.180181
v 4.035804 0.167695 -2.384015
v 3.347320 0.002794 -3.281265
v 4.035804 0.002794 -2.384015
v 3.347320 0.167695 -3.281265
v 3.913396 0.167695 -2.313344
v 3.247375 0.167695 -3.181320
v 3.913396 0.191252 -2.313344
v 3.892996 0.191252 -2.301565
v 3.247375 0.191253 -3.181320
v 4.023683 0.191252 -2.323080
v 4.120363 0.191252 -2.378898
v 4.097008 0.191252 -2.419352
v 3.872594 0.191252 -2.289787
v 3.852193 0.191252 -2.278008
v 3.831792 0.191252 -2.266229
v 3.811390 0.191252 -2.254451
v 3.790990 0.191252 -2.242672
v 3.770588 0.191252 -2.230893
v 3.709384 0.191252 -2.195558
v 3.688984 0.191252 -2.183779
v 3.668582 0.191252 -2.172000
v 3.627780 0.191252 -2.148443
v 3.607378 0.191252 -2.136664
v 3.288835 0.191252 -1.898814
v 3.265479 0.191252 -1.939268
v 3.306282 0.167695 -1.962825
v 3.265479 0.026351 -1.939268
v 3.306282 -0.044320 -1.962825
v 3.329637 -0.044320 -1.922372
v 3.288835 0.026351 -1.898814
v 2.751667 -0.044320 -2.685612
v 2.751667 0.167695 -2.685612
v 2.784982 0.167695 -2.718927
v 3.347084 0.167695 -1.986383
v 2.784982 0.144138 -2.718927
v 3.347084 0.144138 -1.986383
v 2.914225 0.144138 -2.848170
v 2.914225 0.167695 -2.848170
v 3.505372 0.144138 -2.077771
v 3.505372 0.167695 -2.077771
v 3.607378 0.167695 -2.136664
v 2.997513 0.191253 -2.931457
v 2.997512 0.167695 -2.931457
v 2.718638 -0.044320 -2.718642
v 2.718352 0.026351 -2.652297
v 2.718352 0.191253 -2.652297
v 3.285324 0.191253 -3.285328
v 3.397293 0.191253 -3.331237
v 3.364263 0.191253 -3.364267
v 3.397293 0.002794 -3.331237
v 3.364263 -0.044320 -3.364267
v 3.335296 -0.044320 -3.335301
v 3.397293 -0.044320 -3.331237
v 3.380635 -0.044320 -3.314580
v 3.314006 0.191253 -3.247950
v 3.380635 0.002794 -3.314580
v 4.076607 0.002794 -2.407573
v 3.995002 0.191252 -2.360459
v 4.084887 -0.044320 -2.358415
v 4.084887 -0.067878 -2.358415
v 4.041864 -0.067878 -2.414484
v 3.753114 -0.067878 -2.790790
v 3.667070 -0.067878 -2.902926
v 3.378319 -0.067878 -3.279233
v 3.335296 -0.067878 -3.335301
v 3.378319 -0.114992 -3.279233
v 3.335296 -0.114992 -3.335301
v 3.318638 -0.114992 -3.318643
v 3.359789 -0.114992 -3.265015
v 3.322411 -0.067878 -3.236334
v 3.611162 -0.067878 -2.860026
v 3.322411 -0.114992 -3.236334
v 3.611161 -0.114992 -2.860026
v 3.685759 -0.067878 -2.917267
v 3.685758 -0.114992 -2.917267
v 3.648540 -0.114992 -2.888708
v 3.734585 -0.114992 -2.776573
v 4.022715 -0.114992 -2.401074
v 3.984085 -0.114992 -2.374023
v 3.697206 -0.114992 -2.747891
v 3.984085 -0.067878 -2.374023
v 3.697206 -0.067878 -2.747891
v 4.041864 -0.114992 -2.414484
v 4.084887 -0.114992 -2.358415
v 4.064486 -0.114992 -2.346637
v 3.318638 -0.138549 -3.318643
v 4.064486 -0.138550 -2.346637
v 3.445277 -0.138549 -3.114908
v 3.285036 -0.138549 -3.285040
v 3.426588 -0.138549 -3.100567
v 3.531321 -0.138549 -3.002773
v 3.900469 -0.138550 -2.521690
v 3.814424 -0.138550 -2.633826
v 4.023331 -0.138550 -2.322876
v 3.445277 -0.209221 -3.114908
v 3.531321 -0.209221 -3.002773
v 3.426588 -0.209221 -3.100567
v 3.285036 -0.232779 -3.285040
v 3.881780 -0.209221 -2.507350
v 4.023331 -0.232779 -2.322876
v 3.881780 -0.138550 -2.507350
v 3.814424 -0.209221 -2.633826
v 3.900469 -0.209221 -2.521690
v 3.795735 -0.138550 -2.619485
v 3.795735 -0.209221 -2.619485
v 3.512633 -0.209221 -2.988432
v 3.512632 -0.138549 -2.988432
v 3.452328 -0.232779 -2.956882
v 3.749652 -0.232779 -2.569402
v 3.201030 -0.232779 -3.201035
v 3.416141 -0.232779 -2.920695
v 3.201030 -0.256336 -3.201035
v 3.416141 -0.256336 -2.920695
v 3.022104 -0.256336 -2.526658
v 3.452328 -0.279893 -2.956882
v 3.749652 -0.279893 -2.569402
v 3.100330 -0.279893 -2.194515
v 2.922159 -0.279893 -2.426713
v 2.922159 -0.232779 -2.426713
v 2.938097 -0.232779 -2.442652
v 3.100330 -0.232779 -2.194515
v 3.119851 -0.232779 -2.205785
v 3.222738 -0.256336 -2.265187
v 3.437849 -0.256336 -1.984848
v 3.705333 -0.256336 -2.543814
v 3.920445 -0.256336 -2.263475
v 3.920445 -0.232779 -2.263475
v 3.705333 -0.232779 -2.543814
v 3.222737 -0.232779 -2.265187
v 3.437849 -0.232779 -1.984848
v 3.334963 -0.232779 -1.925447
v 3.158017 -0.232779 -2.227821
v 2.969260 -0.232779 -2.473814
v 3.022104 -0.232779 -2.526658
v 2.806993 -0.232779 -2.806997
v 2.722986 -0.232779 -2.722991
v 2.722986 -0.185664 -2.722991
v 3.334963 -0.185664 -1.925447
v 2.779054 -0.185664 -2.766013
v 3.391031 -0.185664 -1.968469
v 2.779054 -0.091435 -2.766013
v 3.391031 -0.091435 -1.968469
v 3.334963 -0.091435 -1.925447
v 2.722986 -0.091435 -2.722991
v 2.722986 -0.044320 -2.722991
v 3.334963 -0.044320 -1.925447
v 3.400255 -0.091435 -1.952491
v 3.400255 -0.185664 -1.952491
v 2.806993 -0.256336 -2.806997
v 3.771803 -0.114992 -2.805132
v 3.771804 -0.067878 -2.805132
v 4.097008 -0.044320 -2.419352
v 4.120363 -0.044320 -2.378898
v 4.097008 0.002794 -2.419352
v 3.230718 0.191253 -3.164662
v 3.014170 0.191253 -2.948114
v 3.230718 0.167695 -3.164662
v 3.214060 0.167695 -3.148005
v 3.892996 0.167695 -2.301565
v 3.872594 0.167695 -2.289787
v 3.197402 0.191253 -3.131346
v 3.214061 0.191253 -3.148005
v 3.852193 0.167695 -2.278008
v 3.197402 0.167695 -3.131346
v 3.180745 0.167695 -3.114690
v 3.831792 0.167695 -2.266229
v 3.180745 0.191253 -3.114690
v 3.164087 0.191253 -3.098032
v 3.811390 0.167695 -2.254451
v 3.164087 0.167695 -3.098032
v 3.790989 0.167695 -2.242672
v 3.147429 0.167695 -3.081374
v 3.147430 0.191253 -3.081374
v 3.130772 0.191253 -3.064717
v 3.750187 0.167695 -2.219114
v 3.130772 0.167695 -3.064717
v 3.770587 0.167695 -2.230893
v 3.114115 0.167695 -3.048059
v 3.709384 0.167695 -2.195558
v 3.097457 0.167695 -3.031402
v 3.729786 0.167695 -2.207335
v 3.080800 0.167695 -3.014744
v 3.688984 0.167695 -2.183779
v 3.047485 0.167695 -2.981429
v 3.064142 0.167695 -2.998087
v 3.668581 0.167695 -2.172000
v 3.030828 0.191253 -2.964772
v 3.047485 0.191253 -2.981429
v 3.648181 0.167695 -2.160221
v 3.648181 0.191252 -2.160221
v 3.030827 0.167695 -2.964772
v 3.627780 0.167695 -2.148443
v 3.014170 0.167695 -2.948114
v 3.064142 0.191253 -2.998087
v 3.114115 0.191253 -3.048059
v 3.080800 0.191253 -3.014744
v 3.097457 0.191253 -3.031402
v 3.729787 0.191252 -2.207335
v 3.750187 0.191252 -2.219114
v 2.685322 0.026351 -2.685327
v 2.685323 0.191253 -2.685327
v 4.076606 -0.044320 -2.407573
v 4.515312 0.167695 -1.258240
v 4.082514 0.002794 -2.303109
v 4.515313 0.002794 -1.258240
v 4.082514 0.167695 -2.303109
v 4.378785 0.167695 -1.221658
v 3.960107 0.167695 -2.232437
v 4.378785 0.191252 -1.221658
v 4.356030 0.191252 -1.215560
v 3.960107 0.191252 -2.232437
v 4.487834 0.191252 -1.202518
v 4.595667 0.191252 -1.231411
v 4.583577 0.191252 -1.276532
v 4.333276 0.191252 -1.209463
v 4.310521 0.191252 -1.203367
v 4.287766 0.191252 -1.197270
v 4.265012 0.191252 -1.191173
v 4.242258 0.191252 -1.185076
v 4.219503 0.191252 -1.178978
v 4.151239 0.191252 -1.160687
v 4.128485 0.191252 -1.154590
v 4.105731 0.191252 -1.148493
v 4.060221 0.191252 -1.136299
v 4.037466 0.191252 -1.130201
v 3.668217 0.191252 -0.982902
v 3.656127 0.191252 -1.028022
v 3.701636 0.167695 -1.040216
v 3.656127 0.026351 -1.028022
v 3.701636 -0.044321 -1.040216
v 3.713727 -0.044321 -0.995097
v 3.668216 0.026351 -0.982902
v 3.352992 -0.044321 -1.881919
v 3.352992 0.167695 -1.881919
v 3.393794 0.167695 -1.905475
v 3.747145 0.167695 -1.052410
v 3.393794 0.144138 -1.905475
v 3.747145 0.144138 -1.052410
v 3.552083 0.144138 -1.996864
v 3.552083 0.167695 -1.996864
v 3.923694 0.144138 -1.099717
v 3.923693 0.167695 -1.099717
v 4.037466 0.167695 -1.130201
v 3.654089 0.191252 -2.055757
v 3.654089 0.167695 -2.055757
v 3.329637 -0.044320 -1.922372
v 3.312189 0.026351 -1.858361
v 3.312190 0.191252 -1.858361
v 4.023681 0.191252 -2.323080
v 4.143718 0.191252 -2.338445
v 4.120363 0.191252 -2.378898
v 4.143718 0.002794 -2.338445
v 4.120362 -0.044320 -2.378898
v 4.084886 -0.044320 -2.358415
v 4.143718 -0.044320 -2.338445
v 4.123317 -0.044320 -2.326666
v 4.041712 0.191252 -2.279552
v 4.123317 0.002794 -2.326666
v 4.560822 0.002794 -1.270434
v 4.469804 0.191252 -1.246046
v 4.556097 -0.044321 -1.220809
v 4.556097 -0.067878 -1.220809
v 4.529052 -0.067878 -1.286101
v 4.347536 -0.067878 -1.724320
v 4.293446 -0.067878 -1.854904
v 4.111930 -0.067878 -2.293123
v 4.084886 -0.067878 -2.358415
v 4.111930 -0.114992 -2.293123
v 4.084886 -0.114992 -2.358415
v 4.064484 -0.114992 -2.346637
v 4.090353 -0.114992 -2.284185
v 4.046824 -0.067878 -2.266156
v 4.228340 -0.067878 -1.827937
v 4.046824 -0.114992 -2.266156
v 4.228340 -0.114992 -1.827937
v 4.315211 -0.067878 -1.863919
v 4.315211 -0.114992 -1.863919
v 4.271869 -0.114992 -1.845967
v 4.325958 -0.114992 -1.715383
v 4.507084 -0.114992 -1.278105
v 4.462770 -0.114992 -1.261974
v 4.282431 -0.114992 -1.697352
v 4.462770 -0.067878 -1.261974
v 4.282431 -0.067878 -1.697352
v 4.529052 -0.114992 -1.286101
v 4.556097 -0.114992 -1.220809
v 4.533342 -0.114992 -1.214712
v 4.064484 -0.138550 -2.346637
v 4.533342 -0.138550 -1.214712
v 4.134076 -0.138550 -2.117067
v 4.023330 -0.138550 -2.322876
v 4.112312 -0.138550 -2.108053
v 4.188167 -0.138550 -1.986483
v 4.420221 -0.138550 -1.426251
v 4.366132 -0.138550 -1.556836
v 4.487441 -0.138550 -1.202413
v 4.134077 -0.209221 -2.117067
v 4.188167 -0.209221 -1.986483
v 4.112312 -0.209221 -2.108053
v 4.023330 -0.232779 -2.322876
v 4.398458 -0.209222 -1.417236
v 4.487441 -0.232779 -1.202413
v 4.398458 -0.138550 -1.417236
v 4.366132 -0.209222 -1.556836
v 4.420222 -0.209222 -1.426251
v 4.344368 -0.138550 -1.547821
v 4.344368 -0.209222 -1.547821
v 4.166402 -0.209221 -1.977468
v 4.166402 -0.138550 -1.977468
v 4.099988 -0.232779 -1.962601
v 4.286893 -0.232779 -1.511371
v 3.920444 -0.232779 -2.263475
v 4.055668 -0.232779 -1.937014
v 3.920444 -0.256336 -2.263475
v 4.055668 -0.256336 -1.937014
v 3.573073 -0.256336 -1.658387
v 4.099988 -0.279893 -1.962601
v 4.286893 -0.279893 -1.511371
v 3.562669 -0.279893 -1.317315
v 3.450665 -0.279893 -1.587715
v 3.450665 -0.232779 -1.587715
v 3.470186 -0.232779 -1.598986
v 3.562669 -0.232779 -1.317315
v 3.584441 -0.232779 -1.323149
v 3.699197 -0.256336 -1.353898
v 3.834421 -0.256336 -1.027437
v 4.237462 -0.256336 -1.498126
v 4.372687 -0.256336 -1.171664
v 4.372687 -0.232779 -1.171664
v 4.237462 -0.232779 -1.498126
v 3.699197 -0.232779 -1.353898
v 3.834421 -0.232779 -1.027437
v 3.719667 -0.232779 -0.996688
v 3.627010 -0.232779 -1.334556
v 3.508353 -0.232779 -1.621021
v 3.573073 -0.232779 -1.658387
v 3.437848 -0.232779 -1.984848
v 3.334962 -0.232779 -1.925447
v 3.334961 -0.185664 -1.925447
v 3.719667 -0.185664 -0.996688
v 3.400254 -0.185664 -1.952491
v 3.784958 -0.185664 -1.023733
v 3.400254 -0.091435 -1.952491
v 3.784958 -0.091435 -1.023733
v 3.719667 -0.091435 -0.996688
v 3.334962 -0.091435 -1.925447
v 3.334961 -0.044321 -1.925447
v 3.719667 -0.044321 -0.996688
v 3.789733 -0.091435 -1.005912
v 3.789733 -0.185664 -1.005912
v 3.437848 -0.256336 -1.984848
v 4.369300 -0.114992 -1.733335
v 4.369300 -0.067878 -1.733335
v 4.583577 -0.044321 -1.276532
v 4.595666 -0.044321 -1.231411
v 4.583577 0.002794 -1.276532
v 3.939706 0.191252 -2.220658
v 3.674491 0.191252 -2.067536
v 3.939706 0.167695 -2.220658
v 3.919305 0.167695 -2.208879
v 4.356030 0.167695 -1.215560
v 4.333276 0.167695 -1.209463
v 3.898903 0.191252 -2.197102
v 3.919305 0.191252 -2.208879
v 4.310521 0.167695 -1.203367
v 3.898903 0.167695 -2.197102
v 3.878503 0.167695 -2.185323
v 4.287766 0.167695 -1.197270
v 3.878503 0.191252 -2.185323
v 3.858101 0.191252 -2.173544
v 4.265012 0.167695 -1.191173
v 3.858101 0.167695 -2.173544
v 4.242258 0.167695 -1.185076
v 3.837700 0.167695 -2.161765
v 3.837700 0.191252 -2.161765
v 3.817299 0.191252 -2.149986
v 4.196749 0.167695 -1.172881
v 3.817298 0.167695 -2.149986
v 4.219503 0.167695 -1.178978
v 3.796897 0.167695 -2.138208
v 4.151239 0.167695 -1.160687
v 3.776497 0.167695 -2.126429
v 4.173994 0.167695 -1.166784
v 3.756095 0.167695 -2.114650
v 4.128485 0.167695 -1.154590
v 3.715292 0.167695 -2.091094
v 3.735694 0.167695 -2.102872
v 4.105731 0.167695 -1.148493
v 3.694891 0.191252 -2.079315
v 3.715292 0.191252 -2.091094
v 4.082976 0.167695 -1.142396
v 4.082976 0.191252 -1.142396
v 3.694891 0.167695 -2.079315
v 4.060221 0.167695 -1.136299
v 3.674491 0.167695 -2.067536
v 3.735694 0.191252 -2.102872
v 3.796898 0.191252 -2.138208
v 3.756095 0.191252 -2.114650
v 3.776497 0.191252 -2.126429
v 4.173994 0.191252 -1.166784
v 4.196749 0.191252 -1.172881
v 3.288834 0.026351 -1.898815
v 3.288834 0.191252 -1.898815
v 4.560822 -0.044321 -1.270434
v 2.303105 0.167695 -4.082519
v 1.258235 0.002794 -4.515317
v 2.303104 0.002794 -4.082519
v 1.258235 0.167695 -4.515317
v 2.232433 0.167695 -3.960113
v 1.221653 0.167695 -4.378790
v 2.232433 0.191253 -3.960113
v 2.220654 0.191253 -3.939711
v 1.221653 0.191253 -4.378790
v 2.323076 0.191253 -4.023687
v 2.378894 0.191253 -4.120367
v 2.338440 0.191253 -4.143723
v 2.208875 0.191253 -3.919310
v 2.197097 0.191253 -3.898908
v 2.185318 0.191253 -3.878508
v 2.173539 0.191253 -3.858107
v 2.161761 0.191253 -3.837705
v 2.149982 0.191253 -3.817304
v 2.114646 0.191253 -3.756101
v 2.102868 0.191253 -3.735699
v 2.091089 0.191253 -3.715297
v 2.067532 0.191253 -3.674495
v 2.055753 0.191253 -3.654094
v 1.898811 0.191253 -3.288838
v 1.858357 0.191253 -3.312194
v 1.881914 0.167695 -3.352996
v 1.858357 0.026352 -3.312194
v 1.881914 -0.044320 -3.352996
v 1.922367 -0.044320 -3.329640
v 1.898811 0.026352 -3.288838
v 1.040211 -0.044320 -3.701641
v 1.040211 0.167695 -3.701641
v 1.052405 0.167695 -3.747150
v 1.905471 0.167695 -3.393799
v 1.052405 0.144138 -3.747150
v 1.905471 0.144138 -3.393799
v 1.099711 0.144138 -3.923699
v 1.099711 0.167695 -3.923699
v 1.996859 0.144138 -3.552088
v 1.996859 0.167695 -3.552088
v 2.055753 0.167695 -3.654094
v 1.130197 0.191253 -4.037472
v 1.130197 0.167695 -4.037472
v 0.995091 -0.044320 -3.713731
v 1.028017 0.026352 -3.656132
v 1.028017 0.191253 -3.656132
v 1.202513 0.191253 -4.487838
v 1.276526 0.191253 -4.583581
v 1.231407 0.191253 -4.595671
v 1.276527 0.002794 -4.583581
v 1.231407 -0.044320 -4.595671
v 1.220804 -0.044320 -4.556102
v 1.276526 -0.044320 -4.583581
v 1.270429 -0.044320 -4.560827
v 1.246041 0.191253 -4.469808
v 1.270429 0.002794 -4.560827
v 2.326661 0.002794 -4.123322
v 2.279547 0.191253 -4.041717
v 2.358411 -0.044320 -4.084891
v 2.358411 -0.067877 -4.084891
v 2.293119 -0.067877 -4.111936
v 1.854900 -0.067877 -4.293452
v 1.724316 -0.067877 -4.347541
v 1.286096 -0.067877 -4.529058
v 1.220804 -0.067877 -4.556102
v 1.286096 -0.114992 -4.529058
v 1.220804 -0.114992 -4.556102
v 1.214707 -0.114992 -4.533348
v 1.277159 -0.114992 -4.507479
v 1.259129 -0.067877 -4.463951
v 1.697348 -0.067877 -4.282436
v 1.259129 -0.114992 -4.463951
v 1.697348 -0.114992 -4.282436
v 1.733330 -0.067877 -4.369306
v 1.733330 -0.114992 -4.369306
v 1.715378 -0.114992 -4.325964
v 1.845962 -0.114992 -4.271874
v 2.283239 -0.114992 -4.090748
v 2.263310 -0.114992 -4.048006
v 1.827932 -0.114992 -4.228346
v 2.263310 -0.067877 -4.048006
v 1.827932 -0.067877 -4.228346
v 2.293119 -0.114992 -4.111936
v 2.358411 -0.114992 -4.084891
v 2.346633 -0.114992 -4.064490
v 1.214707 -0.138549 -4.533348
v 2.346633 -0.138549 -4.064490
v 1.426246 -0.138549 -4.420228
v 1.202408 -0.138549 -4.487446
v 1.417231 -0.138549 -4.398464
v 1.556831 -0.138549 -4.366138
v 2.117063 -0.138549 -4.134082
v 1.986478 -0.138549 -4.188171
v 2.322871 -0.138549 -4.023335
v 1.426246 -0.209221 -4.420228
v 1.556831 -0.209221 -4.366138
v 1.417232 -0.209221 -4.398464
v 1.202408 -0.232778 -4.487446
v 2.108048 -0.209221 -4.112318
v 2.322872 -0.232778 -4.023335
v 2.108048 -0.138549 -4.112318
v 1.986478 -0.209221 -4.188171
v 2.117063 -0.209221 -4.134082
v 1.977463 -0.138549 -4.166408
v 1.977464 -0.209221 -4.166408
v 1.547816 -0.209221 -4.344374
v 1.547816 -0.138549 -4.344374
v 1.511366 -0.232778 -4.286899
v 1.962597 -0.232778 -4.099992
v 1.171659 -0.232778 -4.372692
v 1.498121 -0.232778 -4.237467
v 1.171659 -0.256336 -4.372692
v 1.498121 -0.256336 -4.237467
v 1.353893 -0.256336 -3.699201
v 1.511366 -0.279893 -4.286899
v 1.962597 -0.279893 -4.099992
v 1.587711 -0.279893 -3.450671
v 1.317311 -0.279893 -3.562673
v 1.317311 -0.232779 -3.562673
v 1.323144 -0.232779 -3.584447
v 1.587710 -0.232779 -3.450671
v 1.598981 -0.232779 -3.470191
v 1.658382 -0.256336 -3.573077
v 1.984844 -0.256336 -3.437853
v 1.937009 -0.256336 -4.055674
v 2.263471 -0.256336 -3.920449
v 2.263471 -0.232778 -3.920449
v 1.937009 -0.232778 -4.055674
v 1.658382 -0.232779 -3.573077
v 1.984844 -0.232779 -3.437853
v 1.925442 -0.232779 -3.334967
v 1.621016 -0.232779 -3.508357
v 1.334551 -0.232779 -3.627016
v 1.353893 -0.232779 -3.699201
v 1.027431 -0.232779 -3.834427
v 0.996683 -0.232779 -3.719671
v 0.996683 -0.185664 -3.719671
v 1.925442 -0.185664 -3.334967
v 1.023728 -0.185664 -3.784964
v 1.952488 -0.185664 -3.400259
v 1.023728 -0.091435 -3.784964
v 1.952488 -0.091435 -3.400259
v 1.925442 -0.091435 -3.334967
v 0.996683 -0.091435 -3.719671
v 0.996683 -0.044320 -3.719671
v 1.925442 -0.044320 -3.334967
v 1.968465 -0.091435 -3.391034
v 1.968465 -0.185664 -3.391034
v 1.027431 -0.256336 -3.834427
v 1.863915 -0.114992 -4.315216
v 1.863915 -0.067877 -4.315216
v 2.338440 -0.044320 -4.143723
v 2.378894 -0.044320 -4.120367
v 2.338440 0.002794 -4.143723
v 1.215556 0.191253 -4.356035
v 1.136294 0.191253 -4.060226
v 1.215556 0.167695 -4.356035
v 1.209459 0.167695 -4.333281
v 2.220654 0.167695 -3.939711
v 2.208875 0.167695 -3.919310
v 1.203362 0.191253 -4.310526
v 1.209459 0.191253 -4.333281
v 2.197097 0.167695 -3.898908
v 1.203362 0.167695 -4.310526
v 1.197264 0.167695 -4.287772
v 2.185318 0.167695 -3.878508
v 1.197264 0.191253 -4.287772
v 1.191167 0.191253 -4.265018
v 2.173539 0.167695 -3.858107
v 1.191167 0.167695 -4.265018
v 2.161760 0.167695 -3.837705
v 1.185070 0.167695 -4.242262
v 1.185070 0.191253 -4.242262
v 1.178973 0.191253 -4.219508
v 2.138203 0.167695 -3.796902
v 1.178973 0.167695 -4.219508
v 2.149981 0.167695 -3.817304
v 1.172876 0.167695 -4.196753
v 2.114646 0.167695 -3.756101
v 1.166779 0.167695 -4.173999
v 2.126425 0.167695 -3.776501
v 1.160682 0.167695 -4.151245
v 2.102867 0.167695 -3.735699
v 1.148488 0.167695 -4.105735
v 1.154585 0.167695 -4.128489
v 2.091088 0.167695 -3.715297
v 1.142391 0.191253 -4.082980
v 1.148488 0.191253 -4.105735
v 2.079310 0.167695 -3.694896
v 2.079310 0.191253 -3.694896
v 1.142391 0.167695 -4.082980
v 2.067532 0.167695 -3.674495
v 1.136294 0.167695 -4.060226
v 1.154585 0.191253 -4.128489
v 1.172876 0.191253 -4.196753
v 1.160682 0.191253 -4.151245
v 1.166779 0.191253 -4.173999
v 2.126425 0.191253 -3.776501
v 2.138203 0.191253 -3.796902
v 0.982897 0.026352 -3.668222
v 0.982897 0.191253 -3.668222
v 2.326661 -0.044320 -4.123322
v 4.082514 0.167694 2.303096
v 4.515314 0.002794 1.258227
v 4.082514 0.002793 2.303096
v 4.515314 0.167695 1.258227
v 3.960107 0.167694 2.232424
v 4.378786 0.167695 1.221645
v 3.960107 0.191252 2.232424
v 3.939706 0.191252 2.220645
v 4.378786 0.191252 1.221645
v 4.023681 0.191252 2.323067
v 4.120363 0.191252 2.378886
v 4.143718 0.191252 2.338432
v 3.919305 0.191252 2.208867
v 3.898903 0.191252 2.197088
v 3.878503 0.191252 2.185309
v 3.858101 0.191252 2.173531
v 3.837700 0.191252 2.161752
v 3.817299 0.191252 2.149974
v 3.756095 0.191252 2.114638
v 3.735694 0.191252 2.102859
v 3.715293 0.191252 2.091081
v 3.674491 0.191252 2.067523
v 3.654089 0.191252 2.055744
v 3.288834 0.191252 1.898802
v 3.312189 0.191252 1.858348
v 3.352992 0.167694 1.881906
v 3.312189 0.026351 1.858348
v 3.352992 -0.044321 1.881906
v 3.329636 -0.044321 1.922359
v 3.288834 0.026351 1.898802
v 3.701636 -0.044321 1.040203
v 3.701636 0.167695 1.040203
v 3.747146 0.167695 1.052397
v 3.393794 0.167694 1.905463
v 3.747146 0.144137 1.052397
v 3.393794 0.144137 1.905463
v 3.923694 0.144137 1.099703
v 3.923694 0.167695 1.099703
v 3.552083 0.144137 1.996851
v 3.552083 0.167694 1.996851
v 3.654089 0.167694 2.055744
v 4.037467 0.191252 1.130188
v 4.037467 0.167695 1.130188
v 3.713727 -0.044321 0.995083
v 3.656127 0.026351 1.028009
v 3.656128 0.191252 1.028009
v 4.487834 0.191252 1.202505
v 4.583577 0.191252 1.276518
v 4.595667 0.191252 1.231398
v 4.583578 0.002794 1.276518
v 4.595667 -0.044321 1.231398
v 4.556098 -0.044321 1.220796
v 4.583577 -0.044321 1.276518
v 4.560822 -0.044321 1.270421
v 4.469804 0.191252 1.246033
v 4.560822 0.002794 1.270421
v 4.123317 0.002793 2.326653
v 4.041712 0.191252 2.279539
v 4.084886 -0.044321 2.358403
v 4.084886 -0.067878 2.358403
v 4.111930 -0.067878 2.293111
v 4.293447 -0.067878 1.854892
v 4.347537 -0.067878 1.724307
v 4.529053 -0.067878 1.286088
v 4.556098 -0.067878 1.220796
v 4.529053 -0.114993 1.286088
v 4.556098 -0.114993 1.220796
v 4.533343 -0.114993 1.214699
v 4.507475 -0.114993 1.277151
v 4.463947 -0.067878 1.259121
v 4.282431 -0.067878 1.697340
v 4.463947 -0.114993 1.259121
v 4.282431 -0.114993 1.697340
v 4.369300 -0.067878 1.733322
v 4.369300 -0.114993 1.733322
v 4.325960 -0.114993 1.715370
v 4.271869 -0.114993 1.845954
v 4.090743 -0.114993 2.283231
v 4.048000 -0.114993 2.263302
v 4.228342 -0.114993 1.827924
v 4.048000 -0.067878 2.263302
v 4.228342 -0.067878 1.827924
v 4.111930 -0.114993 2.293111
v 4.084886 -0.114993 2.358403
v 4.064484 -0.114993 2.346625
v 4.533343 -0.138550 1.214699
v 4.064484 -0.138550 2.346625
v 4.420223 -0.138550 1.426238
v 4.487441 -0.138550 1.202400
v 4.398458 -0.138550 1.417223
v 4.366132 -0.138550 1.556823
v 4.134077 -0.138550 2.117055
v 4.188167 -0.138550 1.986470
v 4.023330 -0.138550 2.322864
v 4.420223 -0.209222 1.426238
v 4.366132 -0.209222 1.556823
v 4.398458 -0.209222 1.417223
v 4.487441 -0.232779 1.202400
v 4.112313 -0.209222 2.108040
v 4.023330 -0.232780 2.322864
v 4.112313 -0.138550 2.108040
v 4.188167 -0.209222 1.986470
v 4.134077 -0.209222 2.117055
v 4.166402 -0.138550 1.977455
v 4.166402 -0.209222 1.977455
v 4.344369 -0.209222 1.547808
v 4.344369 -0.138550 1.547808
v 4.286893 -0.232779 1.511358
v 4.099988 -0.232779 1.962588
v 4.372687 -0.232779 1.171651
v 4.237463 -0.232779 1.498113
v 4.372687 -0.256337 1.171651
v 4.237463 -0.256337 1.498113
v 3.699197 -0.256337 1.353885
v 4.286893 -0.279894 1.511358
v 4.099988 -0.279894 1.962588
v 3.450665 -0.279894 1.587702
v 3.562669 -0.279894 1.317302
v 3.562669 -0.232779 1.317302
v 3.584441 -0.232779 1.323136
v 3.450666 -0.232779 1.587702
v 3.470186 -0.232779 1.598973
v 3.573073 -0.256337 1.658374
v 3.437848 -0.256337 1.984836
v 4.055669 -0.256337 1.937001
v 3.920444 -0.256337 2.263462
v 3.920444 -0.232780 2.263462
v 4.055668 -0.232779 1.937001
v 3.573073 -0.232779 1.658374
v 3.437848 -0.232779 1.984836
v 3.334961 -0.232779 1.925434
v 3.508353 -0.232779 1.621008
v 3.627011 -0.232779 1.334543
v 3.699197 -0.232779 1.353885
v 3.834422 -0.232779 1.027423
v 3.719667 -0.232779 0.996675
v 3.719667 -0.185665 0.996675
v 3.334961 -0.185665 1.925434
v 3.784958 -0.185665 1.023720
v 3.400254 -0.185665 1.952479
v 3.784959 -0.091436 1.023720
v 3.400254 -0.091436 1.952479
v 3.334961 -0.091436 1.925434
v 3.719667 -0.091436 0.996675
v 3.719667 -0.044321 0.996675
v 3.334961 -0.044321 1.925434
v 3.391030 -0.091436 1.968456
v 3.391030 -0.185665 1.968456
v 3.834422 -0.256337 1.027423
v 4.315211 -0.114993 1.863907
v 4.315211 -0.067878 1.863907
v 4.143718 -0.044321 2.338432
v 4.120363 -0.044321 2.378886
v 4.143718 0.002793 2.338432
v 4.356030 0.191252 1.215548
v 4.060222 0.191252 1.136286
v 4.356030 0.167695 1.215548
v 4.333276 0.167695 1.209451
v 3.939706 0.167694 2.220645
v 3.919305 0.167694 2.208867
v 4.310522 0.191252 1.203354
v 4.333276 0.191252 1.209451
v 3.898903 0.167694 2.197088
v 4.310522 0.167695 1.203354
v 4.287768 0.167695 1.197256
v 3.878503 0.167694 2.185309
v 4.287768 0.191252 1.197256
v 4.265013 0.191252 1.191159
v 3.858101 0.167694 2.173531
v 4.265013 0.167695 1.191159
v 3.837700 0.167694 2.161752
v 4.242258 0.167695 1.185062
v 4.242258 0.191252 1.185062
v 4.219503 0.191252 1.178965
v 3.796897 0.167694 2.138195
v 4.219503 0.167695 1.178965
v 3.817298 0.167694 2.149974
v 4.196749 0.167695 1.172868
v 3.756095 0.167694 2.114638
v 4.173995 0.167695 1.166771
v 3.776497 0.167694 2.126417
v 4.151240 0.167695 1.160674
v 3.735694 0.167694 2.102859
v 4.105731 0.167695 1.148480
v 4.128485 0.167695 1.154577
v 3.715292 0.167694 2.091081
v 4.082976 0.191252 1.142383
v 4.105731 0.191252 1.148480
v 3.694891 0.167694 2.079302
v 3.694891 0.191252 2.079302
v 4.082976 0.167695 1.142383
v 3.674491 0.167694 2.067523
v 4.060222 0.167695 1.136286
v 4.128485 0.191252 1.154577
v 4.196749 0.191252 1.172868
v 4.151240 0.191252 1.160674
v 4.173995 0.191252 1.166771
v 3.776497 0.191252 2.126417
v 3.796898 0.191252 2.138195
v 3.668217 0.026351 0.982889
v 3.668217 0.191252 0.982889
v 4.123317 -0.044321 2.326653
v 3.347319 0.167694 3.281251
v 4.035803 0.002793 2.384002
v 3.347319 0.002793 3.281251
v 4.035803 0.167694 2.384002
v 3.247374 0.167694 3.181306
v 3.913395 0.167694 2.313331
v 3.247374 0.191252 3.181306
v 3.230717 0.191252 3.164649
v 3.913395 0.191252 2.313331
v 3.285322 0.191251 3.285315
v 3.364262 0.191252 3.364254
v 3.397291 0.191252 3.331224
v 3.214060 0.191252 3.147991
v 3.197402 0.191252 3.131334
v 3.180743 0.191252 3.114676
v 3.164086 0.191252 3.098019
v 3.147429 0.191252 3.081361
v 3.130771 0.191252 3.064704
v 3.080799 0.191252 3.014731
v 3.064142 0.191252 2.998074
v 3.047484 0.191252 2.981416
v 3.014169 0.191252 2.948101
v 2.997512 0.191252 2.931443
v 2.685322 0.191252 2.685314
v 2.718351 0.191252 2.652284
v 2.751667 0.167694 2.685599
v 2.718351 0.026351 2.652284
v 2.751667 -0.044321 2.685599
v 2.718637 -0.044321 2.718628
v 2.685322 0.026351 2.685314
v 3.306280 -0.044321 1.962813
v 3.306280 0.167694 1.962813
v 3.347083 0.167694 1.986370
v 2.784981 0.167694 2.718914
v 3.347083 0.144137 1.986370
v 2.784981 0.144137 2.718914
v 3.505371 0.144137 2.077758
v 3.505371 0.167694 2.077758
v 2.914224 0.144137 2.848156
v 2.914224 0.167694 2.848156
v 2.997512 0.167694 2.931443
v 3.607377 0.191252 2.136651
v 3.607377 0.167694 2.136651
v 3.329636 -0.044321 1.922359
v 3.265478 0.026351 1.939255
v 3.265478 0.191252 1.939255
v 4.023681 0.191252 2.323067
v 4.097006 0.191252 2.419339
v 4.120362 0.191252 2.378885
v 4.097006 0.002793 2.419339
v 4.120362 -0.044321 2.378885
v 4.084885 -0.044321 2.358403
v 4.097006 -0.044321 2.419339
v 4.076605 -0.044321 2.407560
v 3.995000 0.191252 2.360445
v 4.076605 0.002793 2.407560
v 3.380634 0.002793 3.314566
v 3.314004 0.191252 3.247936
v 3.335295 -0.044321 3.335287
v 3.335295 -0.067879 3.335287
v 3.378317 -0.067879 3.279220
v 3.667068 -0.067879 2.902913
v 3.753112 -0.067879 2.790777
v 4.041863 -0.067878 2.414470
v 4.084885 -0.067878 2.358403
v 4.041863 -0.114993 2.414470
v 4.084885 -0.114993 2.358403
v 4.064484 -0.114993 2.346624
v 4.023334 -0.114993 2.400252
v 3.985955 -0.067878 2.371571
v 3.697205 -0.067879 2.747878
v 3.985955 -0.114993 2.371571
v 3.697205 -0.114993 2.747878
v 3.771802 -0.067879 2.805118
v 3.771802 -0.114993 2.805118
v 3.734584 -0.114993 2.776559
v 3.648539 -0.114993 2.888695
v 3.360408 -0.114993 3.264193
v 3.324281 -0.114993 3.233881
v 3.611160 -0.114993 2.860013
v 3.324281 -0.067879 3.233881
v 3.611160 -0.067879 2.860013
v 3.378317 -0.114993 3.279220
v 3.335294 -0.114993 3.335287
v 3.318637 -0.114993 3.318630
v 4.064484 -0.138550 2.346624
v 3.318637 -0.138550 3.318630
v 3.900468 -0.138550 2.521678
v 4.023329 -0.138550 2.322864
v 3.881778 -0.138550 2.507337
v 3.814423 -0.138550 2.633813
v 3.445276 -0.138550 3.114895
v 3.531320 -0.138550 3.002759
v 3.285035 -0.138550 3.285027
v 3.900468 -0.209222 2.521678
v 3.814423 -0.209222 2.633813
v 3.881778 -0.209222 2.507337
v 4.023329 -0.232780 2.322864
v 3.426586 -0.209222 3.100554
v 3.285035 -0.232780 3.285027
v 3.426586 -0.138550 3.100554
v 3.531320 -0.209222 3.002759
v 3.445276 -0.209222 3.114895
v 3.512631 -0.138550 2.988419
v 3.512631 -0.209222 2.988419
v 3.795734 -0.209222 2.619472
v 3.795734 -0.138550 2.619472
v 3.749651 -0.232780 2.569388
v 3.452327 -0.232780 2.956869
v 3.920443 -0.232780 2.263462
v 3.705332 -0.232780 2.543801
v 3.920444 -0.256337 2.263462
v 3.705332 -0.256337 2.543801
v 3.222737 -0.256337 2.265174
v 3.749651 -0.279894 2.569388
v 3.452326 -0.279894 2.956869
v 2.922158 -0.279894 2.426700
v 3.100330 -0.279894 2.194502
v 3.100330 -0.232779 2.194502
v 3.119851 -0.232779 2.205772
v 2.922158 -0.232780 2.426700
v 2.938096 -0.232780 2.442639
v 3.022103 -0.256337 2.526645
v 2.806992 -0.256337 2.806983
v 3.416140 -0.256337 2.920682
v 3.201029 -0.256337 3.201021
v 3.201029 -0.232780 3.201021
v 3.416140 -0.232780 2.920682
v 3.022103 -0.232780 2.526645
v 2.806992 -0.232780 2.806983
v 2.722985 -0.232780 2.722977
v 2.969260 -0.232780 2.473801
v 3.158017 -0.232779 2.227808
v 3.222737 -0.232780 2.265174
v 3.437848 -0.232779 1.984836
v 3.334961 -0.232779 1.925434
v 3.334961 -0.185665 1.925434
v 2.722985 -0.185665 2.722977
v 3.391030 -0.185665 1.968456
v 2.779053 -0.185665 2.766000
v 3.391030 -0.091436 1.968456
v 2.779053 -0.091436 2.766000
v 2.722985 -0.091436 2.722977
v 3.334961 -0.091436 1.925434
v 3.334961 -0.044321 1.925434
v 2.722985 -0.044321 2.722977
v 2.766007 -0.091436 2.779045
v 2.766007 -0.185665 2.779045
v 3.437848 -0.256337 1.984836
v 3.685757 -0.114993 2.917253
v 3.685757 -0.067879 2.917253
v 3.397291 -0.044321 3.331224
v 3.364262 -0.044321 3.364254
v 3.397291 0.002793 3.331224
v 3.892994 0.191252 2.301552
v 3.627779 0.191252 2.148430
v 3.892994 0.167694 2.301552
v 3.872593 0.167694 2.289774
v 3.230717 0.167694 3.164649
v 3.214059 0.167694 3.147991
v 3.852191 0.191252 2.277995
v 3.872593 0.191252 2.289774
v 3.197402 0.167694 3.131334
v 3.852191 0.167694 2.277995
v 3.831791 0.167694 2.266216
v 3.180743 0.167694 3.114676
v 3.831791 0.191252 2.266216
v 3.811389 0.191252 2.254438
v 3.164086 0.167694 3.098019
v 3.811389 0.167694 2.254438
v 3.147429 0.167694 3.081361
v 3.790988 0.167694 2.242659
v 3.790988 0.191252 2.242659
v 3.770587 0.191252 2.230880
v 3.114113 0.167694 3.048046
v 3.770587 0.167694 2.230880
v 3.130771 0.167694 3.064704
v 3.750185 0.167694 2.219102
v 3.080799 0.167694 3.014731
v 3.729785 0.167694 2.207323
v 3.097456 0.167694 3.031389
v 3.709383 0.167694 2.195544
v 3.064141 0.167694 2.998074
v 3.668581 0.167694 2.171987
v 3.688982 0.167694 2.183765
v 3.047484 0.167694 2.981416
v 3.648180 0.191252 2.160208
v 3.668581 0.191252 2.171987
v 3.030826 0.167694 2.964759
v 3.030826 0.191252 2.964759
v 3.648180 0.167694 2.160208
v 3.014169 0.167694 2.948101
v 3.627779 0.167694 2.148430
v 3.688982 0.191252 2.183765
v 3.750186 0.191252 2.219102
v 3.709383 0.191252 2.195544
v 3.729785 0.191252 2.207323
v 3.097456 0.191252 3.031389
v 3.114114 0.191252 3.048046
v 3.288834 0.026351 1.898802
v 3.288834 0.191252 1.898802
v 3.380634 -0.044321 3.314566
v 3.281260 0.167695 -3.347324
v 2.384011 0.002794 -4.035807
v 3.281260 0.002794 -3.347324
v 2.384011 0.167695 -4.035807
v 3.181314 0.167695 -3.247378
v 2.313339 0.167695 -3.913401
v 3.181314 0.191253 -3.247378
v 3.164657 0.191253 -3.230721
v 2.313339 0.191253 -3.913401
v 3.285323 0.191253 -3.285327
v 3.364262 0.191253 -3.364266
v 3.331233 0.191253 -3.397296
v 3.148000 0.191253 -3.214063
v 3.131342 0.191253 -3.197406
v 3.114685 0.191253 -3.180749
v 3.098027 0.191253 -3.164091
v 3.081370 0.191253 -3.147434
v 3.064712 0.191253 -3.130776
v 3.014740 0.191253 -3.080804
v 2.998082 0.191253 -3.064146
v 2.981425 0.191253 -3.047489
v 2.948109 0.191253 -3.014174
v 2.931452 0.191253 -2.997516
v 2.685322 0.191253 -2.685327
v 2.652292 0.191253 -2.718357
v 2.685607 0.167695 -2.751671
v 2.652292 0.026351 -2.718357
v 2.685607 -0.044320 -2.751671
v 2.718637 -0.044320 -2.718642
v 2.685322 0.026351 -2.685327
v 1.962821 -0.044320 -3.306285
v 1.962821 0.167695 -3.306285
v 1.986378 0.167695 -3.347087
v 2.718922 0.167695 -2.784986
v 1.986378 0.144138 -3.347087
v 2.718922 0.144138 -2.784986
v 2.077766 0.144138 -3.505376
v 2.077766 0.167695 -3.505376
v 2.848164 0.144138 -2.914228
v 2.848164 0.167695 -2.914228
v 2.931452 0.167695 -2.997516
v 2.136660 0.191253 -3.607383
v 2.136660 0.167695 -3.607383
v 1.922367 -0.044320 -3.329641
v 1.939264 0.026352 -3.265482
v 1.939264 0.191253 -3.265482
v 2.323075 0.191253 -4.023687
v 2.419347 0.191253 -4.097011
v 2.378894 0.191253 -4.120366
v 2.419347 0.002794 -4.097011
v 2.378894 -0.044320 -4.120366
v 2.358411 -0.044320 -4.084890
v 2.419347 -0.044320 -4.097011
v 2.407568 -0.044320 -4.076610
v 2.360454 0.191253 -3.995004
v 2.407568 0.002794 -4.076610
v 3.314574 0.002794 -3.380639
v 3.247944 0.191253 -3.314008
v 3.335295 -0.044320 -3.335299
v 3.335295 -0.067878 -3.335299
v 3.279228 -0.067878 -3.378321
v 2.902921 -0.067878 -3.667072
v 2.790786 -0.067877 -3.753117
v 2.414479 -0.067877 -4.041868
v 2.358412 -0.067877 -4.084890
v 2.414479 -0.114992 -4.041868
v 2.358411 -0.114992 -4.084890
v 2.346633 -0.114992 -4.064489
v 2.400261 -0.114992 -4.023338
v 2.371579 -0.067877 -3.985960
v 2.747886 -0.067877 -3.697209
v 2.371579 -0.114992 -3.985960
v 2.747886 -0.114992 -3.697209
v 2.805126 -0.067877 -3.771806
v 2.805126 -0.114992 -3.771806
v 2.776567 -0.114992 -3.734588
v 2.888703 -0.114992 -3.648544
v 3.264201 -0.114992 -3.360413
v 3.233888 -0.114992 -3.324286
v 2.860022 -0.114992 -3.611165
v 3.233888 -0.067878 -3.324286
v 2.860022 -0.067878 -3.611165
v 3.279228 -0.114992 -3.378321
v 3.335295 -0.114992 -3.335299
v 3.318638 -0.114992 -3.318642
v 2.346633 -0.138549 -4.064489
v 3.318638 -0.138549 -3.318642
v 2.521686 -0.138549 -3.900472
v 2.322872 -0.138549 -4.023335
v 2.507345 -0.138549 -3.881783
v 2.633821 -0.138549 -3.814428
v 3.114903 -0.138549 -3.445280
v 3.002767 -0.138549 -3.531325
v 3.285036 -0.138549 -3.285039
v 2.521686 -0.209221 -3.900472
v 2.633821 -0.209221 -3.814428
v 2.507345 -0.209221 -3.881783
v 2.322872 -0.232778 -4.023335
v 3.100562 -0.209221 -3.426591
v 3.285036 -0.232779 -3.285039
v 3.100562 -0.138549 -3.426591
v 3.002768 -0.209221 -3.531325
v 3.114903 -0.209221 -3.445280
v 2.988427 -0.138549 -3.512635
v 2.988427 -0.209221 -3.512635
v 2.619481 -0.209221 -3.795738
v 2.619481 -0.138549 -3.795738
v 2.569397 -0.232779 -3.749656
v 2.956877 -0.232779 -3.452332
v 2.263471 -0.232778 -3.920448
v 2.543809 -0.232779 -3.705337
v 2.263471 -0.256336 -3.920448
v 2.543809 -0.256336 -3.705337
v 2.265182 -0.256336 -3.222741
v 2.569397 -0.279893 -3.749656
v 2.956877 -0.279893 -3.452332
v 2.426708 -0.279893 -2.922162
v 2.194510 -0.279893 -3.100334
v 2.194510 -0.232779 -3.100334
v 2.205781 -0.232779 -3.119855
v 2.426708 -0.232779 -2.922162
v 2.442647 -0.232779 -2.938102
v 2.526653 -0.256336 -3.022108
v 2.806992 -0.256336 -2.806996
v 2.920691 -0.256336 -3.416145
v 3.201029 -0.256336 -3.201034
v 3.201029 -0.232779 -3.201034
v 2.920691 -0.232779 -3.416145
v 2.526653 -0.232779 -3.022108
v 2.806992 -0.232779 -2.806996
v 2.722985 -0.232779 -2.722990
v 2.473809 -0.232779 -2.969264
v 2.227816 -0.232779 -3.158021
v 2.265182 -0.232779 -3.222741
v 1.984844 -0.232779 -3.437853
v 1.925442 -0.232779 -3.334967
v 1.925442 -0.185664 -3.334967
v 2.722985 -0.185664 -2.722990
v 1.968465 -0.185664 -3.391034
v 2.766008 -0.185664 -2.779058
v 1.968465 -0.091435 -3.391034
v 2.766008 -0.091435 -2.779058
v 2.722985 -0.091435 -2.722990
v 1.925442 -0.091435 -3.334967
v 1.925442 -0.044320 -3.334967
v 2.722985 -0.044320 -2.722990
v 2.779053 -0.091435 -2.766012
v 2.779053 -0.185664 -2.766012
v 1.984844 -0.256336 -3.437853
v 2.917261 -0.114992 -3.685762
v 2.917261 -0.067877 -3.685762
v 3.331233 -0.044320 -3.397296
v 3.364262 -0.044320 -3.364266
v 3.331232 0.002794 -3.397296
v 2.301561 0.191253 -3.892999
v 2.148439 0.191253 -3.627783
v 2.301561 0.167695 -3.892999
v 2.289782 0.167695 -3.872598
v 3.164657 0.167695 -3.230721
v 3.147999 0.167695 -3.214063
v 2.278003 0.191253 -3.852197
v 2.289782 0.191253 -3.872598
v 3.131342 0.167695 -3.197406
v 2.278003 0.167695 -3.852197
v 2.266224 0.167695 -3.831795
v 3.114685 0.167695 -3.180749
v 2.266225 0.191253 -3.831795
v 2.254446 0.191253 -3.811395
v 3.098027 0.167695 -3.164091
v 2.254446 0.167695 -3.811395
v 3.081369 0.167695 -3.147434
v 2.242667 0.167695 -3.790993
v 2.242667 0.191253 -3.790993
v 2.230889 0.191253 -3.770592
v 3.048055 0.167695 -3.114119
v 2.230889 0.167695 -3.770592
v 3.064712 0.167695 -3.130776
v 2.219110 0.167695 -3.750191
v 3.014739 0.167695 -3.080804
v 2.207331 0.167695 -3.729789
v 3.031397 0.167695 -3.097461
v 2.195553 0.167695 -3.709389
v 2.998082 0.167695 -3.064146
v 2.171995 0.167695 -3.668586
v 2.183774 0.167695 -3.688987
v 2.981425 0.167695 -3.047489
v 2.160217 0.191253 -3.648185
v 2.171995 0.191253 -3.668586
v 2.964767 0.167695 -3.030831
v 2.964767 0.191253 -3.030831
v 2.160217 0.167695 -3.648185
v 2.948108 0.167695 -3.014174
v 2.148438 0.167695 -3.627783
v 2.183774 0.191253 -3.688987
v 2.219110 0.191253 -3.750191
v 2.195553 0.191253 -3.709389
v 2.207331 0.191253 -3.729789
v 3.031397 0.191253 -3.097461
v 3.048055 0.191253 -3.114119
v 1.898810 0.026352 -3.288838
v 1.898810 0.191253 -3.288838
v 3.314574 -0.044320 -3.380639
v 2.384010 0.167694 4.035796
v 3.281260 0.002793 3.347312
v 2.384010 0.002793 4.035796
v 3.281260 0.167694 3.347312
v 2.313339 0.167694 3.913388
v 3.181315 0.167694 3.247367
v 2.313339 0.191251 3.913388
v 2.301560 0.191251 3.892987
v 3.181315 0.191252 3.247367
v 2.323075 0.191251 4.023675
v 2.378893 0.191251 4.120355
v 2.419347 0.191251 4.097000
v 2.289781 0.191251 3.872586
v 2.278003 0.191251 3.852185
v 2.266224 0.191251 3.831783
v 2.254445 0.191251 3.811383
v 2.242667 0.191251 3.790981
v 2.230889 0.191251 3.770580
v 2.195553 0.191251 3.709376
v 2.183774 0.191251 3.688975
v 2.171995 0.191251 3.668574
v 2.148438 0.191251 3.627771
v 2.136659 0.191252 3.607370
v 1.898810 0.191252 3.288826
v 1.939264 0.191252 3.265470
v 1.962820 0.167694 3.306273
v 1.939263 0.026351 3.265470
v 1.962820 -0.044321 3.306273
v 1.922367 -0.044321 3.329628
v 1.898810 0.026351 3.288826
v 2.685608 -0.044321 2.751659
v 2.685608 0.167694 2.751659
v 2.718922 0.167694 2.784974
v 1.986378 0.167694 3.347075
v 2.718923 0.144137 2.784974
v 1.986378 0.144137 3.347075
v 2.848165 0.144137 2.914217
v 2.848165 0.167694 2.914217
v 2.077766 0.144137 3.505364
v 2.077766 0.167694 3.505364
v 2.136659 0.167694 3.607370
v 2.931452 0.191252 2.997504
v 2.931452 0.167694 2.997504
v 2.718638 -0.044321 2.718629
v 2.652293 0.026351 2.718344
v 2.652293 0.191252 2.718344
v 3.285324 0.191252 3.285316
v 3.331233 0.191252 3.397285
v 3.364263 0.191252 3.364255
v 3.331233 0.002793 3.397285
v 3.364263 -0.044321 3.364255
v 3.335296 -0.044321 3.335288
v 3.331233 -0.044321 3.397285
v 3.314575 -0.044321 3.380627
v 3.247945 0.191252 3.313997
v 3.314575 0.002793 3.380627
v 2.407568 0.002793 4.076598
v 2.360453 0.191251 3.994993
v 2.358411 -0.044321 4.084878
v 2.358411 -0.067879 4.084878
v 2.414478 -0.067879 4.041856
v 2.790786 -0.067879 3.753106
v 2.902921 -0.067879 3.667061
v 3.279229 -0.067879 3.378310
v 3.335296 -0.067879 3.335288
v 3.279229 -0.114993 3.378310
v 3.335296 -0.114993 3.335288
v 3.318638 -0.114993 3.318631
v 3.265011 -0.114993 3.359781
v 3.236329 -0.067879 3.322403
v 2.860022 -0.067879 3.611153
v 3.236329 -0.114993 3.322403
v 2.860022 -0.114993 3.611153
v 2.917262 -0.067879 3.685750
v 2.917262 -0.114993 3.685750
v 2.888703 -0.114993 3.648532
v 2.776568 -0.114993 3.734576
v 2.401069 -0.114993 4.022707
v 2.374018 -0.114993 3.984076
v 2.747886 -0.114993 3.697198
v 2.374018 -0.067879 3.984076
v 2.747886 -0.067879 3.697198
v 2.414478 -0.114993 4.041856
v 2.358411 -0.114993 4.084878
v 2.346632 -0.114993 4.064477
v 3.318638 -0.138550 3.318631
v 2.346632 -0.138551 4.064477
v 3.114904 -0.138551 3.445269
v 3.285036 -0.138550 3.285028
v 3.100562 -0.138550 3.426579
v 3.002768 -0.138551 3.531313
v 2.521686 -0.138551 3.900460
v 2.633821 -0.138551 3.814416
v 2.322871 -0.138551 4.023323
v 3.114904 -0.209222 3.445269
v 3.002768 -0.209222 3.531313
v 3.100563 -0.209222 3.426579
v 3.285036 -0.232780 3.285028
v 2.507345 -0.209222 3.881772
v 2.322871 -0.232780 4.023323
v 2.507345 -0.138551 3.881772
v 2.633821 -0.209222 3.814416
v 2.521686 -0.209222 3.900460
v 2.619480 -0.138551 3.795727
v 2.619481 -0.209222 3.795727
v 2.988427 -0.209222 3.512624
v 2.988427 -0.138551 3.512624
v 2.956877 -0.232780 3.452320
v 2.569397 -0.232780 3.749644
v 3.201030 -0.232780 3.201022
v 2.920691 -0.232780 3.416133
v 3.201030 -0.256337 3.201022
v 2.920691 -0.256337 3.416133
v 2.526653 -0.256337 3.022095
v 2.956877 -0.279894 3.452320
v 2.569396 -0.279894 3.749644
v 2.194510 -0.279894 3.100322
v 2.426708 -0.279894 2.922150
v 2.426708 -0.232780 2.922150
v 2.442647 -0.232780 2.938089
v 2.194510 -0.232780 3.100322
v 2.205781 -0.232780 3.119843
v 2.265182 -0.256337 3.222729
v 1.984844 -0.256337 3.437840
v 2.543809 -0.256337 3.705325
v 2.263470 -0.256337 3.920436
v 2.263470 -0.232780 3.920436
v 2.543809 -0.232780 3.705325
v 2.265182 -0.232780 3.222729
v 1.984844 -0.232780 3.437840
v 1.925442 -0.232780 3.334954
v 2.227816 -0.232780 3.158009
v 2.473810 -0.232780 2.969251
v 2.526653 -0.232780 3.022095
v 2.806993 -0.232780 2.806984
v 2.722986 -0.232780 2.722978
v 2.722986 -0.185665 2.722978
v 1.925442 -0.185665 3.334954
v 2.766008 -0.185665 2.779045
v 1.968465 -0.185665 3.391022
v 2.766009 -0.091436 2.779045
v 1.968465 -0.091436 3.391022
v 1.925442 -0.091436 3.334954
v 2.722986 -0.091436 2.722978
v 2.722986 -0.044321 2.722978
v 1.925442 -0.044321 3.334954
v 1.952487 -0.091436 3.400247
v 1.952487 -0.185665 3.400247
v 2.806993 -0.256337 2.806984
v 2.805126 -0.114993 3.771795
v 2.805126 -0.067879 3.771795
v 2.419346 -0.044321 4.097000
v 2.378893 -0.044321 4.120355
v 2.419346 0.002793 4.097000
v 3.164658 0.191252 3.230710
v 2.948110 0.191252 3.014162
v 3.164657 0.167694 3.230710
v 3.148000 0.167694 3.214052
v 2.301560 0.167694 3.892987
v 2.289781 0.167694 3.872586
v 3.131343 0.191252 3.197394
v 3.148000 0.191252 3.214052
v 2.278003 0.167694 3.852185
v 3.131342 0.167694 3.197394
v 3.114685 0.167694 3.180737
v 2.266224 0.167694 3.831783
v 3.114685 0.191252 3.180737
v 3.098028 0.191252 3.164079
v 2.254445 0.167694 3.811383
v 3.098028 0.167694 3.164079
v 2.242666 0.167694 3.790981
v 3.081370 0.167694 3.147422
v 3.081371 0.191252 3.147422
v 3.064713 0.191252 3.130764
v 2.219110 0.167694 3.750179
v 3.064713 0.167694 3.130764
v 2.230888 0.167694 3.770580
v 3.048055 0.167694 3.114107
v 2.195552 0.167694 3.709376
v 3.031398 0.167694 3.097450
v 2.207331 0.167694 3.729778
v 3.014740 0.167694 3.080792
v 2.183774 0.167694 3.688975
v 2.981425 0.167694 3.047477
v 2.998083 0.167694 3.064134
v 2.171995 0.167694 3.668574
v 2.964767 0.191252 3.030819
v 2.981425 0.191252 3.047477
v 2.160217 0.167694 3.648173
v 2.160217 0.191251 3.648173
v 2.964767 0.167694 3.030819
v 2.148438 0.167694 3.627771
v 2.948110 0.167694 3.014162
v 2.998083 0.191252 3.064134
v 3.048055 0.191252 3.114107
v 3.014740 0.191252 3.080792
v 3.031398 0.191252 3.097450
v 2.207331 0.191251 3.729778
v 2.219110 0.191251 3.750179
v 2.685323 0.026351 2.685314
v 2.685323 0.191252 2.685314
v 2.407568 -0.044321 4.076598
v 1.258236 0.167694 4.515305
v 2.303104 0.002793 4.082506
v 1.258236 0.002793 4.515305
v 2.303104 0.167694 4.082506
v 1.221653 0.167694 4.378778
v 2.232432 0.167694 3.960099
v 1.221653 0.191251 4.378778
v 1.215556 0.191251 4.356023
v 2.232433 0.191251 3.960099
v 1.202513 0.191251 4.487826
v 1.231407 0.191251 4.595658
v 1.276527 0.191251 4.583569
v 1.209459 0.191251 4.333268
v 1.203362 0.191251 4.310514
v 1.197265 0.191251 4.287759
v 1.191168 0.191251 4.265005
v 1.185071 0.191251 4.242250
v 1.178974 0.191251 4.219495
v 1.160683 0.191251 4.151232
v 1.154585 0.191251 4.128477
v 1.148488 0.191251 4.105722
v 1.136294 0.191251 4.060214
v 1.130197 0.191251 4.037459
v 0.982898 0.191251 3.668209
v 1.028017 0.191251 3.656119
v 1.040212 0.167694 3.701629
v 1.028017 0.026350 3.656119
v 1.040212 -0.044321 3.701629
v 0.995092 -0.044321 3.713718
v 0.982898 0.026350 3.668209
v 1.881914 -0.044321 3.352984
v 1.881914 0.167694 3.352984
v 1.905471 0.167694 3.393786
v 1.052406 0.167694 3.747138
v 1.905471 0.144137 3.393786
v 1.052406 0.144137 3.747138
v 1.996859 0.144137 3.552075
v 1.996859 0.167694 3.552075
v 1.099712 0.144137 3.923686
v 1.099712 0.167694 3.923686
v 1.130197 0.167694 4.037459
v 2.055753 0.191251 3.654081
v 2.055753 0.167694 3.654081
v 1.922367 -0.044321 3.329628
v 1.858357 0.026350 3.312181
v 1.858357 0.191252 3.312181
v 2.323075 0.191251 4.023674
v 2.338440 0.191251 4.143710
v 2.378893 0.191251 4.120354
v 2.338440 0.002793 4.143710
v 2.378893 -0.044321 4.120354
v 2.358411 -0.044321 4.084877
v 2.338440 -0.044322 4.143710
v 2.326661 -0.044321 4.123309
v 2.279547 0.191251 4.041704
v 2.326661 0.002793 4.123309
v 1.270430 0.002793 4.560814
v 1.246041 0.191251 4.469796
v 1.220805 -0.044322 4.556090
v 1.220805 -0.067879 4.556090
v 1.286097 -0.067879 4.529045
v 1.724316 -0.067879 4.347528
v 1.854900 -0.067879 4.293438
v 2.293119 -0.067879 4.111923
v 2.358411 -0.067879 4.084877
v 2.293119 -0.114993 4.111923
v 2.358411 -0.114993 4.084877
v 2.346632 -0.114993 4.064476
v 2.284181 -0.114993 4.090344
v 2.266151 -0.067879 4.046816
v 1.827932 -0.067879 4.228333
v 2.266151 -0.114993 4.046816
v 1.827932 -0.114993 4.228333
v 1.863915 -0.067879 4.315203
v 1.863915 -0.114993 4.315203
v 1.845962 -0.114993 4.271861
v 1.715378 -0.114993 4.325951
v 1.278101 -0.114993 4.507077
v 1.261970 -0.114993 4.462762
v 1.697348 -0.114993 4.282422
v 1.261970 -0.067879 4.462762
v 1.697348 -0.067879 4.282422
v 1.286097 -0.114993 4.529045
v 1.220805 -0.114993 4.556090
v 1.214708 -0.114993 4.533335
v 2.346632 -0.138551 4.064476
v 1.214708 -0.138551 4.533335
v 2.117063 -0.138551 4.134069
v 2.322871 -0.138551 4.023322
v 2.108048 -0.138551 4.112305
v 1.986478 -0.138551 4.188159
v 1.426247 -0.138551 4.420215
v 1.556832 -0.138551 4.366125
v 1.202408 -0.138551 4.487433
v 2.117063 -0.209222 4.134069
v 1.986478 -0.209223 4.188159
v 2.108048 -0.209222 4.112305
v 2.322871 -0.232780 4.023322
v 1.417232 -0.209223 4.398450
v 1.202408 -0.232780 4.487433
v 1.417232 -0.138551 4.398450
v 1.556832 -0.209223 4.366125
v 1.426247 -0.209223 4.420215
v 1.547817 -0.138551 4.344360
v 1.547817 -0.209223 4.344360
v 1.977464 -0.209223 4.166395
v 1.977464 -0.138551 4.166395
v 1.962597 -0.232780 4.099979
v 1.511366 -0.232780 4.286885
v 2.263471 -0.232780 3.920436
v 1.937009 -0.232780 4.055660
v 2.263471 -0.256337 3.920436
v 1.937009 -0.256337 4.055660
v 1.658382 -0.256337 3.573065
v 1.962597 -0.279894 4.099979
v 1.511366 -0.279894 4.286885
v 1.317311 -0.279894 3.562661
v 1.587711 -0.279894 3.450658
v 1.587711 -0.232780 3.450658
v 1.598981 -0.232780 3.470179
v 1.317311 -0.232780 3.562661
v 1.323145 -0.232780 3.584434
v 1.353893 -0.256337 3.699188
v 1.027432 -0.256337 3.834413
v 1.498121 -0.256337 4.237454
v 1.171660 -0.256337 4.372679
v 1.171660 -0.232780 4.372679
v 1.498121 -0.232780 4.237454
v 1.353893 -0.232780 3.699188
v 1.027432 -0.232780 3.834413
v 0.996684 -0.232780 3.719658
v 1.334551 -0.232780 3.627002
v 1.621016 -0.232780 3.508345
v 1.658382 -0.232780 3.573065
v 1.984844 -0.232780 3.437840
v 1.925442 -0.232780 3.334954
v 1.925442 -0.185665 3.334954
v 0.996684 -0.185665 3.719658
v 1.952487 -0.185665 3.400246
v 1.023728 -0.185665 3.784951
v 1.952488 -0.091436 3.400246
v 1.023728 -0.091436 3.784951
v 0.996684 -0.091436 3.719658
v 1.925442 -0.091436 3.334954
v 1.925442 -0.044321 3.334954
v 0.996684 -0.044321 3.719658
v 1.005908 -0.091436 3.789726
v 1.005908 -0.185665 3.789726
v 1.984844 -0.256337 3.437840
v 1.733331 -0.114993 4.369293
v 1.733331 -0.067879 4.369293
v 1.276527 -0.044322 4.583569
v 1.231407 -0.044322 4.595658
v 1.276527 0.002793 4.583569
v 2.220654 0.191251 3.939698
v 2.067532 0.191251 3.674482
v 2.220654 0.167694 3.939698
v 2.208875 0.167694 3.919297
v 1.215556 0.167694 4.356023
v 1.209459 0.167694 4.333268
v 2.197097 0.191251 3.898896
v 2.208875 0.191251 3.919297
v 1.203362 0.167694 4.310514
v 2.197096 0.167694 3.898896
v 2.185318 0.167694 3.878494
v 1.197265 0.167694 4.287759
v 2.185318 0.191251 3.878494
v 2.173539 0.191251 3.858093
v 1.191168 0.167694 4.265005
v 2.173539 0.167694 3.858093
v 1.185071 0.167694 4.242250
v 2.161760 0.167694 3.837692
v 2.161760 0.191251 3.837692
v 2.149981 0.191251 3.817291
v 1.172877 0.167694 4.196741
v 2.149981 0.167694 3.817291
v 1.178974 0.167694 4.219495
v 2.138203 0.167694 3.796890
v 1.160683 0.167694 4.151232
v 2.126424 0.167694 3.776488
v 1.166780 0.167694 4.173986
v 2.114646 0.167694 3.756087
v 1.154585 0.167694 4.128477
v 2.091088 0.167694 3.715285
v 2.102867 0.167694 3.735686
v 1.148488 0.167694 4.105722
v 2.079310 0.191251 3.694884
v 2.091089 0.191251 3.715285
v 1.142391 0.167694 4.082968
v 1.142391 0.191251 4.082968
v 2.079310 0.167694 3.694884
v 1.136294 0.167694 4.060214
v 2.067532 0.167694 3.674482
v 2.102867 0.191251 3.735686
v 2.138204 0.191251 3.796890
v 2.114646 0.191251 3.756087
v 2.126425 0.191251 3.776488
v 1.166780 0.191251 4.173986
v 1.172877 0.191251 4.196741
v 1.898811 0.026350 3.288826
v 1.898811 0.191252 3.288826
v 1.270430 -0.044322 4.560814
v 4.687113 0.167695 -0.046717
v 4.539494 0.002794 -1.168000
v 4.687113 0.002794 -0.046717
v 4.539493 0.167695 -1.168000
v 4.545768 0.167695 -0.046717
v 4.402966 0.167695 -1.131418
v 4.545768 0.191252 -0.046717
v 4.522212 0.191252 -0.046717
v 4.402966 0.191252 -1.131418
v 4.646147 0.191252 -0.000006
v 4.757784 0.191252 -0.000006
v 4.757784 0.191252 -0.046717
v 4.498654 0.191252 -0.046717
v 4.475097 0.191252 -0.046717
v 4.451540 0.191252 -0.046717
v 4.427982 0.191252 -0.046717
v 4.404425 0.191252 -0.046717
v 4.380867 0.191252 -0.046717
v 4.310195 0.191252 -0.046717
v 4.286639 0.191252 -0.046717
v 4.263082 0.191252 -0.046717
v 4.215967 0.191252 -0.046717
v 4.192409 0.191252 -0.046717
v 3.797618 0.191252 -0.000006
v 3.797618 0.191252 -0.046718
v 3.844732 0.167695 -0.046717
v 3.797617 0.026351 -0.046718
v 3.844732 -0.044321 -0.046717
v 3.844732 -0.044321 -0.000006
v 3.797617 0.026351 -0.000006
v 3.725817 -0.044321 -0.949976
v 3.725816 0.167695 -0.949976
v 3.771325 0.167695 -0.962171
v 3.891847 0.167695 -0.046718
v 3.771325 0.144138 -0.962171
v 3.891847 0.144137 -0.046718
v 3.947874 0.144138 -1.009477
v 3.947874 0.167695 -1.009477
v 4.074622 0.144137 -0.046717
v 4.074622 0.167695 -0.046717
v 4.192409 0.167695 -0.046717
v 4.061646 0.191252 -1.039961
v 4.061646 0.167695 -1.039961
v 3.713727 -0.044321 -0.995096
v 3.680306 0.026351 -0.937782
v 3.680307 0.191252 -0.937782
v 4.487834 0.191252 -1.202517
v 4.607757 0.191252 -1.186291
v 4.595667 0.191252 -1.231411
v 4.607757 0.002794 -1.186291
v 4.595667 -0.044321 -1.231411
v 4.556098 -0.044321 -1.220808
v 4.607757 -0.044321 -1.186291
v 4.585002 -0.044321 -1.180194
v 4.493984 0.191252 -1.155806
v 4.585002 0.002794 -1.180194
v 4.734227 0.002794 -0.046717
v 4.639997 0.191252 -0.046717
v 4.716819 -0.044321 -0.000006
v 4.716819 -0.067878 -0.000006
v 4.707595 -0.067878 -0.070073
v 4.645684 -0.067878 -0.540340
v 4.627234 -0.067878 -0.680475
v 4.565323 -0.067878 -1.150742
v 4.556098 -0.067878 -1.220808
v 4.565323 -0.114993 -1.150742
v 4.556098 -0.114992 -1.220808
v 4.533343 -0.114992 -1.214711
v 4.542168 -0.114993 -1.147693
v 4.495456 -0.067878 -1.141543
v 4.557367 -0.067878 -0.671276
v 4.495456 -0.114993 -1.141543
v 4.557367 -0.114993 -0.671276
v 4.650590 -0.067878 -0.683550
v 4.650590 -0.114993 -0.683550
v 4.604078 -0.114993 -0.677426
v 4.622528 -0.114993 -0.537292
v 4.684306 -0.114993 -0.068035
v 4.637326 -0.114993 -0.063924
v 4.575816 -0.114993 -0.531141
v 4.637326 -0.067878 -0.063924
v 4.575816 -0.067878 -0.531141
v 4.707595 -0.114993 -0.070073
v 4.716819 -0.114993 -0.000006
v 4.693263 -0.114993 -0.000005
v 4.533343 -0.138550 -1.214711
v 4.693263 -0.138550 -0.000006
v 4.541149 -0.138550 -0.974953
v 4.487441 -0.138550 -1.202412
v 4.517792 -0.138550 -0.971878
v 4.559597 -0.138550 -0.834818
v 4.638747 -0.138550 -0.233615
v 4.620298 -0.138550 -0.373749
v 4.645740 -0.138550 -0.000006
v 4.541149 -0.209222 -0.974953
v 4.559597 -0.209222 -0.834818
v 4.517792 -0.209222 -0.971878
v 4.487441 -0.232779 -1.202412
v 4.615392 -0.209222 -0.230540
v 4.645741 -0.232779 -0.000006
v 4.615391 -0.138550 -0.230540
v 4.620298 -0.209222 -0.373749
v 4.638747 -0.209222 -0.233615
v 4.596941 -0.138550 -0.370674
v 4.596941 -0.209222 -0.370674
v 4.536242 -0.209222 -0.831743
v 4.536241 -0.138550 -0.831743
v 4.468241 -0.232779 -0.834573
v 4.531991 -0.232779 -0.350342
v 4.372688 -0.232779 -1.171663
v 4.418810 -0.232779 -0.821328
v 4.372688 -0.256336 -1.171663
v 4.418810 -0.256336 -0.821328
v 3.880544 -0.256336 -0.677100
v 4.468241 -0.279894 -0.834573
v 4.531991 -0.279894 -0.350342
v 3.782218 -0.279894 -0.350343
v 3.744017 -0.279894 -0.640517
v 3.744017 -0.232779 -0.640517
v 3.765790 -0.232779 -0.646352
v 3.782218 -0.232779 -0.350343
v 3.804760 -0.232779 -0.350343
v 3.923562 -0.256336 -0.350342
v 3.969685 -0.256336 -0.000006
v 4.480816 -0.256336 -0.350342
v 4.526938 -0.256336 -0.000006
v 4.526938 -0.232779 -0.000006
v 4.480816 -0.232779 -0.350342
v 3.923562 -0.232779 -0.350342
v 3.969685 -0.232779 -0.000006
v 3.850882 -0.232779 -0.000006
v 3.848830 -0.232779 -0.350343
v 3.808358 -0.232779 -0.657758
v 3.880544 -0.232779 -0.677100
v 3.834422 -0.232779 -1.027436
v 3.719667 -0.232779 -0.996688
v 3.719667 -0.185664 -0.996688
v 3.850882 -0.185665 -0.000006
v 3.789733 -0.185664 -1.005912
v 3.920949 -0.185665 -0.009231
v 3.789733 -0.091435 -1.005912
v 3.920949 -0.091435 -0.009231
v 3.850882 -0.091435 -0.000006
v 3.719667 -0.091435 -0.996688
v 3.719667 -0.044321 -0.996688
v 3.850882 -0.044321 -0.000006
v 3.920949 -0.091435 0.009219
v 3.920949 -0.185665 0.009219
v 3.834422 -0.256336 -1.027436
v 4.669039 -0.114993 -0.543414
v 4.669039 -0.067878 -0.543414
v 4.757784 -0.044321 -0.046717
v 4.757784 -0.044321 -0.000006
v 4.757784 0.002794 -0.046717
v 4.380211 0.191252 -1.125320
v 4.084402 0.191252 -1.046059
v 4.380211 0.167695 -1.125320
v 4.357457 0.167695 -1.119223
v 4.522212 0.167695 -0.046717
v 4.498654 0.167695 -0.046717
v 4.334702 0.191252 -1.113126
v 4.357457 0.191252 -1.119223
v 4.475097 0.167695 -0.046717
v 4.334702 0.167695 -1.113126
v 4.311947 0.167695 -1.107029
v 4.451540 0.167695 -0.046717
v 4.311947 0.191252 -1.107029
v 4.289192 0.191252 -1.100932
v 4.427982 0.167695 -0.046717
v 4.289192 0.167695 -1.100932
v 4.404425 0.167695 -0.046717
v 4.266438 0.167695 -1.094835
v 4.266438 0.191252 -1.094835
v 4.243684 0.191252 -1.088739
v 4.357311 0.167695 -0.046717
v 4.243684 0.167695 -1.088739
v 4.380867 0.167695 -0.046717
v 4.220930 0.167695 -1.082641
v 4.310195 0.167695 -0.046717
v 4.198174 0.167695 -1.076544
v 4.333753 0.167695 -0.046717
v 4.175419 0.167695 -1.070447
v 4.286639 0.167695 -0.046717
v 4.129911 0.167695 -1.058253
v 4.152665 0.167695 -1.064350
v 4.263082 0.167695 -0.046717
v 4.107157 0.191252 -1.052156
v 4.129911 0.191252 -1.058253
v 4.239524 0.167695 -0.046717
v 4.239524 0.191252 -0.046717
v 4.107157 0.167695 -1.052156
v 4.215967 0.167695 -0.046717
v 4.084402 0.167695 -1.046059
v 4.152665 0.191252 -1.064350
v 4.220930 0.191252 -1.082641
v 4.175419 0.191252 -1.070447
v 4.198174 0.191252 -1.076544
v 4.333753 0.191252 -0.046717
v 4.357311 0.191252 -0.046717
v 3.668217 0.026351 -0.982902
v 3.668217 0.191252 -0.982902
v 4.734226 -0.044321 -0.046717
v -0.046710 0.167695 -4.687117
v -1.167992 0.002794 -4.539498
v -0.046710 0.002795 -4.687117
v -1.167992 0.167695 -4.539498
v -0.046710 0.167695 -4.545774
v -1.131410 0.167695 -4.402971
v -0.046710 0.191253 -4.545774
v -0.046710 0.191253 -4.522216
v -1.131410 0.191253 -4.402971
v 0.000002 0.191253 -4.646153
v 0.000002 0.191253 -4.757790
v -0.046710 0.191253 -4.757790
v -0.046710 0.191253 -4.498660
v -0.046710 0.191253 -4.475102
v -0.046710 0.191253 -4.451544
v -0.046710 0.191253 -4.427988
v -0.046710 0.191253 -4.404430
v -0.046710 0.191253 -4.380873
v -0.046710 0.191253 -4.310201
v -0.046710 0.191253 -4.286643
v -0.046710 0.191253 -4.263086
v -0.046710 0.191253 -4.215972
v -0.046710 0.191253 -4.192414
v 0.000002 0.191253 -3.797623
v -0.046710 0.191253 -3.797623
v -0.046710 0.167695 -3.844737
v -0.046710 0.026352 -3.797623
v -0.046710 -0.044320 -3.844737
v 0.000002 -0.044320 -3.844737
v 0.000002 0.026352 -3.797623
v -0.949968 -0.044320 -3.725821
v -0.949968 0.167695 -3.725821
v -0.962162 0.167695 -3.771331
v -0.046710 0.167695 -3.891852
v -0.962162 0.144138 -3.771331
v -0.046710 0.144138 -3.891852
v -1.009468 0.144138 -3.947879
v -1.009468 0.167695 -3.947879
v -0.046710 0.144138 -4.074628
v -0.046710 0.167695 -4.074628
v -0.046710 0.167695 -4.192414
v -1.039953 0.191253 -4.061652
v -1.039953 0.167695 -4.061652
v -0.995088 -0.044320 -3.713731
v -0.937774 0.026352 -3.680312
v -0.937774 0.191253 -3.680312
v -1.202509 0.191253 -4.487839
v -1.186283 0.191253 -4.607762
v -1.231403 0.191253 -4.595672
v -1.186283 0.002794 -4.607762
v -1.231403 -0.044320 -4.595672
v -1.220801 -0.044320 -4.556103
v -1.186283 -0.044320 -4.607762
v -1.180186 -0.044320 -4.585007
v -1.155798 0.191253 -4.493989
v -1.180186 0.002794 -4.585007
v -0.046710 0.002795 -4.734231
v -0.046710 0.191253 -4.640003
v 0.000002 -0.044320 -4.716824
v 0.000002 -0.067877 -4.716824
v -0.070065 -0.067877 -4.707600
v -0.540332 -0.067877 -4.645688
v -0.680466 -0.067877 -4.627239
v -1.150733 -0.067877 -4.565328
v -1.220801 -0.067877 -4.556103
v -1.150733 -0.114992 -4.565328
v -1.220801 -0.114992 -4.556103
v -1.214703 -0.114992 -4.533349
v -1.147685 -0.114992 -4.542172
v -1.141535 -0.067877 -4.495461
v -0.671269 -0.067877 -4.557372
v -1.141535 -0.114992 -4.495461
v -0.671268 -0.114992 -4.557372
v -0.683541 -0.067877 -4.650595
v -0.683541 -0.114992 -4.650595
v -0.677418 -0.114992 -4.604084
v -0.537283 -0.114992 -4.622532
v -0.068027 -0.114992 -4.684310
v -0.063916 -0.114992 -4.637331
v -0.531134 -0.114992 -4.575821
v -0.063916 -0.067877 -4.637331
v -0.531134 -0.067877 -4.575821
v -0.070065 -0.114992 -4.707600
v 0.000002 -0.114992 -4.716824
v 0.000002 -0.114992 -4.693267
v -1.214703 -0.138549 -4.533349
v 0.000002 -0.138549 -4.693267
v -0.974945 -0.138549 -4.541153
v -1.202404 -0.138549 -4.487447
v -0.971870 -0.138549 -4.517797
v -0.834810 -0.138549 -4.559602
v -0.233607 -0.138549 -4.638751
v -0.373741 -0.138549 -4.620303
v 0.000002 -0.138549 -4.645746
v -0.974945 -0.209221 -4.541153
v -0.834810 -0.209221 -4.559602
v -0.971870 -0.209221 -4.517797
v -1.202404 -0.232778 -4.487447
v -0.230532 -0.209221 -4.615396
v 0.000002 -0.232778 -4.645746
v -0.230532 -0.138549 -4.615396
v -0.373741 -0.209221 -4.620303
v -0.233607 -0.209221 -4.638751
v -0.370667 -0.138549 -4.596947
v -0.370667 -0.209221 -4.596947
v -0.831736 -0.209221 -4.536246
v -0.831736 -0.138549 -4.536246
v -0.834565 -0.232778 -4.468246
v -0.350334 -0.232778 -4.531996
v -1.171656 -0.232778 -4.372692
v -0.821319 -0.232778 -4.418814
v -1.171656 -0.256336 -4.372692
v -0.821319 -0.256336 -4.418814
v -0.677092 -0.256336 -3.880549
v -0.834565 -0.279893 -4.468246
v -0.350334 -0.279893 -4.531996
v -0.350334 -0.279893 -3.782224
v -0.640509 -0.279893 -3.744021
v -0.640509 -0.232779 -3.744021
v -0.646343 -0.232779 -3.765794
v -0.350334 -0.232779 -3.782224
v -0.350334 -0.232779 -3.804765
v -0.350334 -0.256336 -3.923567
v 0.000002 -0.256336 -3.969689
v -0.350334 -0.256336 -4.480821
v 0.000002 -0.256336 -4.526943
v 0.000002 -0.232778 -4.526943
v -0.350334 -0.232778 -4.480821
v -0.350334 -0.232778 -3.923567
v 0.000002 -0.232778 -3.969689
v 0.000002 -0.232779 -3.850887
v -0.350334 -0.232779 -3.848835
v -0.657750 -0.232779 -3.808363
v -0.677092 -0.232779 -3.880549
v -1.027428 -0.232779 -3.834427
v -0.996679 -0.232779 -3.719671
v -0.996679 -0.185664 -3.719671
v 0.000002 -0.185664 -3.850887
v -1.005904 -0.185664 -3.789739
v -0.009222 -0.185664 -3.920954
v -1.005904 -0.091435 -3.789739
v -0.009223 -0.091435 -3.920954
v 0.000002 -0.091435 -3.850887
v -0.996679 -0.091435 -3.719671
v -0.996679 -0.044320 -3.719671
v 0.000002 -0.044320 -3.850887
v 0.009226 -0.091435 -3.920954
v 0.009226 -0.185664 -3.920954
v -1.027428 -0.256336 -3.834427
v -0.543407 -0.114992 -4.669044
v -0.543407 -0.067877 -4.669044
v -0.046710 -0.044320 -4.757790
v 0.000002 -0.044320 -4.757790
v -0.046710 0.002795 -4.757790
v -1.125313 0.191253 -4.380217
v -1.046051 0.191253 -4.084406
v -1.125313 0.167695 -4.380217
v -1.119215 0.167695 -4.357461
v -0.046710 0.167695 -4.522216
v -0.046710 0.167695 -4.498660
v -1.113118 0.191253 -4.334707
v -1.119215 0.191253 -4.357461
v -0.046710 0.167695 -4.475102
v -1.113118 0.167695 -4.334707
v -1.107021 0.167695 -4.311952
v -0.046710 0.167695 -4.451544
v -1.107021 0.191253 -4.311952
v -1.100924 0.191253 -4.289198
v -0.046710 0.167695 -4.427988
v -1.100924 0.167695 -4.289198
v -0.046710 0.167695 -4.404430
v -1.094827 0.167695 -4.266444
v -1.094827 0.191253 -4.266444
v -1.088730 0.191253 -4.243689
v -0.046710 0.167695 -4.357315
v -1.088730 0.167695 -4.243689
v -0.046710 0.167695 -4.380873
v -1.082633 0.167695 -4.220934
v -0.046710 0.167695 -4.310201
v -1.076536 0.167695 -4.198179
v -0.046710 0.167695 -4.333758
v -1.070439 0.167695 -4.175425
v -0.046710 0.167695 -4.286643
v -1.058245 0.167695 -4.129916
v -1.064342 0.167695 -4.152671
v -0.046710 0.167695 -4.263086
v -1.052148 0.191253 -4.107162
v -1.058245 0.191253 -4.129916
v -0.046710 0.167695 -4.239529
v -0.046710 0.191253 -4.239529
v -1.052148 0.167695 -4.107162
v -0.046710 0.167695 -4.215972
v -1.046050 0.167695 -4.084406
v -1.064342 0.191253 -4.152671
v -1.082633 0.191253 -4.220934
v -1.070439 0.191253 -4.175425
v -1.076536 0.191253 -4.198179
v -0.046710 0.191253 -4.333758
v -0.046710 0.191253 -4.357315
v -0.982894 0.026352 -3.668222
v -0.982894 0.191253 -3.668222
v -0.046710 -0.044320 -4.734231
v 1.167996 0.167695 -4.539497
v 0.046713 0.002795 -4.687117
v 1.167996 0.002794 -4.539497
v 0.046713 0.167695 -4.687117
v 1.131413 0.167695 -4.402970
v 0.046713 0.167695 -4.545773
v 1.131413 0.191253 -4.402970
v 1.125316 0.191253 -4.380215
v 0.046713 0.191253 -4.545773
v 1.202513 0.191253 -4.487838
v 1.231407 0.191253 -4.595671
v 1.186287 0.191253 -4.607760
v 1.119219 0.191253 -4.357460
v 1.113122 0.191253 -4.334705
v 1.107025 0.191253 -4.311951
v 1.100928 0.191253 -4.289197
v 1.094831 0.191253 -4.266442
v 1.088734 0.191253 -4.243688
v 1.070443 0.191253 -4.175424
v 1.064345 0.191253 -4.152669
v 1.058248 0.191253 -4.129915
v 1.046054 0.191253 -4.084405
v 1.039957 0.191253 -4.061650
v 0.982897 0.191253 -3.668222
v 0.937778 0.191253 -3.680312
v 0.949972 0.167695 -3.725821
v 0.937778 0.026352 -3.680312
v 0.949972 -0.044320 -3.725821
v 0.995091 -0.044320 -3.713731
v 0.982897 0.026352 -3.668222
v 0.046713 -0.044320 -3.844737
v 0.046713 0.167695 -3.844737
v 0.046713 0.167695 -3.891852
v 0.962166 0.167695 -3.771330
v 0.046713 0.144138 -3.891852
v 0.962166 0.144138 -3.771330
v 0.046713 0.144138 -4.074628
v 0.046713 0.167695 -4.074628
v 1.009472 0.144138 -3.947877
v 1.009472 0.167695 -3.947877
v 1.039957 0.167695 -4.061650
v 0.046713 0.191253 -4.192414
v 0.046713 0.167695 -4.192414
v 0.000002 -0.044320 -3.844737
v 0.046713 0.026352 -3.797622
v 0.046713 0.191253 -3.797622
v 0.000002 0.191253 -4.646152
v 0.046713 0.191253 -4.757789
v 0.000002 0.191253 -4.757789
v 0.046713 0.002795 -4.757789
v 0.000002 -0.044320 -4.757789
v 0.000002 -0.044320 -4.716824
v 0.046713 -0.044320 -4.757789
v 0.046713 -0.044320 -4.734231
v 0.046713 0.191253 -4.640003
v 0.046713 0.002795 -4.734231
v 1.180190 0.002794 -4.585006
v 1.155802 0.191253 -4.493988
v 1.220804 -0.044320 -4.556102
v 1.220804 -0.067877 -4.556102
v 1.150737 -0.067877 -4.565326
v 0.680471 -0.067877 -4.627238
v 0.540336 -0.067877 -4.645687
v 0.070069 -0.067877 -4.707599
v 0.000002 -0.067877 -4.716824
v 0.070069 -0.114992 -4.707599
v 0.000002 -0.114992 -4.716824
v 0.000002 -0.114992 -4.693266
v 0.067020 -0.114992 -4.684443
v 0.060871 -0.067877 -4.637732
v 0.531138 -0.067877 -4.575819
v 0.060871 -0.114992 -4.637732
v 0.531138 -0.114992 -4.575819
v 0.543411 -0.067877 -4.669043
v 0.543411 -0.114992 -4.669043
v 0.537287 -0.114992 -4.622531
v 0.677422 -0.114992 -4.604082
v 1.146678 -0.114992 -4.542304
v 1.138490 -0.114992 -4.495860
v 0.671272 -0.114992 -4.557371
v 1.138490 -0.067877 -4.495860
v 0.671272 -0.067877 -4.557371
v 1.150737 -0.114992 -4.565326
v 1.220804 -0.114992 -4.556102
v 1.214707 -0.114992 -4.533347
v 0.000002 -0.138549 -4.693266
v 1.214707 -0.138549 -4.533347
v 0.233611 -0.138549 -4.638751
v 0.000002 -0.138549 -4.645746
v 0.230536 -0.138549 -4.615395
v 0.373746 -0.138549 -4.620302
v 0.974948 -0.138549 -4.541152
v 0.834814 -0.138549 -4.559601
v 1.202408 -0.138549 -4.487445
v 0.233611 -0.209221 -4.638751
v 0.373746 -0.209221 -4.620302
v 0.230536 -0.209221 -4.615395
v 0.000002 -0.232778 -4.645746
v 0.971873 -0.209221 -4.517796
v 1.202408 -0.232778 -4.487445
v 0.971873 -0.138549 -4.517796
v 0.834814 -0.209221 -4.559601
v 0.974948 -0.209221 -4.541152
v 0.831739 -0.138549 -4.536245
v 0.831739 -0.209221 -4.536245
v 0.370670 -0.209221 -4.596946
v 0.370670 -0.138549 -4.596946
v 0.350338 -0.232778 -4.531996
v 0.834568 -0.232778 -4.468245
v 0.000002 -0.232778 -4.526943
v 0.350338 -0.232778 -4.480820
v 0.000002 -0.256336 -4.526943
v 0.350338 -0.256336 -4.480820
v 0.350338 -0.256336 -3.923566
v 0.350338 -0.279893 -4.531996
v 0.834568 -0.279893 -4.468245
v 0.640513 -0.279893 -3.744020
v 0.350338 -0.279893 -3.782223
v 0.350338 -0.232779 -3.782223
v 0.350338 -0.232779 -3.804764
v 0.640513 -0.232779 -3.744020
v 0.646347 -0.232779 -3.765793
v 0.677096 -0.256336 -3.880548
v 1.027431 -0.256336 -3.834426
v 0.821323 -0.256336 -4.418813
v 1.171660 -0.256336 -4.372691
v 1.171660 -0.232778 -4.372691
v 0.821323 -0.232778 -4.418813
v 0.677096 -0.232779 -3.880548
v 1.027431 -0.232779 -3.834426
v 0.996683 -0.232779 -3.719671
v 0.657753 -0.232779 -3.808362
v 0.350338 -0.232779 -3.848834
v 0.350338 -0.232778 -3.923566
v 0.000002 -0.232778 -3.969689
v 0.000002 -0.232779 -3.850886
v 0.000002 -0.185664 -3.850886
v 0.996683 -0.185664 -3.719671
v 0.009226 -0.185664 -3.920954
v 1.005908 -0.185664 -3.789738
v 0.009226 -0.091435 -3.920954
v 1.005908 -0.091435 -3.789738
v 0.996683 -0.091435 -3.719671
v 0.000002 -0.091435 -3.850886
v 0.000002 -0.044320 -3.850886
v 0.996683 -0.044320 -3.719671
v 1.023728 -0.091435 -3.784963
v 1.023728 -0.185664 -3.784963
v 0.000002 -0.256336 -3.969689
v 0.683545 -0.114992 -4.650594
v 0.683545 -0.067877 -4.650594
v 1.186287 -0.044320 -4.607760
v 1.231407 -0.044320 -4.595671
v 1.186287 0.002794 -4.607760
v 0.046713 0.191253 -4.522216
v 0.046713 0.191253 -4.215971
v 0.046713 0.167695 -4.522216
v 0.046713 0.167695 -4.498659
v 1.125316 0.167695 -4.380215
v 1.119219 0.167695 -4.357460
v 0.046713 0.191253 -4.475101
v 0.046713 0.191253 -4.498659
v 1.113122 0.167695 -4.334705
v 0.046713 0.167695 -4.475101
v 0.046713 0.167695 -4.451544
v 1.107025 0.167695 -4.311951
v 0.046713 0.191253 -4.451544
v 0.046713 0.191253 -4.427987
v 1.100928 0.167695 -4.289197
v 0.046713 0.167695 -4.427987
v 1.094831 0.167695 -4.266442
v 0.046713 0.167695 -4.404430
v 0.046713 0.191253 -4.404430
v 0.046713 0.191253 -4.380872
v 1.082636 0.167695 -4.220932
v 0.046713 0.167695 -4.380872
v 1.088734 0.167695 -4.243688
v 0.046713 0.167695 -4.357315
v 1.070443 0.167695 -4.175424
v 0.046713 0.167695 -4.333757
v 1.076540 0.167695 -4.198178
v 0.046713 0.167695 -4.310200
v 1.064345 0.167695 -4.152669
v 0.046713 0.167695 -4.263085
v 0.046713 0.167695 -4.286643
v 1.058248 0.167695 -4.129915
v 0.046713 0.191253 -4.239529
v 0.046713 0.191253 -4.263085
v 1.052151 0.167695 -4.107160
v 1.052151 0.191253 -4.107160
v 0.046713 0.167695 -4.239529
v 1.046054 0.167695 -4.084405
v 0.046713 0.167695 -4.215971
v 0.046713 0.191253 -4.286643
v 0.046713 0.191253 -4.357315
v 0.046713 0.191253 -4.310200
v 0.046713 0.191253 -4.333757
v 1.076540 0.191253 -4.198178
v 1.082636 0.191253 -4.220932
v 0.000002 0.026352 -3.797622
v 0.000002 0.191253 -3.797622
v 1.180190 -0.044320 -4.585006
v 0.046712 0.167694 4.687105
v 1.167995 0.002793 4.539486
v 0.046712 0.002793 4.687105
v 1.167995 0.167694 4.539486
v 0.046713 0.167694 4.545762
v 1.131413 0.167694 4.402959
v 0.046713 0.191251 4.545762
v 0.046713 0.191251 4.522204
v 1.131413 0.191251 4.402959
v 0.000001 0.191251 4.646141
v 0.000001 0.191251 4.757778
v 0.046713 0.191251 4.757778
v 0.046713 0.191251 4.498647
v 0.046713 0.191251 4.475090
v 0.046713 0.191251 4.451532
v 0.046713 0.191251 4.427976
v 0.046713 0.191251 4.404418
v 0.046713 0.191251 4.380861
v 0.046713 0.191251 4.310189
v 0.046713 0.191251 4.286631
v 0.046713 0.191251 4.263074
v 0.046713 0.191251 4.215960
v 0.046713 0.191251 4.192402
v 0.000001 0.191251 3.797611
v 0.046713 0.191251 3.797611
v 0.046713 0.167694 3.844725
v 0.046713 0.026350 3.797611
v 0.046713 -0.044321 3.844725
v 0.000001 -0.044321 3.844725
v 0.000001 0.026350 3.797611
v 0.949971 -0.044321 3.725809
v 0.949971 0.167694 3.725809
v 0.962166 0.167694 3.771318
v 0.046713 0.167694 3.891840
v 0.962166 0.144137 3.771318
v 0.046713 0.144137 3.891840
v 1.009472 0.144137 3.947867
v 1.009471 0.167694 3.947867
v 0.046713 0.144137 4.074616
v 0.046713 0.167694 4.074616
v 0.046713 0.167694 4.192402
v 1.039957 0.191251 4.061640
v 1.039957 0.167694 4.061640
v 0.995091 -0.044321 3.713719
v 0.937778 0.026350 3.680300
v 0.937778 0.191251 3.680300
v 1.202512 0.191251 4.487827
v 1.186286 0.191251 4.607750
v 1.231406 0.191251 4.595660
v 1.186287 0.002793 4.607750
v 1.231406 -0.044322 4.595660
v 1.220804 -0.044322 4.556091
v 1.186286 -0.044322 4.607750
v 1.180189 -0.044322 4.584995
v 1.155801 0.191251 4.493977
v 1.180189 0.002793 4.584995
v 0.046713 0.002793 4.734220
v 0.046712 0.191251 4.639991
v 0.000001 -0.044322 4.716812
v 0.000001 -0.067879 4.716812
v 0.070068 -0.067879 4.707588
v 0.540335 -0.067879 4.645676
v 0.680470 -0.067879 4.627227
v 1.150737 -0.067879 4.565316
v 1.220804 -0.067879 4.556091
v 1.150737 -0.114993 4.565316
v 1.220804 -0.114993 4.556091
v 1.214707 -0.114993 4.533336
v 1.147688 -0.114993 4.542160
v 1.141538 -0.067879 4.495448
v 0.671271 -0.067879 4.557360
v 1.141538 -0.114993 4.495448
v 0.671271 -0.114993 4.557360
v 0.683545 -0.067879 4.650583
v 0.683545 -0.114993 4.650583
v 0.677421 -0.114993 4.604071
v 0.537287 -0.114993 4.622520
v 0.068030 -0.114993 4.684299
v 0.063919 -0.114993 4.637319
v 0.531137 -0.114993 4.575809
v 0.063919 -0.067879 4.637319
v 0.531137 -0.067879 4.575809
v 0.070068 -0.114993 4.707588
v 0.000001 -0.114993 4.716812
v 0.000001 -0.114993 4.693255
v 1.214707 -0.138551 4.533336
v 0.000001 -0.138551 4.693255
v 0.974948 -0.138551 4.541141
v 1.202407 -0.138551 4.487434
v 0.971873 -0.138551 4.517785
v 0.834813 -0.138551 4.559590
v 0.233610 -0.138551 4.638739
v 0.373745 -0.138551 4.620290
v 0.000001 -0.138551 4.645734
v 0.974948 -0.209223 4.541141
v 0.834813 -0.209223 4.559590
v 0.971873 -0.209223 4.517785
v 1.202407 -0.232780 4.487434
v 0.230536 -0.209223 4.615384
v 0.000001 -0.232780 4.645734
v 0.230536 -0.138551 4.615384
v 0.373745 -0.209223 4.620290
v 0.233610 -0.209223 4.638739
v 0.370670 -0.138551 4.596934
v 0.370670 -0.209223 4.596934
v 0.831739 -0.209223 4.536234
v 0.831739 -0.138551 4.536234
v 0.834568 -0.232780 4.468234
v 0.350338 -0.232780 4.531984
v 1.171659 -0.232780 4.372680
v 0.821323 -0.232780 4.418802
v 1.171659 -0.256337 4.372680
v 0.821323 -0.256337 4.418802
v 0.677095 -0.256337 3.880537
v 0.834568 -0.279894 4.468234
v 0.350338 -0.279894 4.531984
v 0.350338 -0.279894 3.782211
v 0.640513 -0.279894 3.744009
v 0.640513 -0.232780 3.744009
v 0.646347 -0.232780 3.765782
v 0.350338 -0.232780 3.782211
v 0.350338 -0.232780 3.804752
v 0.350338 -0.256337 3.923555
v 0.000001 -0.256337 3.969677
v 0.350338 -0.256337 4.480809
v 0.000001 -0.256337 4.526931
v 0.000001 -0.232780 4.526931
v 0.350338 -0.232780 4.480809
v 0.350338 -0.232780 3.923555
v 0.000001 -0.232780 3.969677
v 0.000001 -0.232780 3.850875
v 0.350338 -0.232780 3.848823
v 0.657753 -0.232780 3.808351
v 0.677095 -0.232780 3.880537
v 1.027431 -0.232780 3.834414
v 0.996683 -0.232780 3.719659
v 0.996683 -0.185665 3.719659
v 0.000001 -0.185665 3.850875
v 1.005907 -0.185665 3.789726
v 0.009226 -0.185665 3.920942
v 1.005907 -0.091436 3.789726
v 0.009226 -0.091436 3.920942
v 0.000001 -0.091436 3.850875
v 0.996683 -0.091436 3.719659
v 0.996683 -0.044321 3.719659
v 0.000001 -0.044321 3.850875
v -0.009223 -0.091436 3.920942
v -0.009223 -0.185665 3.920942
v 1.027431 -0.256337 3.834414
v 0.543410 -0.114993 4.669032
v 0.543410 -0.067879 4.669032
v 0.046713 -0.044322 4.757778
v 0.000001 -0.044322 4.757778
v 0.046713 0.002793 4.757778
v 1.125316 0.191251 4.380204
v 1.046054 0.191251 4.084394
v 1.125316 0.167694 4.380204
v 1.119219 0.167694 4.357450
v 0.046713 0.167694 4.522204
v 0.046713 0.167694 4.498647
v 1.113122 0.191251 4.334695
v 1.119219 0.191251 4.357450
v 0.046713 0.167694 4.475090
v 1.113122 0.167694 4.334695
v 1.107024 0.167694 4.311940
v 0.046713 0.167694 4.451532
v 1.107024 0.191251 4.311940
v 1.100927 0.191251 4.289186
v 0.046713 0.167694 4.427976
v 1.100927 0.167694 4.289186
v 0.046713 0.167694 4.404418
v 1.094831 0.167694 4.266431
v 1.094830 0.191251 4.266431
v 1.088733 0.191251 4.243677
v 0.046713 0.167694 4.357304
v 1.088733 0.167694 4.243677
v 0.046713 0.167694 4.380861
v 1.082636 0.167694 4.220922
v 0.046713 0.167694 4.310189
v 1.076539 0.167694 4.198167
v 0.046713 0.167694 4.333746
v 1.070442 0.167694 4.175413
v 0.046713 0.167694 4.286631
v 1.058248 0.167694 4.129904
v 1.064345 0.167694 4.152658
v 0.046713 0.167694 4.263074
v 1.052151 0.191251 4.107149
v 1.058248 0.191251 4.129904
v 0.046713 0.167694 4.239517
v 0.046713 0.191251 4.239517
v 1.052151 0.167694 4.107149
v 0.046713 0.167694 4.215960
v 1.046054 0.167694 4.084394
v 1.064345 0.191251 4.152658
v 1.082636 0.191251 4.220922
v 1.070442 0.191251 4.175413
v 1.076539 0.191251 4.198167
v 0.046713 0.191251 4.333746
v 0.046713 0.191251 4.357304
v 0.982897 0.026350 3.668210
v 0.982897 0.191251 3.668210
v 0.046713 -0.044322 4.734220
vt 0.021693 0.429573
vt 0.021693 0.371426
vt 0.417073 0.371427
vt 0.417073 0.429573
vt 0.646236 0.880729
vt 0.649891 0.945682
vt 0.352474 0.945414
vt 0.358523 0.880470
vt 0.646236 0.880729
vt 0.358523 0.880470
vt 0.645627 0.869904
vt 0.661063 0.924043
vt 0.663950 0.975344
vt 0.651719 0.978159
vt 0.645018 0.859078
vt 0.644409 0.848252
vt 0.643800 0.837427
vt 0.643190 0.826602
vt 0.642581 0.815776
vt 0.641972 0.804950
vt 0.640145 0.772474
vt 0.639536 0.761648
vt 0.638926 0.750823
vt 0.637708 0.729171
vt 0.637099 0.718346
vt 0.639121 0.534108
vt 0.386006 0.225943
vt 0.192883 0.196458
vt 0.169069 0.208872
vt 0.169507 0.169325
vt 0.165346 0.178784
vt 0.258011 0.951469
vt 0.265183 0.953712
vt 0.257040 0.968328
vt 0.264212 0.970571
vt 0.826629 0.334744
vt 0.826629 0.400659
vt 0.807958 0.334744
vt 0.446906 0.306495
vt 0.807958 0.306495
vt 0.446906 0.391243
vt 0.807958 0.391242
vt 0.386506 0.580006
vt 0.388522 0.558358
vt 0.628109 0.558574
vt 0.629327 0.580225
vt 0.158440 0.137170
vt 0.224569 0.208426
vt 0.158243 0.139966
vt 0.241967 0.213349
vt 0.386506 0.580006
vt 0.629327 0.580225
vt 0.378684 0.663988
vt 0.159973 0.133847
vt 0.163957 0.128702
vt 0.298302 0.211565
vt 0.319896 0.221568
vt 0.634053 0.664218
vt 0.637099 0.718346
vt 0.378684 0.663988
vt 0.366802 0.215792
vt 0.634053 0.664218
vt 0.155566 0.131536
vt 0.373644 0.718108
vt 0.116881 0.950646
vt 0.117815 0.967515
vt 0.109704 0.952805
vt 0.390538 0.536710
vt 0.342100 0.923755
vt 0.423523 0.437879
vt 0.423523 0.371427
vt 0.439432 0.437879
vt 0.091594 0.625886
vt 0.098770 0.623726
vt 0.092406 0.640553
vt 0.421373 0.354813
vt 0.423523 0.354813
vt 0.412773 0.437879
vt 0.404173 0.429573
vt 0.404173 0.437879
vt 0.352474 0.945414
vt 0.649891 0.945682
vt 0.350458 0.967062
vt 0.812002 0.090897
vt 0.772678 0.107537
vt 0.798394 0.247742
vt 0.737002 0.216554
vt 0.710922 0.253263
vt 0.665023 0.269278
vt 0.678725 0.269362
vt 0.005222 0.354813
vt 0.005222 0.346506
vt 0.435694 0.354813
vt 0.029929 0.346506
vt 0.195751 0.346506
vt 0.245165 0.346506
vt 0.410987 0.346506
vt 0.435694 0.346506
vt 0.410987 0.329893
vt 0.092406 0.640553
vt 0.103354 0.640617
vt 0.092874 0.648988
vt 0.407744 0.346506
vt 0.409912 0.329893
vt 0.241921 0.346506
vt 0.407744 0.329893
vt 0.103327 0.666058
vt 0.103354 0.640617
vt 0.176804 0.666487
vt 0.176831 0.641046
vt 0.131635 0.180508
vt 0.145993 0.182719
vt 0.123574 0.176626
vt 0.146507 0.180505
vt 0.137212 0.171652
vt 0.118761 0.172544
vt 0.051162 0.181272
vt 0.050552 0.183364
vt 0.241921 0.329893
vt 0.072499 0.177889
vt 0.167159 0.141567
vt 0.541181 0.039090
vt 0.271700 0.667041
vt 0.272037 0.650033
vt 0.198718 0.649606
vt 0.187869 0.129152
vt 0.536757 0.050003
vt 0.027760 0.346506
vt 0.027760 0.329893
vt 0.192508 0.329893
vt 0.192508 0.346506
vt 0.198727 0.641174
vt 0.271700 0.667041
vt 0.198699 0.666615
vt 0.272204 0.641602
vt 0.542078 0.064327
vt 0.570272 0.085021
vt 0.553057 0.045835
vt 0.283152 0.641666
vt 0.282666 0.650095
vt 0.272204 0.641602
vt 0.536956 0.025499
vt 0.433544 0.321587
vt 0.433544 0.329893
vt 0.005222 0.329893
vt 0.005222 0.321587
vt 0.282666 0.650095
vt 0.129845 0.657708
vt 0.092874 0.648988
vt 0.093816 0.666003
vt 0.129836 0.666213
vt 0.151741 0.657836
vt 0.245676 0.658385
vt 0.223781 0.658257
vt 0.281687 0.667099
vt 0.299588 0.321587
vt 0.299588 0.296667
vt 0.349002 0.296667
vt 0.429207 0.321587
vt 0.347917 0.321587
vt 0.347917 0.296667
vt 0.429207 0.288360
vt 0.086512 0.296667
vt 0.005222 0.288360
vt 0.005222 0.321587
vt 0.086512 0.321587
vt 0.245667 0.666889
vt 0.087596 0.321587
vt 0.087596 0.296667
vt 0.137009 0.296667
vt 0.137009 0.321587
vt 0.350372 0.101062
vt 0.351887 0.102774
vt 0.350476 0.086219
vt 0.349008 0.081235
vt 0.135925 0.296667
vt 0.298504 0.296667
vt 0.135925 0.321587
vt 0.298504 0.321587
vt 0.223772 0.666761
vt 0.151732 0.666341
vt 0.156835 0.159124
vt 0.172627 0.149513
vt 0.245667 0.666889
vt 0.223772 0.666761
vt 0.223781 0.658257
vt 0.245676 0.658385
vt 0.129836 0.666213
vt 0.151732 0.666341
vt 0.129845 0.657708
vt 0.281687 0.667099
vt 0.225555 0.690978
vt 0.149896 0.690537
vt 0.093816 0.666003
vt 0.096173 0.708540
vt 0.150911 0.708860
vt 0.418365 0.288360
vt 0.294831 0.288360
vt 0.418365 0.280054
vt 0.294831 0.280054
vt 0.150911 0.708860
vt 0.161964 0.908385
vt 0.096173 0.708540
vt 0.128755 0.288360
vt 0.128755 0.271747
vt 0.299502 0.271747
vt 0.149896 0.690537
vt 0.225555 0.690978
vt 0.210107 0.959258
vt 0.167367 0.116837
vt 0.198015 0.158574
vt 0.159628 0.099919
vt 0.157214 0.101886
vt 0.158637 0.104571
vt 0.164768 0.958993
vt 0.470022 0.548073
vt 0.546990 0.548143
vt 0.469058 0.558431
vt 0.547573 0.558501
vt 0.188656 0.079182
vt 0.172567 0.075380
vt 0.173363 0.072035
vt 0.175270 0.071408
vt 0.270264 0.109017
vt 0.267757 0.909002
vt 0.213019 0.908683
vt 0.224501 0.709289
vt 0.279239 0.709609
vt 0.005222 0.288360
vt 0.005222 0.280054
vt 0.128756 0.280054
vt 0.128756 0.288360
vt 0.224501 0.709289
vt 0.279239 0.709609
vt 0.282918 0.097833
vt 0.280295 0.098396
vt 0.187648 0.077753
vt 0.199811 0.023463
vt 0.189689 0.037331
vt 0.267757 0.909002
vt 0.265310 0.951512
vt 0.213019 0.908683
vt 0.211479 0.935424
vt 0.210571 0.951192
vt 0.089371 0.310052
vt 0.087764 0.322253
vt 0.002783 0.310052
vt 0.004390 0.322253
vt 0.165885 0.115387
vt 0.162441 0.110334
vt 0.160068 0.106238
vt 0.161964 0.908385
vt 0.164321 0.950923
vt 0.107226 0.908066
vt 0.109582 0.950603
vt 0.428234 0.231164
vt 0.568271 0.231164
vt 0.428234 0.249997
vt 0.826629 0.249997
vt 0.826629 0.231164
vt 0.686592 0.231164
vt 0.150776 0.134062
vt 0.167915 0.073481
vt 0.151842 0.135511
vt 0.162152 0.092405
vt 0.424547 0.249997
vt 0.822942 0.249997
vt 0.424547 0.287663
vt 0.158484 0.111620
vt 0.158475 0.130613
vt 0.151227 0.136014
vt 0.151332 0.136854
vt 0.154519 0.142567
vt 0.151386 0.137847
vt 0.161038 0.149706
vt 0.640499 0.558585
vt 0.639895 0.591340
vt 0.644726 0.590228
vt 0.830316 0.249997
vt 0.830316 0.287663
vt 0.822942 0.287663
vt 0.268169 0.926884
vt 0.265337 0.925998
vt 0.265310 0.951512
vt 0.149878 0.135733
vt 0.147789 0.136324
vt 0.107226 0.908066
vt 0.178964 0.157817
vt 0.181368 0.156800
vt 0.000059 0.289361
vt 0.178632 0.077842
vt 0.194676 0.329893
vt 0.196836 0.329893
vt 0.196836 0.346506
vt 0.246249 0.346506
vt 0.225180 0.159113
vt 0.021693 0.354813
vt 0.021693 0.371426
vt 0.005222 0.354813
vt 0.135519 0.156187
vt 0.118479 0.173820
vt 0.153254 0.131898
vt 0.146937 0.142358
vt 0.359531 0.869645
vt 0.359531 0.869645
vt 0.360539 0.858821
vt 0.645627 0.869904
vt 0.621895 0.266009
vt 0.628408 0.261386
vt 0.138536 0.154499
vt 0.645018 0.859078
vt 0.643814 0.267489
vt 0.360539 0.858821
vt 0.361547 0.847998
vt 0.595592 0.259113
vt 0.601659 0.264354
vt 0.141261 0.154485
vt 0.361547 0.847998
vt 0.362555 0.837173
vt 0.644409 0.848252
vt 0.643800 0.837427
vt 0.580735 0.262674
vt 0.587032 0.258344
vt 0.141991 0.154501
vt 0.141431 0.154521
vt 0.362555 0.837173
vt 0.363563 0.826349
vt 0.643190 0.826602
vt 0.363563 0.826349
vt 0.642581 0.815776
vt 0.364571 0.815525
vt 0.541426 0.258508
vt 0.547581 0.254551
vt 0.141453 0.154348
vt 0.140655 0.153955
vt 0.364571 0.815525
vt 0.365579 0.804701
vt 0.641363 0.794125
vt 0.641972 0.804950
vt 0.365579 0.804701
vt 0.366587 0.793877
vt 0.640145 0.772474
vt 0.640754 0.783300
vt 0.367595 0.783053
vt 0.368603 0.772229
vt 0.468064 0.246874
vt 0.474010 0.243703
vt 0.141672 0.151569
vt 0.639536 0.761648
vt 0.369611 0.761405
vt 0.370620 0.750581
vt 0.638926 0.750823
vt 0.446785 0.238151
vt 0.439751 0.236523
vt 0.451272 0.243284
vt 0.370620 0.750581
vt 0.371628 0.739757
vt 0.413748 0.230053
vt 0.417858 0.235176
vt 0.147043 0.143197
vt 0.638317 0.739997
vt 0.371628 0.739757
vt 0.637708 0.729171
vt 0.372636 0.728932
vt 0.401288 0.230620
vt 0.407075 0.228208
vt 0.147177 0.142696
vt 0.372636 0.728932
vt 0.373644 0.718108
vt 0.146850 0.142887
vt 0.145746 0.144617
vt 0.144227 0.145332
vt 0.142602 0.146867
vt 0.142555 0.149012
vt 0.140167 0.152699
vt 0.141439 0.151316
vt 0.141230 0.152138
vt 0.139346 0.154931
vt 0.140802 0.153041
vt 0.140569 0.153081
vt 0.140874 0.153175
vt 0.141308 0.154360
vt 0.141710 0.154368
vt 0.141334 0.154337
vt 0.141135 0.151746
vt 0.481401 0.245095
vt 0.486276 0.250229
vt 0.561412 0.260678
vt 0.159696 0.125600
vt 0.021693 0.429573
vt 0.021693 0.437879
vt 0.648673 0.924031
vt 0.641363 0.794125
vt 0.640754 0.783300
vt 0.638317 0.739997
vt 0.807958 0.400659
vt 0.626890 0.536923
vt 0.158286 0.135548
vt 0.153393 0.137779
vt 0.110639 0.969675
vt 0.451780 0.400659
vt 0.433744 0.334744
vt 0.451780 0.334744
vt 0.433744 0.400659
vt 0.378411 0.533873
vt 0.349450 0.977886
vt 0.099238 0.632161
vt 0.063844 0.149310
vt 0.091139 0.157032
vt 0.061034 0.148976
vt 0.421373 0.371427
vt 0.107410 0.166689
vt 0.651109 0.967333
vt 0.838879 0.050803
vt 0.890529 0.092436
vt 0.021693 0.354813
vt 0.021693 0.371426
vt 0.283152 0.641666
vt 0.276338 0.633195
vt 0.155248 0.173380
vt 0.156876 0.161389
vt 0.154844 0.172873
vt 0.349002 0.321587
vt 0.151741 0.657836
vt 0.186802 0.160589
vt 0.299502 0.288360
vt 0.162173 0.110096
vt 0.570603 0.212332
vt 0.686592 0.212332
vt 0.570603 0.231164
vt 0.686592 0.231164
vt 0.288960 0.105833
vt 0.005222 0.329893
vt 0.029929 0.329893
vt 0.176840 0.632541
vt 0.198736 0.632669
vt 0.176822 0.649478
vt 0.246249 0.329893
vt 0.482197 0.967274
vt 0.519568 0.956390
vt 0.519367 0.967308
vt 0.103345 0.649049
vt 0.435694 0.329893
vt 0.276824 0.624766
vt 0.896248 0.055145
vt 0.283996 0.627009
vt 0.005222 0.437879
vt 0.021693 0.437879
vt 0.439432 0.354813
vt 0.337323 0.975049
vt 0.637402 0.262079
vt 0.136434 0.154824
vt 0.555737 0.255499
vt 0.522969 0.256014
vt 0.517695 0.250866
vt 0.509926 0.249700
vt 0.503884 0.253267
vt 0.368603 0.772229
vt 0.433880 0.239318
vt 0.366587 0.793877
vt 0.367595 0.783053
vt 0.369611 0.761405
vt 0.021693 0.429573
vt 0.021693 0.371426
vt 0.417073 0.371427
vt 0.417073 0.429573
vt 0.646236 0.880729
vt 0.649891 0.945682
vt 0.352474 0.945414
vt 0.358523 0.880470
vt 0.646236 0.880729
vt 0.358523 0.880470
vt 0.645627 0.869904
vt 0.661063 0.924043
vt 0.663950 0.975344
vt 0.651719 0.978159
vt 0.645018 0.859078
vt 0.644409 0.848252
vt 0.643800 0.837427
vt 0.643190 0.826602
vt 0.642581 0.815776
vt 0.641972 0.804950
vt 0.640145 0.772474
vt 0.639536 0.761648
vt 0.638926 0.750823
vt 0.637708 0.729171
vt 0.637099 0.718346
vt 0.639121 0.534108
vt 0.386006 0.225943
vt 0.192883 0.196458
vt 0.169069 0.208872
vt 0.169507 0.169325
vt 0.165346 0.178784
vt 0.258011 0.951469
vt 0.265183 0.953712
vt 0.257040 0.968328
vt 0.264212 0.970571
vt 0.826629 0.334744
vt 0.826629 0.400659
vt 0.807958 0.334744
vt 0.446906 0.306495
vt 0.807958 0.306495
vt 0.446906 0.391243
vt 0.807958 0.391242
vt 0.386506 0.580006
vt 0.388522 0.558358
vt 0.628109 0.558574
vt 0.629327 0.580225
vt 0.158440 0.137170
vt 0.224569 0.208426
vt 0.158243 0.139966
vt 0.241967 0.213349
vt 0.386506 0.580006
vt 0.629327 0.580225
vt 0.378684 0.663988
vt 0.159973 0.133847
vt 0.163957 0.128702
vt 0.298302 0.211565
vt 0.319896 0.221568
vt 0.634053 0.664218
vt 0.637099 0.718346
vt 0.378684 0.663988
vt 0.366802 0.215792
vt 0.634053 0.664218
vt 0.155566 0.131536
vt 0.373644 0.718108
vt 0.116881 0.950646
vt 0.117815 0.967515
vt 0.109704 0.952805
vt 0.390538 0.536710
vt 0.342100 0.923755
vt 0.423523 0.437879
vt 0.423523 0.371427
vt 0.439432 0.437879
vt 0.091594 0.625886
vt 0.098770 0.623726
vt 0.092406 0.640553
vt 0.421373 0.354813
vt 0.423523 0.354813
vt 0.412773 0.437879
vt 0.404173 0.429573
vt 0.404173 0.437879
vt 0.352474 0.945414
vt 0.649891 0.945682
vt 0.350458 0.967062
vt 0.812002 0.090897
vt 0.772678 0.107537
vt 0.798394 0.247742
vt 0.737002 0.216554
vt 0.710922 0.253263
vt 0.665023 0.269278
vt 0.678725 0.269362
vt 0.005222 0.354813
vt 0.005222 0.346506
vt 0.435694 0.354813
vt 0.029929 0.346506
vt 0.195751 0.346506
vt 0.245165 0.346506
vt 0.410987 0.346506
vt 0.435694 0.346506
vt 0.410987 0.329893
vt 0.092406 0.640553
vt 0.103354 0.640617
vt 0.092874 0.648988
vt 0.407744 0.346506
vt 0.409912 0.329893
vt 0.241921 0.346506
vt 0.407744 0.329893
vt 0.103327 0.666058
vt 0.103354 0.640617
vt 0.176804 0.666487
vt 0.176831 0.641046
vt 0.131635 0.180508
vt 0.145993 0.182719
vt 0.123574 0.176626
vt 0.146507 0.180505
vt 0.137212 0.171652
vt 0.118761 0.172544
vt 0.051162 0.181272
vt 0.050552 0.183364
vt 0.241921 0.329893
vt 0.072499 0.177889
vt 0.167159 0.141567
vt 0.541181 0.039090
vt 0.271700 0.667041
vt 0.272037 0.650033
vt 0.198718 0.649606
vt 0.187869 0.129152
vt 0.536757 0.050003
vt 0.027760 0.346506
vt 0.027760 0.329893
vt 0.192508 0.329893
vt 0.192508 0.346506
vt 0.198727 0.641174
vt 0.271700 0.667041
vt 0.198699 0.666615
vt 0.272204 0.641602
vt 0.542078 0.064327
vt 0.570272 0.085021
vt 0.553057 0.045835
vt 0.283152 0.641666
vt 0.282666 0.650095
vt 0.272204 0.641602
vt 0.536956 0.025499
vt 0.433544 0.321587
vt 0.433544 0.329893
vt 0.005222 0.329893
vt 0.005222 0.321587
vt 0.282666 0.650095
vt 0.129845 0.657708
vt 0.092874 0.648988
vt 0.093816 0.666003
vt 0.129836 0.666213
vt 0.151741 0.657836
vt 0.245676 0.658385
vt 0.223781 0.658257
vt 0.281687 0.667099
vt 0.299588 0.321587
vt 0.299588 0.296667
vt 0.349002 0.296667
vt 0.429207 0.321587
vt 0.347917 0.321587
vt 0.347917 0.296667
vt 0.429207 0.288360
vt 0.086512 0.296667
vt 0.005222 0.288360
vt 0.005222 0.321587
vt 0.086512 0.321587
vt 0.245667 0.666889
vt 0.087596 0.321587
vt 0.087596 0.296667
vt 0.137009 0.296667
vt 0.137009 0.321587
vt 0.350372 0.101062
vt 0.351887 0.102774
vt 0.350476 0.086219
vt 0.349008 0.081235
vt 0.135925 0.296667
vt 0.298504 0.296667
vt 0.135925 0.321587
vt 0.298504 0.321587
vt 0.223772 0.666761
vt 0.151732 0.666341
vt 0.156835 0.159124
vt 0.172627 0.149513
vt 0.245667 0.666889
vt 0.223772 0.666761
vt 0.223781 0.658257
vt 0.245676 0.658385
vt 0.129836 0.666213
vt 0.151732 0.666341
vt 0.129845 0.657708
vt 0.281687 0.667099
vt 0.225555 0.690978
vt 0.149896 0.690537
vt 0.093816 0.666003
vt 0.096173 0.708540
vt 0.150911 0.708860
vt 0.418365 0.288360
vt 0.294831 0.288360
vt 0.418365 0.280054
vt 0.294831 0.280054
vt 0.150911 0.708860
vt 0.161964 0.908385
vt 0.096173 0.708540
vt 0.128755 0.288360
vt 0.128755 0.271747
vt 0.299502 0.271747
vt 0.149896 0.690537
vt 0.225555 0.690978
vt 0.210107 0.959258
vt 0.167367 0.116837
vt 0.198015 0.158574
vt 0.159628 0.099919
vt 0.157214 0.101886
vt 0.158637 0.104571
vt 0.164768 0.958993
vt 0.470022 0.548073
vt 0.546990 0.548143
vt 0.469058 0.558431
vt 0.547573 0.558501
vt 0.188656 0.079182
vt 0.172567 0.075380
vt 0.173363 0.072035
vt 0.175270 0.071408
vt 0.270264 0.109017
vt 0.267757 0.909002
vt 0.213019 0.908683
vt 0.224501 0.709289
vt 0.279239 0.709609
vt 0.005222 0.288360
vt 0.005222 0.280054
vt 0.128756 0.280054
vt 0.128756 0.288360
vt 0.224501 0.709289
vt 0.279239 0.709609
vt 0.282918 0.097833
vt 0.280295 0.098396
vt 0.187648 0.077753
vt 0.199811 0.023463
vt 0.189689 0.037331
vt 0.267757 0.909002
vt 0.265310 0.951512
vt 0.213019 0.908683
vt 0.211479 0.935424
vt 0.210571 0.951192
vt 0.089371 0.310052
vt 0.087764 0.322253
vt 0.002783 0.310052
vt 0.004390 0.322253
vt 0.165885 0.115387
vt 0.162441 0.110334
vt 0.160068 0.106238
vt 0.161964 0.908385
vt 0.164321 0.950923
vt 0.107226 0.908066
vt 0.109582 0.950603
vt 0.428234 0.231164
vt 0.568271 0.231164
vt 0.428234 0.249997
vt 0.826629 0.249997
vt 0.826629 0.231164
vt 0.686592 0.231164
vt 0.150776 0.134062
vt 0.167915 0.073481
vt 0.151842 0.135511
vt 0.162152 0.092405
vt 0.424547 0.249997
vt 0.822942 0.249997
vt 0.424547 0.287663
vt 0.158484 0.111620
vt 0.158475 0.130613
vt 0.151227 0.136014
vt 0.151332 0.136854
vt 0.154519 0.142567
vt 0.151386 0.137847
vt 0.161038 0.149706
vt 0.640499 0.558585
vt 0.639895 0.591340
vt 0.644726 0.590228
vt 0.830316 0.249997
vt 0.830316 0.287663
vt 0.822942 0.287663
vt 0.268169 0.926884
vt 0.265337 0.925998
vt 0.265310 0.951512
vt 0.149878 0.135733
vt 0.147789 0.136324
vt 0.107226 0.908066
vt 0.178964 0.157817
vt 0.181368 0.156800
vt 0.000059 0.289361
vt 0.178632 0.077842
vt 0.194676 0.329893
vt 0.196836 0.329893
vt 0.196836 0.346506
vt 0.246249 0.346506
vt 0.225180 0.159113
vt 0.021693 0.354813
vt 0.021693 0.371426
vt 0.005222 0.354813
vt 0.135519 0.156187
vt 0.118479 0.173820
vt 0.153254 0.131898
vt 0.146937 0.142358
vt 0.359531 0.869645
vt 0.359531 0.869645
vt 0.360539 0.858821
vt 0.645627 0.869904
vt 0.621895 0.266009
vt 0.628408 0.261386
vt 0.138536 0.154499
vt 0.645018 0.859078
vt 0.643814 0.267489
vt 0.360539 0.858821
vt 0.361547 0.847998
vt 0.595592 0.259113
vt 0.601659 0.264354
vt 0.141261 0.154485
vt 0.361547 0.847998
vt 0.362555 0.837173
vt 0.644409 0.848252
vt 0.643800 0.837427
vt 0.580735 0.262674
vt 0.587032 0.258344
vt 0.141991 0.154501
vt 0.141431 0.154521
vt 0.362555 0.837173
vt 0.363563 0.826349
vt 0.643190 0.826602
vt 0.363563 0.826349
vt 0.642581 0.815776
vt 0.364571 0.815525
vt 0.541426 0.258508
vt 0.547581 0.254551
vt 0.141453 0.154348
vt 0.140655 0.153955
vt 0.364571 0.815525
vt 0.365579 0.804701
vt 0.641363 0.794125
vt 0.641972 0.804950
vt 0.365579 0.804701
vt 0.366587 0.793877
vt 0.640145 0.772474
vt 0.640754 0.783300
vt 0.367595 0.783053
vt 0.368603 0.772229
vt 0.468064 0.246874
vt 0.474010 0.243703
vt 0.141672 0.151569
vt 0.639536 0.761648
vt 0.369611 0.761405
vt 0.370620 0.750581
vt 0.638926 0.750823
vt 0.446785 0.238151
vt 0.439751 0.236523
vt 0.451272 0.243284
vt 0.370620 0.750581
vt 0.371628 0.739757
vt 0.413748 0.230053
vt 0.417858 0.235176
vt 0.147043 0.143197
vt 0.638317 0.739997
vt 0.371628 0.739757
vt 0.637708 0.729171
vt 0.372636 0.728932
vt 0.401288 0.230620
vt 0.407075 0.228208
vt 0.147177 0.142696
vt 0.372636 0.728932
vt 0.373644 0.718108
vt 0.146850 0.142887
vt 0.145746 0.144617
vt 0.144227 0.145332
vt 0.142602 0.146867
vt 0.142555 0.149012
vt 0.140167 0.152699
vt 0.141439 0.151316
vt 0.141230 0.152138
vt 0.139346 0.154931
vt 0.140802 0.153041
vt 0.140569 0.153081
vt 0.140874 0.153175
vt 0.141308 0.154360
vt 0.141710 0.154368
vt 0.141334 0.154337
vt 0.141135 0.151746
vt 0.481401 0.245095
vt 0.486276 0.250229
vt 0.561412 0.260678
vt 0.159696 0.125600
vt 0.021693 0.429573
vt 0.021693 0.437879
vt 0.648673 0.924031
vt 0.641363 0.794125
vt 0.640754 0.783300
vt 0.638317 0.739997
vt 0.807958 0.400659
vt 0.626890 0.536923
vt 0.158286 0.135548
vt 0.153393 0.137779
vt 0.110639 0.969675
vt 0.451780 0.400659
vt 0.433744 0.334744
vt 0.451780 0.334744
vt 0.433744 0.400659
vt 0.378411 0.533873
vt 0.349450 0.977886
vt 0.099238 0.632161
vt 0.063844 0.149310
vt 0.091139 0.157032
vt 0.061034 0.148976
vt 0.421373 0.371427
vt 0.107410 0.166689
vt 0.651109 0.967333
vt 0.838879 0.050803
vt 0.890529 0.092436
vt 0.021693 0.354813
vt 0.021693 0.371426
vt 0.283152 0.641666
vt 0.276338 0.633195
vt 0.155248 0.173380
vt 0.156876 0.161389
vt 0.154844 0.172873
vt 0.349002 0.321587
vt 0.151741 0.657836
vt 0.186802 0.160589
vt 0.299502 0.288360
vt 0.162173 0.110096
vt 0.570603 0.212332
vt 0.686592 0.212332
vt 0.570603 0.231164
vt 0.686592 0.231164
vt 0.288960 0.105833
vt 0.005222 0.329893
vt 0.029929 0.329893
vt 0.176840 0.632541
vt 0.198736 0.632669
vt 0.176822 0.649478
vt 0.246249 0.329893
vt 0.482197 0.967274
vt 0.519568 0.956390
vt 0.519367 0.967308
vt 0.103345 0.649049
vt 0.435694 0.329893
vt 0.276824 0.624766
vt 0.896248 0.055145
vt 0.283996 0.627009
vt 0.005222 0.437879
vt 0.021693 0.437879
vt 0.439432 0.354813
vt 0.337323 0.975049
vt 0.637402 0.262079
vt 0.136434 0.154824
vt 0.555737 0.255499
vt 0.522969 0.256014
vt 0.517695 0.250866
vt 0.509926 0.249700
vt 0.503884 0.253267
vt 0.368603 0.772229
vt 0.433880 0.239318
vt 0.366587 0.793877
vt 0.367595 0.783053
vt 0.369611 0.761405
vt 0.021693 0.429573
vt 0.021693 0.371426
vt 0.417073 0.371427
vt 0.417073 0.429573
vt 0.646236 0.880729
vt 0.649891 0.945682
vt 0.352474 0.945414
vt 0.358523 0.880470
vt 0.646236 0.880729
vt 0.358523 0.880470
vt 0.645627 0.869904
vt 0.661063 0.924043
vt 0.663950 0.975344
vt 0.651719 0.978159
vt 0.645018 0.859078
vt 0.644409 0.848252
vt 0.643800 0.837427
vt 0.643190 0.826602
vt 0.642581 0.815776
vt 0.641972 0.804950
vt 0.640145 0.772474
vt 0.639536 0.761648
vt 0.638926 0.750823
vt 0.637708 0.729171
vt 0.637099 0.718346
vt 0.639121 0.534108
vt 0.386006 0.225943
vt 0.192883 0.196458
vt 0.169069 0.208872
vt 0.169507 0.169325
vt 0.165346 0.178784
vt 0.258011 0.951469
vt 0.265183 0.953712
vt 0.257040 0.968328
vt 0.264212 0.970571
vt 0.826629 0.334744
vt 0.826629 0.400659
vt 0.807958 0.334744
vt 0.446906 0.306495
vt 0.807958 0.306495
vt 0.446906 0.391243
vt 0.807958 0.391242
vt 0.386506 0.580006
vt 0.388522 0.558358
vt 0.628109 0.558574
vt 0.629327 0.580225
vt 0.158440 0.137170
vt 0.224569 0.208426
vt 0.158243 0.139966
vt 0.241967 0.213349
vt 0.386506 0.580006
vt 0.629327 0.580225
vt 0.378684 0.663988
vt 0.159973 0.133847
vt 0.163957 0.128702
vt 0.298302 0.211565
vt 0.319896 0.221568
vt 0.634053 0.664218
vt 0.637099 0.718346
vt 0.378684 0.663988
vt 0.366802 0.215792
vt 0.634053 0.664218
vt 0.155566 0.131536
vt 0.373644 0.718108
vt 0.116881 0.950646
vt 0.117815 0.967515
vt 0.109704 0.952805
vt 0.390538 0.536710
vt 0.342100 0.923755
vt 0.423523 0.437879
vt 0.423523 0.371427
vt 0.439432 0.437879
vt 0.091594 0.625886
vt 0.098770 0.623726
vt 0.092406 0.640553
vt 0.421373 0.354813
vt 0.423523 0.354813
vt 0.412773 0.437879
vt 0.404173 0.429573
vt 0.404173 0.437879
vt 0.352474 0.945414
vt 0.649891 0.945682
vt 0.350458 0.967062
vt 0.812002 0.090897
vt 0.772678 0.107537
vt 0.798394 0.247742
vt 0.737002 0.216554
vt 0.710922 0.253263
vt 0.665023 0.269278
vt 0.678725 0.269362
vt 0.005222 0.354813
vt 0.005222 0.346506
vt 0.435694 0.354813
vt 0.029929 0.346506
vt 0.195751 0.346506
vt 0.245165 0.346506
vt 0.410987 0.346506
vt 0.435694 0.346506
vt 0.410987 0.329893
vt 0.092406 0.640553
vt 0.103354 0.640617
vt 0.092874 0.648988
vt 0.407744 0.346506
vt 0.409912 0.329893
vt 0.241921 0.346506
vt 0.407744 0.329893
vt 0.103327 0.666058
vt 0.103354 0.640617
vt 0.176804 0.666487
vt 0.176831 0.641046
vt 0.131635 0.180508
vt 0.145993 0.182719
vt 0.123574 0.176626
vt 0.146507 0.180505
vt 0.137212 0.171652
vt 0.118761 0.172544
vt 0.051162 0.181272
vt 0.050552 0.183364
vt 0.241921 0.329893
vt 0.072499 0.177889
vt 0.167159 0.141567
vt 0.541181 0.039090
vt 0.271700 0.667041
vt 0.272037 0.650033
vt 0.198718 0.649606
vt 0.187869 0.129152
vt 0.536757 0.050003
vt 0.027760 0.346506
vt 0.027760 0.329893
vt 0.192508 0.329893
vt 0.192508 0.346506
vt 0.198727 0.641174
vt 0.271700 0.667041
vt 0.198699 0.666615
vt 0.272204 0.641602
vt 0.542078 0.064327
vt 0.570272 0.085021
vt 0.553057 0.045835
vt 0.283152 0.641666
vt 0.282666 0.650095
vt 0.272204 0.641602
vt 0.536956 0.025499
vt 0.433544 0.321587
vt 0.433544 0.329893
vt 0.005222 0.329893
vt 0.005222 0.321587
vt 0.282666 0.650095
vt 0.129845 0.657708
vt 0.092874 0.648988
vt 0.093816 0.666003
vt 0.129836 0.666213
vt 0.151741 0.657836
vt 0.245676 0.658385
vt 0.223781 0.658257
vt 0.281687 0.667099
vt 0.299588 0.321587
vt 0.299588 0.296667
vt 0.349002 0.296667
vt 0.429207 0.321587
vt 0.347917 0.321587
vt 0.347917 0.296667
vt 0.429207 0.288360
vt 0.086512 0.296667
vt 0.005222 0.288360
vt 0.005222 0.321587
vt 0.086512 0.321587
vt 0.245667 0.666889
vt 0.087596 0.321587
vt 0.087596 0.296667
vt 0.137009 0.296667
vt 0.137009 0.321587
vt 0.350372 0.101062
vt 0.351887 0.102774
vt 0.350476 0.086219
vt 0.349008 0.081235
vt 0.135925 0.296667
vt 0.298504 0.296667
vt 0.135925 0.321587
vt 0.298504 0.321587
vt 0.223772 0.666761
vt 0.151732 0.666341
vt 0.156835 0.159124
vt 0.172627 0.149513
vt 0.245667 0.666889
vt 0.223772 0.666761
vt 0.223781 0.658257
vt 0.245676 0.658385
vt 0.129836 0.666213
vt 0.151732 0.666341
vt 0.129845 0.657708
vt 0.281687 0.667099
vt 0.225555 0.690978
vt 0.149896 0.690537
vt 0.093816 0.666003
vt 0.096173 0.708540
vt 0.150911 0.708860
vt 0.418365 0.288360
vt 0.294831 0.288360
vt 0.418365 0.280054
vt 0.294831 0.280054
vt 0.150911 0.708860
vt 0.161964 0.908385
vt 0.096173 0.708540
vt 0.128755 0.288360
vt 0.128755 0.271747
vt 0.299502 0.271747
vt 0.149896 0.690537
vt 0.225555 0.690978
vt 0.210107 0.959258
vt 0.167367 0.116837
vt 0.198015 0.158574
vt 0.159628 0.099919
vt 0.157214 0.101886
vt 0.158637 0.104571
vt 0.164768 0.958993
vt 0.470022 0.548073
vt 0.546990 0.548143
vt 0.469058 0.558431
vt 0.547573 0.558501
vt 0.188656 0.079182
vt 0.172567 0.075380
vt 0.173363 0.072035
vt 0.175270 0.071408
vt 0.270264 0.109017
vt 0.267757 0.909002
vt 0.213019 0.908683
vt 0.224501 0.709289
vt 0.279239 0.709609
vt 0.005222 0.288360
vt 0.005222 0.280054
vt 0.128756 0.280054
vt 0.128756 0.288360
vt 0.224501 0.709289
vt 0.279239 0.709609
vt 0.282918 0.097833
vt 0.280295 0.098396
vt 0.187648 0.077753
vt 0.199811 0.023463
vt 0.189689 0.037331
vt 0.267757 0.909002
vt 0.265310 0.951512
vt 0.213019 0.908683
vt 0.211479 0.935424
vt 0.210571 0.951192
vt 0.089371 0.310052
vt 0.087764 0.322253
vt 0.002783 0.310052
vt 0.004390 0.322253
vt 0.165885 0.115387
vt 0.162441 0.110334
vt 0.160068 0.106238
vt 0.161964 0.908385
vt 0.164321 0.950923
vt 0.107226 0.908066
vt 0.109582 0.950603
vt 0.428234 0.231164
vt 0.568271 0.231164
vt 0.428234 0.249997
vt 0.826629 0.249997
vt 0.826629 0.231164
vt 0.686592 0.231164
vt 0.150776 0.134062
vt 0.167915 0.073481
vt 0.151842 0.135511
vt 0.162152 0.092405
vt 0.424547 0.249997
vt 0.822942 0.249997
vt 0.424547 0.287663
vt 0.158484 0.111620
vt 0.158475 0.130613
vt 0.151227 0.136014
vt 0.151332 0.136854
vt 0.154519 0.142567
vt 0.151386 0.137847
vt 0.161038 0.149706
vt 0.640499 0.558585
vt 0.639895 0.591340
vt 0.644726 0.590228
vt 0.830316 0.249997
vt 0.830316 0.287663
vt 0.822942 0.287663
vt 0.268169 0.926884
vt 0.265337 0.925998
vt 0.265310 0.951512
vt 0.149878 0.135733
vt 0.147789 0.136324
vt 0.107226 0.908066
vt 0.178964 0.157817
vt 0.181368 0.156800
vt 0.000059 0.289361
vt 0.178632 0.077842
vt 0.194676 0.329893
vt 0.196836 0.329893
vt 0.196836 0.346506
vt 0.246249 0.346506
vt 0.225180 0.159113
vt 0.021693 0.354813
vt 0.021693 0.371426
vt 0.005222 0.354813
vt 0.135519 0.156187
vt 0.118479 0.173820
vt 0.153254 0.131898
vt 0.146937 0.142358
vt 0.359531 0.869645
vt 0.359531 0.869645
vt 0.360539 0.858821
vt 0.645627 0.869904
vt 0.621895 0.266009
vt 0.628408 0.261386
vt 0.138536 0.154499
vt 0.645018 0.859078
vt 0.643814 0.267489
vt 0.360539 0.858821
vt 0.361547 0.847998
vt 0.595592 0.259113
vt 0.601659 0.264354
vt 0.141261 0.154485
vt 0.361547 0.847998
vt 0.362555 0.837173
vt 0.644409 0.848252
vt 0.643800 0.837427
vt 0.580735 0.262674
vt 0.587032 0.258344
vt 0.141991 0.154501
vt 0.141431 0.154521
vt 0.362555 0.837173
vt 0.363563 0.826349
vt 0.643190 0.826602
vt 0.363563 0.826349
vt 0.642581 0.815776
vt 0.364571 0.815525
vt 0.541426 0.258508
vt 0.547581 0.254551
vt 0.141453 0.154348
vt 0.140655 0.153955
vt 0.364571 0.815525
vt 0.365579 0.804701
vt 0.641363 0.794125
vt 0.641972 0.804950
vt 0.365579 0.804701
vt 0.366587 0.793877
vt 0.640145 0.772474
vt 0.640754 0.783300
vt 0.367595 0.783053
vt 0.368603 0.772229
vt 0.468064 0.246874
vt 0.474010 0.243703
vt 0.141672 0.151569
vt 0.639536 0.761648
vt 0.369611 0.761405
vt 0.370620 0.750581
vt 0.638926 0.750823
vt 0.446785 0.238151
vt 0.439751 0.236523
vt 0.451272 0.243284
vt 0.370620 0.750581
vt 0.371628 0.739757
vt 0.413748 0.230053
vt 0.417858 0.235176
vt 0.147043 0.143197
vt 0.638317 0.739997
vt 0.371628 0.739757
vt 0.637708 0.729171
vt 0.372636 0.728932
vt 0.401288 0.230620
vt 0.407075 0.228208
vt 0.147177 0.142696
vt 0.372636 0.728932
vt 0.373644 0.718108
vt 0.146850 0.142887
vt 0.145746 0.144617
vt 0.144227 0.145332
vt 0.142602 0.146867
vt 0.142555 0.149012
vt 0.140167 0.152699
vt 0.141439 0.151316
vt 0.141230 0.152138
vt 0.139346 0.154931
vt 0.140802 0.153041
vt 0.140569 0.153081
vt 0.140874 0.153175
vt 0.141308 0.154360
vt 0.141710 0.154368
vt 0.141334 0.154337
vt 0.141135 0.151746
vt 0.481401 0.245095
vt 0.486276 0.250229
vt 0.561412 0.260678
vt 0.159696 0.125600
vt 0.021693 0.429573
vt 0.021693 0.437879
vt 0.648673 0.924031
vt 0.641363 0.794125
vt 0.640754 0.783300
vt 0.638317 0.739997
vt 0.807958 0.400659
vt 0.626890 0.536923
vt 0.158286 0.135548
vt 0.153393 0.137779
vt 0.110639 0.969675
vt 0.451780 0.400659
vt 0.433744 0.334744
vt 0.451780 0.334744
vt 0.433744 0.400659
vt 0.378411 0.533873
vt 0.349450 0.977886
vt 0.099238 0.632161
vt 0.063844 0.149310
vt 0.091139 0.157032
vt 0.061034 0.148976
vt 0.421373 0.371427
vt 0.107410 0.166689
vt 0.651109 0.967333
vt 0.838879 0.050803
vt 0.890529 0.092436
vt 0.021693 0.354813
vt 0.021693 0.371426
vt 0.283152 0.641666
vt 0.276338 0.633195
vt 0.155248 0.173380
vt 0.156876 0.161389
vt 0.154844 0.172873
vt 0.349002 0.321587
vt 0.151741 0.657836
vt 0.186802 0.160589
vt 0.299502 0.288360
vt 0.162173 0.110096
vt 0.570603 0.212332
vt 0.686592 0.212332
vt 0.570603 0.231164
vt 0.686592 0.231164
vt 0.288960 0.105833
vt 0.005222 0.329893
vt 0.029929 0.329893
vt 0.176840 0.632541
vt 0.198736 0.632669
vt 0.176822 0.649478
vt 0.246249 0.329893
vt 0.482197 0.967274
vt 0.519568 0.956390
vt 0.519367 0.967308
vt 0.103345 0.649049
vt 0.435694 0.329893
vt 0.276824 0.624766
vt 0.896248 0.055145
vt 0.283996 0.627009
vt 0.005222 0.437879
vt 0.021693 0.437879
vt 0.439432 0.354813
vt 0.337323 0.975049
vt 0.637402 0.262079
vt 0.136434 0.154824
vt 0.555737 0.255499
vt 0.522969 0.256014
vt 0.517695 0.250866
vt 0.509926 0.249700
vt 0.503884 0.253267
vt 0.368603 0.772229
vt 0.433880 0.239318
vt 0.366587 0.793877
vt 0.367595 0.783053
vt 0.369611 0.761405
vt 0.021693 0.429573
vt 0.021693 0.371426
vt 0.417073 0.371427
vt 0.417073 0.429573
vt 0.646236 0.880729
vt 0.649891 0.945682
vt 0.352474 0.945414
vt 0.358523 0.880470
vt 0.646236 0.880729
vt 0.358523 0.880470
vt 0.645627 0.869904
vt 0.661063 0.924043
vt 0.663950 0.975344
vt 0.651719 0.978159
vt 0.645018 0.859078
vt 0.644409 0.848252
vt 0.643800 0.837427
vt 0.643190 0.826602
vt 0.642581 0.815776
vt 0.641972 0.804950
vt 0.640145 0.772474
vt 0.639536 0.761648
vt 0.638926 0.750823
vt 0.637708 0.729171
vt 0.637099 0.718346
vt 0.639121 0.534108
vt 0.386006 0.225943
vt 0.192883 0.196458
vt 0.169069 0.208872
vt 0.169507 0.169325
vt 0.165346 0.178784
vt 0.258011 0.951469
vt 0.265183 0.953712
vt 0.257040 0.968328
vt 0.264212 0.970571
vt 0.826629 0.334744
vt 0.826629 0.400659
vt 0.807958 0.334744
vt 0.446906 0.306495
vt 0.807958 0.306495
vt 0.446906 0.391243
vt 0.807958 0.391242
vt 0.386506 0.580006
vt 0.388522 0.558358
vt 0.628109 0.558574
vt 0.629327 0.580225
vt 0.158440 0.137170
vt 0.224569 0.208426
vt 0.158243 0.139966
vt 0.241967 0.213349
vt 0.386506 0.580006
vt 0.629327 0.580225
vt 0.378684 0.663988
vt 0.159973 0.133847
vt 0.163957 0.128702
vt 0.298302 0.211565
vt 0.319896 0.221568
vt 0.634053 0.664218
vt 0.637099 0.718346
vt 0.378684 0.663988
vt 0.366802 0.215792
vt 0.634053 0.664218
vt 0.155566 0.131536
vt 0.373644 0.718108
vt 0.116881 0.950646
vt 0.117815 0.967515
vt 0.109704 0.952805
vt 0.390538 0.536710
vt 0.342100 0.923755
vt 0.423523 0.437879
vt 0.423523 0.371427
vt 0.439432 0.437879
vt 0.091594 0.625886
vt 0.098770 0.623726
vt 0.092406 0.640553
vt 0.421373 0.354813
vt 0.423523 0.354813
vt 0.412773 0.437879
vt 0.404173 0.429573
vt 0.404173 0.437879
vt 0.352474 0.945414
vt 0.649891 0.945682
vt 0.350458 0.967062
vt 0.812002 0.090897
vt 0.772678 0.107537
vt 0.798394 0.247742
vt 0.737002 0.216554
vt 0.710922 0.253263
vt 0.665023 0.269278
vt 0.678725 0.269362
vt 0.005222 0.354813
vt 0.005222 0.346506
vt 0.435694 0.354813
vt 0.029929 0.346506
vt 0.195751 0.346506
vt 0.245165 0.346506
vt 0.410987 0.346506
vt 0.435694 0.346506
vt 0.410987 0.329893
vt 0.092406 0.640553
vt 0.103354 0.640617
vt 0.092874 0.648988
vt 0.407744 0.346506
vt 0.409912 0.329893
vt 0.241921 0.346506
vt 0.407744 0.329893
vt 0.103327 0.666058
vt 0.103354 0.640617
vt 0.176804 0.666487
vt 0.176831 0.641046
vt 0.131635 0.180508
vt 0.145993 0.182719
vt 0.123574 0.176626
vt 0.146507 0.180505
vt 0.137212 0.171652
vt 0.118761 0.172544
vt 0.051162 0.181272
vt 0.050552 0.183364
vt 0.241921 0.329893
vt 0.072499 0.177889
vt 0.167159 0.141567
vt 0.541181 0.039090
vt 0.271700 0.667041
vt 0.272037 0.650033
vt 0.198718 0.649606
vt 0.187869 0.129152
vt 0.536757 0.050003
vt 0.027760 0.346506
vt 0.027760 0.329893
vt 0.192508 0.329893
vt 0.192508 0.346506
vt 0.198727 0.641174
vt 0.271700 0.667041
vt 0.198699 0.666615
vt 0.272204 0.641602
vt 0.542078 0.064327
vt 0.570272 0.085021
vt 0.553057 0.045835
vt 0.283152 0.641666
vt 0.282666 0.650095
vt 0.272204 0.641602
vt 0.536956 0.025499
vt 0.433544 0.321587
vt 0.433544 0.329893
vt 0.005222 0.329893
vt 0.005222 0.321587
vt 0.282666 0.650095
vt 0.129845 0.657708
vt 0.092874 0.648988
vt 0.093816 0.666003
vt 0.129836 0.666213
vt 0.151741 0.657836
vt 0.245676 0.658385
vt 0.223781 0.658257
vt 0.281687 0.667099
vt 0.299588 0.321587
vt 0.299588 0.296667
vt 0.349002 0.296667
vt 0.429207 0.321587
vt 0.347917 0.321587
vt 0.347917 0.296667
vt 0.429207 0.288360
vt 0.086512 0.296667
vt 0.005222 0.288360
vt 0.005222 0.321587
vt 0.086512 0.321587
vt 0.245667 0.666889
vt 0.087596 0.321587
vt 0.087596 0.296667
vt 0.137009 0.296667
vt 0.137009 0.321587
vt 0.350372 0.101062
vt 0.351887 0.102774
vt 0.350476 0.086219
vt 0.349008 0.081235
vt 0.135925 0.296667
vt 0.298504 0.296667
vt 0.135925 0.321587
vt 0.298504 0.321587
vt 0.223772 0.666761
vt 0.151732 0.666341
vt 0.156835 0.159124
vt 0.172627 0.149513
vt 0.245667 0.666889
vt 0.223772 0.666761
vt 0.223781 0.658257
vt 0.245676 0.658385
vt 0.129836 0.666213
vt 0.151732 0.666341
vt 0.129845 0.657708
vt 0.281687 0.667099
vt 0.225555 0.690978
vt 0.149896 0.690537
vt 0.093816 0.666003
vt 0.096173 0.708540
vt 0.150911 0.708860
vt 0.418365 0.288360
vt 0.294831 0.288360
vt 0.418365 0.280054
vt 0.294831 0.280054
vt 0.150911 0.708860
vt 0.161964 0.908385
vt 0.096173 0.708540
vt 0.128755 0.288360
vt 0.128755 0.271747
vt 0.299502 0.271747
vt 0.149896 0.690537
vt 0.225555 0.690978
vt 0.210107 0.959258
vt 0.167367 0.116837
vt 0.198015 0.158574
vt 0.159628 0.099919
vt 0.157214 0.101886
vt 0.158637 0.104571
vt 0.164768 0.958993
vt 0.470022 0.548073
vt 0.546990 0.548143
vt 0.469058 0.558431
vt 0.547573 0.558501
vt 0.188656 0.079182
vt 0.172567 0.075380
vt 0.173363 0.072035
vt 0.175270 0.071408
vt 0.270264 0.109017
vt 0.267757 0.909002
vt 0.213019 0.908683
vt 0.224501 0.709289
vt 0.279239 0.709609
vt 0.005222 0.288360
vt 0.005222 0.280054
vt 0.128756 0.280054
vt 0.128756 0.288360
vt 0.224501 0.709289
vt 0.279239 0.709609
vt 0.282918 0.097833
vt 0.280295 0.098396
vt 0.187648 0.077753
vt 0.199811 0.023463
vt 0.189689 0.037331
vt 0.267757 0.909002
vt 0.265310 0.951512
vt 0.213019 0.908683
vt 0.211479 0.935424
vt 0.210571 0.951192
vt 0.089371 0.310052
vt 0.087764 0.322253
vt 0.002783 0.310052
vt 0.004390 0.322253
vt 0.165885 0.115387
vt 0.162441 0.110334
vt 0.160068 0.106238
vt 0.161964 0.908385
vt 0.164321 0.950923
vt 0.107226 0.908066
vt 0.109582 0.950603
vt 0.428234 0.231164
vt 0.568271 0.231164
vt 0.428234 0.249997
vt 0.826629 0.249997
vt 0.826629 0.231164
vt 0.686592 0.231164
vt 0.150776 0.134062
vt 0.167915 0.073481
vt 0.151842 0.135511
vt 0.162152 0.092405
vt 0.424547 0.249997
vt 0.822942 0.249997
vt 0.424547 0.287663
vt 0.158484 0.111620
vt 0.158475 0.130613
vt 0.151227 0.136014
vt 0.151332 0.136854
vt 0.154519 0.142567
vt 0.151386 0.137847
vt 0.161038 0.149706
vt 0.640499 0.558585
vt 0.639895 0.591340
vt 0.644726 0.590228
vt 0.830316 0.249997
vt 0.830316 0.287663
vt 0.822942 0.287663
vt 0.268169 0.926884
vt 0.265337 0.925998
vt 0.265310 0.951512
vt 0.149878 0.135733
vt 0.147789 0.136324
vt 0.107226 0.908066
vt 0.178964 0.157817
vt 0.181368 0.156800
vt 0.000059 0.289361
vt 0.178632 0.077842
vt 0.194676 0.329893
vt 0.196836 0.329893
vt 0.196836 0.346506
vt 0.246249 0.346506
vt 0.225180 0.159113
vt 0.021693 0.354813
vt 0.021693 0.371426
vt 0.005222 0.354813
vt 0.135519 0.156187
vt 0.118479 0.173820
vt 0.153254 0.131898
vt 0.146937 0.142358
vt 0.359531 0.869645
vt 0.359531 0.869645
vt 0.360539 0.858821
vt 0.645627 0.869904
vt 0.621895 0.266009
vt 0.628408 0.261386
vt 0.138536 0.154499
vt 0.645018 0.859078
vt 0.643814 0.267489
vt 0.360539 0.858821
vt 0.361547 0.847998
vt 0.595592 0.259113
vt 0.601659 0.264354
vt 0.141261 0.154485
vt 0.361547 0.847998
vt 0.362555 0.837173
vt 0.644409 0.848252
vt 0.643800 0.837427
vt 0.580735 0.262674
vt 0.587032 0.258344
vt 0.141991 0.154501
vt 0.141431 0.154521
vt 0.362555 0.837173
vt 0.363563 0.826349
vt 0.643190 0.826602
vt 0.363563 0.826349
vt 0.642581 0.815776
vt 0.364571 0.815525
vt 0.541426 0.258508
vt 0.547581 0.254551
vt 0.141453 0.154348
vt 0.140655 0.153955
vt 0.364571 0.815525
vt 0.365579 0.804701
vt 0.641363 0.794125
vt 0.641972 0.804950
vt 0.365579 0.804701
vt 0.366587 0.793877
vt 0.640145 0.772474
vt 0.640754 0.783300
vt 0.367595 0.783053
vt 0.368603 0.772229
vt 0.468064 0.246874
vt 0.474010 0.243703
vt 0.141672 0.151569
vt 0.639536 0.761648
vt 0.369611 0.761405
vt 0.370620 0.750581
vt 0.638926 0.750823
vt 0.446785 0.238151
vt 0.439751 0.236523
vt 0.451272 0.243284
vt 0.370620 0.750581
vt 0.371628 0.739757
vt 0.413748 0.230053
vt 0.417858 0.235176
vt 0.147043 0.143197
vt 0.638317 0.739997
vt 0.371628 0.739757
vt 0.637708 0.729171
vt 0.372636 0.728932
vt 0.401288 0.230620
vt 0.407075 0.228208
vt 0.147177 0.142696
vt 0.372636 0.728932
vt 0.373644 0.718108
vt 0.146850 0.142887
vt 0.145746 0.144617
vt 0.144227 0.145332
vt 0.142602 0.146867
vt 0.142555 0.149012
vt 0.140167 0.152699
vt 0.141439 0.151316
vt 0.141230 0.152138
vt 0.139346 0.154931
vt 0.140802 0.153041
vt 0.140569 0.153081
vt 0.140874 0.153175
vt 0.141308 0.154360
vt 0.141710 0.154368
vt 0.141334 0.154337
vt 0.141135 0.151746
vt 0.481401 0.245095
vt 0.486276 0.250229
vt 0.561412 0.260678
vt 0.159696 0.125600
vt 0.021693 0.429573
vt 0.021693 0.437879
vt 0.648673 0.924031
vt 0.641363 0.794125
vt 0.640754 0.783300
vt 0.638317 0.739997
vt 0.807958 0.400659
vt 0.626890 0.536923
vt 0.158286 0.135548
vt 0.153393 0.137779
vt 0.110639 0.969675
vt 0.451780 0.400659
vt 0.433744 0.334744
vt 0.451780 0.334744
vt 0.433744 0.400659
vt 0.378411 0.533873
vt 0.349450 0.977886
vt 0.099238 0.632161
vt 0.063844 0.149310
vt 0.091139 0.157032
vt 0.061034 0.148976
vt 0.421373 0.371427
vt 0.107410 0.166689
vt 0.651109 0.967333
vt 0.838879 0.050803
vt 0.890529 0.092436
vt 0.021693 0.354813
vt 0.021693 0.371426
vt 0.283152 0.641666
vt 0.276338 0.633195
vt 0.155248 0.173380
vt 0.156876 0.161389
vt 0.154844 0.172873
vt 0.349002 0.321587
vt 0.151741 0.657836
vt 0.186802 0.160589
vt 0.299502 0.288360
vt 0.162173 0.110096
vt 0.570603 0.212332
vt 0.686592 0.212332
vt 0.570603 0.231164
vt 0.686592 0.231164
vt 0.288960 0.105833
vt 0.005222 0.329893
vt 0.029929 0.329893
vt 0.176840 0.632541
vt 0.198736 0.632669
vt 0.176822 0.649478
vt 0.246249 0.329893
vt 0.482197 0.967274
vt 0.519568 0.956390
vt 0.519367 0.967308
vt 0.103345 0.649049
vt 0.435694 0.329893
vt 0.276824 0.624766
vt 0.896248 0.055145
vt 0.283996 0.627009
vt 0.005222 0.437879
vt 0.021693 0.437879
vt 0.439432 0.354813
vt 0.337323 0.975049
vt 0.637402 0.262079
vt 0.136434 0.154824
vt 0.555737 0.255499
vt 0.522969 0.256014
vt 0.517695 0.250866
vt 0.509926 0.249700
vt 0.503884 0.253267
vt 0.368603 0.772229
vt 0.433880 0.239318
vt 0.366587 0.793877
vt 0.367595 0.783053
vt 0.369611 0.761405
vt 0.021693 0.429573
vt 0.021693 0.371426
vt 0.417073 0.371427
vt 0.417073 0.429573
vt 0.646236 0.880729
vt 0.649891 0.945682
vt 0.352474 0.945414
vt 0.358523 0.880470
vt 0.646236 0.880729
vt 0.358523 0.880470
vt 0.645627 0.869904
vt 0.661063 0.924043
vt 0.663950 0.975344
vt 0.651719 0.978159
vt 0.645018 0.859078
vt 0.644409 0.848252
vt 0.643800 0.837427
vt 0.643190 0.826602
vt 0.642581 0.815776
vt 0.641972 0.804950
vt 0.640145 0.772474
vt 0.639536 0.761648
vt 0.638926 0.750823
vt 0.637708 0.729171
vt 0.637099 0.718346
vt 0.639121 0.534108
vt 0.386006 0.225943
vt 0.192883 0.196458
vt 0.169069 0.208872
vt 0.169507 0.169325
vt 0.165346 0.178784
vt 0.258011 0.951469
vt 0.265183 0.953712
vt 0.257040 0.968328
vt 0.264212 0.970571
vt 0.826629 0.334744
vt 0.826629 0.400659
vt 0.807958 0.334744
vt 0.446906 0.306495
vt 0.807958 0.306495
vt 0.446906 0.391243
vt 0.807958 0.391242
vt 0.386506 0.580006
vt 0.388522 0.558358
vt 0.628109 0.558574
vt 0.629327 0.580225
vt 0.158440 0.137170
vt 0.224569 0.208426
vt 0.158243 0.139966
vt 0.241967 0.213349
vt 0.386506 0.580006
vt 0.629327 0.580225
vt 0.378684 0.663988
vt 0.159973 0.133847
vt 0.163957 0.128702
vt 0.298302 0.211565
vt 0.319896 0.221568
vt 0.634053 0.664218
vt 0.637099 0.718346
vt 0.378684 0.663988
vt 0.366802 0.215792
vt 0.634053 0.664218
vt 0.155566 0.131536
vt 0.373644 0.718108
vt 0.116881 0.950646
vt 0.117815 0.967515
vt 0.109704 0.952805
vt 0.390538 0.536710
vt 0.342100 0.923755
vt 0.423523 0.437879
vt 0.423523 0.371427
vt 0.439432 0.437879
vt 0.091594 0.625886
vt 0.098770 0.623726
vt 0.092406 0.640553
vt 0.421373 0.354813
vt 0.423523 0.354813
vt 0.412773 0.437879
vt 0.404173 0.429573
vt 0.404173 0.437879
vt 0.352474 0.945414
vt 0.649891 0.945682
vt 0.350458 0.967062
vt 0.812002 0.090897
vt 0.772678 0.107537
vt 0.798394 0.247742
vt 0.737002 0.216554
vt 0.710922 0.253263
vt 0.665023 0.269278
vt 0.678725 0.269362
vt 0.005222 0.354813
vt 0.005222 0.346506
vt 0.435694 0.354813
vt 0.029929 0.346506
vt 0.195751 0.346506
vt 0.245165 0.346506
vt 0.410987 0.346506
vt 0.435694 0.346506
vt 0.410987 0.329893
vt 0.092406 0.640553
vt 0.103354 0.640617
vt 0.092874 0.648988
vt 0.407744 0.346506
vt 0.409912 0.329893
vt 0.241921 0.346506
vt 0.407744 0.329893
vt 0.103327 0.666058
vt 0.103354 0.640617
vt 0.176804 0.666487
vt 0.176831 0.641046
vt 0.131635 0.180508
vt 0.145993 0.182719
vt 0.123574 0.176626
vt 0.146507 0.180505
vt 0.137212 0.171652
vt 0.118761 0.172544
vt 0.051162 0.181272
vt 0.050552 0.183364
vt 0.241921 0.329893
vt 0.072499 0.177889
vt 0.167159 0.141567
vt 0.541181 0.039090
vt 0.271700 0.667041
vt 0.272037 0.650033
vt 0.198718 0.649606
vt 0.187869 0.129152
vt 0.536757 0.050003
vt 0.027760 0.346506
vt 0.027760 0.329893
vt 0.192508 0.329893
vt 0.192508 0.346506
vt 0.198727 0.641174
vt 0.271700 0.667041
vt 0.198699 0.666615
vt 0.272204 0.641602
vt 0.542078 0.064327
vt 0.570272 0.085021
vt 0.553057 0.045835
vt 0.283152 0.641666
vt 0.282666 0.650095
vt 0.272204 0.641602
vt 0.536956 0.025499
vt 0.433544 0.321587
vt 0.433544 0.329893
vt 0.005222 0.329893
vt 0.005222 0.321587
vt 0.282666 0.650095
vt 0.129845 0.657708
vt 0.092874 0.648988
vt 0.093816 0.666003
vt 0.129836 0.666213
vt 0.151741 0.657836
vt 0.245676 0.658385
vt 0.223781 0.658257
vt 0.281687 0.667099
vt 0.299588 0.321587
vt 0.299588 0.296667
vt 0.349002 0.296667
vt 0.429207 0.321587
vt 0.347917 0.321587
vt 0.347917 0.296667
vt 0.429207 0.288360
vt 0.086512 0.296667
vt 0.005222 0.288360
vt 0.005222 0.321587
vt 0.086512 0.321587
vt 0.245667 0.666889
vt 0.087596 0.321587
vt 0.087596 0.296667
vt 0.137009 0.296667
vt 0.137009 0.321587
vt 0.350372 0.101062
vt 0.351887 0.102774
vt 0.350476 0.086219
vt 0.349008 0.081235
vt 0.135925 0.296667
vt 0.298504 0.296667
vt 0.135925 0.321587
vt 0.298504 0.321587
vt 0.223772 0.666761
vt 0.151732 0.666341
vt 0.156835 0.159124
vt 0.172627 0.149513
vt 0.245667 0.666889
vt 0.223772 0.666761
vt 0.223781 0.658257
vt 0.245676 0.658385
vt 0.129836 0.666213
vt 0.151732 0.666341
vt 0.129845 0.657708
vt 0.281687 0.667099
vt 0.225555 0.690978
vt 0.149896 0.690537
vt 0.093816 0.666003
vt 0.096173 0.708540
vt 0.150911 0.708860
vt 0.418365 0.288360
vt 0.294831 0.288360
vt 0.418365 0.280054
vt 0.294831 0.280054
vt 0.150911 0.708860
vt 0.161964 0.908385
vt 0.096173 0.708540
vt 0.128755 0.288360
vt 0.128755 0.271747
vt 0.299502 0.271747
vt 0.149896 0.690537
vt 0.225555 0.690978
vt 0.210107 0.959258
vt 0.167367 0.116837
vt 0.198015 0.158574
vt 0.159628 0.099919
vt 0.157214 0.101886
vt 0.158637 0.104571
vt 0.164768 0.958993
vt 0.470022 0.548073
vt 0.546990 0.548143
vt 0.469058 0.558431
vt 0.547573 0.558501
vt 0.188656 0.079182
vt 0.172567 0.075380
vt 0.173363 0.072035
vt 0.175270 0.071408
vt 0.270264 0.109017
vt 0.267757 0.909002
vt 0.213019 0.908683
vt 0.224501 0.709289
vt 0.279239 0.709609
vt 0.005222 0.288360
vt 0.005222 0.280054
vt 0.128756 0.280054
vt 0.128756 0.288360
vt 0.224501 0.709289
vt 0.279239 0.709609
vt 0.282918 0.097833
vt 0.280295 0.098396
vt 0.187648 0.077753
vt 0.199811 0.023463
vt 0.189689 0.037331
vt 0.267757 0.909002
vt 0.265310 0.951512
vt 0.213019 0.908683
vt 0.211479 0.935424
vt 0.210571 0.951192
vt 0.089371 0.310052
vt 0.087764 0.322253
vt 0.002783 0.310052
vt 0.004390 0.322253
vt 0.165885 0.115387
vt 0.162441 0.110334
vt 0.160068 0.106238
vt 0.161964 0.908385
vt 0.164321 0.950923
vt 0.107226 0.908066
vt 0.109582 0.950603
vt 0.428234 0.231164
vt 0.568271 0.231164
vt 0.428234 0.249997
vt 0.826629 0.249997
vt 0.826629 0.231164
vt 0.686592 0.231164
vt 0.150776 0.134062
vt 0.167915 0.073481
vt 0.151842 0.135511
vt 0.162152 0.092405
vt 0.424547 0.249997
vt 0.822942 0.249997
vt 0.424547 0.287663
vt 0.158484 0.111620
vt 0.158475 0.130613
vt 0.151227 0.136014
vt 0.151332 0.136854
vt 0.154519 0.142567
vt 0.151386 0.137847
vt 0.161038 0.149706
vt 0.640499 0.558585
vt 0.639895 0.591340
vt 0.644726 0.590228
vt 0.830316 0.249997
vt 0.830316 0.287663
vt 0.822942 0.287663
vt 0.268169 0.926884
vt 0.265337 0.925998
vt 0.265310 0.951512
vt 0.149878 0.135733
vt 0.147789 0.136324
vt 0.107226 0.908066
vt 0.178964 0.157817
vt 0.181368 0.156800
vt 0.000059 0.289361
vt 0.178632 0.077842
vt 0.194676 0.329893
vt 0.196836 0.329893
vt 0.196836 0.346506
vt 0.246249 0.346506
vt 0.225180 0.159113
vt 0.021693 0.354813
vt 0.021693 0.371426
vt 0.005222 0.354813
vt 0.135519 0.156187
vt 0.118479 0.173820
vt 0.153254 0.131898
vt 0.146937 0.142358
vt 0.359531 0.869645
vt 0.359531 0.869645
vt 0.360539 0.858821
vt 0.645627 0.869904
vt 0.621895 0.266009
vt 0.628408 0.261386
vt 0.138536 0.154499
vt 0.645018 0.859078
vt 0.643814 0.267489
vt 0.360539 0.858821
vt 0.361547 0.847998
vt 0.595592 0.259113
vt 0.601659 0.264354
vt 0.141261 0.154485
vt 0.361547 0.847998
vt 0.362555 0.837173
vt 0.644409 0.848252
vt 0.643800 0.837427
vt 0.580735 0.262674
vt 0.587032 0.258344
vt 0.141991 0.154501
vt 0.141431 0.154521
vt 0.362555 0.837173
vt 0.363563 0.826349
vt 0.643190 0.826602
vt 0.363563 0.826349
vt 0.642581 0.815776
vt 0.364571 0.815525
vt 0.541426 0.258508
vt 0.547581 0.254551
vt 0.141453 0.154348
vt 0.140655 0.153955
vt 0.364571 0.815525
vt 0.365579 0.804701
vt 0.641363 0.794125
vt 0.641972 0.804950
vt 0.365579 0.804701
vt 0.366587 0.793877
vt 0.640145 0.772474
vt 0.640754 0.783300
vt 0.367595 0.783053
vt 0.368603 0.772229
vt 0.468064 0.246874
vt 0.474010 0.243703
vt 0.141672 0.151569
vt 0.639536 0.761648
vt 0.369611 0.761405
vt 0.370620 0.750581
vt 0.638926 0.750823
vt 0.446785 0.238151
vt 0.439751 0.236523
vt 0.451272 0.243284
vt 0.370620 0.750581
vt 0.371628 0.739757
vt 0.413748 0.230053
vt 0.417858 0.235176
vt 0.147043 0.143197
vt 0.638317 0.739997
vt 0.371628 0.739757
vt 0.637708 0.729171
vt 0.372636 0.728932
vt 0.401288 0.230620
vt 0.407075 0.228208
vt 0.147177 0.142696
vt 0.372636 0.728932
vt 0.373644 0.718108
vt 0.146850 0.142887
vt 0.145746 0.144617
vt 0.144227 0.145332
vt 0.142602 0.146867
vt 0.142555 0.149012
vt 0.140167 0.152699
vt 0.141439 0.151316
vt 0.141230 0.152138
vt 0.139346 0.154931
vt 0.140802 0.153041
vt 0.140569 0.153081
vt 0.140874 0.153175
vt 0.141308 0.154360
vt 0.141710 0.154368
vt 0.141334 0.154337
vt 0.141135 0.151746
vt 0.481401 0.245095
vt 0.486276 0.250229
vt 0.561412 0.260678
vt 0.159696 0.125600
vt 0.021693 0.429573
vt 0.021693 0.437879
vt 0.648673 0.924031
vt 0.641363 0.794125
vt 0.640754 0.783300
vt 0.638317 0.739997
vt 0.807958 0.400659
vt 0.626890 0.536923
vt 0.158286 0.135548
vt 0.153393 0.137779
vt 0.110639 0.969675
vt 0.451780 0.400659
vt 0.433744 0.334744
vt 0.451780 0.334744
vt 0.433744 0.400659
vt 0.378411 0.533873
vt 0.349450 0.977886
vt 0.099238 0.632161
vt 0.063844 0.149310
vt 0.091139 0.157032
vt 0.061034 0.148976
vt 0.421373 0.371427
vt 0.107410 0.166689
vt 0.651109 0.967333
vt 0.838879 0.050803
vt 0.890529 0.092436
vt 0.021693 0.354813
vt 0.021693 0.371426
vt 0.283152 0.641666
vt 0.276338 0.633195
vt 0.155248 0.173380
vt 0.156876 0.161389
vt 0.154844 0.172873
vt 0.349002 0.321587
vt 0.151741 0.657836
vt 0.186802 0.160589
vt 0.299502 0.288360
vt 0.162173 0.110096
vt 0.570603 0.212332
vt 0.686592 0.212332
vt 0.570603 0.231164
vt 0.686592 0.231164
vt 0.288960 0.105833
vt 0.005222 0.329893
vt 0.029929 0.329893
vt 0.176840 0.632541
vt 0.198736 0.632669
vt 0.176822 0.649478
vt 0.246249 0.329893
vt 0.482197 0.967274
vt 0.519568 0.956390
vt 0.519367 0.967308
vt 0.103345 0.649049
vt 0.435694 0.329893
vt 0.276824 0.624766
vt 0.896248 0.055145
vt 0.283996 0.627009
vt 0.005222 0.437879
vt 0.021693 0.437879
vt 0.439432 0.354813
vt 0.337323 0.975049
vt 0.637402 0.262079
vt 0.136434 0.154824
vt 0.555737 0.255499
vt 0.522969 0.256014
vt 0.517695 0.250866
vt 0.509926 0.249700
vt 0.503884 0.253267
vt 0.368603 0.772229
vt 0.433880 0.239318
vt 0.366587 0.793877
vt 0.367595 0.783053
vt 0.369611 0.761405
vt 0.021693 0.429573
vt 0.021693 0.371426
vt 0.417073 0.371427
vt 0.417073 0.429573
vt 0.646236 0.880729
vt 0.649891 0.945682
vt 0.352474 0.945414
vt 0.358523 0.880470
vt 0.646236 0.880729
vt 0.358523 0.880470
vt 0.645627 0.869904
vt 0.661063 0.924043
vt 0.663950 0.975344
vt 0.651719 0.978159
vt 0.645018 0.859078
vt 0.644409 0.848252
vt 0.643800 0.837427
vt 0.643190 0.826602
vt 0.642581 0.815776
vt 0.641972 0.804950
vt 0.640145 0.772474
vt 0.639536 0.761648
vt 0.638926 0.750823
vt 0.637708 0.729171
vt 0.637099 0.718346
vt 0.639121 0.534108
vt 0.386006 0.225943
vt 0.192883 0.196458
vt 0.169069 0.208872
vt 0.169507 0.169325
vt 0.165346 0.178784
vt 0.258011 0.951469
vt 0.265183 0.953712
vt 0.257040 0.968328
vt 0.264212 0.970571
vt 0.826629 0.334744
vt 0.826629 0.400659
vt 0.807958 0.334744
vt 0.446906 0.306495
vt 0.807958 0.306495
vt 0.446906 0.391243
vt 0.807958 0.391242
vt 0.386506 0.580006
vt 0.388522 0.558358
vt 0.628109 0.558574
vt 0.629327 0.580225
vt 0.158440 0.137170
vt 0.224569 0.208426
vt 0.158243 0.139966
vt 0.241967 0.213349
vt 0.386506 0.580006
vt 0.629327 0.580225
vt 0.378684 0.663988
vt 0.159973 0.133847
vt 0.163957 0.128702
vt 0.298302 0.211565
vt 0.319896 0.221568
vt 0.634053 0.664218
vt 0.637099 0.718346
vt 0.378684 0.663988
vt 0.366802 0.215792
vt 0.634053 0.664218
vt 0.155566 0.131536
vt 0.373644 0.718108
vt 0.116881 0.950646
vt 0.117815 0.967515
vt 0.109704 0.952805
vt 0.390538 0.536710
vt 0.342100 0.923755
vt 0.423523 0.437879
vt 0.423523 0.371427
vt 0.439432 0.437879
vt 0.091594 0.625886
vt 0.098770 0.623726
vt 0.092406 0.640553
vt 0.421373 0.354813
vt 0.423523 0.354813
vt 0.412773 0.437879
vt 0.404173 0.429573
vt 0.404173 0.437879
vt 0.352474 0.945414
vt 0.649891 0.945682
vt 0.350458 0.967062
vt 0.812002 0.090897
vt 0.772678 0.107537
vt 0.798394 0.247742
vt 0.737002 0.216554
vt 0.710922 0.253263
vt 0.665023 0.269278
vt 0.678725 0.269362
vt 0.005222 0.354813
vt 0.005222 0.346506
vt 0.435694 0.354813
vt 0.029929 0.346506
vt 0.195751 0.346506
vt 0.245165 0.346506
vt 0.410987 0.346506
vt 0.435694 0.346506
vt 0.410987 0.329893
vt 0.092406 0.640553
vt 0.103354 0.640617
vt 0.092874 0.648988
vt 0.407744 0.346506
vt 0.409912 0.329893
vt 0.241921 0.346506
vt 0.407744 0.329893
vt 0.103327 0.666058
vt 0.103354 0.640617
vt 0.176804 0.666487
vt 0.176831 0.641046
vt 0.131635 0.180508
vt 0.145993 0.182719
vt 0.123574 0.176626
vt 0.146507 0.180505
vt 0.137212 0.171652
vt 0.118761 0.172544
vt 0.051162 0.181272
vt 0.050552 0.183364
vt 0.241921 0.329893
vt 0.072499 0.177889
vt 0.167159 0.141567
vt 0.541181 0.039090
vt 0.271700 0.667041
vt 0.272037 0.650033
vt 0.198718 0.649606
vt 0.187869 0.129152
vt 0.536757 0.050003
vt 0.027760 0.346506
vt 0.027760 0.329893
vt 0.192508 0.329893
vt 0.192508 0.346506
vt 0.198727 0.641174
vt 0.271700 0.667041
vt 0.198699 0.666615
vt 0.272204 0.641602
vt 0.542078 0.064327
vt 0.570272 0.085021
vt 0.553057 0.045835
vt 0.283152 0.641666
vt 0.282666 0.650095
vt 0.272204 0.641602
vt 0.536956 0.025499
vt 0.433544 0.321587
vt 0.433544 0.329893
vt 0.005222 0.329893
vt 0.005222 0.321587
vt 0.282666 0.650095
vt 0.129845 0.657708
vt 0.092874 0.648988
vt 0.093816 0.666003
vt 0.129836 0.666213
vt 0.151741 0.657836
vt 0.245676 0.658385
vt 0.223781 0.658257
vt 0.281687 0.667099
vt 0.299588 0.321587
vt 0.299588 0.296667
vt 0.349002 0.296667
vt 0.429207 0.321587
vt 0.347917 0.321587
vt 0.347917 0.296667
vt 0.429207 0.288360
vt 0.086512 0.296667
vt 0.005222 0.288360
vt 0.005222 0.321587
vt 0.086512 0.321587
vt 0.245667 0.666889
vt 0.087596 0.321587
vt 0.087596 0.296667
vt 0.137009 0.296667
vt 0.137009 0.321587
vt 0.350372 0.101062
vt 0.351887 0.102774
vt 0.350476 0.086219
vt 0.349008 0.081235
vt 0.135925 0.296667
vt 0.298504 0.296667
vt 0.135925 0.321587
vt 0.298504 0.321587
vt 0.223772 0.666761
vt 0.151732 0.666341
vt 0.156835 0.159124
vt 0.172627 0.149513
vt 0.245667 0.666889
vt 0.223772 0.666761
vt 0.223781 0.658257
vt 0.245676 0.658385
vt 0.129836 0.666213
vt 0.151732 0.666341
vt 0.129845 0.657708
vt 0.281687 0.667099
vt 0.225555 0.690978
vt 0.149896 0.690537
vt 0.093816 0.666003
vt 0.096173 0.708540
vt 0.150911 0.708860
vt 0.418365 0.288360
vt 0.294831 0.288360
vt 0.418365 0.280054
vt 0.294831 0.280054
vt 0.150911 0.708860
vt 0.161964 0.908385
vt 0.096173 0.708540
vt 0.128755 0.288360
vt 0.128755 0.271747
vt 0.299502 0.271747
vt 0.149896 0.690537
vt 0.225555 0.690978
vt 0.210107 0.959258
vt 0.167367 0.116837
vt 0.198015 0.158574
vt 0.159628 0.099919
vt 0.157214 0.101886
vt 0.158637 0.104571
vt 0.164768 0.958993
vt 0.470022 0.548073
vt 0.546990 0.548143
vt 0.469058 0.558431
vt 0.547573 0.558501
vt 0.188656 0.079182
vt 0.172567 0.075380
vt 0.173363 0.072035
vt 0.175270 0.071408
vt 0.270264 0.109017
vt 0.267757 0.909002
vt 0.213019 0.908683
vt 0.224501 0.709289
vt 0.279239 0.709609
vt 0.005222 0.288360
vt 0.005222 0.280054
vt 0.128756 0.280054
vt 0.128756 0.288360
vt 0.224501 0.709289
vt 0.279239 0.709609
vt 0.282918 0.097833
vt 0.280295 0.098396
vt 0.187648 0.077753
vt 0.199811 0.023463
vt 0.189689 0.037331
vt 0.267757 0.909002
vt 0.265310 0.951512
vt 0.213019 0.908683
vt 0.211479 0.935424
vt 0.210571 0.951192
vt 0.089371 0.310052
vt 0.087764 0.322253
vt 0.002783 0.310052
vt 0.004390 0.322253
vt 0.165885 0.115387
vt 0.162441 0.110334
vt 0.160068 0.106238
vt 0.161964 0.908385
vt 0.164321 0.950923
vt 0.107226 0.908066
vt 0.109582 0.950603
vt 0.428234 0.231164
vt 0.568271 0.231164
vt 0.428234 0.249997
vt 0.826629 0.249997
vt 0.826629 0.231164
vt 0.686592 0.231164
vt 0.150776 0.134062
vt 0.167915 0.073481
vt 0.151842 0.135511
vt 0.162152 0.092405
vt 0.424547 0.249997
vt 0.822942 0.249997
vt 0.424547 0.287663
vt 0.158484 0.111620
vt 0.158475 0.130613
vt 0.151227 0.136014
vt 0.151332 0.136854
vt 0.154519 0.142567
vt 0.151386 0.137847
vt 0.161038 0.149706
vt 0.640499 0.558585
vt 0.639895 0.591340
vt 0.644726 0.590228
vt 0.830316 0.249997
vt 0.830316 0.287663
vt 0.822942 0.287663
vt 0.268169 0.926884
vt 0.265337 0.925998
vt 0.265310 0.951512
vt 0.149878 0.135733
vt 0.147789 0.136324
vt 0.107226 0.908066
vt 0.178964 0.157817
vt 0.181368 0.156800
vt 0.000059 0.289361
vt 0.178632 0.077842
vt 0.194676 0.329893
vt 0.196836 0.329893
vt 0.196836 0.346506
vt 0.246249 0.346506
vt 0.225180 0.159113
vt 0.021693 0.354813
vt 0.021693 0.371426
vt 0.005222 0.354813
vt 0.135519 0.156187
vt 0.118479 0.173820
vt 0.153254 0.131898
vt 0.146937 0.142358
vt 0.359531 0.869645
vt 0.359531 0.869645
vt 0.360539 0.858821
vt 0.645627 0.869904
vt 0.621895 0.266009
vt 0.628408 0.261386
vt 0.138536 0.154499
vt 0.645018 0.859078
vt 0.643814 0.267489
vt 0.360539 0.858821
vt 0.361547 0.847998
vt 0.595592 0.259113
vt 0.601659 0.264354
vt 0.141261 0.154485
vt 0.361547 0.847998
vt 0.362555 0.837173
vt 0.644409 0.848252
vt 0.643800 0.837427
vt 0.580735 0.262674
vt 0.587032 0.258344
vt 0.141991 0.154501
vt 0.141431 0.154521
vt 0.362555 0.837173
vt 0.363563 0.826349
vt 0.643190 0.826602
vt 0.363563 0.826349
vt 0.642581 0.815776
vt 0.364571 0.815525
vt 0.541426 0.258508
vt 0.547581 0.254551
vt 0.141453 0.154348
vt 0.140655 0.153955
vt 0.364571 0.815525
vt 0.365579 0.804701
vt 0.641363 0.794125
vt 0.641972 0.804950
vt 0.365579 0.804701
vt 0.366587 0.793877
vt 0.640145 0.772474
vt 0.640754 0.783300
vt 0.367595 0.783053
vt 0.368603 0.772229
vt 0.468064 0.246874
vt 0.474010 0.243703
vt 0.141672 0.151569
vt 0.639536 0.761648
vt 0.369611 0.761405
vt 0.370620 0.750581
vt 0.638926 0.750823
vt 0.446785 0.238151
vt 0.439751 0.236523
vt 0.451272 0.243284
vt 0.370620 0.750581
vt 0.371628 0.739757
vt 0.413748 0.230053
vt 0.417858 0.235176
vt 0.147043 0.143197
vt 0.638317 0.739997
vt 0.371628 0.739757
vt 0.637708 0.729171
vt 0.372636 0.728932
vt 0.401288 0.230620
vt 0.407075 0.228208
vt 0.147177 0.142696
vt 0.372636 0.728932
vt 0.373644 0.718108
vt 0.146850 0.142887
vt 0.145746 0.144617
vt 0.144227 0.145332
vt 0.142602 0.146867
vt 0.142555 0.149012
vt 0.140167 0.152699
vt 0.141439 0.151316
vt 0.141230 0.152138
vt 0.139346 0.154931
vt 0.140802 0.153041
vt 0.140569 0.153081
vt 0.140874 0.153175
vt 0.141308 0.154360
vt 0.141710 0.154368
vt 0.141334 0.154337
vt 0.141135 0.151746
vt 0.481401 0.245095
vt 0.486276 0.250229
vt 0.561412 0.260678
vt 0.159696 0.125600
vt 0.021693 0.429573
vt 0.021693 0.437879
vt 0.648673 0.924031
vt 0.641363 0.794125
vt 0.640754 0.783300
vt 0.638317 0.739997
vt 0.807958 0.400659
vt 0.626890 0.536923
vt 0.158286 0.135548
vt 0.153393 0.137779
vt 0.110639 0.969675
vt 0.451780 0.400659
vt 0.433744 0.334744
vt 0.451780 0.334744
vt 0.433744 0.400659
vt 0.378411 0.533873
vt 0.349450 0.977886
vt 0.099238 0.632161
vt 0.063844 0.149310
vt 0.091139 0.157032
vt 0.061034 0.148976
vt 0.421373 0.371427
vt 0.107410 0.166689
vt 0.651109 0.967333
vt 0.838879 0.050803
vt 0.890529 0.092436
vt 0.021693 0.354813
vt 0.021693 0.371426
vt 0.283152 0.641666
vt 0.276338 0.633195
vt 0.155248 0.173380
vt 0.156876 0.161389
vt 0.154844 0.172873
vt 0.349002 0.321587
vt 0.151741 0.657836
vt 0.186802 0.160589
vt 0.299502 0.288360
vt 0.162173 0.110096
vt 0.570603 0.212332
vt 0.686592 0.212332
vt 0.570603 0.231164
vt 0.686592 0.231164
vt 0.288960 0.105833
vt 0.005222 0.329893
vt 0.029929 0.329893
vt 0.176840 0.632541
vt 0.198736 0.632669
vt 0.176822 0.649478
vt 0.246249 0.329893
vt 0.482197 0.967274
vt 0.519568 0.956390
vt 0.519367 0.967308
vt 0.103345 0.649049
vt 0.435694 0.329893
vt 0.276824 0.624766
vt 0.896248 0.055145
vt 0.283996 0.627009
vt 0.005222 0.437879
vt 0.021693 0.437879
vt 0.439432 0.354813
vt 0.337323 0.975049
vt 0.637402 0.262079
vt 0.136434 0.154824
vt 0.555737 0.255499
vt 0.522969 0.256014
vt 0.517695 0.250866
vt 0.509926 0.249700
vt 0.503884 0.253267
vt 0.368603 0.772229
vt 0.433880 0.239318
vt 0.366587 0.793877
vt 0.367595 0.783053
vt 0.369611 0.761405
vt 0.021693 0.429573
vt 0.021693 0.371426
vt 0.417073 0.371427
vt 0.417073 0.429573
vt 0.646236 0.880729
vt 0.649891 0.945682
vt 0.352474 0.945414
vt 0.358523 0.880470
vt 0.646236 0.880729
vt 0.358523 0.880470
vt 0.645627 0.869904
vt 0.661063 0.924043
vt 0.663950 0.975344
vt 0.651719 0.978159
vt 0.645018 0.859078
vt 0.644409 0.848252
vt 0.643800 0.837427
vt 0.643190 0.826602
vt 0.642581 0.815776
vt 0.641972 0.804950
vt 0.640145 0.772474
vt 0.639536 0.761648
vt 0.638926 0.750823
vt 0.637708 0.729171
vt 0.637099 0.718346
vt 0.639121 0.534108
vt 0.386006 0.225943
vt 0.192883 0.196458
vt 0.169069 0.208872
vt 0.169507 0.169325
vt 0.165346 0.178784
vt 0.258011 0.951469
vt 0.265183 0.953712
vt 0.257040 0.968328
vt 0.264212 0.970571
vt 0.826629 0.334744
vt 0.826629 0.400659
vt 0.807958 0.334744
vt 0.446906 0.306495
vt 0.807958 0.306495
vt 0.446906 0.391243
vt 0.807958 0.391242
vt 0.386506 0.580006
vt 0.388522 0.558358
vt 0.628109 0.558574
vt 0.629327 0.580225
vt 0.158440 0.137170
vt 0.224569 0.208426
vt 0.158243 0.139966
vt 0.241967 0.213349
vt 0.386506 0.580006
vt 0.629327 0.580225
vt 0.378684 0.663988
vt 0.159973 0.133847
vt 0.163957 0.128702
vt 0.298302 0.211565
vt 0.319896 0.221568
vt 0.634053 0.664218
vt 0.637099 0.718346
vt 0.378684 0.663988
vt 0.366802 0.215792
vt 0.634053 0.664218
vt 0.155566 0.131536
vt 0.373644 0.718108
vt 0.116881 0.950646
vt 0.117815 0.967515
vt 0.109704 0.952805
vt 0.390538 0.536710
vt 0.342100 0.923755
vt 0.423523 0.437879
vt 0.423523 0.371427
vt 0.439432 0.437879
vt 0.091594 0.625886
vt 0.098770 0.623726
vt 0.092406 0.640553
vt 0.421373 0.354813
vt 0.423523 0.354813
vt 0.412773 0.437879
vt 0.404173 0.429573
vt 0.404173 0.437879
vt 0.352474 0.945414
vt 0.649891 0.945682
vt 0.350458 0.967062
vt 0.812002 0.090897
vt 0.772678 0.107537
vt 0.798394 0.247742
vt 0.737002 0.216554
vt 0.710922 0.253263
vt 0.665023 0.269278
vt 0.678725 0.269362
vt 0.005222 0.354813
vt 0.005222 0.346506
vt 0.435694 0.354813
vt 0.029929 0.346506
vt 0.195751 0.346506
vt 0.245165 0.346506
vt 0.410987 0.346506
vt 0.435694 0.346506
vt 0.410987 0.329893
vt 0.092406 0.640553
vt 0.103354 0.640617
vt 0.092874 0.648988
vt 0.407744 0.346506
vt 0.409912 0.329893
vt 0.241921 0.346506
vt 0.407744 0.329893
vt 0.103327 0.666058
vt 0.103354 0.640617
vt 0.176804 0.666487
vt 0.176831 0.641046
vt 0.131635 0.180508
vt 0.145993 0.182719
vt 0.123574 0.176626
vt 0.146507 0.180505
vt 0.137212 0.171652
vt 0.118761 0.172544
vt 0.051162 0.181272
vt 0.050552 0.183364
vt 0.241921 0.329893
vt 0.072499 0.177889
vt 0.167159 0.141567
vt 0.541181 0.039090
vt 0.271700 0.667041
vt 0.272037 0.650033
vt 0.198718 0.649606
vt 0.187869 0.129152
vt 0.536757 0.050003
vt 0.027760 0.346506
vt 0.027760 0.329893
vt 0.192508 0.329893
vt 0.192508 0.346506
vt 0.198727 0.641174
vt 0.271700 0.667041
vt 0.198699 0.666615
vt 0.272204 0.641602
vt 0.542078 0.064327
vt 0.570272 0.085021
vt 0.553057 0.045835
vt 0.283152 0.641666
vt 0.282666 0.650095
vt 0.272204 0.641602
vt 0.536956 0.025499
vt 0.433544 0.321587
vt 0.433544 0.329893
vt 0.005222 0.329893
vt 0.005222 0.321587
vt 0.282666 0.650095
vt 0.129845 0.657708
vt 0.092874 0.648988
vt 0.093816 0.666003
vt 0.129836 0.666213
vt 0.151741 0.657836
vt 0.245676 0.658385
vt 0.223781 0.658257
vt 0.281687 0.667099
vt 0.299588 0.321587
vt 0.299588 0.296667
vt 0.349002 0.296667
vt 0.429207 0.321587
vt 0.347917 0.321587
vt 0.347917 0.296667
vt 0.429207 0.288360
vt 0.086512 0.296667
vt 0.005222 0.288360
vt 0.005222 0.321587
vt 0.086512 0.321587
vt 0.245667 0.666889
vt 0.087596 0.321587
vt 0.087596 0.296667
vt 0.137009 0.296667
vt 0.137009 0.321587
vt 0.350372 0.101062
vt 0.351887 0.102774
vt 0.350476 0.086219
vt 0.349008 0.081235
vt 0.135925 0.296667
vt 0.298504 0.296667
vt 0.135925 0.321587
vt 0.298504 0.321587
vt 0.223772 0.666761
vt 0.151732 0.666341
vt 0.156835 0.159124
vt 0.172627 0.149513
vt 0.245667 0.666889
vt 0.223772 0.666761
vt 0.223781 0.658257
vt 0.245676 0.658385
vt 0.129836 0.666213
vt 0.151732 0.666341
vt 0.129845 0.657708
vt 0.281687 0.667099
vt 0.225555 0.690978
vt 0.149896 0.690537
vt 0.093816 0.666003
vt 0.096173 0.708540
vt 0.150911 0.708860
vt 0.418365 0.288360
vt 0.294831 0.288360
vt 0.418365 0.280054
vt 0.294831 0.280054
vt 0.150911 0.708860
vt 0.161964 0.908385
vt 0.096173 0.708540
vt 0.128755 0.288360
vt 0.128755 0.271747
vt 0.299502 0.271747
vt 0.149896 0.690537
vt 0.225555 0.690978
vt 0.210107 0.959258
vt 0.167367 0.116837
vt 0.198015 0.158574
vt 0.159628 0.099919
vt 0.157214 0.101886
vt 0.158637 0.104571
vt 0.164768 0.958993
vt 0.470022 0.548073
vt 0.546990 0.548143
vt 0.469058 0.558431
vt 0.547573 0.558501
vt 0.188656 0.079182
vt 0.172567 0.075380
vt 0.173363 0.072035
vt 0.175270 0.071408
vt 0.270264 0.109017
vt 0.267757 0.909002
vt 0.213019 0.908683
vt 0.224501 0.709289
vt 0.279239 0.709609
vt 0.005222 0.288360
vt 0.005222 0.280054
vt 0.128756 0.280054
vt 0.128756 0.288360
vt 0.224501 0.709289
vt 0.279239 0.709609
vt 0.282918 0.097833
vt 0.280295 0.098396
vt 0.187648 0.077753
vt 0.199811 0.023463
vt 0.189689 0.037331
vt 0.267757 0.909002
vt 0.265310 0.951512
vt 0.213019 0.908683
vt 0.211479 0.935424
vt 0.210571 0.951192
vt 0.089371 0.310052
vt 0.087764 0.322253
vt 0.002783 0.310052
vt 0.004390 0.322253
vt 0.165885 0.115387
vt 0.162441 0.110334
vt 0.160068 0.106238
vt 0.161964 0.908385
vt 0.164321 0.950923
vt 0.107226 0.908066
vt 0.109582 0.950603
vt 0.428234 0.231164
vt 0.568271 0.231164
vt 0.428234 0.249997
vt 0.826629 0.249997
vt 0.826629 0.231164
vt 0.686592 0.231164
vt 0.150776 0.134062
vt 0.167915 0.073481
vt 0.151842 0.135511
vt 0.162152 0.092405
vt 0.424547 0.249997
vt 0.822942 0.249997
vt 0.424547 0.287663
vt 0.158484 0.111620
vt 0.158475 0.130613
vt 0.151227 0.136014
vt 0.151332 0.136854
vt 0.154519 0.142567
vt 0.151386 0.137847
vt 0.161038 0.149706
vt 0.640499 0.558585
vt 0.639895 0.591340
vt 0.644726 0.590228
vt 0.830316 0.249997
vt 0.830316 0.287663
vt 0.822942 0.287663
vt 0.268169 0.926884
vt 0.265337 0.925998
vt 0.265310 0.951512
vt 0.149878 0.135733
vt 0.147789 0.136324
vt 0.107226 0.908066
vt 0.178964 0.157817
vt 0.181368 0.156800
vt 0.000059 0.289361
vt 0.178632 0.077842
vt 0.194676 0.329893
vt 0.196836 0.329893
vt 0.196836 0.346506
vt 0.246249 0.346506
vt 0.225180 0.159113
vt 0.021693 0.354813
vt 0.021693 0.371426
vt 0.005222 0.354813
vt 0.135519 0.156187
vt 0.118479 0.173820
vt 0.153254 0.131898
vt 0.146937 0.142358
vt 0.359531 0.869645
vt 0.359531 0.869645
vt 0.360539 0.858821
vt 0.645627 0.869904
vt 0.621895 0.266009
vt 0.628408 0.261386
vt 0.138536 0.154499
vt 0.645018 0.859078
vt 0.643814 0.267489
vt 0.360539 0.858821
vt 0.361547 0.847998
vt 0.595592 0.259113
vt 0.601659 0.264354
vt 0.141261 0.154485
vt 0.361547 0.847998
vt 0.362555 0.837173
vt 0.644409 0.848252
vt 0.643800 0.837427
vt 0.580735 0.262674
vt 0.587032 0.258344
vt 0.141991 0.154501
vt 0.141431 0.154521
vt 0.362555 0.837173
vt 0.363563 0.826349
vt 0.643190 0.826602
vt 0.363563 0.826349
vt 0.642581 0.815776
vt 0.364571 0.815525
vt 0.541426 0.258508
vt 0.547581 0.254551
vt 0.141453 0.154348
vt 0.140655 0.153955
vt 0.364571 0.815525
vt 0.365579 0.804701
vt 0.641363 0.794125
vt 0.641972 0.804950
vt 0.365579 0.804701
vt 0.366587 0.793877
vt 0.640145 0.772474
vt 0.640754 0.783300
vt 0.367595 0.783053
vt 0.368603 0.772229
vt 0.468064 0.246874
vt 0.474010 0.243703
vt 0.141672 0.151569
vt 0.639536 0.761648
vt 0.369611 0.761405
vt 0.370620 0.750581
vt 0.638926 0.750823
vt 0.446785 0.238151
vt 0.439751 0.236523
vt 0.451272 0.243284
vt 0.370620 0.750581
vt 0.371628 0.739757
vt 0.413748 0.230053
vt 0.417858 0.235176
vt 0.147043 0.143197
vt 0.638317 0.739997
vt 0.371628 0.739757
vt 0.637708 0.729171
vt 0.372636 0.728932
vt 0.401288 0.230620
vt 0.407075 0.228208
vt 0.147177 0.142696
vt 0.372636 0.728932
vt 0.373644 0.718108
vt 0.146850 0.142887
vt 0.145746 0.144617
vt 0.144227 0.145332
vt 0.142602 0.146867
vt 0.142555 0.149012
vt 0.140167 0.152699
vt 0.141439 0.151316
vt 0.141230 0.152138
vt 0.139346 0.154931
vt 0.140802 0.153041
vt 0.140569 0.153081
vt 0.140874 0.153175
vt 0.141308 0.154360
vt 0.141710 0.154368
vt 0.141334 0.154337
vt 0.141135 0.151746
vt 0.481401 0.245095
vt 0.486276 0.250229
vt 0.561412 0.260678
vt 0.159696 0.125600
vt 0.021693 0.429573
vt 0.021693 0.437879
vt 0.648673 0.924031
vt 0.641363 0.794125
vt 0.640754 0.783300
vt 0.638317 0.739997
vt 0.807958 0.400659
vt 0.626890 0.536923
vt 0.158286 0.135548
vt 0.153393 0.137779
vt 0.110639 0.969675
vt 0.451780 0.400659
vt 0.433744 0.334744
vt 0.451780 0.334744
vt 0.433744 0.400659
vt 0.378411 0.533873
vt 0.349450 0.977886
vt 0.099238 0.632161
vt 0.063844 0.149310
vt 0.091139 0.157032
vt 0.061034 0.148976
vt 0.421373 0.371427
vt 0.107410 0.166689
vt 0.651109 0.967333
vt 0.838879 0.050803
vt 0.890529 0.092436
vt 0.021693 0.354813
vt 0.021693 0.371426
vt 0.283152 0.641666
vt 0.276338 0.633195
vt 0.155248 0.173380
vt 0.156876 0.161389
vt 0.154844 0.172873
vt 0.349002 0.321587
vt 0.151741 0.657836
vt 0.186802 0.160589
vt 0.299502 0.288360
vt 0.162173 0.110096
vt 0.570603 0.212332
vt 0.686592 0.212332
vt 0.570603 0.231164
vt 0.686592 0.231164
vt 0.288960 0.105833
vt 0.005222 0.329893
vt 0.029929 0.329893
vt 0.176840 0.632541
vt 0.198736 0.632669
vt 0.176822 0.649478
vt 0.246249 0.329893
vt 0.482197 0.967274
vt 0.519568 0.956390
vt 0.519367 0.967308
vt 0.103345 0.649049
vt 0.435694 0.329893
vt 0.276824 0.624766
vt 0.896248 0.055145
vt 0.283996 0.627009
vt 0.005222 0.437879
vt 0.021693 0.437879
vt 0.439432 0.354813
vt 0.337323 0.975049
vt 0.637402 0.262079
vt 0.136434 0.154824
vt 0.555737 0.255499
vt 0.522969 0.256014
vt 0.517695 0.250866
vt 0.509926 0.249700
vt 0.503884 0.253267
vt 0.368603 0.772229
vt 0.433880 0.239318
vt 0.366587 0.793877
vt 0.367595 0.783053
vt 0.369611 0.761405
vt 0.021693 0.429573
vt 0.021693 0.371426
vt 0.417073 0.371427
vt 0.417073 0.429573
vt 0.646236 0.880729
vt 0.649891 0.945682
vt 0.352474 0.945414
vt 0.358523 0.880470
vt 0.646236 0.880729
vt 0.358523 0.880470
vt 0.645627 0.869904
vt 0.661063 0.924043
vt 0.663950 0.975344
vt 0.651719 0.978159
vt 0.645018 0.859078
vt 0.644409 0.848252
vt 0.643800 0.837427
vt 0.643190 0.826602
vt 0.642581 0.815776
vt 0.641972 0.804950
vt 0.640145 0.772474
vt 0.639536 0.761648
vt 0.638926 0.750823
vt 0.637708 0.729171
vt 0.637099 0.718346
vt 0.639121 0.534108
vt 0.386006 0.225943
vt 0.192883 0.196458
vt 0.169069 0.208872
vt 0.169507 0.169325
vt 0.165346 0.178784
vt 0.258011 0.951469
vt 0.265183 0.953712
vt 0.257040 0.968328
vt 0.264212 0.970571
vt 0.826629 0.334744
vt 0.826629 0.400659
vt 0.807958 0.334744
vt 0.446906 0.306495
vt 0.807958 0.306495
vt 0.446906 0.391243
vt 0.807958 0.391242
vt 0.386506 0.580006
vt 0.388522 0.558358
vt 0.628109 0.558574
vt 0.629327 0.580225
vt 0.158440 0.137170
vt 0.224569 0.208426
vt 0.158243 0.139966
vt 0.241967 0.213349
vt 0.386506 0.580006
vt 0.629327 0.580225
vt 0.378684 0.663988
vt 0.159973 0.133847
vt 0.163957 0.128702
vt 0.298302 0.211565
vt 0.319896 0.221568
vt 0.634053 0.664218
vt 0.637099 0.718346
vt 0.378684 0.663988
vt 0.366802 0.215792
vt 0.634053 0.664218
vt 0.155566 0.131536
vt 0.373644 0.718108
vt 0.116881 0.950646
vt 0.117815 0.967515
vt 0.109704 0.952805
vt 0.390538 0.536710
vt 0.342100 0.923755
vt 0.423523 0.437879
vt 0.423523 0.371427
vt 0.439432 0.437879
vt 0.091594 0.625886
vt 0.098770 0.623726
vt 0.092406 0.640553
vt 0.421373 0.354813
vt 0.423523 0.354813
vt 0.412773 0.437879
vt 0.404173 0.429573
vt 0.404173 0.437879
vt 0.352474 0.945414
vt 0.649891 0.945682
vt 0.350458 0.967062
vt 0.812002 0.090897
vt 0.772678 0.107537
vt 0.798394 0.247742
vt 0.737002 0.216554
vt 0.710922 0.253263
vt 0.665023 0.269278
vt 0.678725 0.269362
vt 0.005222 0.354813
vt 0.005222 0.346506
vt 0.435694 0.354813
vt 0.029929 0.346506
vt 0.195751 0.346506
vt 0.245165 0.346506
vt 0.410987 0.346506
vt 0.435694 0.346506
vt 0.410987 0.329893
vt 0.092406 0.640553
vt 0.103354 0.640617
vt 0.092874 0.648988
vt 0.407744 0.346506
vt 0.409912 0.329893
vt 0.241921 0.346506
vt 0.407744 0.329893
vt 0.103327 0.666058
vt 0.103354 0.640617
vt 0.176804 0.666487
vt 0.176831 0.641046
vt 0.131635 0.180508
vt 0.145993 0.182719
vt 0.123574 0.176626
vt 0.146507 0.180505
vt 0.137212 0.171652
vt 0.118761 0.172544
vt 0.051162 0.181272
vt 0.050552 0.183364
vt 0.241921 0.329893
vt 0.072499 0.177889
vt 0.167159 0.141567
vt 0.541181 0.039090
vt 0.271700 0.667041
vt 0.272037 0.650033
vt 0.198718 0.649606
vt 0.187869 0.129152
vt 0.536757 0.050003
vt 0.027760 0.346506
vt 0.027760 0.329893
vt 0.192508 0.329893
vt 0.192508 0.346506
vt 0.198727 0.641174
vt 0.271700 0.667041
vt 0.198699 0.666615
vt 0.272204 0.641602
vt 0.542078 0.064327
vt 0.570272 0.085021
vt 0.553057 0.045835
vt 0.283152 0.641666
vt 0.282666 0.650095
vt 0.272204 0.641602
vt 0.536956 0.025499
vt 0.433544 0.321587
vt 0.433544 0.329893
vt 0.005222 0.329893
vt 0.005222 0.321587
vt 0.282666 0.650095
vt 0.129845 0.657708
vt 0.092874 0.648988
vt 0.093816 0.666003
vt 0.129836 0.666213
vt 0.151741 0.657836
vt 0.245676 0.658385
vt 0.223781 0.658257
vt 0.281687 0.667099
vt 0.299588 0.321587
vt 0.299588 0.296667
vt 0.349002 0.296667
vt 0.429207 0.321587
vt 0.347917 0.321587
vt 0.347917 0.296667
vt 0.429207 0.288360
vt 0.086512 0.296667
vt 0.005222 0.288360
vt 0.005222 0.321587
vt 0.086512 0.321587
vt 0.245667 0.666889
vt 0.087596 0.321587
vt 0.087596 0.296667
vt 0.137009 0.296667
vt 0.137009 0.321587
vt 0.350372 0.101062
vt 0.351887 0.102774
vt 0.350476 0.086219
vt 0.349008 0.081235
vt 0.135925 0.296667
vt 0.298504 0.296667
vt 0.135925 0.321587
vt 0.298504 0.321587
vt 0.223772 0.666761
vt 0.151732 0.666341
vt 0.156835 0.159124
vt 0.172627 0.149513
vt 0.245667 0.666889
vt 0.223772 0.666761
vt 0.223781 0.658257
vt 0.245676 0.658385
vt 0.129836 0.666213
vt 0.151732 0.666341
vt 0.129845 0.657708
vt 0.281687 0.667099
vt 0.225555 0.690978
vt 0.149896 0.690537
vt 0.093816 0.666003
vt 0.096173 0.708540
vt 0.150911 0.708860
vt 0.418365 0.288360
vt 0.294831 0.288360
vt 0.418365 0.280054
vt 0.294831 0.280054
vt 0.150911 0.708860
vt 0.161964 0.908385
vt 0.096173 0.708540
vt 0.128755 0.288360
vt 0.128755 0.271747
vt 0.299502 0.271747
vt 0.149896 0.690537
vt 0.225555 0.690978
vt 0.210107 0.959258
vt 0.167367 0.116837
vt 0.198015 0.158574
vt 0.159628 0.099919
vt 0.157214 0.101886
vt 0.158637 0.104571
vt 0.164768 0.958993
vt 0.470022 0.548073
vt 0.546990 0.548143
vt 0.469058 0.558431
vt 0.547573 0.558501
vt 0.188656 0.079182
vt 0.172567 0.075380
vt 0.173363 0.072035
vt 0.175270 0.071408
vt 0.270264 0.109017
vt 0.267757 0.909002
vt 0.213019 0.908683
vt 0.224501 0.709289
vt 0.279239 0.709609
vt 0.005222 0.288360
vt 0.005222 0.280054
vt 0.128756 0.280054
vt 0.128756 0.288360
vt 0.224501 0.709289
vt 0.279239 0.709609
vt 0.282918 0.097833
vt 0.280295 0.098396
vt 0.187648 0.077753
vt 0.199811 0.023463
vt 0.189689 0.037331
vt 0.267757 0.909002
vt 0.265310 0.951512
vt 0.213019 0.908683
vt 0.211479 0.935424
vt 0.210571 0.951192
vt 0.089371 0.310052
vt 0.087764 0.322253
vt 0.002783 0.310052
vt 0.004390 0.322253
vt 0.165885 0.115387
vt 0.162441 0.110334
vt 0.160068 0.106238
vt 0.161964 0.908385
vt 0.164321 0.950923
vt 0.107226 0.908066
vt 0.109582 0.950603
vt 0.428234 0.231164
vt 0.568271 0.231164
vt 0.428234 0.249997
vt 0.826629 0.249997
vt 0.826629 0.231164
vt 0.686592 0.231164
vt 0.150776 0.134062
vt 0.167915 0.073481
vt 0.151842 0.135511
vt 0.162152 0.092405
vt 0.424547 0.249997
vt 0.822942 0.249997
vt 0.424547 0.287663
vt 0.158484 0.111620
vt 0.158475 0.130613
vt 0.151227 0.136014
vt 0.151332 0.136854
vt 0.154519 0.142567
vt 0.151386 0.137847
vt 0.161038 0.149706
vt 0.640499 0.558585
vt 0.639895 0.591340
vt 0.644726 0.590228
vt 0.830316 0.249997
vt 0.830316 0.287663
vt 0.822942 0.287663
vt 0.268169 0.926884
vt 0.265337 0.925998
vt 0.265310 0.951512
vt 0.149878 0.135733
vt 0.147789 0.136324
vt 0.107226 0.908066
vt 0.178964 0.157817
vt 0.181368 0.156800
vt 0.000059 0.289361
vt 0.178632 0.077842
vt 0.194676 0.329893
vt 0.196836 0.329893
vt 0.196836 0.346506
vt 0.246249 0.346506
vt 0.225180 0.159113
vt 0.021693 0.354813
vt 0.021693 0.371426
vt 0.005222 0.354813
vt 0.135519 0.156187
vt 0.118479 0.173820
vt 0.153254 0.131898
vt 0.146937 0.142358
vt 0.359531 0.869645
vt 0.359531 0.869645
vt 0.360539 0.858821
vt 0.645627 0.869904
vt 0.621895 0.266009
vt 0.628408 0.261386
vt 0.138536 0.154499
vt 0.645018 0.859078
vt 0.643814 0.267489
vt 0.360539 0.858821
vt 0.361547 0.847998
vt 0.595592 0.259113
vt 0.601659 0.264354
vt 0.141261 0.154485
vt 0.361547 0.847998
vt 0.362555 0.837173
vt 0.644409 0.848252
vt 0.643800 0.837427
vt 0.580735 0.262674
vt 0.587032 0.258344
vt 0.141991 0.154501
vt 0.141431 0.154521
vt 0.362555 0.837173
vt 0.363563 0.826349
vt 0.643190 0.826602
vt 0.363563 0.826349
vt 0.642581 0.815776
vt 0.364571 0.815525
vt 0.541426 0.258508
vt 0.547581 0.254551
vt 0.141453 0.154348
vt 0.140655 0.153955
vt 0.364571 0.815525
vt 0.365579 0.804701
vt 0.641363 0.794125
vt 0.641972 0.804950
vt 0.365579 0.804701
vt 0.366587 0.793877
vt 0.640145 0.772474
vt 0.640754 0.783300
vt 0.367595 0.783053
vt 0.368603 0.772229
vt 0.468064 0.246874
vt 0.474010 0.243703
vt 0.141672 0.151569
vt 0.639536 0.761648
vt 0.369611 0.761405
vt 0.370620 0.750581
vt 0.638926 0.750823
vt 0.446785 0.238151
vt 0.439751 0.236523
vt 0.451272 0.243284
vt 0.370620 0.750581
vt 0.371628 0.739757
vt 0.413748 0.230053
vt 0.417858 0.235176
vt 0.147043 0.143197
vt 0.638317 0.739997
vt 0.371628 0.739757
vt 0.637708 0.729171
vt 0.372636 0.728932
vt 0.401288 0.230620
vt 0.407075 0.228208
vt 0.147177 0.142696
vt 0.372636 0.728932
vt 0.373644 0.718108
vt 0.146850 0.142887
vt 0.145746 0.144617
vt 0.144227 0.145332
vt 0.142602 0.146867
vt 0.142555 0.149012
vt 0.140167 0.152699
vt 0.141439 0.151316
vt 0.141230 0.152138
vt 0.139346 0.154931
vt 0.140802 0.153041
vt 0.140569 0.153081
vt 0.140874 0.153175
vt 0.141308 0.154360
vt 0.141710 0.154368
vt 0.141334 0.154337
vt 0.141135 0.151746
vt 0.481401 0.245095
vt 0.486276 0.250229
vt 0.561412 0.260678
vt 0.159696 0.125600
vt 0.021693 0.429573
vt 0.021693 0.437879
vt 0.648673 0.924031
vt 0.641363 0.794125
vt 0.640754 0.783300
vt 0.638317 0.739997
vt 0.807958 0.400659
vt 0.626890 0.536923
vt 0.158286 0.135548
vt 0.153393 0.137779
vt 0.110639 0.969675
vt 0.451780 0.400659
vt 0.433744 0.334744
vt 0.451780 0.334744
vt 0.433744 0.400659
vt 0.378411 0.533873
vt 0.349450 0.977886
vt 0.099238 0.632161
vt 0.063844 0.149310
vt 0.091139 0.157032
vt 0.061034 0.148976
vt 0.421373 0.371427
vt 0.107410 0.166689
vt 0.651109 0.967333
vt 0.838879 0.050803
vt 0.890529 0.092436
vt 0.021693 0.354813
vt 0.021693 0.371426
vt 0.283152 0.641666
vt 0.276338 0.633195
vt 0.155248 0.173380
vt 0.156876 0.161389
vt 0.154844 0.172873
vt 0.349002 0.321587
vt 0.151741 0.657836
vt 0.186802 0.160589
vt 0.299502 0.288360
vt 0.162173 0.110096
vt 0.570603 0.212332
vt 0.686592 0.212332
vt 0.570603 0.231164
vt 0.686592 0.231164
vt 0.288960 0.105833
vt 0.005222 0.329893
vt 0.029929 0.329893
vt 0.176840 0.632541
vt 0.198736 0.632669
vt 0.176822 0.649478
vt 0.246249 0.329893
vt 0.482197 0.967274
vt 0.519568 0.956390
vt 0.519367 0.967308
vt 0.103345 0.649049
vt 0.435694 0.329893
vt 0.276824 0.624766
vt 0.896248 0.055145
vt 0.283996 0.627009
vt 0.005222 0.437879
vt 0.021693 0.437879
vt 0.439432 0.354813
vt 0.337323 0.975049
vt 0.637402 0.262079
vt 0.136434 0.154824
vt 0.555737 0.255499
vt 0.522969 0.256014
vt 0.517695 0.250866
vt 0.509926 0.249700
vt 0.503884 0.253267
vt 0.368603 0.772229
vt 0.433880 0.239318
vt 0.366587 0.793877
vt 0.367595 0.783053
vt 0.369611 0.761405
vt 0.021693 0.429573
vt 0.021693 0.371426
vt 0.417073 0.371427
vt 0.417073 0.429573
vt 0.646236 0.880729
vt 0.649891 0.945682
vt 0.352474 0.945414
vt 0.358523 0.880470
vt 0.646236 0.880729
vt 0.358523 0.880470
vt 0.645627 0.869904
vt 0.661063 0.924043
vt 0.663950 0.975344
vt 0.651719 0.978159
vt 0.645018 0.859078
vt 0.644409 0.848252
vt 0.643800 0.837427
vt 0.643190 0.826602
vt 0.642581 0.815776
vt 0.641972 0.804950
vt 0.640145 0.772474
vt 0.639536 0.761648
vt 0.638926 0.750823
vt 0.637708 0.729171
vt 0.637099 0.718346
vt 0.639121 0.534108
vt 0.386006 0.225943
vt 0.192883 0.196458
vt 0.169069 0.208872
vt 0.169507 0.169325
vt 0.165346 0.178784
vt 0.258011 0.951469
vt 0.265183 0.953712
vt 0.257040 0.968328
vt 0.264212 0.970571
vt 0.826629 0.334744
vt 0.826629 0.400659
vt 0.807958 0.334744
vt 0.446906 0.306495
vt 0.807958 0.306495
vt 0.446906 0.391243
vt 0.807958 0.391242
vt 0.386506 0.580006
vt 0.388522 0.558358
vt 0.628109 0.558574
vt 0.629327 0.580225
vt 0.158440 0.137170
vt 0.224569 0.208426
vt 0.158243 0.139966
vt 0.241967 0.213349
vt 0.386506 0.580006
vt 0.629327 0.580225
vt 0.378684 0.663988
vt 0.159973 0.133847
vt 0.163957 0.128702
vt 0.298302 0.211565
vt 0.319896 0.221568
vt 0.634053 0.664218
vt 0.637099 0.718346
vt 0.378684 0.663988
vt 0.366802 0.215792
vt 0.634053 0.664218
vt 0.155566 0.131536
vt 0.373644 0.718108
vt 0.116881 0.950646
vt 0.117815 0.967515
vt 0.109704 0.952805
vt 0.390538 0.536710
vt 0.342100 0.923755
vt 0.423523 0.437879
vt 0.423523 0.371427
vt 0.439432 0.437879
vt 0.091594 0.625886
vt 0.098770 0.623726
vt 0.092406 0.640553
vt 0.421373 0.354813
vt 0.423523 0.354813
vt 0.412773 0.437879
vt 0.404173 0.429573
vt 0.404173 0.437879
vt 0.352474 0.945414
vt 0.649891 0.945682
vt 0.350458 0.967062
vt 0.812002 0.090897
vt 0.772678 0.107537
vt 0.798394 0.247742
vt 0.737002 0.216554
vt 0.710922 0.253263
vt 0.665023 0.269278
vt 0.678725 0.269362
vt 0.005222 0.354813
vt 0.005222 0.346506
vt 0.435694 0.354813
vt 0.029929 0.346506
vt 0.195751 0.346506
vt 0.245165 0.346506
vt 0.410987 0.346506
vt 0.435694 0.346506
vt 0.410987 0.329893
vt 0.092406 0.640553
vt 0.103354 0.640617
vt 0.092874 0.648988
vt 0.407744 0.346506
vt 0.409912 0.329893
vt 0.241921 0.346506
vt 0.407744 0.329893
vt 0.103327 0.666058
vt 0.103354 0.640617
vt 0.176804 0.666487
vt 0.176831 0.641046
vt 0.131635 0.180508
vt 0.145993 0.182719
vt 0.123574 0.176626
vt 0.146507 0.180505
vt 0.137212 0.171652
vt 0.118761 0.172544
vt 0.051162 0.181272
vt 0.050552 0.183364
vt 0.241921 0.329893
vt 0.072499 0.177889
vt 0.167159 0.141567
vt 0.541181 0.039090
vt 0.271700 0.667041
vt 0.272037 0.650033
vt 0.198718 0.649606
vt 0.187869 0.129152
vt 0.536757 0.050003
vt 0.027760 0.346506
vt 0.027760 0.329893
vt 0.192508 0.329893
vt 0.192508 0.346506
vt 0.198727 0.641174
vt 0.271700 0.667041
vt 0.198699 0.666615
vt 0.272204 0.641602
vt 0.542078 0.064327
vt 0.570272 0.085021
vt 0.553057 0.045835
vt 0.283152 0.641666
vt 0.282666 0.650095
vt 0.272204 0.641602
vt 0.536956 0.025499
vt 0.433544 0.321587
vt 0.433544 0.329893
vt 0.005222 0.329893
vt 0.005222 0.321587
vt 0.282666 0.650095
vt 0.129845 0.657708
vt 0.092874 0.648988
vt 0.093816 0.666003
vt 0.129836 0.666213
vt 0.151741 0.657836
vt 0.245676 0.658385
vt 0.223781 0.658257
vt 0.281687 0.667099
vt 0.299588 0.321587
vt 0.299588 0.296667
vt 0.349002 0.296667
vt 0.429207 0.321587
vt 0.347917 0.321587
vt 0.347917 0.296667
vt 0.429207 0.288360
vt 0.086512 0.296667
vt 0.005222 0.288360
vt 0.005222 0.321587
vt 0.086512 0.321587
vt 0.245667 0.666889
vt 0.087596 0.321587
vt 0.087596 0.296667
vt 0.137009 0.296667
vt 0.137009 0.321587
vt 0.350372 0.101062
vt 0.351887 0.102774
vt 0.350476 0.086219
vt 0.349008 0.081235
vt 0.135925 0.296667
vt 0.298504 0.296667
vt 0.135925 0.321587
vt 0.298504 0.321587
vt 0.223772 0.666761
vt 0.151732 0.666341
vt 0.156835 0.159124
vt 0.172627 0.149513
vt 0.245667 0.666889
vt 0.223772 0.666761
vt 0.223781 0.658257
vt 0.245676 0.658385
vt 0.129836 0.666213
vt 0.151732 0.666341
vt 0.129845 0.657708
vt 0.281687 0.667099
vt 0.225555 0.690978
vt 0.149896 0.690537
vt 0.093816 0.666003
vt 0.096173 0.708540
vt 0.150911 0.708860
vt 0.418365 0.288360
vt 0.294831 0.288360
vt 0.418365 0.280054
vt 0.294831 0.280054
vt 0.150911 0.708860
vt 0.161964 0.908385
vt 0.096173 0.708540
vt 0.128755 0.288360
vt 0.128755 0.271747
vt 0.299502 0.271747
vt 0.149896 0.690537
vt 0.225555 0.690978
vt 0.210107 0.959258
vt 0.167367 0.116837
vt 0.198015 0.158574
vt 0.159628 0.099919
vt 0.157214 0.101886
vt 0.158637 0.104571
vt 0.164768 0.958993
vt 0.470022 0.548073
vt 0.546990 0.548143
vt 0.469058 0.558431
vt 0.547573 0.558501
vt 0.188656 0.079182
vt 0.172567 0.075380
vt 0.173363 0.072035
vt 0.175270 0.071408
vt 0.270264 0.109017
vt 0.267757 0.909002
vt 0.213019 0.908683
vt 0.224501 0.709289
vt 0.279239 0.709609
vt 0.005222 0.288360
vt 0.005222 0.280054
vt 0.128756 0.280054
vt 0.128756 0.288360
vt 0.224501 0.709289
vt 0.279239 0.709609
vt 0.282918 0.097833
vt 0.280295 0.098396
vt 0.187648 0.077753
vt 0.199811 0.023463
vt 0.189689 0.037331
vt 0.267757 0.909002
vt 0.265310 0.951512
vt 0.213019 0.908683
vt 0.211479 0.935424
vt 0.210571 0.951192
vt 0.089371 0.310052
vt 0.087764 0.322253
vt 0.002783 0.310052
vt 0.004390 0.322253
vt 0.165885 0.115387
vt 0.162441 0.110334
vt 0.160068 0.106238
vt 0.161964 0.908385
vt 0.164321 0.950923
vt 0.107226 0.908066
vt 0.109582 0.950603
vt 0.428234 0.231164
vt 0.568271 0.231164
vt 0.428234 0.249997
vt 0.826629 0.249997
vt 0.826629 0.231164
vt 0.686592 0.231164
vt 0.150776 0.134062
vt 0.167915 0.073481
vt 0.151842 0.135511
vt 0.162152 0.092405
vt 0.424547 0.249997
vt 0.822942 0.249997
vt 0.424547 0.287663
vt 0.158484 0.111620
vt 0.158475 0.130613
vt 0.151227 0.136014
vt 0.151332 0.136854
vt 0.154519 0.142567
vt 0.151386 0.137847
vt 0.161038 0.149706
vt 0.640499 0.558585
vt 0.639895 0.591340
vt 0.644726 0.590228
vt 0.830316 0.249997
vt 0.830316 0.287663
vt 0.822942 0.287663
vt 0.268169 0.926884
vt 0.265337 0.925998
vt 0.265310 0.951512
vt 0.149878 0.135733
vt 0.147789 0.136324
vt 0.107226 0.908066
vt 0.178964 0.157817
vt 0.181368 0.156800
vt 0.000059 0.289361
vt 0.178632 0.077842
vt 0.194676 0.329893
vt 0.196836 0.329893
vt 0.196836 0.346506
vt 0.246249 0.346506
vt 0.225180 0.159113
vt 0.021693 0.354813
vt 0.021693 0.371426
vt 0.005222 0.354813
vt 0.135519 0.156187
vt 0.118479 0.173820
vt 0.153254 0.131898
vt 0.146937 0.142358
vt 0.359531 0.869645
vt 0.359531 0.869645
vt 0.360539 0.858821
vt 0.645627 0.869904
vt 0.621895 0.266009
vt 0.628408 0.261386
vt 0.138536 0.154499
vt 0.645018 0.859078
vt 0.643814 0.267489
vt 0.360539 0.858821
vt 0.361547 0.847998
vt 0.595592 0.259113
vt 0.601659 0.264354
vt 0.141261 0.154485
vt 0.361547 0.847998
vt 0.362555 0.837173
vt 0.644409 0.848252
vt 0.643800 0.837427
vt 0.580735 0.262674
vt 0.587032 0.258344
vt 0.141991 0.154501
vt 0.141431 0.154521
vt 0.362555 0.837173
vt 0.363563 0.826349
vt 0.643190 0.826602
vt 0.363563 0.826349
vt 0.642581 0.815776
vt 0.364571 0.815525
vt 0.541426 0.258508
vt 0.547581 0.254551
vt 0.141453 0.154348
vt 0.140655 0.153955
vt 0.364571 0.815525
vt 0.365579 0.804701
vt 0.641363 0.794125
vt 0.641972 0.804950
vt 0.365579 0.804701
vt 0.366587 0.793877
vt 0.640145 0.772474
vt 0.640754 0.783300
vt 0.367595 0.783053
vt 0.368603 0.772229
vt 0.468064 0.246874
vt 0.474010 0.243703
vt 0.141672 0.151569
vt 0.639536 0.761648
vt 0.369611 0.761405
vt 0.370620 0.750581
vt 0.638926 0.750823
vt 0.446785 0.238151
vt 0.439751 0.236523
vt 0.451272 0.243284
vt 0.370620 0.750581
vt 0.371628 0.739757
vt 0.413748 0.230053
vt 0.417858 0.235176
vt 0.147043 0.143197
vt 0.638317 0.739997
vt 0.371628 0.739757
vt 0.637708 0.729171
vt 0.372636 0.728932
vt 0.401288 0.230620
vt 0.407075 0.228208
vt 0.147177 0.142696
vt 0.372636 0.728932
vt 0.373644 0.718108
vt 0.146850 0.142887
vt 0.145746 0.144617
vt 0.144227 0.145332
vt 0.142602 0.146867
vt 0.142555 0.149012
vt 0.140167 0.152699
vt 0.141439 0.151316
vt 0.141230 0.152138
vt 0.139346 0.154931
vt 0.140802 0.153041
vt 0.140569 0.153081
vt 0.140874 0.153175
vt 0.141308 0.154360
vt 0.141710 0.154368
vt 0.141334 0.154337
vt 0.141135 0.151746
vt 0.481401 0.245095
vt 0.486276 0.250229
vt 0.561412 0.260678
vt 0.159696 0.125600
vt 0.021693 0.429573
vt 0.021693 0.437879
vt 0.648673 0.924031
vt 0.641363 0.794125
vt 0.640754 0.783300
vt 0.638317 0.739997
vt 0.807958 0.400659
vt 0.626890 0.536923
vt 0.158286 0.135548
vt 0.153393 0.137779
vt 0.110639 0.969675
vt 0.451780 0.400659
vt 0.433744 0.334744
vt 0.451780 0.334744
vt 0.433744 0.400659
vt 0.378411 0.533873
vt 0.349450 0.977886
vt 0.099238 0.632161
vt 0.063844 0.149310
vt 0.091139 0.157032
vt 0.061034 0.148976
vt 0.421373 0.371427
vt 0.107410 0.166689
vt 0.651109 0.967333
vt 0.838879 0.050803
vt 0.890529 0.092436
vt 0.021693 0.354813
vt 0.021693 0.371426
vt 0.283152 0.641666
vt 0.276338 0.633195
vt 0.155248 0.173380
vt 0.156876 0.161389
vt 0.154844 0.172873
vt 0.349002 0.321587
vt 0.151741 0.657836
vt 0.186802 0.160589
vt 0.299502 0.288360
vt 0.162173 0.110096
vt 0.570603 0.212332
vt 0.686592 0.212332
vt 0.570603 0.231164
vt 0.686592 0.231164
vt 0.288960 0.105833
vt 0.005222 0.329893
vt 0.029929 0.329893
vt 0.176840 0.632541
vt 0.198736 0.632669
vt 0.176822 0.649478
vt 0.246249 0.329893
vt 0.482197 0.967274
vt 0.519568 0.956390
vt 0.519367 0.967308
vt 0.103345 0.649049
vt 0.435694 0.329893
vt 0.276824 0.624766
vt 0.896248 0.055145
vt 0.283996 0.627009
vt 0.005222 0.437879
vt 0.021693 0.437879
vt 0.439432 0.354813
vt 0.337323 0.975049
vt 0.637402 0.262079
vt 0.136434 0.154824
vt 0.555737 0.255499
vt 0.522969 0.256014
vt 0.517695 0.250866
vt 0.509926 0.249700
vt 0.503884 0.253267
vt 0.368603 0.772229
vt 0.433880 0.239318
vt 0.366587 0.793877
vt 0.367595 0.783053
vt 0.369611 0.761405
vt 0.021693 0.429573
vt 0.021693 0.371426
vt 0.417073 0.371427
vt 0.417073 0.429573
vt 0.646236 0.880729
vt 0.649891 0.945682
vt 0.352474 0.945414
vt 0.358523 0.880470
vt 0.646236 0.880729
vt 0.358523 0.880470
vt 0.645627 0.869904
vt 0.661063 0.924043
vt 0.663950 0.975344
vt 0.651719 0.978159
vt 0.645018 0.859078
vt 0.644409 0.848252
vt 0.643800 0.837427
vt 0.643190 0.826602
vt 0.642581 0.815776
vt 0.641972 0.804950
vt 0.640145 0.772474
vt 0.639536 0.761648
vt 0.638926 0.750823
vt 0.637708 0.729171
vt 0.637099 0.718346
vt 0.639121 0.534108
vt 0.386006 0.225943
vt 0.192883 0.196458
vt 0.169069 0.208872
vt 0.169507 0.169325
vt 0.165346 0.178784
vt 0.258011 0.951469
vt 0.265183 0.953712
vt 0.257040 0.968328
vt 0.264212 0.970571
vt 0.826629 0.334744
vt 0.826629 0.400659
vt 0.807958 0.334744
vt 0.446906 0.306495
vt 0.807958 0.306495
vt 0.446906 0.391243
vt 0.807958 0.391242
vt 0.386506 0.580006
vt 0.388522 0.558358
vt 0.628109 0.558574
vt 0.629327 0.580225
vt 0.158440 0.137170
vt 0.224569 0.208426
vt 0.158243 0.139966
vt 0.241967 0.213349
vt 0.386506 0.580006
vt 0.629327 0.580225
vt 0.378684 0.663988
vt 0.159973 0.133847
vt 0.163957 0.128702
vt 0.298302 0.211565
vt 0.319896 0.221568
vt 0.634053 0.664218
vt 0.637099 0.718346
vt 0.378684 0.663988
vt 0.366802 0.215792
vt 0.634053 0.664218
vt 0.155566 0.131536
vt 0.373644 0.718108
vt 0.116881 0.950646
vt 0.117815 0.967515
vt 0.109704 0.952805
vt 0.390538 0.536710
vt 0.342100 0.923755
vt 0.423523 0.437879
vt 0.423523 0.371427
vt 0.439432 0.437879
vt 0.091594 0.625886
vt 0.098770 0.623726
vt 0.092406 0.640553
vt 0.421373 0.354813
vt 0.423523 0.354813
vt 0.412773 0.437879
vt 0.404173 0.429573
vt 0.404173 0.437879
vt 0.352474 0.945414
vt 0.649891 0.945682
vt 0.350458 0.967062
vt 0.812002 0.090897
vt 0.772678 0.107537
vt 0.798394 0.247742
vt 0.737002 0.216554
vt 0.710922 0.253263
vt 0.665023 0.269278
vt 0.678725 0.269362
vt 0.005222 0.354813
vt 0.005222 0.346506
vt 0.435694 0.354813
vt 0.029929 0.346506
vt 0.195751 0.346506
vt 0.245165 0.346506
vt 0.410987 0.346506
vt 0.435694 0.346506
vt 0.410987 0.329893
vt 0.092406 0.640553
vt 0.103354 0.640617
vt 0.092874 0.648988
vt 0.407744 0.346506
vt 0.409912 0.329893
vt 0.241921 0.346506
vt 0.407744 0.329893
vt 0.103327 0.666058
vt 0.103354 0.640617
vt 0.176804 0.666487
vt 0.176831 0.641046
vt 0.131635 0.180508
vt 0.145993 0.182719
vt 0.123574 0.176626
vt 0.146507 0.180505
vt 0.137212 0.171652
vt 0.118761 0.172544
vt 0.051162 0.181272
vt 0.050552 0.183364
vt 0.241921 0.329893
vt 0.072499 0.177889
vt 0.167159 0.141567
vt 0.541181 0.039090
vt 0.271700 0.667041
vt 0.272037 0.650033
vt 0.198718 0.649606
vt 0.187869 0.129152
vt 0.536757 0.050003
vt 0.027760 0.346506
vt 0.027760 0.329893
vt 0.192508 0.329893
vt 0.192508 0.346506
vt 0.198727 0.641174
vt 0.271700 0.667041
vt 0.198699 0.666615
vt 0.272204 0.641602
vt 0.542078 0.064327
vt 0.570272 0.085021
vt 0.553057 0.045835
vt 0.283152 0.641666
vt 0.282666 0.650095
vt 0.272204 0.641602
vt 0.536956 0.025499
vt 0.433544 0.321587
vt 0.433544 0.329893
vt 0.005222 0.329893
vt 0.005222 0.321587
vt 0.282666 0.650095
vt 0.129845 0.657708
vt 0.092874 0.648988
vt 0.093816 0.666003
vt 0.129836 0.666213
vt 0.151741 0.657836
vt 0.245676 0.658385
vt 0.223781 0.658257
vt 0.281687 0.667099
vt 0.299588 0.321587
vt 0.299588 0.296667
vt 0.349002 0.296667
vt 0.429207 0.321587
vt 0.347917 0.321587
vt 0.347917 0.296667
vt 0.429207 0.288360
vt 0.086512 0.296667
vt 0.005222 0.288360
vt 0.005222 0.321587
vt 0.086512 0.321587
vt 0.245667 0.666889
vt 0.087596 0.321587
vt 0.087596 0.296667
vt 0.137009 0.296667
vt 0.137009 0.321587
vt 0.350372 0.101062
vt 0.351887 0.102774
vt 0.350476 0.086219
vt 0.349008 0.081235
vt 0.135925 0.296667
vt 0.298504 0.296667
vt 0.135925 0.321587
vt 0.298504 0.321587
vt 0.223772 0.666761
vt 0.151732 0.666341
vt 0.156835 0.159124
vt 0.172627 0.149513
vt 0.245667 0.666889
vt 0.223772 0.666761
vt 0.223781 0.658257
vt 0.245676 0.658385
vt 0.129836 0.666213
vt 0.151732 0.666341
vt 0.129845 0.657708
vt 0.281687 0.667099
vt 0.225555 0.690978
vt 0.149896 0.690537
vt 0.093816 0.666003
vt 0.096173 0.708540
vt 0.150911 0.708860
vt 0.418365 0.288360
vt 0.294831 0.288360
vt 0.418365 0.280054
vt 0.294831 0.280054
vt 0.150911 0.708860
vt 0.161964 0.908385
vt 0.096173 0.708540
vt 0.128755 0.288360
vt 0.128755 0.271747
vt 0.299502 0.271747
vt 0.149896 0.690537
vt 0.225555 0.690978
vt 0.210107 0.959258
vt 0.167367 0.116837
vt 0.198015 0.158574
vt 0.159628 0.099919
vt 0.157214 0.101886
vt 0.158637 0.104571
vt 0.164768 0.958993
vt 0.470022 0.548073
vt 0.546990 0.548143
vt 0.469058 0.558431
vt 0.547573 0.558501
vt 0.188656 0.079182
vt 0.172567 0.075380
vt 0.173363 0.072035
vt 0.175270 0.071408
vt 0.270264 0.109017
vt 0.267757 0.909002
vt 0.213019 0.908683
vt 0.224501 0.709289
vt 0.279239 0.709609
vt 0.005222 0.288360
vt 0.005222 0.280054
vt 0.128756 0.280054
vt 0.128756 0.288360
vt 0.224501 0.709289
vt 0.279239 0.709609
vt 0.282918 0.097833
vt 0.280295 0.098396
vt 0.187648 0.077753
vt 0.199811 0.023463
vt 0.189689 0.037331
vt 0.267757 0.909002
vt 0.265310 0.951512
vt 0.213019 0.908683
vt 0.211479 0.935424
vt 0.210571 0.951192
vt 0.089371 0.310052
vt 0.087764 0.322253
vt 0.002783 0.310052
vt 0.004390 0.322253
vt 0.165885 0.115387
vt 0.162441 0.110334
vt 0.160068 0.106238
vt 0.161964 0.908385
vt 0.164321 0.950923
vt 0.107226 0.908066
vt 0.109582 0.950603
vt 0.428234 0.231164
vt 0.568271 0.231164
vt 0.428234 0.249997
vt 0.826629 0.249997
vt 0.826629 0.231164
vt 0.686592 0.231164
vt 0.150776 0.134062
vt 0.167915 0.073481
vt 0.151842 0.135511
vt 0.162152 0.092405
vt 0.424547 0.249997
vt 0.822942 0.249997
vt 0.424547 0.287663
vt 0.158484 0.111620
vt 0.158475 0.130613
vt 0.151227 0.136014
vt 0.151332 0.136854
vt 0.154519 0.142567
vt 0.151386 0.137847
vt 0.161038 0.149706
vt 0.640499 0.558585
vt 0.639895 0.591340
vt 0.644726 0.590228
vt 0.830316 0.249997
vt 0.830316 0.287663
vt 0.822942 0.287663
vt 0.268169 0.926884
vt 0.265337 0.925998
vt 0.265310 0.951512
vt 0.149878 0.135733
vt 0.147789 0.136324
vt 0.107226 0.908066
vt 0.178964 0.157817
vt 0.181368 0.156800
vt 0.000059 0.289361
vt 0.178632 0.077842
vt 0.194676 0.329893
vt 0.196836 0.329893
vt 0.196836 0.346506
vt 0.246249 0.346506
vt 0.225180 0.159113
vt 0.021693 0.354813
vt 0.021693 0.371426
vt 0.005222 0.354813
vt 0.135519 0.156187
vt 0.118479 0.173820
vt 0.153254 0.131898
vt 0.146937 0.142358
vt 0.359531 0.869645
vt 0.359531 0.869645
vt 0.360539 0.858821
vt 0.645627 0.869904
vt 0.621895 0.266009
vt 0.628408 0.261386
vt 0.138536 0.154499
vt 0.645018 0.859078
vt 0.643814 0.267489
vt 0.360539 0.858821
vt 0.361547 0.847998
vt 0.595592 0.259113
vt 0.601659 0.264354
vt 0.141261 0.154485
vt 0.361547 0.847998
vt 0.362555 0.837173
vt 0.644409 0.848252
vt 0.643800 0.837427
vt 0.580735 0.262674
vt 0.587032 0.258344
vt 0.141991 0.154501
vt 0.141431 0.154521
vt 0.362555 0.837173
vt 0.363563 0.826349
vt 0.643190 0.826602
vt 0.363563 0.826349
vt 0.642581 0.815776
vt 0.364571 0.815525
vt 0.541426 0.258508
vt 0.547581 0.254551
vt 0.141453 0.154348
vt 0.140655 0.153955
vt 0.364571 0.815525
vt 0.365579 0.804701
vt 0.641363 0.794125
vt 0.641972 0.804950
vt 0.365579 0.804701
vt 0.366587 0.793877
vt 0.640145 0.772474
vt 0.640754 0.783300
vt 0.367595 0.783053
vt 0.368603 0.772229
vt 0.468064 0.246874
vt 0.474010 0.243703
vt 0.141672 0.151569
vt 0.639536 0.761648
vt 0.369611 0.761405
vt 0.370620 0.750581
vt 0.638926 0.750823
vt 0.446785 0.238151
vt 0.439751 0.236523
vt 0.451272 0.243284
vt 0.370620 0.750581
vt 0.371628 0.739757
vt 0.413748 0.230053
vt 0.417858 0.235176
vt 0.147043 0.143197
vt 0.638317 0.739997
vt 0.371628 0.739757
vt 0.637708 0.729171
vt 0.372636 0.728932
vt 0.401288 0.230620
vt 0.407075 0.228208
vt 0.147177 0.142696
vt 0.372636 0.728932
vt 0.373644 0.718108
vt 0.146850 0.142887
vt 0.145746 0.144617
vt 0.144227 0.145332
vt 0.142602 0.146867
vt 0.142555 0.149012
vt 0.140167 0.152699
vt 0.141439 0.151316
vt 0.141230 0.152138
vt 0.139346 0.154931
vt 0.140802 0.153041
vt 0.140569 0.153081
vt 0.140874 0.153175
vt 0.141308 0.154360
vt 0.141710 0.154368
vt 0.141334 0.154337
vt 0.141135 0.151746
vt 0.481401 0.245095
vt 0.486276 0.250229
vt 0.561412 0.260678
vt 0.159696 0.125600
vt 0.021693 0.429573
vt 0.021693 0.437879
vt 0.648673 0.924031
vt 0.641363 0.794125
vt 0.640754 0.783300
vt 0.638317 0.739997
vt 0.807958 0.400659
vt 0.626890 0.536923
vt 0.158286 0.135548
vt 0.153393 0.137779
vt 0.110639 0.969675
vt 0.451780 0.400659
vt 0.433744 0.334744
vt 0.451780 0.334744
vt 0.433744 0.400659
vt 0.378411 0.533873
vt 0.349450 0.977886
vt 0.099238 0.632161
vt 0.063844 0.149310
vt 0.091139 0.157032
vt 0.061034 0.148976
vt 0.421373 0.371427
vt 0.107410 0.166689
vt 0.651109 0.967333
vt 0.838879 0.050803
vt 0.890529 0.092436
vt 0.021693 0.354813
vt 0.021693 0.371426
vt 0.283152 0.641666
vt 0.276338 0.633195
vt 0.155248 0.173380
vt 0.156876 0.161389
vt 0.154844 0.172873
vt 0.349002 0.321587
vt 0.151741 0.657836
vt 0.186802 0.160589
vt 0.299502 0.288360
vt 0.162173 0.110096
vt 0.570603 0.212332
vt 0.686592 0.212332
vt 0.570603 0.231164
vt 0.686592 0.231164
vt 0.288960 0.105833
vt 0.005222 0.329893
vt 0.029929 0.329893
vt 0.176840 0.632541
vt 0.198736 0.632669
vt 0.176822 0.649478
vt 0.246249 0.329893
vt 0.482197 0.967274
vt 0.519568 0.956390
vt 0.519367 0.967308
vt 0.103345 0.649049
vt 0.435694 0.329893
vt 0.276824 0.624766
vt 0.896248 0.055145
vt 0.283996 0.627009
vt 0.005222 0.437879
vt 0.021693 0.437879
vt 0.439432 0.354813
vt 0.337323 0.975049
vt 0.637402 0.262079
vt 0.136434 0.154824
vt 0.555737 0.255499
vt 0.522969 0.256014
vt 0.517695 0.250866
vt 0.509926 0.249700
vt 0.503884 0.253267
vt 0.368603 0.772229
vt 0.433880 0.239318
vt 0.366587 0.793877
vt 0.367595 0.783053
vt 0.369611 0.761405
vt 0.021693 0.429573
vt 0.021693 0.371426
vt 0.417073 0.371427
vt 0.417073 0.429573
vt 0.646236 0.880729
vt 0.649891 0.945682
vt 0.352474 0.945414
vt 0.358523 0.880470
vt 0.646236 0.880729
vt 0.358523 0.880470
vt 0.645627 0.869904
vt 0.661063 0.924043
vt 0.663950 0.975344
vt 0.651719 0.978159
vt 0.645018 0.859078
vt 0.644409 0.848252
vt 0.643800 0.837427
vt 0.643190 0.826602
vt 0.642581 0.815776
vt 0.641972 0.804950
vt 0.640145 0.772474
vt 0.639536 0.761648
vt 0.638926 0.750823
vt 0.637708 0.729171
vt 0.637099 0.718346
vt 0.639121 0.534108
vt 0.386006 0.225943
vt 0.192883 0.196458
vt 0.169069 0.208872
vt 0.169507 0.169325
vt 0.165346 0.178784
vt 0.258011 0.951469
vt 0.265183 0.953712
vt 0.257040 0.968328
vt 0.264212 0.970571
vt 0.826629 0.334744
vt 0.826629 0.400659
vt 0.807958 0.334744
vt 0.446906 0.306495
vt 0.807958 0.306495
vt 0.446906 0.391243
vt 0.807958 0.391242
vt 0.386506 0.580006
vt 0.388522 0.558358
vt 0.628109 0.558574
vt 0.629327 0.580225
vt 0.158440 0.137170
vt 0.224569 0.208426
vt 0.158243 0.139966
vt 0.241967 0.213349
vt 0.386506 0.580006
vt 0.629327 0.580225
vt 0.378684 0.663988
vt 0.159973 0.133847
vt 0.163957 0.128702
vt 0.298302 0.211565
vt 0.319896 0.221568
vt 0.634053 0.664218
vt 0.637099 0.718346
vt 0.378684 0.663988
vt 0.366802 0.215792
vt 0.634053 0.664218
vt 0.155566 0.131536
vt 0.373644 0.718108
vt 0.116881 0.950646
vt 0.117815 0.967515
vt 0.109704 0.952805
vt 0.390538 0.536710
vt 0.342100 0.923755
vt 0.423523 0.437879
vt 0.423523 0.371427
vt 0.439432 0.437879
vt 0.091594 0.625886
vt 0.098770 0.623726
vt 0.092406 0.640553
vt 0.421373 0.354813
vt 0.423523 0.354813
vt 0.412773 0.437879
vt 0.404173 0.429573
vt 0.404173 0.437879
vt 0.352474 0.945414
vt 0.649891 0.945682
vt 0.350458 0.967062
vt 0.812002 0.090897
vt 0.772678 0.107537
vt 0.798394 0.247742
vt 0.737002 0.216554
vt 0.710922 0.253263
vt 0.665023 0.269278
vt 0.678725 0.269362
vt 0.005222 0.354813
vt 0.005222 0.346506
vt 0.435694 0.354813
vt 0.029929 0.346506
vt 0.195751 0.346506
vt 0.245165 0.346506
vt 0.410987 0.346506
vt 0.435694 0.346506
vt 0.410987 0.329893
vt 0.092406 0.640553
vt 0.103354 0.640617
vt 0.092874 0.648988
vt 0.407744 0.346506
vt 0.409912 0.329893
vt 0.241921 0.346506
vt 0.407744 0.329893
vt 0.103327 0.666058
vt 0.103354 0.640617
vt 0.176804 0.666487
vt 0.176831 0.641046
vt 0.131635 0.180508
vt 0.145993 0.182719
vt 0.123574 0.176626
vt 0.146507 0.180505
vt 0.137212 0.171652
vt 0.118761 0.172544
vt 0.051162 0.181272
vt 0.050552 0.183364
vt 0.241921 0.329893
vt 0.072499 0.177889
vt 0.167159 0.141567
vt 0.541181 0.039090
vt 0.271700 0.667041
vt 0.272037 0.650033
vt 0.198718 0.649606
vt 0.187869 0.129152
vt 0.536757 0.050003
vt 0.027760 0.346506
vt 0.027760 0.329893
vt 0.192508 0.329893
vt 0.192508 0.346506
vt 0.198727 0.641174
vt 0.271700 0.667041
vt 0.198699 0.666615
vt 0.272204 0.641602
vt 0.542078 0.064327
vt 0.570272 0.085021
vt 0.553057 0.045835
vt 0.283152 0.641666
vt 0.282666 0.650095
vt 0.272204 0.641602
vt 0.536956 0.025499
vt 0.433544 0.321587
vt 0.433544 0.329893
vt 0.005222 0.329893
vt 0.005222 0.321587
vt 0.282666 0.650095
vt 0.129845 0.657708
vt 0.092874 0.648988
vt 0.093816 0.666003
vt 0.129836 0.666213
vt 0.151741 0.657836
vt 0.245676 0.658385
vt 0.223781 0.658257
vt 0.281687 0.667099
vt 0.299588 0.321587
vt 0.299588 0.296667
vt 0.349002 0.296667
vt 0.429207 0.321587
vt 0.347917 0.321587
vt 0.347917 0.296667
vt 0.429207 0.288360
vt 0.086512 0.296667
vt 0.005222 0.288360
vt 0.005222 0.321587
vt 0.086512 0.321587
vt 0.245667 0.666889
vt 0.087596 0.321587
vt 0.087596 0.296667
vt 0.137009 0.296667
vt 0.137009 0.321587
vt 0.350372 0.101062
vt 0.351887 0.102774
vt 0.350476 0.086219
vt 0.349008 0.081235
vt 0.135925 0.296667
vt 0.298504 0.296667
vt 0.135925 0.321587
vt 0.298504 0.321587
vt 0.223772 0.666761
vt 0.151732 0.666341
vt 0.156835 0.159124
vt 0.172627 0.149513
vt 0.245667 0.666889
vt 0.223772 0.666761
vt 0.223781 0.658257
vt 0.245676 0.658385
vt 0.129836 0.666213
vt 0.151732 0.666341
vt 0.129845 0.657708
vt 0.281687 0.667099
vt 0.225555 0.690978
vt 0.149896 0.690537
vt 0.093816 0.666003
vt 0.096173 0.708540
vt 0.150911 0.708860
vt 0.418365 0.288360
vt 0.294831 0.288360
vt 0.418365 0.280054
vt 0.294831 0.280054
vt 0.150911 0.708860
vt 0.161964 0.908385
vt 0.096173 0.708540
vt 0.128755 0.288360
vt 0.128755 0.271747
vt 0.299502 0.271747
vt 0.149896 0.690537
vt 0.225555 0.690978
vt 0.210107 0.959258
vt 0.167367 0.116837
vt 0.198015 0.158574
vt 0.159628 0.099919
vt 0.157214 0.101886
vt 0.158637 0.104571
vt 0.164768 0.958993
vt 0.470022 0.548073
vt 0.546990 0.548143
vt 0.469058 0.558431
vt 0.547573 0.558501
vt 0.188656 0.079182
vt 0.172567 0.075380
vt 0.173363 0.072035
vt 0.175270 0.071408
vt 0.270264 0.109017
vt 0.267757 0.909002
vt 0.213019 0.908683
vt 0.224501 0.709289
vt 0.279239 0.709609
vt 0.005222 0.288360
vt 0.005222 0.280054
vt 0.128756 0.280054
vt 0.128756 0.288360
vt 0.224501 0.709289
vt 0.279239 0.709609
vt 0.282918 0.097833
vt 0.280295 0.098396
vt 0.187648 0.077753
vt 0.199811 0.023463
vt 0.189689 0.037331
vt 0.267757 0.909002
vt 0.265310 0.951512
vt 0.213019 0.908683
vt 0.211479 0.935424
vt 0.210571 0.951192
vt 0.089371 0.310052
vt 0.087764 0.322253
vt 0.002783 0.310052
vt 0.004390 0.322253
vt 0.165885 0.115387
vt 0.162441 0.110334
vt 0.160068 0.106238
vt 0.161964 0.908385
vt 0.164321 0.950923
vt 0.107226 0.908066
vt 0.109582 0.950603
vt 0.428234 0.231164
vt 0.568271 0.231164
vt 0.428234 0.249997
vt 0.826629 0.249997
vt 0.826629 0.231164
vt 0.686592 0.231164
vt 0.150776 0.134062
vt 0.167915 0.073481
vt 0.151842 0.135511
vt 0.162152 0.092405
vt 0.424547 0.249997
vt 0.822942 0.249997
vt 0.424547 0.287663
vt 0.158484 0.111620
vt 0.158475 0.130613
vt 0.151227 0.136014
vt 0.151332 0.136854
vt 0.154519 0.142567
vt 0.151386 0.137847
vt 0.161038 0.149706
vt 0.640499 0.558585
vt 0.639895 0.591340
vt 0.644726 0.590228
vt 0.830316 0.249997
vt 0.830316 0.287663
vt 0.822942 0.287663
vt 0.268169 0.926884
vt 0.265337 0.925998
vt 0.265310 0.951512
vt 0.149878 0.135733
vt 0.147789 0.136324
vt 0.107226 0.908066
vt 0.178964 0.157817
vt 0.181368 0.156800
vt 0.000059 0.289361
vt 0.178632 0.077842
vt 0.194676 0.329893
vt 0.196836 0.329893
vt 0.196836 0.346506
vt 0.246249 0.346506
vt 0.225180 0.159113
vt 0.021693 0.354813
vt 0.021693 0.371426
vt 0.005222 0.354813
vt 0.135519 0.156187
vt 0.118479 0.173820
vt 0.153254 0.131898
vt 0.146937 0.142358
vt 0.359531 0.869645
vt 0.359531 0.869645
vt 0.360539 0.858821
vt 0.645627 0.869904
vt 0.621895 0.266009
vt 0.628408 0.261386
vt 0.138536 0.154499
vt 0.645018 0.859078
vt 0.643814 0.267489
vt 0.360539 0.858821
vt 0.361547 0.847998
vt 0.595592 0.259113
vt 0.601659 0.264354
vt 0.141261 0.154485
vt 0.361547 0.847998
vt 0.362555 0.837173
vt 0.644409 0.848252
vt 0.643800 0.837427
vt 0.580735 0.262674
vt 0.587032 0.258344
vt 0.141991 0.154501
vt 0.141431 0.154521
vt 0.362555 0.837173
vt 0.363563 0.826349
vt 0.643190 0.826602
vt 0.363563 0.826349
vt 0.642581 0.815776
vt 0.364571 0.815525
vt 0.541426 0.258508
vt 0.547581 0.254551
vt 0.141453 0.154348
vt 0.140655 0.153955
vt 0.364571 0.815525
vt 0.365579 0.804701
vt 0.641363 0.794125
vt 0.641972 0.804950
vt 0.365579 0.804701
vt 0.366587 0.793877
vt 0.640145 0.772474
vt 0.640754 0.783300
vt 0.367595 0.783053
vt 0.368603 0.772229
vt 0.468064 0.246874
vt 0.474010 0.243703
vt 0.141672 0.151569
vt 0.639536 0.761648
vt 0.369611 0.761405
vt 0.370620 0.750581
vt 0.638926 0.750823
vt 0.446785 0.238151
vt 0.439751 0.236523
vt 0.451272 0.243284
vt 0.370620 0.750581
vt 0.371628 0.739757
vt 0.413748 0.230053
vt 0.417858 0.235176
vt 0.147043 0.143197
vt 0.638317 0.739997
vt 0.371628 0.739757
vt 0.637708 0.729171
vt 0.372636 0.728932
vt 0.401288 0.230620
vt 0.407075 0.228208
vt 0.147177 0.142696
vt 0.372636 0.728932
vt 0.373644 0.718108
vt 0.146850 0.142887
vt 0.145746 0.144617
vt 0.144227 0.145332
vt 0.142602 0.146867
vt 0.142555 0.149012
vt 0.140167 0.152699
vt 0.141439 0.151316
vt 0.141230 0.152138
vt 0.139346 0.154931
vt 0.140802 0.153041
vt 0.140569 0.153081
vt 0.140874 0.153175
vt 0.141308 0.154360
vt 0.141710 0.154368
vt 0.141334 0.154337
vt 0.141135 0.151746
vt 0.481401 0.245095
vt 0.486276 0.250229
vt 0.561412 0.260678
vt 0.159696 0.125600
vt 0.021693 0.429573
vt 0.021693 0.437879
vt 0.648673 0.924031
vt 0.641363 0.794125
vt 0.640754 0.783300
vt 0.638317 0.739997
vt 0.807958 0.400659
vt 0.626890 0.536923
vt 0.158286 0.135548
vt 0.153393 0.137779
vt 0.110639 0.969675
vt 0.451780 0.400659
vt 0.433744 0.334744
vt 0.451780 0.334744
vt 0.433744 0.400659
vt 0.378411 0.533873
vt 0.349450 0.977886
vt 0.099238 0.632161
vt 0.063844 0.149310
vt 0.091139 0.157032
vt 0.061034 0.148976
vt 0.421373 0.371427
vt 0.107410 0.166689
vt 0.651109 0.967333
vt 0.838879 0.050803
vt 0.890529 0.092436
vt 0.021693 0.354813
vt 0.021693 0.371426
vt 0.283152 0.641666
vt 0.276338 0.633195
vt 0.155248 0.173380
vt 0.156876 0.161389
vt 0.154844 0.172873
vt 0.349002 0.321587
vt 0.151741 0.657836
vt 0.186802 0.160589
vt 0.299502 0.288360
vt 0.162173 0.110096
vt 0.570603 0.212332
vt 0.686592 0.212332
vt 0.570603 0.231164
vt 0.686592 0.231164
vt 0.288960 0.105833
vt 0.005222 0.329893
vt 0.029929 0.329893
vt 0.176840 0.632541
vt 0.198736 0.632669
vt 0.176822 0.649478
vt 0.246249 0.329893
vt 0.482197 0.967274
vt 0.519568 0.956390
vt 0.519367 0.967308
vt 0.103345 0.649049
vt 0.435694 0.329893
vt 0.276824 0.624766
vt 0.896248 0.055145
vt 0.283996 0.627009
vt 0.005222 0.437879
vt 0.021693 0.437879
vt 0.439432 0.354813
vt 0.337323 0.975049
vt 0.637402 0.262079
vt 0.136434 0.154824
vt 0.555737 0.255499
vt 0.522969 0.256014
vt 0.517695 0.250866
vt 0.509926 0.249700
vt 0.503884 0.253267
vt 0.368603 0.772229
vt 0.433880 0.239318
vt 0.366587 0.793877
vt 0.367595 0.783053
vt 0.369611 0.761405
vt 0.021693 0.429573
vt 0.021693 0.371426
vt 0.417073 0.371427
vt 0.417073 0.429573
vt 0.646236 0.880729
vt 0.649891 0.945682
vt 0.352474 0.945414
vt 0.358523 0.880470
vt 0.646236 0.880729
vt 0.358523 0.880470
vt 0.645627 0.869904
vt 0.661063 0.924043
vt 0.663950 0.975344
vt 0.651719 0.978159
vt 0.645018 0.859078
vt 0.644409 0.848252
vt 0.643800 0.837427
vt 0.643190 0.826602
vt 0.642581 0.815776
vt 0.641972 0.804950
vt 0.640145 0.772474
vt 0.639536 0.761648
vt 0.638926 0.750823
vt 0.637708 0.729171
vt 0.637099 0.718346
vt 0.639121 0.534108
vt 0.386006 0.225943
vt 0.192883 0.196458
vt 0.169069 0.208872
vt 0.169507 0.169325
vt 0.165346 0.178784
vt 0.258011 0.951469
vt 0.265183 0.953712
vt 0.257040 0.968328
vt 0.264212 0.970571
vt 0.826629 0.334744
vt 0.826629 0.400659
vt 0.807958 0.334744
vt 0.446906 0.306495
vt 0.807958 0.306495
vt 0.446906 0.391243
vt 0.807958 0.391242
vt 0.386506 0.580006
vt 0.388522 0.558358
vt 0.628109 0.558574
vt 0.629327 0.580225
vt 0.158440 0.137170
vt 0.224569 0.208426
vt 0.158243 0.139966
vt 0.241967 0.213349
vt 0.386506 0.580006
vt 0.629327 0.580225
vt 0.378684 0.663988
vt 0.159973 0.133847
vt 0.163957 0.128702
vt 0.298302 0.211565
vt 0.319896 0.221568
vt 0.634053 0.664218
vt 0.637099 0.718346
vt 0.378684 0.663988
vt 0.366802 0.215792
vt 0.634053 0.664218
vt 0.155566 0.131536
vt 0.373644 0.718108
vt 0.116881 0.950646
vt 0.117815 0.967515
vt 0.109704 0.952805
vt 0.390538 0.536710
vt 0.342100 0.923755
vt 0.423523 0.437879
vt 0.423523 0.371427
vt 0.439432 0.437879
vt 0.091594 0.625886
vt 0.098770 0.623726
vt 0.092406 0.640553
vt 0.421373 0.354813
vt 0.423523 0.354813
vt 0.412773 0.437879
vt 0.404173 0.429573
vt 0.404173 0.437879
vt 0.352474 0.945414
vt 0.649891 0.945682
vt 0.350458 0.967062
vt 0.812002 0.090897
vt 0.772678 0.107537
vt 0.798394 0.247742
vt 0.737002 0.216554
vt 0.710922 0.253263
vt 0.665023 0.269278
vt 0.678725 0.269362
vt 0.005222 0.354813
vt 0.005222 0.346506
vt 0.435694 0.354813
vt 0.029929 0.346506
vt 0.195751 0.346506
vt 0.245165 0.346506
vt 0.410987 0.346506
vt 0.435694 0.346506
vt 0.410987 0.329893
vt 0.092406 0.640553
vt 0.103354 0.640617
vt 0.092874 0.648988
vt 0.407744 0.346506
vt 0.409912 0.329893
vt 0.241921 0.346506
vt 0.407744 0.329893
vt 0.103327 0.666058
vt 0.103354 0.640617
vt 0.176804 0.666487
vt 0.176831 0.641046
vt 0.131635 0.180508
vt 0.145993 0.182719
vt 0.123574 0.176626
vt 0.146507 0.180505
vt 0.137212 0.171652
vt 0.118761 0.172544
vt 0.051162 0.181272
vt 0.050552 0.183364
vt 0.241921 0.329893
vt 0.072499 0.177889
vt 0.167159 0.141567
vt 0.541181 0.039090
vt 0.271700 0.667041
vt 0.272037 0.650033
vt 0.198718 0.649606
vt 0.187869 0.129152
vt 0.536757 0.050003
vt 0.027760 0.346506
vt 0.027760 0.329893
vt 0.192508 0.329893
vt 0.192508 0.346506
vt 0.198727 0.641174
vt 0.271700 0.667041
vt 0.198699 0.666615
vt 0.272204 0.641602
vt 0.542078 0.064327
vt 0.570272 0.085021
vt 0.553057 0.045835
vt 0.283152 0.641666
vt 0.282666 0.650095
vt 0.272204 0.641602
vt 0.536956 0.025499
vt 0.433544 0.321587
vt 0.433544 0.329893
vt 0.005222 0.329893
vt 0.005222 0.321587
vt 0.282666 0.650095
vt 0.129845 0.657708
vt 0.092874 0.648988
vt 0.093816 0.666003
vt 0.129836 0.666213
vt 0.151741 0.657836
vt 0.245676 0.658385
vt 0.223781 0.658257
vt 0.281687 0.667099
vt 0.299588 0.321587
vt 0.299588 0.296667
vt 0.349002 0.296667
vt 0.429207 0.321587
vt 0.347917 0.321587
vt 0.347917 0.296667
vt 0.429207 0.288360
vt 0.086512 0.296667
vt 0.005222 0.288360
vt 0.005222 0.321587
vt 0.086512 0.321587
vt 0.245667 0.666889
vt 0.087596 0.321587
vt 0.087596 0.296667
vt 0.137009 0.296667
vt 0.137009 0.321587
vt 0.350372 0.101062
vt 0.351887 0.102774
vt 0.350476 0.086219
vt 0.349008 0.081235
vt 0.135925 0.296667
vt 0.298504 0.296667
vt 0.135925 0.321587
vt 0.298504 0.321587
vt 0.223772 0.666761
vt 0.151732 0.666341
vt 0.156835 0.159124
vt 0.172627 0.149513
vt 0.245667 0.666889
vt 0.223772 0.666761
vt 0.223781 0.658257
vt 0.245676 0.658385
vt 0.129836 0.666213
vt 0.151732 0.666341
vt 0.129845 0.657708
vt 0.281687 0.667099
vt 0.225555 0.690978
vt 0.149896 0.690537
vt 0.093816 0.666003
vt 0.096173 0.708540
vt 0.150911 0.708860
vt 0.418365 0.288360
vt 0.294831 0.288360
vt 0.418365 0.280054
vt 0.294831 0.280054
vt 0.150911 0.708860
vt 0.161964 0.908385
vt 0.096173 0.708540
vt 0.128755 0.288360
vt 0.128755 0.271747
vt 0.299502 0.271747
vt 0.149896 0.690537
vt 0.225555 0.690978
vt 0.210107 0.959258
vt 0.167367 0.116837
vt 0.198015 0.158574
vt 0.159628 0.099919
vt 0.157214 0.101886
vt 0.158637 0.104571
vt 0.164768 0.958993
vt 0.470022 0.548073
vt 0.546990 0.548143
vt 0.469058 0.558431
vt 0.547573 0.558501
vt 0.188656 0.079182
vt 0.172567 0.075380
vt 0.173363 0.072035
vt 0.175270 0.071408
vt 0.270264 0.109017
vt 0.267757 0.909002
vt 0.213019 0.908683
vt 0.224501 0.709289
vt 0.279239 0.709609
vt 0.005222 0.288360
vt 0.005222 0.280054
vt 0.128756 0.280054
vt 0.128756 0.288360
vt 0.224501 0.709289
vt 0.279239 0.709609
vt 0.282918 0.097833
vt 0.280295 0.098396
vt 0.187648 0.077753
vt 0.199811 0.023463
vt 0.189689 0.037331
vt 0.267757 0.909002
vt 0.265310 0.951512
vt 0.213019 0.908683
vt 0.211479 0.935424
vt 0.210571 0.951192
vt 0.089371 0.310052
vt 0.087764 0.322253
vt 0.002783 0.310052
vt 0.004390 0.322253
vt 0.165885 0.115387
vt 0.162441 0.110334
vt 0.160068 0.106238
vt 0.161964 0.908385
vt 0.164321 0.950923
vt 0.107226 0.908066
vt 0.109582 0.950603
vt 0.428234 0.231164
vt 0.568271 0.231164
vt 0.428234 0.249997
vt 0.826629 0.249997
vt 0.826629 0.231164
vt 0.686592 0.231164
vt 0.150776 0.134062
vt 0.167915 0.073481
vt 0.151842 0.135511
vt 0.162152 0.092405
vt 0.424547 0.249997
vt 0.822942 0.249997
vt 0.424547 0.287663
vt 0.158484 0.111620
vt 0.158475 0.130613
vt 0.151227 0.136014
vt 0.151332 0.136854
vt 0.154519 0.142567
vt 0.151386 0.137847
vt 0.161038 0.149706
vt 0.640499 0.558585
vt 0.639895 0.591340
vt 0.644726 0.590228
vt 0.830316 0.249997
vt 0.830316 0.287663
vt 0.822942 0.287663
vt 0.268169 0.926884
vt 0.265337 0.925998
vt 0.265310 0.951512
vt 0.149878 0.135733
vt 0.147789 0.136324
vt 0.107226 0.908066
vt 0.178964 0.157817
vt 0.181368 0.156800
vt 0.000059 0.289361
vt 0.178632 0.077842
vt 0.194676 0.329893
vt 0.196836 0.329893
vt 0.196836 0.346506
vt 0.246249 0.346506
vt 0.225180 0.159113
vt 0.021693 0.354813
vt 0.021693 0.371426
vt 0.005222 0.354813
vt 0.135519 0.156187
vt 0.118479 0.173820
vt 0.153254 0.131898
vt 0.146937 0.142358
vt 0.359531 0.869645
vt 0.359531 0.869645
vt 0.360539 0.858821
vt 0.645627 0.869904
vt 0.621895 0.266009
vt 0.628408 0.261386
vt 0.138536 0.154499
vt 0.645018 0.859078
vt 0.643814 0.267489
vt 0.360539 0.858821
vt 0.361547 0.847998
vt 0.595592 0.259113
vt 0.601659 0.264354
vt 0.141261 0.154485
vt 0.361547 0.847998
vt 0.362555 0.837173
vt 0.644409 0.848252
vt 0.643800 0.837427
vt 0.580735 0.262674
vt 0.587032 0.258344
vt 0.141991 0.154501
vt 0.141431 0.154521
vt 0.362555 0.837173
vt 0.363563 0.826349
vt 0.643190 0.826602
vt 0.363563 0.826349
vt 0.642581 0.815776
vt 0.364571 0.815525
vt 0.541426 0.258508
vt 0.547581 0.254551
vt 0.141453 0.154348
vt 0.140655 0.153955
vt 0.364571 0.815525
vt 0.365579 0.804701
vt 0.641363 0.794125
vt 0.641972 0.804950
vt 0.365579 0.804701
vt 0.366587 0.793877
vt 0.640145 0.772474
vt 0.640754 0.783300
vt 0.367595 0.783053
vt 0.368603 0.772229
vt 0.468064 0.246874
vt 0.474010 0.243703
vt 0.141672 0.151569
vt 0.639536 0.761648
vt 0.369611 0.761405
vt 0.370620 0.750581
vt 0.638926 0.750823
vt 0.446785 0.238151
vt 0.439751 0.236523
vt 0.451272 0.243284
vt 0.370620 0.750581
vt 0.371628 0.739757
vt 0.413748 0.230053
vt 0.417858 0.235176
vt 0.147043 0.143197
vt 0.638317 0.739997
vt 0.371628 0.739757
vt 0.637708 0.729171
vt 0.372636 0.728932
vt 0.401288 0.230620
vt 0.407075 0.228208
vt 0.147177 0.142696
vt 0.372636 0.728932
vt 0.373644 0.718108
vt 0.146850 0.142887
vt 0.145746 0.144617
vt 0.144227 0.145332
vt 0.142602 0.146867
vt 0.142555 0.149012
vt 0.140167 0.152699
vt 0.141439 0.151316
vt 0.141230 0.152138
vt 0.139346 0.154931
vt 0.140802 0.153041
vt 0.140569 0.153081
vt 0.140874 0.153175
vt 0.141308 0.154360
vt 0.141710 0.154368
vt 0.141334 0.154337
vt 0.141135 0.151746
vt 0.481401 0.245095
vt 0.486276 0.250229
vt 0.561412 0.260678
vt 0.159696 0.125600
vt 0.021693 0.429573
vt 0.021693 0.437879
vt 0.648673 0.924031
vt 0.641363 0.794125
vt 0.640754 0.783300
vt 0.638317 0.739997
vt 0.807958 0.400659
vt 0.626890 0.536923
vt 0.158286 0.135548
vt 0.153393 0.137779
vt 0.110639 0.969675
vt 0.451780 0.400659
vt 0.433744 0.334744
vt 0.451780 0.334744
vt 0.433744 0.400659
vt 0.378411 0.533873
vt 0.349450 0.977886
vt 0.099238 0.632161
vt 0.063844 0.149310
vt 0.091139 0.157032
vt 0.061034 0.148976
vt 0.421373 0.371427
vt 0.107410 0.166689
vt 0.651109 0.967333
vt 0.838879 0.050803
vt 0.890529 0.092436
vt 0.021693 0.354813
vt 0.021693 0.371426
vt 0.283152 0.641666
vt 0.276338 0.633195
vt 0.155248 0.173380
vt 0.156876 0.161389
vt 0.154844 0.172873
vt 0.349002 0.321587
vt 0.151741 0.657836
vt 0.186802 0.160589
vt 0.299502 0.288360
vt 0.162173 0.110096
vt 0.570603 0.212332
vt 0.686592 0.212332
vt 0.570603 0.231164
vt 0.686592 0.231164
vt 0.288960 0.105833
vt 0.005222 0.329893
vt 0.029929 0.329893
vt 0.176840 0.632541
vt 0.198736 0.632669
vt 0.176822 0.649478
vt 0.246249 0.329893
vt 0.482197 0.967274
vt 0.519568 0.956390
vt 0.519367 0.967308
vt 0.103345 0.649049
vt 0.435694 0.329893
vt 0.276824 0.624766
vt 0.896248 0.055145
vt 0.283996 0.627009
vt 0.005222 0.437879
vt 0.021693 0.437879
vt 0.439432 0.354813
vt 0.337323 0.975049
vt 0.637402 0.262079
vt 0.136434 0.154824
vt 0.555737 0.255499
vt 0.522969 0.256014
vt 0.517695 0.250866
vt 0.509926 0.249700
vt 0.503884 0.253267
vt 0.368603 0.772229
vt 0.433880 0.239318
vt 0.366587 0.793877
vt 0.367595 0.783053
vt 0.369611 0.761405
vt 0.021693 0.429573
vt 0.021693 0.371426
vt 0.417073 0.371427
vt 0.417073 0.429573
vt 0.646236 0.880729
vt 0.649891 0.945682
vt 0.352474 0.945414
vt 0.358523 0.880470
vt 0.646236 0.880729
vt 0.358523 0.880470
vt 0.645627 0.869904
vt 0.661063 0.924043
vt 0.663950 0.975344
vt 0.651719 0.978159
vt 0.645018 0.859078
vt 0.644409 0.848252
vt 0.643800 0.837427
vt 0.643190 0.826602
vt 0.642581 0.815776
vt 0.641972 0.804950
vt 0.640145 0.772474
vt 0.639536 0.761648
vt 0.638926 0.750823
vt 0.637708 0.729171
vt 0.637099 0.718346
vt 0.639121 0.534108
vt 0.386006 0.225943
vt 0.192883 0.196458
vt 0.169069 0.208872
vt 0.169507 0.169325
vt 0.165346 0.178784
vt 0.258011 0.951469
vt 0.265183 0.953712
vt 0.257040 0.968328
vt 0.264212 0.970571
vt 0.826629 0.334744
vt 0.826629 0.400659
vt 0.807958 0.334744
vt 0.446906 0.306495
vt 0.807958 0.306495
vt 0.446906 0.391243
vt 0.807958 0.391242
vt 0.386506 0.580006
vt 0.388522 0.558358
vt 0.628109 0.558574
vt 0.629327 0.580225
vt 0.158440 0.137170
vt 0.224569 0.208426
vt 0.158243 0.139966
vt 0.241967 0.213349
vt 0.386506 0.580006
vt 0.629327 0.580225
vt 0.378684 0.663988
vt 0.159973 0.133847
vt 0.163957 0.128702
vt 0.298302 0.211565
vt 0.319896 0.221568
vt 0.634053 0.664218
vt 0.637099 0.718346
vt 0.378684 0.663988
vt 0.366802 0.215792
vt 0.634053 0.664218
vt 0.155566 0.131536
vt 0.373644 0.718108
vt 0.116881 0.950646
vt 0.117815 0.967515
vt 0.109704 0.952805
vt 0.390538 0.536710
vt 0.342100 0.923755
vt 0.423523 0.437879
vt 0.423523 0.371427
vt 0.439432 0.437879
vt 0.091594 0.625886
vt 0.098770 0.623726
vt 0.092406 0.640553
vt 0.421373 0.354813
vt 0.423523 0.354813
vt 0.412773 0.437879
vt 0.404173 0.429573
vt 0.404173 0.437879
vt 0.352474 0.945414
vt 0.649891 0.945682
vt 0.350458 0.967062
vt 0.812002 0.090897
vt 0.772678 0.107537
vt 0.798394 0.247742
vt 0.737002 0.216554
vt 0.710922 0.253263
vt 0.665023 0.269278
vt 0.678725 0.269362
vt 0.005222 0.354813
vt 0.005222 0.346506
vt 0.435694 0.354813
vt 0.029929 0.346506
vt 0.195751 0.346506
vt 0.245165 0.346506
vt 0.410987 0.346506
vt 0.435694 0.346506
vt 0.410987 0.329893
vt 0.092406 0.640553
vt 0.103354 0.640617
vt 0.092874 0.648988
vt 0.407744 0.346506
vt 0.409912 0.329893
vt 0.241921 0.346506
vt 0.407744 0.329893
vt 0.103327 0.666058
vt 0.103354 0.640617
vt 0.176804 0.666487
vt 0.176831 0.641046
vt 0.131635 0.180508
vt 0.145993 0.182719
vt 0.123574 0.176626
vt 0.146507 0.180505
vt 0.137212 0.171652
vt 0.118761 0.172544
vt 0.051162 0.181272
vt 0.050552 0.183364
vt 0.241921 0.329893
vt 0.072499 0.177889
vt 0.167159 0.141567
vt 0.541181 0.039090
vt 0.271700 0.667041
vt 0.272037 0.650033
vt 0.198718 0.649606
vt 0.187869 0.129152
vt 0.536757 0.050003
vt 0.027760 0.346506
vt 0.027760 0.329893
vt 0.192508 0.329893
vt 0.192508 0.346506
vt 0.198727 0.641174
vt 0.271700 0.667041
vt 0.198699 0.666615
vt 0.272204 0.641602
vt 0.542078 0.064327
vt 0.570272 0.085021
vt 0.553057 0.045835
vt 0.283152 0.641666
vt 0.282666 0.650095
vt 0.272204 0.641602
vt 0.536956 0.025499
vt 0.433544 0.321587
vt 0.433544 0.329893
vt 0.005222 0.329893
vt 0.005222 0.321587
vt 0.282666 0.650095
vt 0.129845 0.657708
vt 0.092874 0.648988
vt 0.093816 0.666003
vt 0.129836 0.666213
vt 0.151741 0.657836
vt 0.245676 0.658385
vt 0.223781 0.658257
vt 0.281687 0.667099
vt 0.299588 0.321587
vt 0.299588 0.296667
vt 0.349002 0.296667
vt 0.429207 0.321587
vt 0.347917 0.321587
vt 0.347917 0.296667
vt 0.429207 0.288360
vt 0.086512 0.296667
vt 0.005222 0.288360
vt 0.005222 0.321587
vt 0.086512 0.321587
vt 0.245667 0.666889
vt 0.087596 0.321587
vt 0.087596 0.296667
vt 0.137009 0.296667
vt 0.137009 0.321587
vt 0.350372 0.101062
vt 0.351887 0.102774
vt 0.350476 0.086219
vt 0.349008 0.081235
vt 0.135925 0.296667
vt 0.298504 0.296667
vt 0.135925 0.321587
vt 0.298504 0.321587
vt 0.223772 0.666761
vt 0.151732 0.666341
vt 0.156835 0.159124
vt 0.172627 0.149513
vt 0.245667 0.666889
vt 0.223772 0.666761
vt 0.223781 0.658257
vt 0.245676 0.658385
vt 0.129836 0.666213
vt 0.151732 0.666341
vt 0.129845 0.657708
vt 0.281687 0.667099
vt 0.225555 0.690978
vt 0.149896 0.690537
vt 0.093816 0.666003
vt 0.096173 0.708540
vt 0.150911 0.708860
vt 0.418365 0.288360
vt 0.294831 0.288360
vt 0.418365 0.280054
vt 0.294831 0.280054
vt 0.150911 0.708860
vt 0.161964 0.908385
vt 0.096173 0.708540
vt 0.128755 0.288360
vt 0.128755 0.271747
vt 0.299502 0.271747
vt 0.149896 0.690537
vt 0.225555 0.690978
vt 0.210107 0.959258
vt 0.167367 0.116837
vt 0.198015 0.158574
vt 0.159628 0.099919
vt 0.157214 0.101886
vt 0.158637 0.104571
vt 0.164768 0.958993
vt 0.470022 0.548073
vt 0.546990 0.548143
vt 0.469058 0.558431
vt 0.547573 0.558501
vt 0.188656 0.079182
vt 0.172567 0.075380
vt 0.173363 0.072035
vt 0.175270 0.071408
vt 0.270264 0.109017
vt 0.267757 0.909002
vt 0.213019 0.908683
vt 0.224501 0.709289
vt 0.279239 0.709609
vt 0.005222 0.288360
vt 0.005222 0.280054
vt 0.128756 0.280054
vt 0.128756 0.288360
vt 0.224501 0.709289
vt 0.279239 0.709609
vt 0.282918 0.097833
vt 0.280295 0.098396
vt 0.187648 0.077753
vt 0.199811 0.023463
vt 0.189689 0.037331
vt 0.267757 0.909002
vt 0.265310 0.951512
vt 0.213019 0.908683
vt 0.211479 0.935424
vt 0.210571 0.951192
vt 0.089371 0.310052
vt 0.087764 0.322253
vt 0.002783 0.310052
vt 0.004390 0.322253
vt 0.165885 0.115387
vt 0.162441 0.110334
vt 0.160068 0.106238
vt 0.161964 0.908385
vt 0.164321 0.950923
vt 0.107226 0.908066
vt 0.109582 0.950603
vt 0.428234 0.231164
vt 0.568271 0.231164
vt 0.428234 0.249997
vt 0.826629 0.249997
vt 0.826629 0.231164
vt 0.686592 0.231164
vt 0.150776 0.134062
vt 0.167915 0.073481
vt 0.151842 0.135511
vt 0.162152 0.092405
vt 0.424547 0.249997
vt 0.822942 0.249997
vt 0.424547 0.287663
vt 0.158484 0.111620
vt 0.158475 0.130613
vt 0.151227 0.136014
vt 0.151332 0.136854
vt 0.154519 0.142567
vt 0.151386 0.137847
vt 0.161038 0.149706
vt 0.640499 0.558585
vt 0.639895 0.591340
vt 0.644726 0.590228
vt 0.830316 0.249997
vt 0.830316 0.287663
vt 0.822942 0.287663
vt 0.268169 0.926884
vt 0.265337 0.925998
vt 0.265310 0.951512
vt 0.149878 0.135733
vt 0.147789 0.136324
vt 0.107226 0.908066
vt 0.178964 0.157817
vt 0.181368 0.156800
vt 0.000059 0.289361
vt 0.178632 0.077842
vt 0.194676 0.329893
vt 0.196836 0.329893
vt 0.196836 0.346506
vt 0.246249 0.346506
vt 0.225180 0.159113
vt 0.021693 0.354813
vt 0.021693 0.371426
vt 0.005222 0.354813
vt 0.135519 0.156187
vt 0.118479 0.173820
vt 0.153254 0.131898
vt 0.146937 0.142358
vt 0.359531 0.869645
vt 0.359531 0.869645
vt 0.360539 0.858821
vt 0.645627 0.869904
vt 0.621895 0.266009
vt 0.628408 0.261386
vt 0.138536 0.154499
vt 0.645018 0.859078
vt 0.643814 0.267489
vt 0.360539 0.858821
vt 0.361547 0.847998
vt 0.595592 0.259113
vt 0.601659 0.264354
vt 0.141261 0.154485
vt 0.361547 0.847998
vt 0.362555 0.837173
vt 0.644409 0.848252
vt 0.643800 0.837427
vt 0.580735 0.262674
vt 0.587032 0.258344
vt 0.141991 0.154501
vt 0.141431 0.154521
vt 0.362555 0.837173
vt 0.363563 0.826349
vt 0.643190 0.826602
vt 0.363563 0.826349
vt 0.642581 0.815776
vt 0.364571 0.815525
vt 0.541426 0.258508
vt 0.547581 0.254551
vt 0.141453 0.154348
vt 0.140655 0.153955
vt 0.364571 0.815525
vt 0.365579 0.804701
vt 0.641363 0.794125
vt 0.641972 0.804950
vt 0.365579 0.804701
vt 0.366587 0.793877
vt 0.640145 0.772474
vt 0.640754 0.783300
vt 0.367595 0.783053
vt 0.368603 0.772229
vt 0.468064 0.246874
vt 0.474010 0.243703
vt 0.141672 0.151569
vt 0.639536 0.761648
vt 0.369611 0.761405
vt 0.370620 0.750581
vt 0.638926 0.750823
vt 0.446785 0.238151
vt 0.439751 0.236523
vt 0.451272 0.243284
vt 0.370620 0.750581
vt 0.371628 0.739757
vt 0.413748 0.230053
vt 0.417858 0.235176
vt 0.147043 0.143197
vt 0.638317 0.739997
vt 0.371628 0.739757
vt 0.637708 0.729171
vt 0.372636 0.728932
vt 0.401288 0.230620
vt 0.407075 0.228208
vt 0.147177 0.142696
vt 0.372636 0.728932
vt 0.373644 0.718108
vt 0.146850 0.142887
vt 0.145746 0.144617
vt 0.144227 0.145332
vt 0.142602 0.146867
vt 0.142555 0.149012
vt 0.140167 0.152699
vt 0.141439 0.151316
vt 0.141230 0.152138
vt 0.139346 0.154931
vt 0.140802 0.153041
vt 0.140569 0.153081
vt 0.140874 0.153175
vt 0.141308 0.154360
vt 0.141710 0.154368
vt 0.141334 0.154337
vt 0.141135 0.151746
vt 0.481401 0.245095
vt 0.486276 0.250229
vt 0.561412 0.260678
vt 0.159696 0.125600
vt 0.021693 0.429573
vt 0.021693 0.437879
vt 0.648673 0.924031
vt 0.641363 0.794125
vt 0.640754 0.783300
vt 0.638317 0.739997
vt 0.807958 0.400659
vt 0.626890 0.536923
vt 0.158286 0.135548
vt 0.153393 0.137779
vt 0.110639 0.969675
vt 0.451780 0.400659
vt 0.433744 0.334744
vt 0.451780 0.334744
vt 0.433744 0.400659
vt 0.378411 0.533873
vt 0.349450 0.977886
vt 0.099238 0.632161
vt 0.063844 0.149310
vt 0.091139 0.157032
vt 0.061034 0.148976
vt 0.421373 0.371427
vt 0.107410 0.166689
vt 0.651109 0.967333
vt 0.838879 0.050803
vt 0.890529 0.092436
vt 0.021693 0.354813
vt 0.021693 0.371426
vt 0.283152 0.641666
vt 0.276338 0.633195
vt 0.155248 0.173380
vt 0.156876 0.161389
vt 0.154844 0.172873
vt 0.349002 0.321587
vt 0.151741 0.657836
vt 0.186802 0.160589
vt 0.299502 0.288360
vt 0.162173 0.110096
vt 0.570603 0.212332
vt 0.686592 0.212332
vt 0.570603 0.231164
vt 0.686592 0.231164
vt 0.288960 0.105833
vt 0.005222 0.329893
vt 0.029929 0.329893
vt 0.176840 0.632541
vt 0.198736 0.632669
vt 0.176822 0.649478
vt 0.246249 0.329893
vt 0.482197 0.967274
vt 0.519568 0.956390
vt 0.519367 0.967308
vt 0.103345 0.649049
vt 0.435694 0.329893
vt 0.276824 0.624766
vt 0.896248 0.055145
vt 0.283996 0.627009
vt 0.005222 0.437879
vt 0.021693 0.437879
vt 0.439432 0.354813
vt 0.337323 0.975049
vt 0.637402 0.262079
vt 0.136434 0.154824
vt 0.555737 0.255499
vt 0.522969 0.256014
vt 0.517695 0.250866
vt 0.509926 0.249700
vt 0.503884 0.253267
vt 0.368603 0.772229
vt 0.433880 0.239318
vt 0.366587 0.793877
vt 0.367595 0.783053
vt 0.369611 0.761405
vt 0.021693 0.429573
vt 0.021693 0.371426
vt 0.417073 0.371427
vt 0.417073 0.429573
vt 0.646236 0.880729
vt 0.649891 0.945682
vt 0.352474 0.945414
vt 0.358523 0.880470
vt 0.646236 0.880729
vt 0.358523 0.880470
vt 0.645627 0.869904
vt 0.661063 0.924043
vt 0.663950 0.975344
vt 0.651719 0.978159
vt 0.645018 0.859078
vt 0.644409 0.848252
vt 0.643800 0.837427
vt 0.643190 0.826602
vt 0.642581 0.815776
vt 0.641972 0.804950
vt 0.640145 0.772474
vt 0.639536 0.761648
vt 0.638926 0.750823
vt 0.637708 0.729171
vt 0.637099 0.718346
vt 0.639121 0.534108
vt 0.386006 0.225943
vt 0.192883 0.196458
vt 0.169069 0.208872
vt 0.169507 0.169325
vt 0.165346 0.178784
vt 0.258011 0.951469
vt 0.265183 0.953712
vt 0.257040 0.968328
vt 0.264212 0.970571
vt 0.826629 0.334744
vt 0.826629 0.400659
vt 0.807958 0.334744
vt 0.446906 0.306495
vt 0.807958 0.306495
vt 0.446906 0.391243
vt 0.807958 0.391242
vt 0.386506 0.580006
vt 0.388522 0.558358
vt 0.628109 0.558574
vt 0.629327 0.580225
vt 0.158440 0.137170
vt 0.224569 0.208426
vt 0.158243 0.139966
vt 0.241967 0.213349
vt 0.386506 0.580006
vt 0.629327 0.580225
vt 0.378684 0.663988
vt 0.159973 0.133847
vt 0.163957 0.128702
vt 0.298302 0.211565
vt 0.319896 0.221568
vt 0.634053 0.664218
vt 0.637099 0.718346
vt 0.378684 0.663988
vt 0.366802 0.215792
vt 0.634053 0.664218
vt 0.155566 0.131536
vt 0.373644 0.718108
vt 0.116881 0.950646
vt 0.117815 0.967515
vt 0.109704 0.952805
vt 0.390538 0.536710
vt 0.342100 0.923755
vt 0.423523 0.437879
vt 0.423523 0.371427
vt 0.439432 0.437879
vt 0.091594 0.625886
vt 0.098770 0.623726
vt 0.092406 0.640553
vt 0.421373 0.354813
vt 0.423523 0.354813
vt 0.412773 0.437879
vt 0.404173 0.429573
vt 0.404173 0.437879
vt 0.352474 0.945414
vt 0.649891 0.945682
vt 0.350458 0.967062
vt 0.812002 0.090897
vt 0.772678 0.107537
vt 0.798394 0.247742
vt 0.737002 0.216554
vt 0.710922 0.253263
vt 0.665023 0.269278
vt 0.678725 0.269362
vt 0.005222 0.354813
vt 0.005222 0.346506
vt 0.435694 0.354813
vt 0.029929 0.346506
vt 0.195751 0.346506
vt 0.245165 0.346506
vt 0.410987 0.346506
vt 0.435694 0.346506
vt 0.410987 0.329893
vt 0.092406 0.640553
vt 0.103354 0.640617
vt 0.092874 0.648988
vt 0.407744 0.346506
vt 0.409912 0.329893
vt 0.241921 0.346506
vt 0.407744 0.329893
vt 0.103327 0.666058
vt 0.103354 0.640617
vt 0.176804 0.666487
vt 0.176831 0.641046
vt 0.131635 0.180508
vt 0.145993 0.182719
vt 0.123574 0.176626
vt 0.146507 0.180505
vt 0.137212 0.171652
vt 0.118761 0.172544
vt 0.051162 0.181272
vt 0.050552 0.183364
vt 0.241921 0.329893
vt 0.072499 0.177889
vt 0.167159 0.141567
vt 0.541181 0.039090
vt 0.271700 0.667041
vt 0.272037 0.650033
vt 0.198718 0.649606
vt 0.187869 0.129152
vt 0.536757 0.050003
vt 0.027760 0.346506
vt 0.027760 0.329893
vt 0.192508 0.329893
vt 0.192508 0.346506
vt 0.198727 0.641174
vt 0.271700 0.667041
vt 0.198699 0.666615
vt 0.272204 0.641602
vt 0.542078 0.064327
vt 0.570272 0.085021
vt 0.553057 0.045835
vt 0.283152 0.641666
vt 0.282666 0.650095
vt 0.272204 0.641602
vt 0.536956 0.025499
vt 0.433544 0.321587
vt 0.433544 0.329893
vt 0.005222 0.329893
vt 0.005222 0.321587
vt 0.282666 0.650095
vt 0.129845 0.657708
vt 0.092874 0.648988
vt 0.093816 0.666003
vt 0.129836 0.666213
vt 0.151741 0.657836
vt 0.245676 0.658385
vt 0.223781 0.658257
vt 0.281687 0.667099
vt 0.299588 0.321587
vt 0.299588 0.296667
vt 0.349002 0.296667
vt 0.429207 0.321587
vt 0.347917 0.321587
vt 0.347917 0.296667
vt 0.429207 0.288360
vt 0.086512 0.296667
vt 0.005222 0.288360
vt 0.005222 0.321587
vt 0.086512 0.321587
vt 0.245667 0.666889
vt 0.087596 0.321587
vt 0.087596 0.296667
vt 0.137009 0.296667
vt 0.137009 0.321587
vt 0.350372 0.101062
vt 0.351887 0.102774
vt 0.350476 0.086219
vt 0.349008 0.081235
vt 0.135925 0.296667
vt 0.298504 0.296667
vt 0.135925 0.321587
vt 0.298504 0.321587
vt 0.223772 0.666761
vt 0.151732 0.666341
vt 0.156835 0.159124
vt 0.172627 0.149513
vt 0.245667 0.666889
vt 0.223772 0.666761
vt 0.223781 0.658257
vt 0.245676 0.658385
vt 0.129836 0.666213
vt 0.151732 0.666341
vt 0.129845 0.657708
vt 0.281687 0.667099
vt 0.225555 0.690978
vt 0.149896 0.690537
vt 0.093816 0.666003
vt 0.096173 0.708540
vt 0.150911 0.708860
vt 0.418365 0.288360
vt 0.294831 0.288360
vt 0.418365 0.280054
vt 0.294831 0.280054
vt 0.150911 0.708860
vt 0.161964 0.908385
vt 0.096173 0.708540
vt 0.128755 0.288360
vt 0.128755 0.271747
vt 0.299502 0.271747
vt 0.149896 0.690537
vt 0.225555 0.690978
vt 0.210107 0.959258
vt 0.167367 0.116837
vt 0.198015 0.158574
vt 0.159628 0.099919
vt 0.157214 0.101886
vt 0.158637 0.104571
vt 0.164768 0.958993
vt 0.470022 0.548073
vt 0.546990 0.548143
vt 0.469058 0.558431
vt 0.547573 0.558501
vt 0.188656 0.079182
vt 0.172567 0.075380
vt 0.173363 0.072035
vt 0.175270 0.071408
vt 0.270264 0.109017
vt 0.267757 0.909002
vt 0.213019 0.908683
vt 0.224501 0.709289
vt 0.279239 0.709609
vt 0.005222 0.288360
vt 0.005222 0.280054
vt 0.128756 0.280054
vt 0.128756 0.288360
vt 0.224501 0.709289
vt 0.279239 0.709609
vt 0.282918 0.097833
vt 0.280295 0.098396
vt 0.187648 0.077753
vt 0.199811 0.023463
vt 0.189689 0.037331
vt 0.267757 0.909002
vt 0.265310 0.951512
vt 0.213019 0.908683
vt 0.211479 0.935424
vt 0.210571 0.951192
vt 0.089371 0.310052
vt 0.087764 0.322253
vt 0.002783 0.310052
vt 0.004390 0.322253
vt 0.165885 0.115387
vt 0.162441 0.110334
vt 0.160068 0.106238
vt 0.161964 0.908385
vt 0.164321 0.950923
vt 0.107226 0.908066
vt 0.109582 0.950603
vt 0.428234 0.231164
vt 0.568271 0.231164
vt 0.428234 0.249997
vt 0.826629 0.249997
vt 0.826629 0.231164
vt 0.686592 0.231164
vt 0.150776 0.134062
vt 0.167915 0.073481
vt 0.151842 0.135511
vt 0.162152 0.092405
vt 0.424547 0.249997
vt 0.822942 0.249997
vt 0.424547 0.287663
vt 0.158484 0.111620
vt 0.158475 0.130613
vt 0.151227 0.136014
vt 0.151332 0.136854
vt 0.154519 0.142567
vt 0.151386 0.137847
vt 0.161038 0.149706
vt 0.640499 0.558585
vt 0.639895 0.591340
vt 0.644726 0.590228
vt 0.830316 0.249997
vt 0.830316 0.287663
vt 0.822942 0.287663
vt 0.268169 0.926884
vt 0.265337 0.925998
vt 0.265310 0.951512
vt 0.149878 0.135733
vt 0.147789 0.136324
vt 0.107226 0.908066
vt 0.178964 0.157817
vt 0.181368 0.156800
vt 0.000059 0.289361
vt 0.178632 0.077842
vt 0.194676 0.329893
vt 0.196836 0.329893
vt 0.196836 0.346506
vt 0.246249 0.346506
vt 0.225180 0.159113
vt 0.021693 0.354813
vt 0.021693 0.371426
vt 0.005222 0.354813
vt 0.135519 0.156187
vt 0.118479 0.173820
vt 0.153254 0.131898
vt 0.146937 0.142358
vt 0.359531 0.869645
vt 0.359531 0.869645
vt 0.360539 0.858821
vt 0.645627 0.869904
vt 0.621895 0.266009
vt 0.628408 0.261386
vt 0.138536 0.154499
vt 0.645018 0.859078
vt 0.643814 0.267489
vt 0.360539 0.858821
vt 0.361547 0.847998
vt 0.595592 0.259113
vt 0.601659 0.264354
vt 0.141261 0.154485
vt 0.361547 0.847998
vt 0.362555 0.837173
vt 0.644409 0.848252
vt 0.643800 0.837427
vt 0.580735 0.262674
vt 0.587032 0.258344
vt 0.141991 0.154501
vt 0.141431 0.154521
vt 0.362555 0.837173
vt 0.363563 0.826349
vt 0.643190 0.826602
vt 0.363563 0.826349
vt 0.642581 0.815776
vt 0.364571 0.815525
vt 0.541426 0.258508
vt 0.547581 0.254551
vt 0.141453 0.154348
vt 0.140655 0.153955
vt 0.364571 0.815525
vt 0.365579 0.804701
vt 0.641363 0.794125
vt 0.641972 0.804950
vt 0.365579 0.804701
vt 0.366587 0.793877
vt 0.640145 0.772474
vt 0.640754 0.783300
vt 0.367595 0.783053
vt 0.368603 0.772229
vt 0.468064 0.246874
vt 0.474010 0.243703
vt 0.141672 0.151569
vt 0.639536 0.761648
vt 0.369611 0.761405
vt 0.370620 0.750581
vt 0.638926 0.750823
vt 0.446785 0.238151
vt 0.439751 0.236523
vt 0.451272 0.243284
vt 0.370620 0.750581
vt 0.371628 0.739757
vt 0.413748 0.230053
vt 0.417858 0.235176
vt 0.147043 0.143197
vt 0.638317 0.739997
vt 0.371628 0.739757
vt 0.637708 0.729171
vt 0.372636 0.728932
vt 0.401288 0.230620
vt 0.407075 0.228208
vt 0.147177 0.142696
vt 0.372636 0.728932
vt 0.373644 0.718108
vt 0.146850 0.142887
vt 0.145746 0.144617
vt 0.144227 0.145332
vt 0.142602 0.146867
vt 0.142555 0.149012
vt 0.140167 0.152699
vt 0.141439 0.151316
vt 0.141230 0.152138
vt 0.139346 0.154931
vt 0.140802 0.153041
vt 0.140569 0.153081
vt 0.140874 0.153175
vt 0.141308 0.154360
vt 0.141710 0.154368
vt 0.141334 0.154337
vt 0.141135 0.151746
vt 0.481401 0.245095
vt 0.486276 0.250229
vt 0.561412 0.260678
vt 0.159696 0.125600
vt 0.021693 0.429573
vt 0.021693 0.437879
vt 0.648673 0.924031
vt 0.641363 0.794125
vt 0.640754 0.783300
vt 0.638317 0.739997
vt 0.807958 0.400659
vt 0.626890 0.536923
vt 0.158286 0.135548
vt 0.153393 0.137779
vt 0.110639 0.969675
vt 0.451780 0.400659
vt 0.433744 0.334744
vt 0.451780 0.334744
vt 0.433744 0.400659
vt 0.378411 0.533873
vt 0.349450 0.977886
vt 0.099238 0.632161
vt 0.063844 0.149310
vt 0.091139 0.157032
vt 0.061034 0.148976
vt 0.421373 0.371427
vt 0.107410 0.166689
vt 0.651109 0.967333
vt 0.838879 0.050803
vt 0.890529 0.092436
vt 0.021693 0.354813
vt 0.021693 0.371426
vt 0.283152 0.641666
vt 0.276338 0.633195
vt 0.155248 0.173380
vt 0.156876 0.161389
vt 0.154844 0.172873
vt 0.349002 0.321587
vt 0.151741 0.657836
vt 0.186802 0.160589
vt 0.299502 0.288360
vt 0.162173 0.110096
vt 0.570603 0.212332
vt 0.686592 0.212332
vt 0.570603 0.231164
vt 0.686592 0.231164
vt 0.288960 0.105833
vt 0.005222 0.329893
vt 0.029929 0.329893
vt 0.176840 0.632541
vt 0.198736 0.632669
vt 0.176822 0.649478
vt 0.246249 0.329893
vt 0.482197 0.967274
vt 0.519568 0.956390
vt 0.519367 0.967308
vt 0.103345 0.649049
vt 0.435694 0.329893
vt 0.276824 0.624766
vt 0.896248 0.055145
vt 0.283996 0.627009
vt 0.005222 0.437879
vt 0.021693 0.437879
vt 0.439432 0.354813
vt 0.337323 0.975049
vt 0.637402 0.262079
vt 0.136434 0.154824
vt 0.555737 0.255499
vt 0.522969 0.256014
vt 0.517695 0.250866
vt 0.509926 0.249700
vt 0.503884 0.253267
vt 0.368603 0.772229
vt 0.433880 0.239318
vt 0.366587 0.793877
vt 0.367595 0.783053
vt 0.369611 0.761405
vt 0.021693 0.429573
vt 0.021693 0.371426
vt 0.417073 0.371427
vt 0.417073 0.429573
vt 0.646236 0.880729
vt 0.649891 0.945682
vt 0.352474 0.945414
vt 0.358523 0.880470
vt 0.646236 0.880729
vt 0.358523 0.880470
vt 0.645627 0.869904
vt 0.661063 0.924043
vt 0.663950 0.975344
vt 0.651719 0.978159
vt 0.645018 0.859078
vt 0.644409 0.848252
vt 0.643800 0.837427
vt 0.643190 0.826602
vt 0.642581 0.815776
vt 0.641972 0.804950
vt 0.640145 0.772474
vt 0.639536 0.761648
vt 0.638926 0.750823
vt 0.637708 0.729171
vt 0.637099 0.718346
vt 0.639121 0.534108
vt 0.386006 0.225943
vt 0.192883 0.196458
vt 0.169069 0.208872
vt 0.169507 0.169325
vt 0.165346 0.178784
vt 0.258011 0.951469
vt 0.265183 0.953712
vt 0.257040 0.968328
vt 0.264212 0.970571
vt 0.826629 0.334744
vt 0.826629 0.400659
vt 0.807958 0.334744
vt 0.446906 0.306495
vt 0.807958 0.306495
vt 0.446906 0.391243
vt 0.807958 0.391242
vt 0.386506 0.580006
vt 0.388522 0.558358
vt 0.628109 0.558574
vt 0.629327 0.580225
vt 0.158440 0.137170
vt 0.224569 0.208426
vt 0.158243 0.139966
vt 0.241967 0.213349
vt 0.386506 0.580006
vt 0.629327 0.580225
vt 0.378684 0.663988
vt 0.159973 0.133847
vt 0.163957 0.128702
vt 0.298302 0.211565
vt 0.319896 0.221568
vt 0.634053 0.664218
vt 0.637099 0.718346
vt 0.378684 0.663988
vt 0.366802 0.215792
vt 0.634053 0.664218
vt 0.155566 0.131536
vt 0.373644 0.718108
vt 0.116881 0.950646
vt 0.117815 0.967515
vt 0.109704 0.952805
vt 0.390538 0.536710
vt 0.342100 0.923755
vt 0.423523 0.437879
vt 0.423523 0.371427
vt 0.439432 0.437879
vt 0.091594 0.625886
vt 0.098770 0.623726
vt 0.092406 0.640553
vt 0.421373 0.354813
vt 0.423523 0.354813
vt 0.412773 0.437879
vt 0.404173 0.429573
vt 0.404173 0.437879
vt 0.352474 0.945414
vt 0.649891 0.945682
vt 0.350458 0.967062
vt 0.812002 0.090897
vt 0.772678 0.107537
vt 0.798394 0.247742
vt 0.737002 0.216554
vt 0.710922 0.253263
vt 0.665023 0.269278
vt 0.678725 0.269362
vt 0.005222 0.354813
vt 0.005222 0.346506
vt 0.435694 0.354813
vt 0.029929 0.346506
vt 0.195751 0.346506
vt 0.245165 0.346506
vt 0.410987 0.346506
vt 0.435694 0.346506
vt 0.410987 0.329893
vt 0.092406 0.640553
vt 0.103354 0.640617
vt 0.092874 0.648988
vt 0.407744 0.346506
vt 0.409912 0.329893
vt 0.241921 0.346506
vt 0.407744 0.329893
vt 0.103327 0.666058
vt 0.103354 0.640617
vt 0.176804 0.666487
vt 0.176831 0.641046
vt 0.131635 0.180508
vt 0.145993 0.182719
vt 0.123574 0.176626
vt 0.146507 0.180505
vt 0.137212 0.171652
vt 0.118761 0.172544
vt 0.051162 0.181272
vt 0.050552 0.183364
vt 0.241921 0.329893
vt 0.072499 0.177889
vt 0.167159 0.141567
vt 0.541181 0.039090
vt 0.271700 0.667041
vt 0.272037 0.650033
vt 0.198718 0.649606
vt 0.187869 0.129152
vt 0.536757 0.050003
vt 0.027760 0.346506
vt 0.027760 0.329893
vt 0.192508 0.329893
vt 0.192508 0.346506
vt 0.198727 0.641174
vt 0.271700 0.667041
vt 0.198699 0.666615
vt 0.272204 0.641602
vt 0.542078 0.064327
vt 0.570272 0.085021
vt 0.553057 0.045835
vt 0.283152 0.641666
vt 0.282666 0.650095
vt 0.272204 0.641602
vt 0.536956 0.025499
vt 0.433544 0.321587
vt 0.433544 0.329893
vt 0.005222 0.329893
vt 0.005222 0.321587
vt 0.282666 0.650095
vt 0.129845 0.657708
vt 0.092874 0.648988
vt 0.093816 0.666003
vt 0.129836 0.666213
vt 0.151741 0.657836
vt 0.245676 0.658385
vt 0.223781 0.658257
vt 0.281687 0.667099
vt 0.299588 0.321587
vt 0.299588 0.296667
vt 0.349002 0.296667
vt 0.429207 0.321587
vt 0.347917 0.321587
vt 0.347917 0.296667
vt 0.429207 0.288360
vt 0.086512 0.296667
vt 0.005222 0.288360
vt 0.005222 0.321587
vt 0.086512 0.321587
vt 0.245667 0.666889
vt 0.087596 0.321587
vt 0.087596 0.296667
vt 0.137009 0.296667
vt 0.137009 0.321587
vt 0.350372 0.101062
vt 0.351887 0.102774
vt 0.350476 0.086219
vt 0.349008 0.081235
vt 0.135925 0.296667
vt 0.298504 0.296667
vt 0.135925 0.321587
vt 0.298504 0.321587
vt 0.223772 0.666761
vt 0.151732 0.666341
vt 0.156835 0.159124
vt 0.172627 0.149513
vt 0.245667 0.666889
vt 0.223772 0.666761
vt 0.223781 0.658257
vt 0.245676 0.658385
vt 0.129836 0.666213
vt 0.151732 0.666341
vt 0.129845 0.657708
vt 0.281687 0.667099
vt 0.225555 0.690978
vt 0.149896 0.690537
vt 0.093816 0.666003
vt 0.096173 0.708540
vt 0.150911 0.708860
vt 0.418365 0.288360
vt 0.294831 0.288360
vt 0.418365 0.280054
vt 0.294831 0.280054
vt 0.150911 0.708860
vt 0.161964 0.908385
vt 0.096173 0.708540
vt 0.128755 0.288360
vt 0.128755 0.271747
vt 0.299502 0.271747
vt 0.149896 0.690537
vt 0.225555 0.690978
vt 0.210107 0.959258
vt 0.167367 0.116837
vt 0.198015 0.158574
vt 0.159628 0.099919
vt 0.157214 0.101886
vt 0.158637 0.104571
vt 0.164768 0.958993
vt 0.470022 0.548073
vt 0.546990 0.548143
vt 0.469058 0.558431
vt 0.547573 0.558501
vt 0.188656 0.079182
vt 0.172567 0.075380
vt 0.173363 0.072035
vt 0.175270 0.071408
vt 0.270264 0.109017
vt 0.267757 0.909002
vt 0.213019 0.908683
vt 0.224501 0.709289
vt 0.279239 0.709609
vt 0.005222 0.288360
vt 0.005222 0.280054
vt 0.128756 0.280054
vt 0.128756 0.288360
vt 0.224501 0.709289
vt 0.279239 0.709609
vt 0.282918 0.097833
vt 0.280295 0.098396
vt 0.187648 0.077753
vt 0.199811 0.023463
vt 0.189689 0.037331
vt 0.267757 0.909002
vt 0.265310 0.951512
vt 0.213019 0.908683
vt 0.211479 0.935424
vt 0.210571 0.951192
vt 0.089371 0.310052
vt 0.087764 0.322253
vt 0.002783 0.310052
vt 0.004390 0.322253
vt 0.165885 0.115387
vt 0.162441 0.110334
vt 0.160068 0.106238
vt 0.161964 0.908385
vt 0.164321 0.950923
vt 0.107226 0.908066
vt 0.109582 0.950603
vt 0.428234 0.231164
vt 0.568271 0.231164
vt 0.428234 0.249997
vt 0.826629 0.249997
vt 0.826629 0.231164
vt 0.686592 0.231164
vt 0.150776 0.134062
vt 0.167915 0.073481
vt 0.151842 0.135511
vt 0.162152 0.092405
vt 0.424547 0.249997
vt 0.822942 0.249997
vt 0.424547 0.287663
vt 0.158484 0.111620
vt 0.158475 0.130613
vt 0.151227 0.136014
vt 0.151332 0.136854
vt 0.154519 0.142567
vt 0.151386 0.137847
vt 0.161038 0.149706
vt 0.640499 0.558585
vt 0.639895 0.591340
vt 0.644726 0.590228
vt 0.830316 0.249997
vt 0.830316 0.287663
vt 0.822942 0.287663
vt 0.268169 0.926884
vt 0.265337 0.925998
vt 0.265310 0.951512
vt 0.149878 0.135733
vt 0.147789 0.136324
vt 0.107226 0.908066
vt 0.178964 0.157817
vt 0.181368 0.156800
vt 0.000059 0.289361
vt 0.178632 0.077842
vt 0.194676 0.329893
vt 0.196836 0.329893
vt 0.196836 0.346506
vt 0.246249 0.346506
vt 0.225180 0.159113
vt 0.021693 0.354813
vt 0.021693 0.371426
vt 0.005222 0.354813
vt 0.135519 0.156187
vt 0.118479 0.173820
vt 0.153254 0.131898
vt 0.146937 0.142358
vt 0.359531 0.869645
vt 0.359531 0.869645
vt 0.360539 0.858821
vt 0.645627 0.869904
vt 0.621895 0.266009
vt 0.628408 0.261386
vt 0.138536 0.154499
vt 0.645018 0.859078
vt 0.643814 0.267489
vt 0.360539 0.858821
vt 0.361547 0.847998
vt 0.595592 0.259113
vt 0.601659 0.264354
vt 0.141261 0.154485
vt 0.361547 0.847998
vt 0.362555 0.837173
vt 0.644409 0.848252
vt 0.643800 0.837427
vt 0.580735 0.262674
vt 0.587032 0.258344
vt 0.141991 0.154501
vt 0.141431 0.154521
vt 0.362555 0.837173
vt 0.363563 0.826349
vt 0.643190 0.826602
vt 0.363563 0.826349
vt 0.642581 0.815776
vt 0.364571 0.815525
vt 0.541426 0.258508
vt 0.547581 0.254551
vt 0.141453 0.154348
vt 0.140655 0.153955
vt 0.364571 0.815525
vt 0.365579 0.804701
vt 0.641363 0.794125
vt 0.641972 0.804950
vt 0.365579 0.804701
vt 0.366587 0.793877
vt 0.640145 0.772474
vt 0.640754 0.783300
vt 0.367595 0.783053
vt 0.368603 0.772229
vt 0.468064 0.246874
vt 0.474010 0.243703
vt 0.141672 0.151569
vt 0.639536 0.761648
vt 0.369611 0.761405
vt 0.370620 0.750581
vt 0.638926 0.750823
vt 0.446785 0.238151
vt 0.439751 0.236523
vt 0.451272 0.243284
vt 0.370620 0.750581
vt 0.371628 0.739757
vt 0.413748 0.230053
vt 0.417858 0.235176
vt 0.147043 0.143197
vt 0.638317 0.739997
vt 0.371628 0.739757
vt 0.637708 0.729171
vt 0.372636 0.728932
vt 0.401288 0.230620
vt 0.407075 0.228208
vt 0.147177 0.142696
vt 0.372636 0.728932
vt 0.373644 0.718108
vt 0.146850 0.142887
vt 0.145746 0.144617
vt 0.144227 0.145332
vt 0.142602 0.146867
vt 0.142555 0.149012
vt 0.140167 0.152699
vt 0.141439 0.151316
vt 0.141230 0.152138
vt 0.139346 0.154931
vt 0.140802 0.153041
vt 0.140569 0.153081
vt 0.140874 0.153175
vt 0.141308 0.154360
vt 0.141710 0.154368
vt 0.141334 0.154337
vt 0.141135 0.151746
vt 0.481401 0.245095
vt 0.486276 0.250229
vt 0.561412 0.260678
vt 0.159696 0.125600
vt 0.021693 0.429573
vt 0.021693 0.437879
vt 0.648673 0.924031
vt 0.641363 0.794125
vt 0.640754 0.783300
vt 0.638317 0.739997
vt 0.807958 0.400659
vt 0.626890 0.536923
vt 0.158286 0.135548
vt 0.153393 0.137779
vt 0.110639 0.969675
vt 0.451780 0.400659
vt 0.433744 0.334744
vt 0.451780 0.334744
vt 0.433744 0.400659
vt 0.378411 0.533873
vt 0.349450 0.977886
vt 0.099238 0.632161
vt 0.063844 0.149310
vt 0.091139 0.157032
vt 0.061034 0.148976
vt 0.421373 0.371427
vt 0.107410 0.166689
vt 0.651109 0.967333
vt 0.838879 0.050803
vt 0.890529 0.092436
vt 0.021693 0.354813
vt 0.021693 0.371426
vt 0.283152 0.641666
vt 0.276338 0.633195
vt 0.155248 0.173380
vt 0.156876 0.161389
vt 0.154844 0.172873
vt 0.349002 0.321587
vt 0.151741 0.657836
vt 0.186802 0.160589
vt 0.299502 0.288360
vt 0.162173 0.110096
vt 0.570603 0.212332
vt 0.686592 0.212332
vt 0.570603 0.231164
vt 0.686592 0.231164
vt 0.288960 0.105833
vt 0.005222 0.329893
vt 0.029929 0.329893
vt 0.176840 0.632541
vt 0.198736 0.632669
vt 0.176822 0.649478
vt 0.246249 0.329893
vt 0.482197 0.967274
vt 0.519568 0.956390
vt 0.519367 0.967308
vt 0.103345 0.649049
vt 0.435694 0.329893
vt 0.276824 0.624766
vt 0.896248 0.055145
vt 0.283996 0.627009
vt 0.005222 0.437879
vt 0.021693 0.437879
vt 0.439432 0.354813
vt 0.337323 0.975049
vt 0.637402 0.262079
vt 0.136434 0.154824
vt 0.555737 0.255499
vt 0.522969 0.256014
vt 0.517695 0.250866
vt 0.509926 0.249700
vt 0.503884 0.253267
vt 0.368603 0.772229
vt 0.433880 0.239318
vt 0.366587 0.793877
vt 0.367595 0.783053
vt 0.369611 0.761405
vt 0.021693 0.429573
vt 0.021693 0.371426
vt 0.417073 0.371427
vt 0.417073 0.429573
vt 0.646236 0.880729
vt 0.649891 0.945682
vt 0.352474 0.945414
vt 0.358523 0.880470
vt 0.646236 0.880729
vt 0.358523 0.880470
vt 0.645627 0.869904
vt 0.661063 0.924043
vt 0.663950 0.975344
vt 0.651719 0.978159
vt 0.645018 0.859078
vt 0.644409 0.848252
vt 0.643800 0.837427
vt 0.643190 0.826602
vt 0.642581 0.815776
vt 0.641972 0.804950
vt 0.640145 0.772474
vt 0.639536 0.761648
vt 0.638926 0.750823
vt 0.637708 0.729171
vt 0.637099 0.718346
vt 0.639121 0.534108
vt 0.386006 0.225943
vt 0.192883 0.196458
vt 0.169069 0.208872
vt 0.169507 0.169325
vt 0.165346 0.178784
vt 0.258011 0.951469
vt 0.265183 0.953712
vt 0.257040 0.968328
vt 0.264212 0.970571
vt 0.826629 0.334744
vt 0.826629 0.400659
vt 0.807958 0.334744
vt 0.446906 0.306495
vt 0.807958 0.306495
vt 0.446906 0.391243
vt 0.807958 0.391242
vt 0.386506 0.580006
vt 0.388522 0.558358
vt 0.628109 0.558574
vt 0.629327 0.580225
vt 0.158440 0.137170
vt 0.224569 0.208426
vt 0.158243 0.139966
vt 0.241967 0.213349
vt 0.386506 0.580006
vt 0.629327 0.580225
vt 0.378684 0.663988
vt 0.159973 0.133847
vt 0.163957 0.128702
vt 0.298302 0.211565
vt 0.319896 0.221568
vt 0.634053 0.664218
vt 0.637099 0.718346
vt 0.378684 0.663988
vt 0.366802 0.215792
vt 0.634053 0.664218
vt 0.155566 0.131536
vt 0.373644 0.718108
vt 0.116881 0.950646
vt 0.117815 0.967515
vt 0.109704 0.952805
vt 0.390538 0.536710
vt 0.342100 0.923755
vt 0.423523 0.437879
vt 0.423523 0.371427
vt 0.439432 0.437879
vt 0.091594 0.625886
vt 0.098770 0.623726
vt 0.092406 0.640553
vt 0.421373 0.354813
vt 0.423523 0.354813
vt 0.412773 0.437879
vt 0.404173 0.429573
vt 0.404173 0.437879
vt 0.352474 0.945414
vt 0.649891 0.945682
vt 0.350458 0.967062
vt 0.812002 0.090897
vt 0.772678 0.107537
vt 0.798394 0.247742
vt 0.737002 0.216554
vt 0.710922 0.253263
vt 0.665023 0.269278
vt 0.678725 0.269362
vt 0.005222 0.354813
vt 0.005222 0.346506
vt 0.435694 0.354813
vt 0.029929 0.346506
vt 0.195751 0.346506
vt 0.245165 0.346506
vt 0.410987 0.346506
vt 0.435694 0.346506
vt 0.410987 0.329893
vt 0.092406 0.640553
vt 0.103354 0.640617
vt 0.092874 0.648988
vt 0.407744 0.346506
vt 0.409912 0.329893
vt 0.241921 0.346506
vt 0.407744 0.329893
vt 0.103327 0.666058
vt 0.103354 0.640617
vt 0.176804 0.666487
vt 0.176831 0.641046
vt 0.131635 0.180508
vt 0.145993 0.182719
vt 0.123574 0.176626
vt 0.146507 0.180505
vt 0.137212 0.171652
vt 0.118761 0.172544
vt 0.051162 0.181272
vt 0.050552 0.183364
vt 0.241921 0.329893
vt 0.072499 0.177889
vt 0.167159 0.141567
vt 0.541181 0.039090
vt 0.271700 0.667041
vt 0.272037 0.650033
vt 0.198718 0.649606
vt 0.187869 0.129152
vt 0.536757 0.050003
vt 0.027760 0.346506
vt 0.027760 0.329893
vt 0.192508 0.329893
vt 0.192508 0.346506
vt 0.198727 0.641174
vt 0.271700 0.667041
vt 0.198699 0.666615
vt 0.272204 0.641602
vt 0.542078 0.064327
vt 0.570272 0.085021
vt 0.553057 0.045835
vt 0.283152 0.641666
vt 0.282666 0.650095
vt 0.272204 0.641602
vt 0.536956 0.025499
vt 0.433544 0.321587
vt 0.433544 0.329893
vt 0.005222 0.329893
vt 0.005222 0.321587
vt 0.282666 0.650095
vt 0.129845 0.657708
vt 0.092874 0.648988
vt 0.093816 0.666003
vt 0.129836 0.666213
vt 0.151741 0.657836
vt 0.245676 0.658385
vt 0.223781 0.658257
vt 0.281687 0.667099
vt 0.299588 0.321587
vt 0.299588 0.296667
vt 0.349002 0.296667
vt 0.429207 0.321587
vt 0.347917 0.321587
vt 0.347917 0.296667
vt 0.429207 0.288360
vt 0.086512 0.296667
vt 0.005222 0.288360
vt 0.005222 0.321587
vt 0.086512 0.321587
vt 0.245667 0.666889
vt 0.087596 0.321587
vt 0.087596 0.296667
vt 0.137009 0.296667
vt 0.137009 0.321587
vt 0.350372 0.101062
vt 0.351887 0.102774
vt 0.350476 0.086219
vt 0.349008 0.081235
vt 0.135925 0.296667
vt 0.298504 0.296667
vt 0.135925 0.321587
vt 0.298504 0.321587
vt 0.223772 0.666761
vt 0.151732 0.666341
vt 0.156835 0.159124
vt 0.172627 0.149513
vt 0.245667 0.666889
vt 0.223772 0.666761
vt 0.223781 0.658257
vt 0.245676 0.658385
vt 0.129836 0.666213
vt 0.151732 0.666341
vt 0.129845 0.657708
vt 0.281687 0.667099
vt 0.225555 0.690978
vt 0.149896 0.690537
vt 0.093816 0.666003
vt 0.096173 0.708540
vt 0.150911 0.708860
vt 0.418365 0.288360
vt 0.294831 0.288360
vt 0.418365 0.280054
vt 0.294831 0.280054
vt 0.150911 0.708860
vt 0.161964 0.908385
vt 0.096173 0.708540
vt 0.128755 0.288360
vt 0.128755 0.271747
vt 0.299502 0.271747
vt 0.149896 0.690537
vt 0.225555 0.690978
vt 0.210107 0.959258
vt 0.167367 0.116837
vt 0.198015 0.158574
vt 0.159628 0.099919
vt 0.157214 0.101886
vt 0.158637 0.104571
vt 0.164768 0.958993
vt 0.470022 0.548073
vt 0.546990 0.548143
vt 0.469058 0.558431
vt 0.547573 0.558501
vt 0.188656 0.079182
vt 0.172567 0.075380
vt 0.173363 0.072035
vt 0.175270 0.071408
vt 0.270264 0.109017
vt 0.267757 0.909002
vt 0.213019 0.908683
vt 0.224501 0.709289
vt 0.279239 0.709609
vt 0.005222 0.288360
vt 0.005222 0.280054
vt 0.128756 0.280054
vt 0.128756 0.288360
vt 0.224501 0.709289
vt 0.279239 0.709609
vt 0.282918 0.097833
vt 0.280295 0.098396
vt 0.187648 0.077753
vt 0.199811 0.023463
vt 0.189689 0.037331
vt 0.267757 0.909002
vt 0.265310 0.951512
vt 0.213019 0.908683
vt 0.211479 0.935424
vt 0.210571 0.951192
vt 0.089371 0.310052
vt 0.087764 0.322253
vt 0.002783 0.310052
vt 0.004390 0.322253
vt 0.165885 0.115387
vt 0.162441 0.110334
vt 0.160068 0.106238
vt 0.161964 0.908385
vt 0.164321 0.950923
vt 0.107226 0.908066
vt 0.109582 0.950603
vt 0.428234 0.231164
vt 0.568271 0.231164
vt 0.428234 0.249997
vt 0.826629 0.249997
vt 0.826629 0.231164
vt 0.686592 0.231164
vt 0.150776 0.134062
vt 0.167915 0.073481
vt 0.151842 0.135511
vt 0.162152 0.092405
vt 0.424547 0.249997
vt 0.822942 0.249997
vt 0.424547 0.287663
vt 0.158484 0.111620
vt 0.158475 0.130613
vt 0.151227 0.136014
vt 0.151332 0.136854
vt 0.154519 0.142567
vt 0.151386 0.137847
vt 0.161038 0.149706
vt 0.640499 0.558585
vt 0.639895 0.591340
vt 0.644726 0.590228
vt 0.830316 0.249997
vt 0.830316 0.287663
vt 0.822942 0.287663
vt 0.268169 0.926884
vt 0.265337 0.925998
vt 0.265310 0.951512
vt 0.149878 0.135733
vt 0.147789 0.136324
vt 0.107226 0.908066
vt 0.178964 0.157817
vt 0.181368 0.156800
vt 0.000059 0.289361
vt 0.178632 0.077842
vt 0.194676 0.329893
vt 0.196836 0.329893
vt 0.196836 0.346506
vt 0.246249 0.346506
vt 0.225180 0.159113
vt 0.021693 0.354813
vt 0.021693 0.371426
vt 0.005222 0.354813
vt 0.135519 0.156187
vt 0.118479 0.173820
vt 0.153254 0.131898
vt 0.146937 0.142358
vt 0.359531 0.869645
vt 0.359531 0.869645
vt 0.360539 0.858821
vt 0.645627 0.869904
vt 0.621895 0.266009
vt 0.628408 0.261386
vt 0.138536 0.154499
vt 0.645018 0.859078
vt 0.643814 0.267489
vt 0.360539 0.858821
vt 0.361547 0.847998
vt 0.595592 0.259113
vt 0.601659 0.264354
vt 0.141261 0.154485
vt 0.361547 0.847998
vt 0.362555 0.837173
vt 0.644409 0.848252
vt 0.643800 0.837427
vt 0.580735 0.262674
vt 0.587032 0.258344
vt 0.141991 0.154501
vt 0.141431 0.154521
vt 0.362555 0.837173
vt 0.363563 0.826349
vt 0.643190 0.826602
vt 0.363563 0.826349
vt 0.642581 0.815776
vt 0.364571 0.815525
vt 0.541426 0.258508
vt 0.547581 0.254551
vt 0.141453 0.154348
vt 0.140655 0.153955
vt 0.364571 0.815525
vt 0.365579 0.804701
vt 0.641363 0.794125
vt 0.641972 0.804950
vt 0.365579 0.804701
vt 0.366587 0.793877
vt 0.640145 0.772474
vt 0.640754 0.783300
vt 0.367595 0.783053
vt 0.368603 0.772229
vt 0.468064 0.246874
vt 0.474010 0.243703
vt 0.141672 0.151569
vt 0.639536 0.761648
vt 0.369611 0.761405
vt 0.370620 0.750581
vt 0.638926 0.750823
vt 0.446785 0.238151
vt 0.439751 0.236523
vt 0.451272 0.243284
vt 0.370620 0.750581
vt 0.371628 0.739757
vt 0.413748 0.230053
vt 0.417858 0.235176
vt 0.147043 0.143197
vt 0.638317 0.739997
vt 0.371628 0.739757
vt 0.637708 0.729171
vt 0.372636 0.728932
vt 0.401288 0.230620
vt 0.407075 0.228208
vt 0.147177 0.142696
vt 0.372636 0.728932
vt 0.373644 0.718108
vt 0.146850 0.142887
vt 0.145746 0.144617
vt 0.144227 0.145332
vt 0.142602 0.146867
vt 0.142555 0.149012
vt 0.140167 0.152699
vt 0.141439 0.151316
vt 0.141230 0.152138
vt 0.139346 0.154931
vt 0.140802 0.153041
vt 0.140569 0.153081
vt 0.140874 0.153175
vt 0.141308 0.154360
vt 0.141710 0.154368
vt 0.141334 0.154337
vt 0.141135 0.151746
vt 0.481401 0.245095
vt 0.486276 0.250229
vt 0.561412 0.260678
vt 0.159696 0.125600
vt 0.021693 0.429573
vt 0.021693 0.437879
vt 0.648673 0.924031
vt 0.641363 0.794125
vt 0.640754 0.783300
vt 0.638317 0.739997
vt 0.807958 0.400659
vt 0.626890 0.536923
vt 0.158286 0.135548
vt 0.153393 0.137779
vt 0.110639 0.969675
vt 0.451780 0.400659
vt 0.433744 0.334744
vt 0.451780 0.334744
vt 0.433744 0.400659
vt 0.378411 0.533873
vt 0.349450 0.977886
vt 0.099238 0.632161
vt 0.063844 0.149310
vt 0.091139 0.157032
vt 0.061034 0.148976
vt 0.421373 0.371427
vt 0.107410 0.166689
vt 0.651109 0.967333
vt 0.838879 0.050803
vt 0.890529 0.092436
vt 0.021693 0.354813
vt 0.021693 0.371426
vt 0.283152 0.641666
vt 0.276338 0.633195
vt 0.155248 0.173380
vt 0.156876 0.161389
vt 0.154844 0.172873
vt 0.349002 0.321587
vt 0.151741 0.657836
vt 0.186802 0.160589
vt 0.299502 0.288360
vt 0.162173 0.110096
vt 0.570603 0.212332
vt 0.686592 0.212332
vt 0.570603 0.231164
vt 0.686592 0.231164
vt 0.288960 0.105833
vt 0.005222 0.329893
vt 0.029929 0.329893
vt 0.176840 0.632541
vt 0.198736 0.632669
vt 0.176822 0.649478
vt 0.246249 0.329893
vt 0.482197 0.967274
vt 0.519568 0.956390
vt 0.519367 0.967308
vt 0.103345 0.649049
vt 0.435694 0.329893
vt 0.276824 0.624766
vt 0.896248 0.055145
vt 0.283996 0.627009
vt 0.005222 0.437879
vt 0.021693 0.437879
vt 0.439432 0.354813
vt 0.337323 0.975049
vt 0.637402 0.262079
vt 0.136434 0.154824
vt 0.555737 0.255499
vt 0.522969 0.256014
vt 0.517695 0.250866
vt 0.509926 0.249700
vt 0.503884 0.253267
vt 0.368603 0.772229
vt 0.433880 0.239318
vt 0.366587 0.793877
vt 0.367595 0.783053
vt 0.369611 0.761405
vt 0.021693 0.429573
vt 0.021693 0.371426
vt 0.417073 0.371427
vt 0.417073 0.429573
vt 0.646236 0.880729
vt 0.649891 0.945682
vt 0.352474 0.945414
vt 0.358523 0.880470
vt 0.646236 0.880729
vt 0.358523 0.880470
vt 0.645627 0.869904
vt 0.661063 0.924043
vt 0.663950 0.975344
vt 0.651719 0.978159
vt 0.645018 0.859078
vt 0.644409 0.848252
vt 0.643800 0.837427
vt 0.643190 0.826602
vt 0.642581 0.815776
vt 0.641972 0.804950
vt 0.640145 0.772474
vt 0.639536 0.761648
vt 0.638926 0.750823
vt 0.637708 0.729171
vt 0.637099 0.718346
vt 0.639121 0.534108
vt 0.386006 0.225943
vt 0.192883 0.196458
vt 0.169069 0.208872
vt 0.169507 0.169325
vt 0.165346 0.178784
vt 0.258011 0.951469
vt 0.265183 0.953712
vt 0.257040 0.968328
vt 0.264212 0.970571
vt 0.826629 0.334744
vt 0.826629 0.400659
vt 0.807958 0.334744
vt 0.446906 0.306495
vt 0.807958 0.306495
vt 0.446906 0.391243
vt 0.807958 0.391242
vt 0.386506 0.580006
vt 0.388522 0.558358
vt 0.628109 0.558574
vt 0.629327 0.580225
vt 0.158440 0.137170
vt 0.224569 0.208426
vt 0.158243 0.139966
vt 0.241967 0.213349
vt 0.386506 0.580006
vt 0.629327 0.580225
vt 0.378684 0.663988
vt 0.159973 0.133847
vt 0.163957 0.128702
vt 0.298302 0.211565
vt 0.319896 0.221568
vt 0.634053 0.664218
vt 0.637099 0.718346
vt 0.378684 0.663988
vt 0.366802 0.215792
vt 0.634053 0.664218
vt 0.155566 0.131536
vt 0.373644 0.718108
vt 0.116881 0.950646
vt 0.117815 0.967515
vt 0.109704 0.952805
vt 0.390538 0.536710
vt 0.342100 0.923755
vt 0.423523 0.437879
vt 0.423523 0.371427
vt 0.439432 0.437879
vt 0.091594 0.625886
vt 0.098770 0.623726
vt 0.092406 0.640553
vt 0.421373 0.354813
vt 0.423523 0.354813
vt 0.412773 0.437879
vt 0.404173 0.429573
vt 0.404173 0.437879
vt 0.352474 0.945414
vt 0.649891 0.945682
vt 0.350458 0.967062
vt 0.812002 0.090897
vt 0.772678 0.107537
vt 0.798394 0.247742
vt 0.737002 0.216554
vt 0.710922 0.253263
vt 0.665023 0.269278
vt 0.678725 0.269362
vt 0.005222 0.354813
vt 0.005222 0.346506
vt 0.435694 0.354813
vt 0.029929 0.346506
vt 0.195751 0.346506
vt 0.245165 0.346506
vt 0.410987 0.346506
vt 0.435694 0.346506
vt 0.410987 0.329893
vt 0.092406 0.640553
vt 0.103354 0.640617
vt 0.092874 0.648988
vt 0.407744 0.346506
vt 0.409912 0.329893
vt 0.241921 0.346506
vt 0.407744 0.329893
vt 0.103327 0.666058
vt 0.103354 0.640617
vt 0.176804 0.666487
vt 0.176831 0.641046
vt 0.131635 0.180508
vt 0.145993 0.182719
vt 0.123574 0.176626
vt 0.146507 0.180505
vt 0.137212 0.171652
vt 0.118761 0.172544
vt 0.051162 0.181272
vt 0.050552 0.183364
vt 0.241921 0.329893
vt 0.072499 0.177889
vt 0.167159 0.141567
vt 0.541181 0.039090
vt 0.271700 0.667041
vt 0.272037 0.650033
vt 0.198718 0.649606
vt 0.187869 0.129152
vt 0.536757 0.050003
vt 0.027760 0.346506
vt 0.027760 0.329893
vt 0.192508 0.329893
vt 0.192508 0.346506
vt 0.198727 0.641174
vt 0.271700 0.667041
vt 0.198699 0.666615
vt 0.272204 0.641602
vt 0.542078 0.064327
vt 0.570272 0.085021
vt 0.553057 0.045835
vt 0.283152 0.641666
vt 0.282666 0.650095
vt 0.272204 0.641602
vt 0.536956 0.025499
vt 0.433544 0.321587
vt 0.433544 0.329893
vt 0.005222 0.329893
vt 0.005222 0.321587
vt 0.282666 0.650095
vt 0.129845 0.657708
vt 0.092874 0.648988
vt 0.093816 0.666003
vt 0.129836 0.666213
vt 0.151741 0.657836
vt 0.245676 0.658385
vt 0.223781 0.658257
vt 0.281687 0.667099
vt 0.299588 0.321587
vt 0.299588 0.296667
vt 0.349002 0.296667
vt 0.429207 0.321587
vt 0.347917 0.321587
vt 0.347917 0.296667
vt 0.429207 0.288360
vt 0.086512 0.296667
vt 0.005222 0.288360
vt 0.005222 0.321587
vt 0.086512 0.321587
vt 0.245667 0.666889
vt 0.087596 0.321587
vt 0.087596 0.296667
vt 0.137009 0.296667
vt 0.137009 0.321587
vt 0.350372 0.101062
vt 0.351887 0.102774
vt 0.350476 0.086219
vt 0.349008 0.081235
vt 0.135925 0.296667
vt 0.298504 0.296667
vt 0.135925 0.321587
vt 0.298504 0.321587
vt 0.223772 0.666761
vt 0.151732 0.666341
vt 0.156835 0.159124
vt 0.172627 0.149513
vt 0.245667 0.666889
vt 0.223772 0.666761
vt 0.223781 0.658257
vt 0.245676 0.658385
vt 0.129836 0.666213
vt 0.151732 0.666341
vt 0.129845 0.657708
vt 0.281687 0.667099
vt 0.225555 0.690978
vt 0.149896 0.690537
vt 0.093816 0.666003
vt 0.096173 0.708540
vt 0.150911 0.708860
vt 0.418365 0.288360
vt 0.294831 0.288360
vt 0.418365 0.280054
vt 0.294831 0.280054
vt 0.150911 0.708860
vt 0.161964 0.908385
vt 0.096173 0.708540
vt 0.128755 0.288360
vt 0.128755 0.271747
vt 0.299502 0.271747
vt 0.149896 0.690537
vt 0.225555 0.690978
vt 0.210107 0.959258
vt 0.167367 0.116837
vt 0.198015 0.158574
vt 0.159628 0.099919
vt 0.157214 0.101886
vt 0.158637 0.104571
vt 0.164768 0.958993
vt 0.470022 0.548073
vt 0.546990 0.548143
vt 0.469058 0.558431
vt 0.547573 0.558501
vt 0.188656 0.079182
vt 0.172567 0.075380
vt 0.173363 0.072035
vt 0.175270 0.071408
vt 0.270264 0.109017
vt 0.267757 0.909002
vt 0.213019 0.908683
vt 0.224501 0.709289
vt 0.279239 0.709609
vt 0.005222 0.288360
vt 0.005222 0.280054
vt 0.128756 0.280054
vt 0.128756 0.288360
vt 0.224501 0.709289
vt 0.279239 0.709609
vt 0.282918 0.097833
vt 0.280295 0.098396
vt 0.187648 0.077753
vt 0.199811 0.023463
vt 0.189689 0.037331
vt 0.267757 0.909002
vt 0.265310 0.951512
vt 0.213019 0.908683
vt 0.211479 0.935424
vt 0.210571 0.951192
vt 0.089371 0.310052
vt 0.087764 0.322253
vt 0.002783 0.310052
vt 0.004390 0.322253
vt 0.165885 0.115387
vt 0.162441 0.110334
vt 0.160068 0.106238
vt 0.161964 0.908385
vt 0.164321 0.950923
vt 0.107226 0.908066
vt 0.109582 0.950603
vt 0.428234 0.231164
vt 0.568271 0.231164
vt 0.428234 0.249997
vt 0.826629 0.249997
vt 0.826629 0.231164
vt 0.686592 0.231164
vt 0.150776 0.134062
vt 0.167915 0.073481
vt 0.151842 0.135511
vt 0.162152 0.092405
vt 0.424547 0.249997
vt 0.822942 0.249997
vt 0.424547 0.287663
vt 0.158484 0.111620
vt 0.158475 0.130613
vt 0.151227 0.136014
vt 0.151332 0.136854
vt 0.154519 0.142567
vt 0.151386 0.137847
vt 0.161038 0.149706
vt 0.640499 0.558585
vt 0.639895 0.591340
vt 0.644726 0.590228
vt 0.830316 0.249997
vt 0.830316 0.287663
vt 0.822942 0.287663
vt 0.268169 0.926884
vt 0.265337 0.925998
vt 0.265310 0.951512
vt 0.149878 0.135733
vt 0.147789 0.136324
vt 0.107226 0.908066
vt 0.178964 0.157817
vt 0.181368 0.156800
vt 0.000059 0.289361
vt 0.178632 0.077842
vt 0.194676 0.329893
vt 0.196836 0.329893
vt 0.196836 0.346506
vt 0.246249 0.346506
vt 0.225180 0.159113
vt 0.021693 0.354813
vt 0.021693 0.371426
vt 0.005222 0.354813
vt 0.135519 0.156187
vt 0.118479 0.173820
vt 0.153254 0.131898
vt 0.146937 0.142358
vt 0.359531 0.869645
vt 0.359531 0.869645
vt 0.360539 0.858821
vt 0.645627 0.869904
vt 0.621895 0.266009
vt 0.628408 0.261386
vt 0.138536 0.154499
vt 0.645018 0.859078
vt 0.643814 0.267489
vt 0.360539 0.858821
vt 0.361547 0.847998
vt 0.595592 0.259113
vt 0.601659 0.264354
vt 0.141261 0.154485
vt 0.361547 0.847998
vt 0.362555 0.837173
vt 0.644409 0.848252
vt 0.643800 0.837427
vt 0.580735 0.262674
vt 0.587032 0.258344
vt 0.141991 0.154501
vt 0.141431 0.154521
vt 0.362555 0.837173
vt 0.363563 0.826349
vt 0.643190 0.826602
vt 0.363563 0.826349
vt 0.642581 0.815776
vt 0.364571 0.815525
vt 0.541426 0.258508
vt 0.547581 0.254551
vt 0.141453 0.154348
vt 0.140655 0.153955
vt 0.364571 0.815525
vt 0.365579 0.804701
vt 0.641363 0.794125
vt 0.641972 0.804950
vt 0.365579 0.804701
vt 0.366587 0.793877
vt 0.640145 0.772474
vt 0.640754 0.783300
vt 0.367595 0.783053
vt 0.368603 0.772229
vt 0.468064 0.246874
vt 0.474010 0.243703
vt 0.141672 0.151569
vt 0.639536 0.761648
vt 0.369611 0.761405
vt 0.370620 0.750581
vt 0.638926 0.750823
vt 0.446785 0.238151
vt 0.439751 0.236523
vt 0.451272 0.243284
vt 0.370620 0.750581
vt 0.371628 0.739757
vt 0.413748 0.230053
vt 0.417858 0.235176
vt 0.147043 0.143197
vt 0.638317 0.739997
vt 0.371628 0.739757
vt 0.637708 0.729171
vt 0.372636 0.728932
vt 0.401288 0.230620
vt 0.407075 0.228208
vt 0.147177 0.142696
vt 0.372636 0.728932
vt 0.373644 0.718108
vt 0.146850 0.142887
vt 0.145746 0.144617
vt 0.144227 0.145332
vt 0.142602 0.146867
vt 0.142555 0.149012
vt 0.140167 0.152699
vt 0.141439 0.151316
vt 0.141230 0.152138
vt 0.139346 0.154931
vt 0.140802 0.153041
vt 0.140569 0.153081
vt 0.140874 0.153175
vt 0.141308 0.154360
vt 0.141710 0.154368
vt 0.141334 0.154337
vt 0.141135 0.151746
vt 0.481401 0.245095
vt 0.486276 0.250229
vt 0.561412 0.260678
vt 0.159696 0.125600
vt 0.021693 0.429573
vt 0.021693 0.437879
vt 0.648673 0.924031
vt 0.641363 0.794125
vt 0.640754 0.783300
vt 0.638317 0.739997
vt 0.807958 0.400659
vt 0.626890 0.536923
vt 0.158286 0.135548
vt 0.153393 0.137779
vt 0.110639 0.969675
vt 0.451780 0.400659
vt 0.433744 0.334744
vt 0.451780 0.334744
vt 0.433744 0.400659
vt 0.378411 0.533873
vt 0.349450 0.977886
vt 0.099238 0.632161
vt 0.063844 0.149310
vt 0.091139 0.157032
vt 0.061034 0.148976
vt 0.421373 0.371427
vt 0.107410 0.166689
vt 0.651109 0.967333
vt 0.838879 0.050803
vt 0.890529 0.092436
vt 0.021693 0.354813
vt 0.021693 0.371426
vt 0.283152 0.641666
vt 0.276338 0.633195
vt 0.155248 0.173380
vt 0.156876 0.161389
vt 0.154844 0.172873
vt 0.349002 0.321587
vt 0.151741 0.657836
vt 0.186802 0.160589
vt 0.299502 0.288360
vt 0.162173 0.110096
vt 0.570603 0.212332
vt 0.686592 0.212332
vt 0.570603 0.231164
vt 0.686592 0.231164
vt 0.288960 0.105833
vt 0.005222 0.329893
vt 0.029929 0.329893
vt 0.176840 0.632541
vt 0.198736 0.632669
vt 0.176822 0.649478
vt 0.246249 0.329893
vt 0.482197 0.967274
vt 0.519568 0.956390
vt 0.519367 0.967308
vt 0.103345 0.649049
vt 0.435694 0.329893
vt 0.276824 0.624766
vt 0.896248 0.055145
vt 0.283996 0.627009
vt 0.005222 0.437879
vt 0.021693 0.437879
vt 0.439432 0.354813
vt 0.337323 0.975049
vt 0.637402 0.262079
vt 0.136434 0.154824
vt 0.555737 0.255499
vt 0.522969 0.256014
vt 0.517695 0.250866
vt 0.509926 0.249700
vt 0.503884 0.253267
vt 0.368603 0.772229
vt 0.433880 0.239318
vt 0.366587 0.793877
vt 0.367595 0.783053
vt 0.369611 0.761405
vt 0.021693 0.429573
vt 0.021693 0.371426
vt 0.417073 0.371427
vt 0.417073 0.429573
vt 0.646236 0.880729
vt 0.649891 0.945682
vt 0.352474 0.945414
vt 0.358523 0.880470
vt 0.646236 0.880729
vt 0.358523 0.880470
vt 0.645627 0.869904
vt 0.661063 0.924043
vt 0.663950 0.975344
vt 0.651719 0.978159
vt 0.645018 0.859078
vt 0.644409 0.848252
vt 0.643800 0.837427
vt 0.643190 0.826602
vt 0.642581 0.815776
vt 0.641972 0.804950
vt 0.640145 0.772474
vt 0.639536 0.761648
vt 0.638926 0.750823
vt 0.637708 0.729171
vt 0.637099 0.718346
vt 0.639121 0.534108
vt 0.386006 0.225943
vt 0.192883 0.196458
vt 0.169069 0.208872
vt 0.169507 0.169325
vt 0.165346 0.178784
vt 0.258011 0.951469
vt 0.265183 0.953712
vt 0.257040 0.968328
vt 0.264212 0.970571
vt 0.826629 0.334744
vt 0.826629 0.400659
vt 0.807958 0.334744
vt 0.446906 0.306495
vt 0.807958 0.306495
vt 0.446906 0.391243
vt 0.807958 0.391242
vt 0.386506 0.580006
vt 0.388522 0.558358
vt 0.628109 0.558574
vt 0.629327 0.580225
vt 0.158440 0.137170
vt 0.224569 0.208426
vt 0.158243 0.139966
vt 0.241967 0.213349
vt 0.386506 0.580006
vt 0.629327 0.580225
vt 0.378684 0.663988
vt 0.159973 0.133847
vt 0.163957 0.128702
vt 0.298302 0.211565
vt 0.319896 0.221568
vt 0.634053 0.664218
vt 0.637099 0.718346
vt 0.378684 0.663988
vt 0.366802 0.215792
vt 0.634053 0.664218
vt 0.155566 0.131536
vt 0.373644 0.718108
vt 0.116881 0.950646
vt 0.117815 0.967515
vt 0.109704 0.952805
vt 0.390538 0.536710
vt 0.342100 0.923755
vt 0.423523 0.437879
vt 0.423523 0.371427
vt 0.439432 0.437879
vt 0.091594 0.625886
vt 0.098770 0.623726
vt 0.092406 0.640553
vt 0.421373 0.354813
vt 0.423523 0.354813
vt 0.412773 0.437879
vt 0.404173 0.429573
vt 0.404173 0.437879
vt 0.352474 0.945414
vt 0.649891 0.945682
vt 0.350458 0.967062
vt 0.812002 0.090897
vt 0.772678 0.107537
vt 0.798394 0.247742
vt 0.737002 0.216554
vt 0.710922 0.253263
vt 0.665023 0.269278
vt 0.678725 0.269362
vt 0.005222 0.354813
vt 0.005222 0.346506
vt 0.435694 0.354813
vt 0.029929 0.346506
vt 0.195751 0.346506
vt 0.245165 0.346506
vt 0.410987 0.346506
vt 0.435694 0.346506
vt 0.410987 0.329893
vt 0.092406 0.640553
vt 0.103354 0.640617
vt 0.092874 0.648988
vt 0.407744 0.346506
vt 0.409912 0.329893
vt 0.241921 0.346506
vt 0.407744 0.329893
vt 0.103327 0.666058
vt 0.103354 0.640617
vt 0.176804 0.666487
vt 0.176831 0.641046
vt 0.131635 0.180508
vt 0.145993 0.182719
vt 0.123574 0.176626
vt 0.146507 0.180505
vt 0.137212 0.171652
vt 0.118761 0.172544
vt 0.051162 0.181272
vt 0.050552 0.183364
vt 0.241921 0.329893
vt 0.072499 0.177889
vt 0.167159 0.141567
vt 0.541181 0.039090
vt 0.271700 0.667041
vt 0.272037 0.650033
vt 0.198718 0.649606
vt 0.187869 0.129152
vt 0.536757 0.050003
vt 0.027760 0.346506
vt 0.027760 0.329893
vt 0.192508 0.329893
vt 0.192508 0.346506
vt 0.198727 0.641174
vt 0.271700 0.667041
vt 0.198699 0.666615
vt 0.272204 0.641602
vt 0.542078 0.064327
vt 0.570272 0.085021
vt 0.553057 0.045835
vt 0.283152 0.641666
vt 0.282666 0.650095
vt 0.272204 0.641602
vt 0.536956 0.025499
vt 0.433544 0.321587
vt 0.433544 0.329893
vt 0.005222 0.329893
vt 0.005222 0.321587
vt 0.282666 0.650095
vt 0.129845 0.657708
vt 0.092874 0.648988
vt 0.093816 0.666003
vt 0.129836 0.666213
vt 0.151741 0.657836
vt 0.245676 0.658385
vt 0.223781 0.658257
vt 0.281687 0.667099
vt 0.299588 0.321587
vt 0.299588 0.296667
vt 0.349002 0.296667
vt 0.429207 0.321587
vt 0.347917 0.321587
vt 0.347917 0.296667
vt 0.429207 0.288360
vt 0.086512 0.296667
vt 0.005222 0.288360
vt 0.005222 0.321587
vt 0.086512 0.321587
vt 0.245667 0.666889
vt 0.087596 0.321587
vt 0.087596 0.296667
vt 0.137009 0.296667
vt 0.137009 0.321587
vt 0.350372 0.101062
vt 0.351887 0.102774
vt 0.350476 0.086219
vt 0.349008 0.081235
vt 0.135925 0.296667
vt 0.298504 0.296667
vt 0.135925 0.321587
vt 0.298504 0.321587
vt 0.223772 0.666761
vt 0.151732 0.666341
vt 0.156835 0.159124
vt 0.172627 0.149513
vt 0.245667 0.666889
vt 0.223772 0.666761
vt 0.223781 0.658257
vt 0.245676 0.658385
vt 0.129836 0.666213
vt 0.151732 0.666341
vt 0.129845 0.657708
vt 0.281687 0.667099
vt 0.225555 0.690978
vt 0.149896 0.690537
vt 0.093816 0.666003
vt 0.096173 0.708540
vt 0.150911 0.708860
vt 0.418365 0.288360
vt 0.294831 0.288360
vt 0.418365 0.280054
vt 0.294831 0.280054
vt 0.150911 0.708860
vt 0.161964 0.908385
vt 0.096173 0.708540
vt 0.128755 0.288360
vt 0.128755 0.271747
vt 0.299502 0.271747
vt 0.149896 0.690537
vt 0.225555 0.690978
vt 0.210107 0.959258
vt 0.167367 0.116837
vt 0.198015 0.158574
vt 0.159628 0.099919
vt 0.157214 0.101886
vt 0.158637 0.104571
vt 0.164768 0.958993
vt 0.470022 0.548073
vt 0.546990 0.548143
vt 0.469058 0.558431
vt 0.547573 0.558501
vt 0.188656 0.079182
vt 0.172567 0.075380
vt 0.173363 0.072035
vt 0.175270 0.071408
vt 0.270264 0.109017
vt 0.267757 0.909002
vt 0.213019 0.908683
vt 0.224501 0.709289
vt 0.279239 0.709609
vt 0.005222 0.288360
vt 0.005222 0.280054
vt 0.128756 0.280054
vt 0.128756 0.288360
vt 0.224501 0.709289
vt 0.279239 0.709609
vt 0.282918 0.097833
vt 0.280295 0.098396
vt 0.187648 0.077753
vt 0.199811 0.023463
vt 0.189689 0.037331
vt 0.267757 0.909002
vt 0.265310 0.951512
vt 0.213019 0.908683
vt 0.211479 0.935424
vt 0.210571 0.951192
vt 0.089371 0.310052
vt 0.087764 0.322253
vt 0.002783 0.310052
vt 0.004390 0.322253
vt 0.165885 0.115387
vt 0.162441 0.110334
vt 0.160068 0.106238
vt 0.161964 0.908385
vt 0.164321 0.950923
vt 0.107226 0.908066
vt 0.109582 0.950603
vt 0.428234 0.231164
vt 0.568271 0.231164
vt 0.428234 0.249997
vt 0.826629 0.249997
vt 0.826629 0.231164
vt 0.686592 0.231164
vt 0.150776 0.134062
vt 0.167915 0.073481
vt 0.151842 0.135511
vt 0.162152 0.092405
vt 0.424547 0.249997
vt 0.822942 0.249997
vt 0.424547 0.287663
vt 0.158484 0.111620
vt 0.158475 0.130613
vt 0.151227 0.136014
vt 0.151332 0.136854
vt 0.154519 0.142567
vt 0.151386 0.137847
vt 0.161038 0.149706
vt 0.640499 0.558585
vt 0.639895 0.591340
vt 0.644726 0.590228
vt 0.830316 0.249997
vt 0.830316 0.287663
vt 0.822942 0.287663
vt 0.268169 0.926884
vt 0.265337 0.925998
vt 0.265310 0.951512
vt 0.149878 0.135733
vt 0.147789 0.136324
vt 0.107226 0.908066
vt 0.178964 0.157817
vt 0.181368 0.156800
vt 0.000059 0.289361
vt 0.178632 0.077842
vt 0.194676 0.329893
vt 0.196836 0.329893
vt 0.196836 0.346506
vt 0.246249 0.346506
vt 0.225180 0.159113
vt 0.021693 0.354813
vt 0.021693 0.371426
vt 0.005222 0.354813
vt 0.135519 0.156187
vt 0.118479 0.173820
vt 0.153254 0.131898
vt 0.146937 0.142358
vt 0.359531 0.869645
vt 0.359531 0.869645
vt 0.360539 0.858821
vt 0.645627 0.869904
vt 0.621895 0.266009
vt 0.628408 0.261386
vt 0.138536 0.154499
vt 0.645018 0.859078
vt 0.643814 0.267489
vt 0.360539 0.858821
vt 0.361547 0.847998
vt 0.595592 0.259113
vt 0.601659 0.264354
vt 0.141261 0.154485
vt 0.361547 0.847998
vt 0.362555 0.837173
vt 0.644409 0.848252
vt 0.643800 0.837427
vt 0.580735 0.262674
vt 0.587032 0.258344
vt 0.141991 0.154501
vt 0.141431 0.154521
vt 0.362555 0.837173
vt 0.363563 0.826349
vt 0.643190 0.826602
vt 0.363563 0.826349
vt 0.642581 0.815776
vt 0.364571 0.815525
vt 0.541426 0.258508
vt 0.547581 0.254551
vt 0.141453 0.154348
vt 0.140655 0.153955
vt 0.364571 0.815525
vt 0.365579 0.804701
vt 0.641363 0.794125
vt 0.641972 0.804950
vt 0.365579 0.804701
vt 0.366587 0.793877
vt 0.640145 0.772474
vt 0.640754 0.783300
vt 0.367595 0.783053
vt 0.368603 0.772229
vt 0.468064 0.246874
vt 0.474010 0.243703
vt 0.141672 0.151569
vt 0.639536 0.761648
vt 0.369611 0.761405
vt 0.370620 0.750581
vt 0.638926 0.750823
vt 0.446785 0.238151
vt 0.439751 0.236523
vt 0.451272 0.243284
vt 0.370620 0.750581
vt 0.371628 0.739757
vt 0.413748 0.230053
vt 0.417858 0.235176
vt 0.147043 0.143197
vt 0.638317 0.739997
vt 0.371628 0.739757
vt 0.637708 0.729171
vt 0.372636 0.728932
vt 0.401288 0.230620
vt 0.407075 0.228208
vt 0.147177 0.142696
vt 0.372636 0.728932
vt 0.373644 0.718108
vt 0.146850 0.142887
vt 0.145746 0.144617
vt 0.144227 0.145332
vt 0.142602 0.146867
vt 0.142555 0.149012
vt 0.140167 0.152699
vt 0.141439 0.151316
vt 0.141230 0.152138
vt 0.139346 0.154931
vt 0.140802 0.153041
vt 0.140569 0.153081
vt 0.140874 0.153175
vt 0.141308 0.154360
vt 0.141710 0.154368
vt 0.141334 0.154337
vt 0.141135 0.151746
vt 0.481401 0.245095
vt 0.486276 0.250229
vt 0.561412 0.260678
vt 0.159696 0.125600
vt 0.021693 0.429573
vt 0.021693 0.437879
vt 0.648673 0.924031
vt 0.641363 0.794125
vt 0.640754 0.783300
vt 0.638317 0.739997
vt 0.807958 0.400659
vt 0.626890 0.536923
vt 0.158286 0.135548
vt 0.153393 0.137779
vt 0.110639 0.969675
vt 0.451780 0.400659
vt 0.433744 0.334744
vt 0.451780 0.334744
vt 0.433744 0.400659
vt 0.378411 0.533873
vt 0.349450 0.977886
vt 0.099238 0.632161
vt 0.063844 0.149310
vt 0.091139 0.157032
vt 0.061034 0.148976
vt 0.421373 0.371427
vt 0.107410 0.166689
vt 0.651109 0.967333
vt 0.838879 0.050803
vt 0.890529 0.092436
vt 0.021693 0.354813
vt 0.021693 0.371426
vt 0.283152 0.641666
vt 0.276338 0.633195
vt 0.155248 0.173380
vt 0.156876 0.161389
vt 0.154844 0.172873
vt 0.349002 0.321587
vt 0.151741 0.657836
vt 0.186802 0.160589
vt 0.299502 0.288360
vt 0.162173 0.110096
vt 0.570603 0.212332
vt 0.686592 0.212332
vt 0.570603 0.231164
vt 0.686592 0.231164
vt 0.288960 0.105833
vt 0.005222 0.329893
vt 0.029929 0.329893
vt 0.176840 0.632541
vt 0.198736 0.632669
vt 0.176822 0.649478
vt 0.246249 0.329893
vt 0.482197 0.967274
vt 0.519568 0.956390
vt 0.519367 0.967308
vt 0.103345 0.649049
vt 0.435694 0.329893
vt 0.276824 0.624766
vt 0.896248 0.055145
vt 0.283996 0.627009
vt 0.005222 0.437879
vt 0.021693 0.437879
vt 0.439432 0.354813
vt 0.337323 0.975049
vt 0.637402 0.262079
vt 0.136434 0.154824
vt 0.555737 0.255499
vt 0.522969 0.256014
vt 0.517695 0.250866
vt 0.509926 0.249700
vt 0.503884 0.253267
vt 0.368603 0.772229
vt 0.433880 0.239318
vt 0.366587 0.793877
vt 0.367595 0.783053
vt 0.369611 0.761405
vt 0.021693 0.429573
vt 0.021693 0.371426
vt 0.417073 0.371427
vt 0.417073 0.429573
vt 0.646236 0.880729
vt 0.649891 0.945682
vt 0.352474 0.945414
vt 0.358523 0.880470
vt 0.646236 0.880729
vt 0.358523 0.880470
vt 0.645627 0.869904
vt 0.661063 0.924043
vt 0.663950 0.975344
vt 0.651719 0.978159
vt 0.645018 0.859078
vt 0.644409 0.848252
vt 0.643800 0.837427
vt 0.643190 0.826602
vt 0.642581 0.815776
vt 0.641972 0.804950
vt 0.640145 0.772474
vt 0.639536 0.761648
vt 0.638926 0.750823
vt 0.637708 0.729171
vt 0.637099 0.718346
vt 0.639121 0.534108
vt 0.386006 0.225943
vt 0.192883 0.196458
vt 0.169069 0.208872
vt 0.169507 0.169325
vt 0.165346 0.178784
vt 0.258011 0.951469
vt 0.265183 0.953712
vt 0.257040 0.968328
vt 0.264212 0.970571
vt 0.826629 0.334744
vt 0.826629 0.400659
vt 0.807958 0.334744
vt 0.446906 0.306495
vt 0.807958 0.306495
vt 0.446906 0.391243
vt 0.807958 0.391242
vt 0.386506 0.580006
vt 0.388522 0.558358
vt 0.628109 0.558574
vt 0.629327 0.580225
vt 0.158440 0.137170
vt 0.224569 0.208426
vt 0.158243 0.139966
vt 0.241967 0.213349
vt 0.386506 0.580006
vt 0.629327 0.580225
vt 0.378684 0.663988
vt 0.159973 0.133847
vt 0.163957 0.128702
vt 0.298302 0.211565
vt 0.319896 0.221568
vt 0.634053 0.664218
vt 0.637099 0.718346
vt 0.378684 0.663988
vt 0.366802 0.215792
vt 0.634053 0.664218
vt 0.155566 0.131536
vt 0.373644 0.718108
vt 0.116881 0.950646
vt 0.117815 0.967515
vt 0.109704 0.952805
vt 0.390538 0.536710
vt 0.342100 0.923755
vt 0.423523 0.437879
vt 0.423523 0.371427
vt 0.439432 0.437879
vt 0.091594 0.625886
vt 0.098770 0.623726
vt 0.092406 0.640553
vt 0.421373 0.354813
vt 0.423523 0.354813
vt 0.412773 0.437879
vt 0.404173 0.429573
vt 0.404173 0.437879
vt 0.352474 0.945414
vt 0.649891 0.945682
vt 0.350458 0.967062
vt 0.812002 0.090897
vt 0.772678 0.107537
vt 0.798394 0.247742
vt 0.737002 0.216554
vt 0.710922 0.253263
vt 0.665023 0.269278
vt 0.678725 0.269362
vt 0.005222 0.354813
vt 0.005222 0.346506
vt 0.435694 0.354813
vt 0.029929 0.346506
vt 0.195751 0.346506
vt 0.245165 0.346506
vt 0.410987 0.346506
vt 0.435694 0.346506
vt 0.410987 0.329893
vt 0.092406 0.640553
vt 0.103354 0.640617
vt 0.092874 0.648988
vt 0.407744 0.346506
vt 0.409912 0.329893
vt 0.241921 0.346506
vt 0.407744 0.329893
vt 0.103327 0.666058
vt 0.103354 0.640617
vt 0.176804 0.666487
vt 0.176831 0.641046
vt 0.131635 0.180508
vt 0.145993 0.182719
vt 0.123574 0.176626
vt 0.146507 0.180505
vt 0.137212 0.171652
vt 0.118761 0.172544
vt 0.051162 0.181272
vt 0.050552 0.183364
vt 0.241921 0.329893
vt 0.072499 0.177889
vt 0.167159 0.141567
vt 0.541181 0.039090
vt 0.271700 0.667041
vt 0.272037 0.650033
vt 0.198718 0.649606
vt 0.187869 0.129152
vt 0.536757 0.050003
vt 0.027760 0.346506
vt 0.027760 0.329893
vt 0.192508 0.329893
vt 0.192508 0.346506
vt 0.198727 0.641174
vt 0.271700 0.667041
vt 0.198699 0.666615
vt 0.272204 0.641602
vt 0.542078 0.064327
vt 0.570272 0.085021
vt 0.553057 0.045835
vt 0.283152 0.641666
vt 0.282666 0.650095
vt 0.272204 0.641602
vt 0.536956 0.025499
vt 0.433544 0.321587
vt 0.433544 0.329893
vt 0.005222 0.329893
vt 0.005222 0.321587
vt 0.282666 0.650095
vt 0.129845 0.657708
vt 0.092874 0.648988
vt 0.093816 0.666003
vt 0.129836 0.666213
vt 0.151741 0.657836
vt 0.245676 0.658385
vt 0.223781 0.658257
vt 0.281687 0.667099
vt 0.299588 0.321587
vt 0.299588 0.296667
vt 0.349002 0.296667
vt 0.429207 0.321587
vt 0.347917 0.321587
vt 0.347917 0.296667
vt 0.429207 0.288360
vt 0.086512 0.296667
vt 0.005222 0.288360
vt 0.005222 0.321587
vt 0.086512 0.321587
vt 0.245667 0.666889
vt 0.087596 0.321587
vt 0.087596 0.296667
vt 0.137009 0.296667
vt 0.137009 0.321587
vt 0.350372 0.101062
vt 0.351887 0.102774
vt 0.350476 0.086219
vt 0.349008 0.081235
vt 0.135925 0.296667
vt 0.298504 0.296667
vt 0.135925 0.321587
vt 0.298504 0.321587
vt 0.223772 0.666761
vt 0.151732 0.666341
vt 0.156835 0.159124
vt 0.172627 0.149513
vt 0.245667 0.666889
vt 0.223772 0.666761
vt 0.223781 0.658257
vt 0.245676 0.658385
vt 0.129836 0.666213
vt 0.151732 0.666341
vt 0.129845 0.657708
vt 0.281687 0.667099
vt 0.225555 0.690978
vt 0.149896 0.690537
vt 0.093816 0.666003
vt 0.096173 0.708540
vt 0.150911 0.708860
vt 0.418365 0.288360
vt 0.294831 0.288360
vt 0.418365 0.280054
vt 0.294831 0.280054
vt 0.150911 0.708860
vt 0.161964 0.908385
vt 0.096173 0.708540
vt 0.128755 0.288360
vt 0.128755 0.271747
vt 0.299502 0.271747
vt 0.149896 0.690537
vt 0.225555 0.690978
vt 0.210107 0.959258
vt 0.167367 0.116837
vt 0.198015 0.158574
vt 0.159628 0.099919
vt 0.157214 0.101886
vt 0.158637 0.104571
vt 0.164768 0.958993
vt 0.470022 0.548073
vt 0.546990 0.548143
vt 0.469058 0.558431
vt 0.547573 0.558501
vt 0.188656 0.079182
vt 0.172567 0.075380
vt 0.173363 0.072035
vt 0.175270 0.071408
vt 0.270264 0.109017
vt 0.267757 0.909002
vt 0.213019 0.908683
vt 0.224501 0.709289
vt 0.279239 0.709609
vt 0.005222 0.288360
vt 0.005222 0.280054
vt 0.128756 0.280054
vt 0.128756 0.288360
vt 0.224501 0.709289
vt 0.279239 0.709609
vt 0.282918 0.097833
vt 0.280295 0.098396
vt 0.187648 0.077753
vt 0.199811 0.023463
vt 0.189689 0.037331
vt 0.267757 0.909002
vt 0.265310 0.951512
vt 0.213019 0.908683
vt 0.211479 0.935424
vt 0.210571 0.951192
vt 0.089371 0.310052
vt 0.087764 0.322253
vt 0.002783 0.310052
vt 0.004390 0.322253
vt 0.165885 0.115387
vt 0.162441 0.110334
vt 0.160068 0.106238
vt 0.161964 0.908385
vt 0.164321 0.950923
vt 0.107226 0.908066
vt 0.109582 0.950603
vt 0.428234 0.231164
vt 0.568271 0.231164
vt 0.428234 0.249997
vt 0.826629 0.249997
vt 0.826629 0.231164
vt 0.686592 0.231164
vt 0.150776 0.134062
vt 0.167915 0.073481
vt 0.151842 0.135511
vt 0.162152 0.092405
vt 0.424547 0.249997
vt 0.822942 0.249997
vt 0.424547 0.287663
vt 0.158484 0.111620
vt 0.158475 0.130613
vt 0.151227 0.136014
vt 0.151332 0.136854
vt 0.154519 0.142567
vt 0.151386 0.137847
vt 0.161038 0.149706
vt 0.640499 0.558585
vt 0.639895 0.591340
vt 0.644726 0.590228
vt 0.830316 0.249997
vt 0.830316 0.287663
vt 0.822942 0.287663
vt 0.268169 0.926884
vt 0.265337 0.925998
vt 0.265310 0.951512
vt 0.149878 0.135733
vt 0.147789 0.136324
vt 0.107226 0.908066
vt 0.178964 0.157817
vt 0.181368 0.156800
vt 0.000059 0.289361
vt 0.178632 0.077842
vt 0.194676 0.329893
vt 0.196836 0.329893
vt 0.196836 0.346506
vt 0.246249 0.346506
vt 0.225180 0.159113
vt 0.021693 0.354813
vt 0.021693 0.371426
vt 0.005222 0.354813
vt 0.135519 0.156187
vt 0.118479 0.173820
vt 0.153254 0.131898
vt 0.146937 0.142358
vt 0.359531 0.869645
vt 0.359531 0.869645
vt 0.360539 0.858821
vt 0.645627 0.869904
vt 0.621895 0.266009
vt 0.628408 0.261386
vt 0.138536 0.154499
vt 0.645018 0.859078
vt 0.643814 0.267489
vt 0.360539 0.858821
vt 0.361547 0.847998
vt 0.595592 0.259113
vt 0.601659 0.264354
vt 0.141261 0.154485
vt 0.361547 0.847998
vt 0.362555 0.837173
vt 0.644409 0.848252
vt 0.643800 0.837427
vt 0.580735 0.262674
vt 0.587032 0.258344
vt 0.141991 0.154501
vt 0.141431 0.154521
vt 0.362555 0.837173
vt 0.363563 0.826349
vt 0.643190 0.826602
vt 0.363563 0.826349
vt 0.642581 0.815776
vt 0.364571 0.815525
vt 0.541426 0.258508
vt 0.547581 0.254551
vt 0.141453 0.154348
vt 0.140655 0.153955
vt 0.364571 0.815525
vt 0.365579 0.804701
vt 0.641363 0.794125
vt 0.641972 0.804950
vt 0.365579 0.804701
vt 0.366587 0.793877
vt 0.640145 0.772474
vt 0.640754 0.783300
vt 0.367595 0.783053
vt 0.368603 0.772229
vt 0.468064 0.246874
vt 0.474010 0.243703
vt 0.141672 0.151569
vt 0.639536 0.761648
vt 0.369611 0.761405
vt 0.370620 0.750581
vt 0.638926 0.750823
vt 0.446785 0.238151
vt 0.439751 0.236523
vt 0.451272 0.243284
vt 0.370620 0.750581
vt 0.371628 0.739757
vt 0.413748 0.230053
vt 0.417858 0.235176
vt 0.147043 0.143197
vt 0.638317 0.739997
vt 0.371628 0.739757
vt 0.637708 0.729171
vt 0.372636 0.728932
vt 0.401288 0.230620
vt 0.407075 0.228208
vt 0.147177 0.142696
vt 0.372636 0.728932
vt 0.373644 0.718108
vt 0.146850 0.142887
vt 0.145746 0.144617
vt 0.144227 0.145332
vt 0.142602 0.146867
vt 0.142555 0.149012
vt 0.140167 0.152699
vt 0.141439 0.151316
vt 0.141230 0.152138
vt 0.139346 0.154931
vt 0.140802 0.153041
vt 0.140569 0.153081
vt 0.140874 0.153175
vt 0.141308 0.154360
vt 0.141710 0.154368
vt 0.141334 0.154337
vt 0.141135 0.151746
vt 0.481401 0.245095
vt 0.486276 0.250229
vt 0.561412 0.260678
vt 0.159696 0.125600
vt 0.021693 0.429573
vt 0.021693 0.437879
vt 0.648673 0.924031
vt 0.641363 0.794125
vt 0.640754 0.783300
vt 0.638317 0.739997
vt 0.807958 0.400659
vt 0.626890 0.536923
vt 0.158286 0.135548
vt 0.153393 0.137779
vt 0.110639 0.969675
vt 0.451780 0.400659
vt 0.433744 0.334744
vt 0.451780 0.334744
vt 0.433744 0.400659
vt 0.378411 0.533873
vt 0.349450 0.977886
vt 0.099238 0.632161
vt 0.063844 0.149310
vt 0.091139 0.157032
vt 0.061034 0.148976
vt 0.421373 0.371427
vt 0.107410 0.166689
vt 0.651109 0.967333
vt 0.838879 0.050803
vt 0.890529 0.092436
vt 0.021693 0.354813
vt 0.021693 0.371426
vt 0.283152 0.641666
vt 0.276338 0.633195
vt 0.155248 0.173380
vt 0.156876 0.161389
vt 0.154844 0.172873
vt 0.349002 0.321587
vt 0.151741 0.657836
vt 0.186802 0.160589
vt 0.299502 0.288360
vt 0.162173 0.110096
vt 0.570603 0.212332
vt 0.686592 0.212332
vt 0.570603 0.231164
vt 0.686592 0.231164
vt 0.288960 0.105833
vt 0.005222 0.329893
vt 0.029929 0.329893
vt 0.176840 0.632541
vt 0.198736 0.632669
vt 0.176822 0.649478
vt 0.246249 0.329893
vt 0.482197 0.967274
vt 0.519568 0.956390
vt 0.519367 0.967308
vt 0.103345 0.649049
vt 0.435694 0.329893
vt 0.276824 0.624766
vt 0.896248 0.055145
vt 0.283996 0.627009
vt 0.005222 0.437879
vt 0.021693 0.437879
vt 0.439432 0.354813
vt 0.337323 0.975049
vt 0.637402 0.262079
vt 0.136434 0.154824
vt 0.555737 0.255499
vt 0.522969 0.256014
vt 0.517695 0.250866
vt 0.509926 0.249700
vt 0.503884 0.253267
vt 0.368603 0.772229
vt 0.433880 0.239318
vt 0.366587 0.793877
vt 0.367595 0.783053
vt 0.369611 0.761405
vt 0.021693 0.429573
vt 0.021693 0.371426
vt 0.417073 0.371427
vt 0.417073 0.429573
vt 0.646236 0.880729
vt 0.649891 0.945682
vt 0.352474 0.945414
vt 0.358523 0.880470
vt 0.646236 0.880729
vt 0.358523 0.880470
vt 0.645627 0.869904
vt 0.661063 0.924043
vt 0.663950 0.975344
vt 0.651719 0.978159
vt 0.645018 0.859078
vt 0.644409 0.848252
vt 0.643800 0.837427
vt 0.643190 0.826602
vt 0.642581 0.815776
vt 0.641972 0.804950
vt 0.640145 0.772474
vt 0.639536 0.761648
vt 0.638926 0.750823
vt 0.637708 0.729171
vt 0.637099 0.718346
vt 0.639121 0.534108
vt 0.386006 0.225943
vt 0.192883 0.196458
vt 0.169069 0.208872
vt 0.169507 0.169325
vt 0.165346 0.178784
vt 0.258011 0.951469
vt 0.265183 0.953712
vt 0.257040 0.968328
vt 0.264212 0.970571
vt 0.826629 0.334744
vt 0.826629 0.400659
vt 0.807958 0.334744
vt 0.446906 0.306495
vt 0.807958 0.306495
vt 0.446906 0.391243
vt 0.807958 0.391242
vt 0.386506 0.580006
vt 0.388522 0.558358
vt 0.628109 0.558574
vt 0.629327 0.580225
vt 0.158440 0.137170
vt 0.224569 0.208426
vt 0.158243 0.139966
vt 0.241967 0.213349
vt 0.386506 0.580006
vt 0.629327 0.580225
vt 0.378684 0.663988
vt 0.159973 0.133847
vt 0.163957 0.128702
vt 0.298302 0.211565
vt 0.319896 0.221568
vt 0.634053 0.664218
vt 0.637099 0.718346
vt 0.378684 0.663988
vt 0.366802 0.215792
vt 0.634053 0.664218
vt 0.155566 0.131536
vt 0.373644 0.718108
vt 0.116881 0.950646
vt 0.117815 0.967515
vt 0.109704 0.952805
vt 0.390538 0.536710
vt 0.342100 0.923755
vt 0.423523 0.437879
vt 0.423523 0.371427
vt 0.439432 0.437879
vt 0.091594 0.625886
vt 0.098770 0.623726
vt 0.092406 0.640553
vt 0.421373 0.354813
vt 0.423523 0.354813
vt 0.412773 0.437879
vt 0.404173 0.429573
vt 0.404173 0.437879
vt 0.352474 0.945414
vt 0.649891 0.945682
vt 0.350458 0.967062
vt 0.812002 0.090897
vt 0.772678 0.107537
vt 0.798394 0.247742
vt 0.737002 0.216554
vt 0.710922 0.253263
vt 0.665023 0.269278
vt 0.678725 0.269362
vt 0.005222 0.354813
vt 0.005222 0.346506
vt 0.435694 0.354813
vt 0.029929 0.346506
vt 0.195751 0.346506
vt 0.245165 0.346506
vt 0.410987 0.346506
vt 0.435694 0.346506
vt 0.410987 0.329893
vt 0.092406 0.640553
vt 0.103354 0.640617
vt 0.092874 0.648988
vt 0.407744 0.346506
vt 0.409912 0.329893
vt 0.241921 0.346506
vt 0.407744 0.329893
vt 0.103327 0.666058
vt 0.103354 0.640617
vt 0.176804 0.666487
vt 0.176831 0.641046
vt 0.131635 0.180508
vt 0.145993 0.182719
vt 0.123574 0.176626
vt 0.146507 0.180505
vt 0.137212 0.171652
vt 0.118761 0.172544
vt 0.051162 0.181272
vt 0.050552 0.183364
vt 0.241921 0.329893
vt 0.072499 0.177889
vt 0.167159 0.141567
vt 0.541181 0.039090
vt 0.271700 0.667041
vt 0.272037 0.650033
vt 0.198718 0.649606
vt 0.187869 0.129152
vt 0.536757 0.050003
vt 0.027760 0.346506
vt 0.027760 0.329893
vt 0.192508 0.329893
vt 0.192508 0.346506
vt 0.198727 0.641174
vt 0.271700 0.667041
vt 0.198699 0.666615
vt 0.272204 0.641602
vt 0.542078 0.064327
vt 0.570272 0.085021
vt 0.553057 0.045835
vt 0.283152 0.641666
vt 0.282666 0.650095
vt 0.272204 0.641602
vt 0.536956 0.025499
vt 0.433544 0.321587
vt 0.433544 0.329893
vt 0.005222 0.329893
vt 0.005222 0.321587
vt 0.282666 0.650095
vt 0.129845 0.657708
vt 0.092874 0.648988
vt 0.093816 0.666003
vt 0.129836 0.666213
vt 0.151741 0.657836
vt 0.245676 0.658385
vt 0.223781 0.658257
vt 0.281687 0.667099
vt 0.299588 0.321587
vt 0.299588 0.296667
vt 0.349002 0.296667
vt 0.429207 0.321587
vt 0.347917 0.321587
vt 0.347917 0.296667
vt 0.429207 0.288360
vt 0.086512 0.296667
vt 0.005222 0.288360
vt 0.005222 0.321587
vt 0.086512 0.321587
vt 0.245667 0.666889
vt 0.087596 0.321587
vt 0.087596 0.296667
vt 0.137009 0.296667
vt 0.137009 0.321587
vt 0.350372 0.101062
vt 0.351887 0.102774
vt 0.350476 0.086219
vt 0.349008 0.081235
vt 0.135925 0.296667
vt 0.298504 0.296667
vt 0.135925 0.321587
vt 0.298504 0.321587
vt 0.223772 0.666761
vt 0.151732 0.666341
vt 0.156835 0.159124
vt 0.172627 0.149513
vt 0.245667 0.666889
vt 0.223772 0.666761
vt 0.223781 0.658257
vt 0.245676 0.658385
vt 0.129836 0.666213
vt 0.151732 0.666341
vt 0.129845 0.657708
vt 0.281687 0.667099
vt 0.225555 0.690978
vt 0.149896 0.690537
vt 0.093816 0.666003
vt 0.096173 0.708540
vt 0.150911 0.708860
vt 0.418365 0.288360
vt 0.294831 0.288360
vt 0.418365 0.280054
vt 0.294831 0.280054
vt 0.150911 0.708860
vt 0.161964 0.908385
vt 0.096173 0.708540
vt 0.128755 0.288360
vt 0.128755 0.271747
vt 0.299502 0.271747
vt 0.149896 0.690537
vt 0.225555 0.690978
vt 0.210107 0.959258
vt 0.167367 0.116837
vt 0.198015 0.158574
vt 0.159628 0.099919
vt 0.157214 0.101886
vt 0.158637 0.104571
vt 0.164768 0.958993
vt 0.470022 0.548073
vt 0.546990 0.548143
vt 0.469058 0.558431
vt 0.547573 0.558501
vt 0.188656 0.079182
vt 0.172567 0.075380
vt 0.173363 0.072035
vt 0.175270 0.071408
vt 0.270264 0.109017
vt 0.267757 0.909002
vt 0.213019 0.908683
vt 0.224501 0.709289
vt 0.279239 0.709609
vt 0.005222 0.288360
vt 0.005222 0.280054
vt 0.128756 0.280054
vt 0.128756 0.288360
vt 0.224501 0.709289
vt 0.279239 0.709609
vt 0.282918 0.097833
vt 0.280295 0.098396
vt 0.187648 0.077753
vt 0.199811 0.023463
vt 0.189689 0.037331
vt 0.267757 0.909002
vt 0.265310 0.951512
vt 0.213019 0.908683
vt 0.211479 0.935424
vt 0.210571 0.951192
vt 0.089371 0.310052
vt 0.087764 0.322253
vt 0.002783 0.310052
vt 0.004390 0.322253
vt 0.165885 0.115387
vt 0.162441 0.110334
vt 0.160068 0.106238
vt 0.161964 0.908385
vt 0.164321 0.950923
vt 0.107226 0.908066
vt 0.109582 0.950603
vt 0.428234 0.231164
vt 0.568271 0.231164
vt 0.428234 0.249997
vt 0.826629 0.249997
vt 0.826629 0.231164
vt 0.686592 0.231164
vt 0.150776 0.134062
vt 0.167915 0.073481
vt 0.151842 0.135511
vt 0.162152 0.092405
vt 0.424547 0.249997
vt 0.822942 0.249997
vt 0.424547 0.287663
vt 0.158484 0.111620
vt 0.158475 0.130613
vt 0.151227 0.136014
vt 0.151332 0.136854
vt 0.154519 0.142567
vt 0.151386 0.137847
vt 0.161038 0.149706
vt 0.640499 0.558585
vt 0.639895 0.591340
vt 0.644726 0.590228
vt 0.830316 0.249997
vt 0.830316 0.287663
vt 0.822942 0.287663
vt 0.268169 0.926884
vt 0.265337 0.925998
vt 0.265310 0.951512
vt 0.149878 0.135733
vt 0.147789 0.136324
vt 0.107226 0.908066
vt 0.178964 0.157817
vt 0.181368 0.156800
vt 0.000059 0.289361
vt 0.178632 0.077842
vt 0.194676 0.329893
vt 0.196836 0.329893
vt 0.196836 0.346506
vt 0.246249 0.346506
vt 0.225180 0.159113
vt 0.021693 0.354813
vt 0.021693 0.371426
vt 0.005222 0.354813
vt 0.135519 0.156187
vt 0.118479 0.173820
vt 0.153254 0.131898
vt 0.146937 0.142358
vt 0.359531 0.869645
vt 0.359531 0.869645
vt 0.360539 0.858821
vt 0.645627 0.869904
vt 0.621895 0.266009
vt 0.628408 0.261386
vt 0.138536 0.154499
vt 0.645018 0.859078
vt 0.643814 0.267489
vt 0.360539 0.858821
vt 0.361547 0.847998
vt 0.595592 0.259113
vt 0.601659 0.264354
vt 0.141261 0.154485
vt 0.361547 0.847998
vt 0.362555 0.837173
vt 0.644409 0.848252
vt 0.643800 0.837427
vt 0.580735 0.262674
vt 0.587032 0.258344
vt 0.141991 0.154501
vt 0.141431 0.154521
vt 0.362555 0.837173
vt 0.363563 0.826349
vt 0.643190 0.826602
vt 0.363563 0.826349
vt 0.642581 0.815776
vt 0.364571 0.815525
vt 0.541426 0.258508
vt 0.547581 0.254551
vt 0.141453 0.154348
vt 0.140655 0.153955
vt 0.364571 0.815525
vt 0.365579 0.804701
vt 0.641363 0.794125
vt 0.641972 0.804950
vt 0.365579 0.804701
vt 0.366587 0.793877
vt 0.640145 0.772474
vt 0.640754 0.783300
vt 0.367595 0.783053
vt 0.368603 0.772229
vt 0.468064 0.246874
vt 0.474010 0.243703
vt 0.141672 0.151569
vt 0.639536 0.761648
vt 0.369611 0.761405
vt 0.370620 0.750581
vt 0.638926 0.750823
vt 0.446785 0.238151
vt 0.439751 0.236523
vt 0.451272 0.243284
vt 0.370620 0.750581
vt 0.371628 0.739757
vt 0.413748 0.230053
vt 0.417858 0.235176
vt 0.147043 0.143197
vt 0.638317 0.739997
vt 0.371628 0.739757
vt 0.637708 0.729171
vt 0.372636 0.728932
vt 0.401288 0.230620
vt 0.407075 0.228208
vt 0.147177 0.142696
vt 0.372636 0.728932
vt 0.373644 0.718108
vt 0.146850 0.142887
vt 0.145746 0.144617
vt 0.144227 0.145332
vt 0.142602 0.146867
vt 0.142555 0.149012
vt 0.140167 0.152699
vt 0.141439 0.151316
vt 0.141230 0.152138
vt 0.139346 0.154931
vt 0.140802 0.153041
vt 0.140569 0.153081
vt 0.140874 0.153175
vt 0.141308 0.154360
vt 0.141710 0.154368
vt 0.141334 0.154337
vt 0.141135 0.151746
vt 0.481401 0.245095
vt 0.486276 0.250229
vt 0.561412 0.260678
vt 0.159696 0.125600
vt 0.021693 0.429573
vt 0.021693 0.437879
vt 0.648673 0.924031
vt 0.641363 0.794125
vt 0.640754 0.783300
vt 0.638317 0.739997
vt 0.807958 0.400659
vt 0.626890 0.536923
vt 0.158286 0.135548
vt 0.153393 0.137779
vt 0.110639 0.969675
vt 0.451780 0.400659
vt 0.433744 0.334744
vt 0.451780 0.334744
vt 0.433744 0.400659
vt 0.378411 0.533873
vt 0.349450 0.977886
vt 0.099238 0.632161
vt 0.063844 0.149310
vt 0.091139 0.157032
vt 0.061034 0.148976
vt 0.421373 0.371427
vt 0.107410 0.166689
vt 0.651109 0.967333
vt 0.838879 0.050803
vt 0.890529 0.092436
vt 0.021693 0.354813
vt 0.021693 0.371426
vt 0.283152 0.641666
vt 0.276338 0.633195
vt 0.155248 0.173380
vt 0.156876 0.161389
vt 0.154844 0.172873
vt 0.349002 0.321587
vt 0.151741 0.657836
vt 0.186802 0.160589
vt 0.299502 0.288360
vt 0.162173 0.110096
vt 0.570603 0.212332
vt 0.686592 0.212332
vt 0.570603 0.231164
vt 0.686592 0.231164
vt 0.288960 0.105833
vt 0.005222 0.329893
vt 0.029929 0.329893
vt 0.176840 0.632541
vt 0.198736 0.632669
vt 0.176822 0.649478
vt 0.246249 0.329893
vt 0.482197 0.967274
vt 0.519568 0.956390
vt 0.519367 0.967308
vt 0.103345 0.649049
vt 0.435694 0.329893
vt 0.276824 0.624766
vt 0.896248 0.055145
vt 0.283996 0.627009
vt 0.005222 0.437879
vt 0.021693 0.437879
vt 0.439432 0.354813
vt 0.337323 0.975049
vt 0.637402 0.262079
vt 0.136434 0.154824
vt 0.555737 0.255499
vt 0.522969 0.256014
vt 0.517695 0.250866
vt 0.509926 0.249700
vt 0.503884 0.253267
vt 0.368603 0.772229
vt 0.433880 0.239318
vt 0.366587 0.793877
vt 0.367595 0.783053
vt 0.369611 0.761405
vt 0.021693 0.429573
vt 0.021693 0.371426
vt 0.417073 0.371427
vt 0.417073 0.429573
vt 0.646236 0.880729
vt 0.649891 0.945682
vt 0.352474 0.945414
vt 0.358523 0.880470
vt 0.646236 0.880729
vt 0.358523 0.880470
vt 0.645627 0.869904
vt 0.661063 0.924043
vt 0.663950 0.975344
vt 0.651719 0.978159
vt 0.645018 0.859078
vt 0.644409 0.848252
vt 0.643800 0.837427
vt 0.643190 0.826602
vt 0.642581 0.815776
vt 0.641972 0.804950
vt 0.640145 0.772474
vt 0.639536 0.761648
vt 0.638926 0.750823
vt 0.637708 0.729171
vt 0.637099 0.718346
vt 0.639121 0.534108
vt 0.386006 0.225943
vt 0.192883 0.196458
vt 0.169069 0.208872
vt 0.169507 0.169325
vt 0.165346 0.178784
vt 0.258011 0.951469
vt 0.265183 0.953712
vt 0.257040 0.968328
vt 0.264212 0.970571
vt 0.826629 0.334744
vt 0.826629 0.400659
vt 0.807958 0.334744
vt 0.446906 0.306495
vt 0.807958 0.306495
vt 0.446906 0.391243
vt 0.807958 0.391242
vt 0.386506 0.580006
vt 0.388522 0.558358
vt 0.628109 0.558574
vt 0.629327 0.580225
vt 0.158440 0.137170
vt 0.224569 0.208426
vt 0.158243 0.139966
vt 0.241967 0.213349
vt 0.386506 0.580006
vt 0.629327 0.580225
vt 0.378684 0.663988
vt 0.159973 0.133847
vt 0.163957 0.128702
vt 0.298302 0.211565
vt 0.319896 0.221568
vt 0.634053 0.664218
vt 0.637099 0.718346
vt 0.378684 0.663988
vt 0.366802 0.215792
vt 0.634053 0.664218
vt 0.155566 0.131536
vt 0.373644 0.718108
vt 0.116881 0.950646
vt 0.117815 0.967515
vt 0.109704 0.952805
vt 0.390538 0.536710
vt 0.342100 0.923755
vt 0.423523 0.437879
vt 0.423523 0.371427
vt 0.439432 0.437879
vt 0.091594 0.625886
vt 0.098770 0.623726
vt 0.092406 0.640553
vt 0.421373 0.354813
vt 0.423523 0.354813
vt 0.412773 0.437879
vt 0.404173 0.429573
vt 0.404173 0.437879
vt 0.352474 0.945414
vt 0.649891 0.945682
vt 0.350458 0.967062
vt 0.812002 0.090897
vt 0.772678 0.107537
vt 0.798394 0.247742
vt 0.737002 0.216554
vt 0.710922 0.253263
vt 0.665023 0.269278
vt 0.678725 0.269362
vt 0.005222 0.354813
vt 0.005222 0.346506
vt 0.435694 0.354813
vt 0.029929 0.346506
vt 0.195751 0.346506
vt 0.245165 0.346506
vt 0.410987 0.346506
vt 0.435694 0.346506
vt 0.410987 0.329893
vt 0.092406 0.640553
vt 0.103354 0.640617
vt 0.092874 0.648988
vt 0.407744 0.346506
vt 0.409912 0.329893
vt 0.241921 0.346506
vt 0.407744 0.329893
vt 0.103327 0.666058
vt 0.103354 0.640617
vt 0.176804 0.666487
vt 0.176831 0.641046
vt 0.131635 0.180508
vt 0.145993 0.182719
vt 0.123574 0.176626
vt 0.146507 0.180505
vt 0.137212 0.171652
vt 0.118761 0.172544
vt 0.051162 0.181272
vt 0.050552 0.183364
vt 0.241921 0.329893
vt 0.072499 0.177889
vt 0.167159 0.141567
vt 0.541181 0.039090
vt 0.271700 0.667041
vt 0.272037 0.650033
vt 0.198718 0.649606
vt 0.187869 0.129152
vt 0.536757 0.050003
vt 0.027760 0.346506
vt 0.027760 0.329893
vt 0.192508 0.329893
vt 0.192508 0.346506
vt 0.198727 0.641174
vt 0.271700 0.667041
vt 0.198699 0.666615
vt 0.272204 0.641602
vt 0.542078 0.064327
vt 0.570272 0.085021
vt 0.553057 0.045835
vt 0.283152 0.641666
vt 0.282666 0.650095
vt 0.272204 0.641602
vt 0.536956 0.025499
vt 0.433544 0.321587
vt 0.433544 0.329893
vt 0.005222 0.329893
vt 0.005222 0.321587
vt 0.282666 0.650095
vt 0.129845 0.657708
vt 0.092874 0.648988
vt 0.093816 0.666003
vt 0.129836 0.666213
vt 0.151741 0.657836
vt 0.245676 0.658385
vt 0.223781 0.658257
vt 0.281687 0.667099
vt 0.299588 0.321587
vt 0.299588 0.296667
vt 0.349002 0.296667
vt 0.429207 0.321587
vt 0.347917 0.321587
vt 0.347917 0.296667
vt 0.429207 0.288360
vt 0.086512 0.296667
vt 0.005222 0.288360
vt 0.005222 0.321587
vt 0.086512 0.321587
vt 0.245667 0.666889
vt 0.087596 0.321587
vt 0.087596 0.296667
vt 0.137009 0.296667
vt 0.137009 0.321587
vt 0.350372 0.101062
vt 0.351887 0.102774
vt 0.350476 0.086219
vt 0.349008 0.081235
vt 0.135925 0.296667
vt 0.298504 0.296667
vt 0.135925 0.321587
vt 0.298504 0.321587
vt 0.223772 0.666761
vt 0.151732 0.666341
vt 0.156835 0.159124
vt 0.172627 0.149513
vt 0.245667 0.666889
vt 0.223772 0.666761
vt 0.223781 0.658257
vt 0.245676 0.658385
vt 0.129836 0.666213
vt 0.151732 0.666341
vt 0.129845 0.657708
vt 0.281687 0.667099
vt 0.225555 0.690978
vt 0.149896 0.690537
vt 0.093816 0.666003
vt 0.096173 0.708540
vt 0.150911 0.708860
vt 0.418365 0.288360
vt 0.294831 0.288360
vt 0.418365 0.280054
vt 0.294831 0.280054
vt 0.150911 0.708860
vt 0.161964 0.908385
vt 0.096173 0.708540
vt 0.128755 0.288360
vt 0.128755 0.271747
vt 0.299502 0.271747
vt 0.149896 0.690537
vt 0.225555 0.690978
vt 0.210107 0.959258
vt 0.167367 0.116837
vt 0.198015 0.158574
vt 0.159628 0.099919
vt 0.157214 0.101886
vt 0.158637 0.104571
vt 0.164768 0.958993
vt 0.470022 0.548073
vt 0.546990 0.548143
vt 0.469058 0.558431
vt 0.547573 0.558501
vt 0.188656 0.079182
vt 0.172567 0.075380
vt 0.173363 0.072035
vt 0.175270 0.071408
vt 0.270264 0.109017
vt 0.267757 0.909002
vt 0.213019 0.908683
vt 0.224501 0.709289
vt 0.279239 0.709609
vt 0.005222 0.288360
vt 0.005222 0.280054
vt 0.128756 0.280054
vt 0.128756 0.288360
vt 0.224501 0.709289
vt 0.279239 0.709609
vt 0.282918 0.097833
vt 0.280295 0.098396
vt 0.187648 0.077753
vt 0.199811 0.023463
vt 0.189689 0.037331
vt 0.267757 0.909002
vt 0.265310 0.951512
vt 0.213019 0.908683
vt 0.211479 0.935424
vt 0.210571 0.951192
vt 0.089371 0.310052
vt 0.087764 0.322253
vt 0.002783 0.310052
vt 0.004390 0.322253
vt 0.165885 0.115387
vt 0.162441 0.110334
vt 0.160068 0.106238
vt 0.161964 0.908385
vt 0.164321 0.950923
vt 0.107226 0.908066
vt 0.109582 0.950603
vt 0.428234 0.231164
vt 0.568271 0.231164
vt 0.428234 0.249997
vt 0.826629 0.249997
vt 0.826629 0.231164
vt 0.686592 0.231164
vt 0.150776 0.134062
vt 0.167915 0.073481
vt 0.151842 0.135511
vt 0.162152 0.092405
vt 0.424547 0.249997
vt 0.822942 0.249997
vt 0.424547 0.287663
vt 0.158484 0.111620
vt 0.158475 0.130613
vt 0.151227 0.136014
vt 0.151332 0.136854
vt 0.154519 0.142567
vt 0.151386 0.137847
vt 0.161038 0.149706
vt 0.640499 0.558585
vt 0.639895 0.591340
vt 0.644726 0.590228
vt 0.830316 0.249997
vt 0.830316 0.287663
vt 0.822942 0.287663
vt 0.268169 0.926884
vt 0.265337 0.925998
vt 0.265310 0.951512
vt 0.149878 0.135733
vt 0.147789 0.136324
vt 0.107226 0.908066
vt 0.178964 0.157817
vt 0.181368 0.156800
vt 0.000059 0.289361
vt 0.178632 0.077842
vt 0.194676 0.329893
vt 0.196836 0.329893
vt 0.196836 0.346506
vt 0.246249 0.346506
vt 0.225180 0.159113
vt 0.021693 0.354813
vt 0.021693 0.371426
vt 0.005222 0.354813
vt 0.135519 0.156187
vt 0.118479 0.173820
vt 0.153254 0.131898
vt 0.146937 0.142358
vt 0.359531 0.869645
vt 0.359531 0.869645
vt 0.360539 0.858821
vt 0.645627 0.869904
vt 0.621895 0.266009
vt 0.628408 0.261386
vt 0.138536 0.154499
vt 0.645018 0.859078
vt 0.643814 0.267489
vt 0.360539 0.858821
vt 0.361547 0.847998
vt 0.595592 0.259113
vt 0.601659 0.264354
vt 0.141261 0.154485
vt 0.361547 0.847998
vt 0.362555 0.837173
vt 0.644409 0.848252
vt 0.643800 0.837427
vt 0.580735 0.262674
vt 0.587032 0.258344
vt 0.141991 0.154501
vt 0.141431 0.154521
vt 0.362555 0.837173
vt 0.363563 0.826349
vt 0.643190 0.826602
vt 0.363563 0.826349
vt 0.642581 0.815776
vt 0.364571 0.815525
vt 0.541426 0.258508
vt 0.547581 0.254551
vt 0.141453 0.154348
vt 0.140655 0.153955
vt 0.364571 0.815525
vt 0.365579 0.804701
vt 0.641363 0.794125
vt 0.641972 0.804950
vt 0.365579 0.804701
vt 0.366587 0.793877
vt 0.640145 0.772474
vt 0.640754 0.783300
vt 0.367595 0.783053
vt 0.368603 0.772229
vt 0.468064 0.246874
vt 0.474010 0.243703
vt 0.141672 0.151569
vt 0.639536 0.761648
vt 0.369611 0.761405
vt 0.370620 0.750581
vt 0.638926 0.750823
vt 0.446785 0.238151
vt 0.439751 0.236523
vt 0.451272 0.243284
vt 0.370620 0.750581
vt 0.371628 0.739757
vt 0.413748 0.230053
vt 0.417858 0.235176
vt 0.147043 0.143197
vt 0.638317 0.739997
vt 0.371628 0.739757
vt 0.637708 0.729171
vt 0.372636 0.728932
vt 0.401288 0.230620
vt 0.407075 0.228208
vt 0.147177 0.142696
vt 0.372636 0.728932
vt 0.373644 0.718108
vt 0.146850 0.142887
vt 0.145746 0.144617
vt 0.144227 0.145332
vt 0.142602 0.146867
vt 0.142555 0.149012
vt 0.140167 0.152699
vt 0.141439 0.151316
vt 0.141230 0.152138
vt 0.139346 0.154931
vt 0.140802 0.153041
vt 0.140569 0.153081
vt 0.140874 0.153175
vt 0.141308 0.154360
vt 0.141710 0.154368
vt 0.141334 0.154337
vt 0.141135 0.151746
vt 0.481401 0.245095
vt 0.486276 0.250229
vt 0.561412 0.260678
vt 0.159696 0.125600
vt 0.021693 0.429573
vt 0.021693 0.437879
vt 0.648673 0.924031
vt 0.641363 0.794125
vt 0.640754 0.783300
vt 0.638317 0.739997
vt 0.807958 0.400659
vt 0.626890 0.536923
vt 0.158286 0.135548
vt 0.153393 0.137779
vt 0.110639 0.969675
vt 0.451780 0.400659
vt 0.433744 0.334744
vt 0.451780 0.334744
vt 0.433744 0.400659
vt 0.378411 0.533873
vt 0.349450 0.977886
vt 0.099238 0.632161
vt 0.063844 0.149310
vt 0.091139 0.157032
vt 0.061034 0.148976
vt 0.421373 0.371427
vt 0.107410 0.166689
vt 0.651109 0.967333
vt 0.838879 0.050803
vt 0.890529 0.092436
vt 0.021693 0.354813
vt 0.021693 0.371426
vt 0.283152 0.641666
vt 0.276338 0.633195
vt 0.155248 0.173380
vt 0.156876 0.161389
vt 0.154844 0.172873
vt 0.349002 0.321587
vt 0.151741 0.657836
vt 0.186802 0.160589
vt 0.299502 0.288360
vt 0.162173 0.110096
vt 0.570603 0.212332
vt 0.686592 0.212332
vt 0.570603 0.231164
vt 0.686592 0.231164
vt 0.288960 0.105833
vt 0.005222 0.329893
vt 0.029929 0.329893
vt 0.176840 0.632541
vt 0.198736 0.632669
vt 0.176822 0.649478
vt 0.246249 0.329893
vt 0.482197 0.967274
vt 0.519568 0.956390
vt 0.519367 0.967308
vt 0.103345 0.649049
vt 0.435694 0.329893
vt 0.276824 0.624766
vt 0.896248 0.055145
vt 0.283996 0.627009
vt 0.005222 0.437879
vt 0.021693 0.437879
vt 0.439432 0.354813
vt 0.337323 0.975049
vt 0.637402 0.262079
vt 0.136434 0.154824
vt 0.555737 0.255499
vt 0.522969 0.256014
vt 0.517695 0.250866
vt 0.509926 0.249700
vt 0.503884 0.253267
vt 0.368603 0.772229
vt 0.433880 0.239318
vt 0.366587 0.793877
vt 0.367595 0.783053
vt 0.369611 0.761405
vt 0.021693 0.429573
vt 0.021693 0.371426
vt 0.417073 0.371427
vt 0.417073 0.429573
vt 0.646236 0.880729
vt 0.649891 0.945682
vt 0.352474 0.945414
vt 0.358523 0.880470
vt 0.646236 0.880729
vt 0.358523 0.880470
vt 0.645627 0.869904
vt 0.661063 0.924043
vt 0.663950 0.975344
vt 0.651719 0.978159
vt 0.645018 0.859078
vt 0.644409 0.848252
vt 0.643800 0.837427
vt 0.643190 0.826602
vt 0.642581 0.815776
vt 0.641972 0.804950
vt 0.640145 0.772474
vt 0.639536 0.761648
vt 0.638926 0.750823
vt 0.637708 0.729171
vt 0.637099 0.718346
vt 0.639121 0.534108
vt 0.386006 0.225943
vt 0.192883 0.196458
vt 0.169069 0.208872
vt 0.169507 0.169325
vt 0.165346 0.178784
vt 0.258011 0.951469
vt 0.265183 0.953712
vt 0.257040 0.968328
vt 0.264212 0.970571
vt 0.826629 0.334744
vt 0.826629 0.400659
vt 0.807958 0.334744
vt 0.446906 0.306495
vt 0.807958 0.306495
vt 0.446906 0.391243
vt 0.807958 0.391242
vt 0.386506 0.580006
vt 0.388522 0.558358
vt 0.628109 0.558574
vt 0.629327 0.580225
vt 0.158440 0.137170
vt 0.224569 0.208426
vt 0.158243 0.139966
vt 0.241967 0.213349
vt 0.386506 0.580006
vt 0.629327 0.580225
vt 0.378684 0.663988
vt 0.159973 0.133847
vt 0.163957 0.128702
vt 0.298302 0.211565
vt 0.319896 0.221568
vt 0.634053 0.664218
vt 0.637099 0.718346
vt 0.378684 0.663988
vt 0.366802 0.215792
vt 0.634053 0.664218
vt 0.155566 0.131536
vt 0.373644 0.718108
vt 0.116881 0.950646
vt 0.117815 0.967515
vt 0.109704 0.952805
vt 0.390538 0.536710
vt 0.342100 0.923755
vt 0.423523 0.437879
vt 0.423523 0.371427
vt 0.439432 0.437879
vt 0.091594 0.625886
vt 0.098770 0.623726
vt 0.092406 0.640553
vt 0.421373 0.354813
vt 0.423523 0.354813
vt 0.412773 0.437879
vt 0.404173 0.429573
vt 0.404173 0.437879
vt 0.352474 0.945414
vt 0.649891 0.945682
vt 0.350458 0.967062
vt 0.812002 0.090897
vt 0.772678 0.107537
vt 0.798394 0.247742
vt 0.737002 0.216554
vt 0.710922 0.253263
vt 0.665023 0.269278
vt 0.678725 0.269362
vt 0.005222 0.354813
vt 0.005222 0.346506
vt 0.435694 0.354813
vt 0.029929 0.346506
vt 0.195751 0.346506
vt 0.245165 0.346506
vt 0.410987 0.346506
vt 0.435694 0.346506
vt 0.410987 0.329893
vt 0.092406 0.640553
vt 0.103354 0.640617
vt 0.092874 0.648988
vt 0.407744 0.346506
vt 0.409912 0.329893
vt 0.241921 0.346506
vt 0.407744 0.329893
vt 0.103327 0.666058
vt 0.103354 0.640617
vt 0.176804 0.666487
vt 0.176831 0.641046
vt 0.131635 0.180508
vt 0.145993 0.182719
vt 0.123574 0.176626
vt 0.146507 0.180505
vt 0.137212 0.171652
vt 0.118761 0.172544
vt 0.051162 0.181272
vt 0.050552 0.183364
vt 0.241921 0.329893
vt 0.072499 0.177889
vt 0.167159 0.141567
vt 0.541181 0.039090
vt 0.271700 0.667041
vt 0.272037 0.650033
vt 0.198718 0.649606
vt 0.187869 0.129152
vt 0.536757 0.050003
vt 0.027760 0.346506
vt 0.027760 0.329893
vt 0.192508 0.329893
vt 0.192508 0.346506
vt 0.198727 0.641174
vt 0.271700 0.667041
vt 0.198699 0.666615
vt 0.272204 0.641602
vt 0.542078 0.064327
vt 0.570272 0.085021
vt 0.553057 0.045835
vt 0.283152 0.641666
vt 0.282666 0.650095
vt 0.272204 0.641602
vt 0.536956 0.025499
vt 0.433544 0.321587
vt 0.433544 0.329893
vt 0.005222 0.329893
vt 0.005222 0.321587
vt 0.282666 0.650095
vt 0.129845 0.657708
vt 0.092874 0.648988
vt 0.093816 0.666003
vt 0.129836 0.666213
vt 0.151741 0.657836
vt 0.245676 0.658385
vt 0.223781 0.658257
vt 0.281687 0.667099
vt 0.299588 0.321587
vt 0.299588 0.296667
vt 0.349002 0.296667
vt 0.429207 0.321587
vt 0.347917 0.321587
vt 0.347917 0.296667
vt 0.429207 0.288360
vt 0.086512 0.296667
vt 0.005222 0.288360
vt 0.005222 0.321587
vt 0.086512 0.321587
vt 0.245667 0.666889
vt 0.087596 0.321587
vt 0.087596 0.296667
vt 0.137009 0.296667
vt 0.137009 0.321587
vt 0.350372 0.101062
vt 0.351887 0.102774
vt 0.350476 0.086219
vt 0.349008 0.081235
vt 0.135925 0.296667
vt 0.298504 0.296667
vt 0.135925 0.321587
vt 0.298504 0.321587
vt 0.223772 0.666761
vt 0.151732 0.666341
vt 0.156835 0.159124
vt 0.172627 0.149513
vt 0.245667 0.666889
vt 0.223772 0.666761
vt 0.223781 0.658257
vt 0.245676 0.658385
vt 0.129836 0.666213
vt 0.151732 0.666341
vt 0.129845 0.657708
vt 0.281687 0.667099
vt 0.225555 0.690978
vt 0.149896 0.690537
vt 0.093816 0.666003
vt 0.096173 0.708540
vt 0.150911 0.708860
vt 0.418365 0.288360
vt 0.294831 0.288360
vt 0.418365 0.280054
vt 0.294831 0.280054
vt 0.150911 0.708860
vt 0.161964 0.908385
vt 0.096173 0.708540
vt 0.128755 0.288360
vt 0.128755 0.271747
vt 0.299502 0.271747
vt 0.149896 0.690537
vt 0.225555 0.690978
vt 0.210107 0.959258
vt 0.167367 0.116837
vt 0.198015 0.158574
vt 0.159628 0.099919
vt 0.157214 0.101886
vt 0.158637 0.104571
vt 0.164768 0.958993
vt 0.470022 0.548073
vt 0.546990 0.548143
vt 0.469058 0.558431
vt 0.547573 0.558501
vt 0.188656 0.079182
vt 0.172567 0.075380
vt 0.173363 0.072035
vt 0.175270 0.071408
vt 0.270264 0.109017
vt 0.267757 0.909002
vt 0.213019 0.908683
vt 0.224501 0.709289
vt 0.279239 0.709609
vt 0.005222 0.288360
vt 0.005222 0.280054
vt 0.128756 0.280054
vt 0.128756 0.288360
vt 0.224501 0.709289
vt 0.279239 0.709609
vt 0.282918 0.097833
vt 0.280295 0.098396
vt 0.187648 0.077753
vt 0.199811 0.023463
vt 0.189689 0.037331
vt 0.267757 0.909002
vt 0.265310 0.951512
vt 0.213019 0.908683
vt 0.211479 0.935424
vt 0.210571 0.951192
vt 0.089371 0.310052
vt 0.087764 0.322253
vt 0.002783 0.310052
vt 0.004390 0.322253
vt 0.165885 0.115387
vt 0.162441 0.110334
vt 0.160068 0.106238
vt 0.161964 0.908385
vt 0.164321 0.950923
vt 0.107226 0.908066
vt 0.109582 0.950603
vt 0.428234 0.231164
vt 0.568271 0.231164
vt 0.428234 0.249997
vt 0.826629 0.249997
vt 0.826629 0.231164
vt 0.686592 0.231164
vt 0.150776 0.134062
vt 0.167915 0.073481
vt 0.151842 0.135511
vt 0.162152 0.092405
vt 0.424547 0.249997
vt 0.822942 0.249997
vt 0.424547 0.287663
vt 0.158484 0.111620
vt 0.158475 0.130613
vt 0.151227 0.136014
vt 0.151332 0.136854
vt 0.154519 0.142567
vt 0.151386 0.137847
vt 0.161038 0.149706
vt 0.640499 0.558585
vt 0.639895 0.591340
vt 0.644726 0.590228
vt 0.830316 0.249997
vt 0.830316 0.287663
vt 0.822942 0.287663
vt 0.268169 0.926884
vt 0.265337 0.925998
vt 0.265310 0.951512
vt 0.149878 0.135733
vt 0.147789 0.136324
vt 0.107226 0.908066
vt 0.178964 0.157817
vt 0.181368 0.156800
vt 0.000059 0.289361
vt 0.178632 0.077842
vt 0.194676 0.329893
vt 0.196836 0.329893
vt 0.196836 0.346506
vt 0.246249 0.346506
vt 0.225180 0.159113
vt 0.021693 0.354813
vt 0.021693 0.371426
vt 0.005222 0.354813
vt 0.135519 0.156187
vt 0.118479 0.173820
vt 0.153254 0.131898
vt 0.146937 0.142358
vt 0.359531 0.869645
vt 0.359531 0.869645
vt 0.360539 0.858821
vt 0.645627 0.869904
vt 0.621895 0.266009
vt 0.628408 0.261386
vt 0.138536 0.154499
vt 0.645018 0.859078
vt 0.643814 0.267489
vt 0.360539 0.858821
vt 0.361547 0.847998
vt 0.595592 0.259113
vt 0.601659 0.264354
vt 0.141261 0.154485
vt 0.361547 0.847998
vt 0.362555 0.837173
vt 0.644409 0.848252
vt 0.643800 0.837427
vt 0.580735 0.262674
vt 0.587032 0.258344
vt 0.141991 0.154501
vt 0.141431 0.154521
vt 0.362555 0.837173
vt 0.363563 0.826349
vt 0.643190 0.826602
vt 0.363563 0.826349
vt 0.642581 0.815776
vt 0.364571 0.815525
vt 0.541426 0.258508
vt 0.547581 0.254551
vt 0.141453 0.154348
vt 0.140655 0.153955
vt 0.364571 0.815525
vt 0.365579 0.804701
vt 0.641363 0.794125
vt 0.641972 0.804950
vt 0.365579 0.804701
vt 0.366587 0.793877
vt 0.640145 0.772474
vt 0.640754 0.783300
vt 0.367595 0.783053
vt 0.368603 0.772229
vt 0.468064 0.246874
vt 0.474010 0.243703
vt 0.141672 0.151569
vt 0.639536 0.761648
vt 0.369611 0.761405
vt 0.370620 0.750581
vt 0.638926 0.750823
vt 0.446785 0.238151
vt 0.439751 0.236523
vt 0.451272 0.243284
vt 0.370620 0.750581
vt 0.371628 0.739757
vt 0.413748 0.230053
vt 0.417858 0.235176
vt 0.147043 0.143197
vt 0.638317 0.739997
vt 0.371628 0.739757
vt 0.637708 0.729171
vt 0.372636 0.728932
vt 0.401288 0.230620
vt 0.407075 0.228208
vt 0.147177 0.142696
vt 0.372636 0.728932
vt 0.373644 0.718108
vt 0.146850 0.142887
vt 0.145746 0.144617
vt 0.144227 0.145332
vt 0.142602 0.146867
vt 0.142555 0.149012
vt 0.140167 0.152699
vt 0.141439 0.151316
vt 0.141230 0.152138
vt 0.139346 0.154931
vt 0.140802 0.153041
vt 0.140569 0.153081
vt 0.140874 0.153175
vt 0.141308 0.154360
vt 0.141710 0.154368
vt 0.141334 0.154337
vt 0.141135 0.151746
vt 0.481401 0.245095
vt 0.486276 0.250229
vt 0.561412 0.260678
vt 0.159696 0.125600
vt 0.021693 0.429573
vt 0.021693 0.437879
vt 0.648673 0.924031
vt 0.641363 0.794125
vt 0.640754 0.783300
vt 0.638317 0.739997
vt 0.807958 0.400659
vt 0.626890 0.536923
vt 0.158286 0.135548
vt 0.153393 0.137779
vt 0.110639 0.969675
vt 0.451780 0.400659
vt 0.433744 0.334744
vt 0.451780 0.334744
vt 0.433744 0.400659
vt 0.378411 0.533873
vt 0.349450 0.977886
vt 0.099238 0.632161
vt 0.063844 0.149310
vt 0.091139 0.157032
vt 0.061034 0.148976
vt 0.421373 0.371427
vt 0.107410 0.166689
vt 0.651109 0.967333
vt 0.838879 0.050803
vt 0.890529 0.092436
vt 0.021693 0.354813
vt 0.021693 0.371426
vt 0.283152 0.641666
vt 0.276338 0.633195
vt 0.155248 0.173380
vt 0.156876 0.161389
vt 0.154844 0.172873
vt 0.349002 0.321587
vt 0.151741 0.657836
vt 0.186802 0.160589
vt 0.299502 0.288360
vt 0.162173 0.110096
vt 0.570603 0.212332
vt 0.686592 0.212332
vt 0.570603 0.231164
vt 0.686592 0.231164
vt 0.288960 0.105833
vt 0.005222 0.329893
vt 0.029929 0.329893
vt 0.176840 0.632541
vt 0.198736 0.632669
vt 0.176822 0.649478
vt 0.246249 0.329893
vt 0.482197 0.967274
vt 0.519568 0.956390
vt 0.519367 0.967308
vt 0.103345 0.649049
vt 0.435694 0.329893
vt 0.276824 0.624766
vt 0.896248 0.055145
vt 0.283996 0.627009
vt 0.005222 0.437879
vt 0.021693 0.437879
vt 0.439432 0.354813
vt 0.337323 0.975049
vt 0.637402 0.262079
vt 0.136434 0.154824
vt 0.555737 0.255499
vt 0.522969 0.256014
vt 0.517695 0.250866
vt 0.509926 0.249700
vt 0.503884 0.253267
vt 0.368603 0.772229
vt 0.433880 0.239318
vt 0.366587 0.793877
vt 0.367595 0.783053
vt 0.369611 0.761405
vt 0.021693 0.429573
vt 0.021693 0.371426
vt 0.417073 0.371427
vt 0.417073 0.429573
vt 0.646236 0.880729
vt 0.649891 0.945682
vt 0.352474 0.945414
vt 0.358523 0.880470
vt 0.646236 0.880729
vt 0.358523 0.880470
vt 0.645627 0.869904
vt 0.661063 0.924043
vt 0.663950 0.975344
vt 0.651719 0.978159
vt 0.645018 0.859078
vt 0.644409 0.848252
vt 0.643800 0.837427
vt 0.643190 0.826602
vt 0.642581 0.815776
vt 0.641972 0.804950
vt 0.640145 0.772474
vt 0.639536 0.761648
vt 0.638926 0.750823
vt 0.637708 0.729171
vt 0.637099 0.718346
vt 0.639121 0.534108
vt 0.386006 0.225943
vt 0.192883 0.196458
vt 0.169069 0.208872
vt 0.169507 0.169325
vt 0.165346 0.178784
vt 0.258011 0.951469
vt 0.265183 0.953712
vt 0.257040 0.968328
vt 0.264212 0.970571
vt 0.826629 0.334744
vt 0.826629 0.400659
vt 0.807958 0.334744
vt 0.446906 0.306495
vt 0.807958 0.306495
vt 0.446906 0.391243
vt 0.807958 0.391242
vt 0.386506 0.580006
vt 0.388522 0.558358
vt 0.628109 0.558574
vt 0.629327 0.580225
vt 0.158440 0.137170
vt 0.224569 0.208426
vt 0.158243 0.139966
vt 0.241967 0.213349
vt 0.386506 0.580006
vt 0.629327 0.580225
vt 0.378684 0.663988
vt 0.159973 0.133847
vt 0.163957 0.128702
vt 0.298302 0.211565
vt 0.319896 0.221568
vt 0.634053 0.664218
vt 0.637099 0.718346
vt 0.378684 0.663988
vt 0.366802 0.215792
vt 0.634053 0.664218
vt 0.155566 0.131536
vt 0.373644 0.718108
vt 0.116881 0.950646
vt 0.117815 0.967515
vt 0.109704 0.952805
vt 0.390538 0.536710
vt 0.342100 0.923755
vt 0.423523 0.437879
vt 0.423523 0.371427
vt 0.439432 0.437879
vt 0.091594 0.625886
vt 0.098770 0.623726
vt 0.092406 0.640553
vt 0.421373 0.354813
vt 0.423523 0.354813
vt 0.412773 0.437879
vt 0.404173 0.429573
vt 0.404173 0.437879
vt 0.352474 0.945414
vt 0.649891 0.945682
vt 0.350458 0.967062
vt 0.812002 0.090897
vt 0.772678 0.107537
vt 0.798394 0.247742
vt 0.737002 0.216554
vt 0.710922 0.253263
vt 0.665023 0.269278
vt 0.678725 0.269362
vt 0.005222 0.354813
vt 0.005222 0.346506
vt 0.435694 0.354813
vt 0.029929 0.346506
vt 0.195751 0.346506
vt 0.245165 0.346506
vt 0.410987 0.346506
vt 0.435694 0.346506
vt 0.410987 0.329893
vt 0.092406 0.640553
vt 0.103354 0.640617
vt 0.092874 0.648988
vt 0.407744 0.346506
vt 0.409912 0.329893
vt 0.241921 0.346506
vt 0.407744 0.329893
vt 0.103327 0.666058
vt 0.103354 0.640617
vt 0.176804 0.666487
vt 0.176831 0.641046
vt 0.131635 0.180508
vt 0.145993 0.182719
vt 0.123574 0.176626
vt 0.146507 0.180505
vt 0.137212 0.171652
vt 0.118761 0.172544
vt 0.051162 0.181272
vt 0.050552 0.183364
vt 0.241921 0.329893
vt 0.072499 0.177889
vt 0.167159 0.141567
vt 0.541181 0.039090
vt 0.271700 0.667041
vt 0.272037 0.650033
vt 0.198718 0.649606
vt 0.187869 0.129152
vt 0.536757 0.050003
vt 0.027760 0.346506
vt 0.027760 0.329893
vt 0.192508 0.329893
vt 0.192508 0.346506
vt 0.198727 0.641174
vt 0.271700 0.667041
vt 0.198699 0.666615
vt 0.272204 0.641602
vt 0.542078 0.064327
vt 0.570272 0.085021
vt 0.553057 0.045835
vt 0.283152 0.641666
vt 0.282666 0.650095
vt 0.272204 0.641602
vt 0.536956 0.025499
vt 0.433544 0.321587
vt 0.433544 0.329893
vt 0.005222 0.329893
vt 0.005222 0.321587
vt 0.282666 0.650095
vt 0.129845 0.657708
vt 0.092874 0.648988
vt 0.093816 0.666003
vt 0.129836 0.666213
vt 0.151741 0.657836
vt 0.245676 0.658385
vt 0.223781 0.658257
vt 0.281687 0.667099
vt 0.299588 0.321587
vt 0.299588 0.296667
vt 0.349002 0.296667
vt 0.429207 0.321587
vt 0.347917 0.321587
vt 0.347917 0.296667
vt 0.429207 0.288360
vt 0.086512 0.296667
vt 0.005222 0.288360
vt 0.005222 0.321587
vt 0.086512 0.321587
vt 0.245667 0.666889
vt 0.087596 0.321587
vt 0.087596 0.296667
vt 0.137009 0.296667
vt 0.137009 0.321587
vt 0.350372 0.101062
vt 0.351887 0.102774
vt 0.350476 0.086219
vt 0.349008 0.081235
vt 0.135925 0.296667
vt 0.298504 0.296667
vt 0.135925 0.321587
vt 0.298504 0.321587
vt 0.223772 0.666761
vt 0.151732 0.666341
vt 0.156835 0.159124
vt 0.172627 0.149513
vt 0.245667 0.666889
vt 0.223772 0.666761
vt 0.223781 0.658257
vt 0.245676 0.658385
vt 0.129836 0.666213
vt 0.151732 0.666341
vt 0.129845 0.657708
vt 0.281687 0.667099
vt 0.225555 0.690978
vt 0.149896 0.690537
vt 0.093816 0.666003
vt 0.096173 0.708540
vt 0.150911 0.708860
vt 0.418365 0.288360
vt 0.294831 0.288360
vt 0.418365 0.280054
vt 0.294831 0.280054
vt 0.150911 0.708860
vt 0.161964 0.908385
vt 0.096173 0.708540
vt 0.128755 0.288360
vt 0.128755 0.271747
vt 0.299502 0.271747
vt 0.149896 0.690537
vt 0.225555 0.690978
vt 0.210107 0.959258
vt 0.167367 0.116837
vt 0.198015 0.158574
vt 0.159628 0.099919
vt 0.157214 0.101886
vt 0.158637 0.104571
vt 0.164768 0.958993
vt 0.470022 0.548073
vt 0.546990 0.548143
vt 0.469058 0.558431
vt 0.547573 0.558501
vt 0.188656 0.079182
vt 0.172567 0.075380
vt 0.173363 0.072035
vt 0.175270 0.071408
vt 0.270264 0.109017
vt 0.267757 0.909002
vt 0.213019 0.908683
vt 0.224501 0.709289
vt 0.279239 0.709609
vt 0.005222 0.288360
vt 0.005222 0.280054
vt 0.128756 0.280054
vt 0.128756 0.288360
vt 0.224501 0.709289
vt 0.279239 0.709609
vt 0.282918 0.097833
vt 0.280295 0.098396
vt 0.187648 0.077753
vt 0.199811 0.023463
vt 0.189689 0.037331
vt 0.267757 0.909002
vt 0.265310 0.951512
vt 0.213019 0.908683
vt 0.211479 0.935424
vt 0.210571 0.951192
vt 0.089371 0.310052
vt 0.087764 0.322253
vt 0.002783 0.310052
vt 0.004390 0.322253
vt 0.165885 0.115387
vt 0.162441 0.110334
vt 0.160068 0.106238
vt 0.161964 0.908385
vt 0.164321 0.950923
vt 0.107226 0.908066
vt 0.109582 0.950603
vt 0.428234 0.231164
vt 0.568271 0.231164
vt 0.428234 0.249997
vt 0.826629 0.249997
vt 0.826629 0.231164
vt 0.686592 0.231164
vt 0.150776 0.134062
vt 0.167915 0.073481
vt 0.151842 0.135511
vt 0.162152 0.092405
vt 0.424547 0.249997
vt 0.822942 0.249997
vt 0.424547 0.287663
vt 0.158484 0.111620
vt 0.158475 0.130613
vt 0.151227 0.136014
vt 0.151332 0.136854
vt 0.154519 0.142567
vt 0.151386 0.137847
vt 0.161038 0.149706
vt 0.640499 0.558585
vt 0.639895 0.591340
vt 0.644726 0.590228
vt 0.830316 0.249997
vt 0.830316 0.287663
vt 0.822942 0.287663
vt 0.268169 0.926884
vt 0.265337 0.925998
vt 0.265310 0.951512
vt 0.149878 0.135733
vt 0.147789 0.136324
vt 0.107226 0.908066
vt 0.178964 0.157817
vt 0.181368 0.156800
vt 0.000059 0.289361
vt 0.178632 0.077842
vt 0.194676 0.329893
vt 0.196836 0.329893
vt 0.196836 0.346506
vt 0.246249 0.346506
vt 0.225180 0.159113
vt 0.021693 0.354813
vt 0.021693 0.371426
vt 0.005222 0.354813
vt 0.135519 0.156187
vt 0.118479 0.173820
vt 0.153254 0.131898
vt 0.146937 0.142358
vt 0.359531 0.869645
vt 0.359531 0.869645
vt 0.360539 0.858821
vt 0.645627 0.869904
vt 0.621895 0.266009
vt 0.628408 0.261386
vt 0.138536 0.154499
vt 0.645018 0.859078
vt 0.643814 0.267489
vt 0.360539 0.858821
vt 0.361547 0.847998
vt 0.595592 0.259113
vt 0.601659 0.264354
vt 0.141261 0.154485
vt 0.361547 0.847998
vt 0.362555 0.837173
vt 0.644409 0.848252
vt 0.643800 0.837427
vt 0.580735 0.262674
vt 0.587032 0.258344
vt 0.141991 0.154501
vt 0.141431 0.154521
vt 0.362555 0.837173
vt 0.363563 0.826349
vt 0.643190 0.826602
vt 0.363563 0.826349
vt 0.642581 0.815776
vt 0.364571 0.815525
vt 0.541426 0.258508
vt 0.547581 0.254551
vt 0.141453 0.154348
vt 0.140655 0.153955
vt 0.364571 0.815525
vt 0.365579 0.804701
vt 0.641363 0.794125
vt 0.641972 0.804950
vt 0.365579 0.804701
vt 0.366587 0.793877
vt 0.640145 0.772474
vt 0.640754 0.783300
vt 0.367595 0.783053
vt 0.368603 0.772229
vt 0.468064 0.246874
vt 0.474010 0.243703
vt 0.141672 0.151569
vt 0.639536 0.761648
vt 0.369611 0.761405
vt 0.370620 0.750581
vt 0.638926 0.750823
vt 0.446785 0.238151
vt 0.439751 0.236523
vt 0.451272 0.243284
vt 0.370620 0.750581
vt 0.371628 0.739757
vt 0.413748 0.230053
vt 0.417858 0.235176
vt 0.147043 0.143197
vt 0.638317 0.739997
vt 0.371628 0.739757
vt 0.637708 0.729171
vt 0.372636 0.728932
vt 0.401288 0.230620
vt 0.407075 0.228208
vt 0.147177 0.142696
vt 0.372636 0.728932
vt 0.373644 0.718108
vt 0.146850 0.142887
vt 0.145746 0.144617
vt 0.144227 0.145332
vt 0.142602 0.146867
vt 0.142555 0.149012
vt 0.140167 0.152699
vt 0.141439 0.151316
vt 0.141230 0.152138
vt 0.139346 0.154931
vt 0.140802 0.153041
vt 0.140569 0.153081
vt 0.140874 0.153175
vt 0.141308 0.154360
vt 0.141710 0.154368
vt 0.141334 0.154337
vt 0.141135 0.151746
vt 0.481401 0.245095
vt 0.486276 0.250229
vt 0.561412 0.260678
vt 0.159696 0.125600
vt 0.021693 0.429573
vt 0.021693 0.437879
vt 0.648673 0.924031
vt 0.641363 0.794125
vt 0.640754 0.783300
vt 0.638317 0.739997
vt 0.807958 0.400659
vt 0.626890 0.536923
vt 0.158286 0.135548
vt 0.153393 0.137779
vt 0.110639 0.969675
vt 0.451780 0.400659
vt 0.433744 0.334744
vt 0.451780 0.334744
vt 0.433744 0.400659
vt 0.378411 0.533873
vt 0.349450 0.977886
vt 0.099238 0.632161
vt 0.063844 0.149310
vt 0.091139 0.157032
vt 0.061034 0.148976
vt 0.421373 0.371427
vt 0.107410 0.166689
vt 0.651109 0.967333
vt 0.838879 0.050803
vt 0.890529 0.092436
vt 0.021693 0.354813
vt 0.021693 0.371426
vt 0.283152 0.641666
vt 0.276338 0.633195
vt 0.155248 0.173380
vt 0.156876 0.161389
vt 0.154844 0.172873
vt 0.349002 0.321587
vt 0.151741 0.657836
vt 0.186802 0.160589
vt 0.299502 0.288360
vt 0.162173 0.110096
vt 0.570603 0.212332
vt 0.686592 0.212332
vt 0.570603 0.231164
vt 0.686592 0.231164
vt 0.288960 0.105833
vt 0.005222 0.329893
vt 0.029929 0.329893
vt 0.176840 0.632541
vt 0.198736 0.632669
vt 0.176822 0.649478
vt 0.246249 0.329893
vt 0.482197 0.967274
vt 0.519568 0.956390
vt 0.519367 0.967308
vt 0.103345 0.649049
vt 0.435694 0.329893
vt 0.276824 0.624766
vt 0.896248 0.055145
vt 0.283996 0.627009
vt 0.005222 0.437879
vt 0.021693 0.437879
vt 0.439432 0.354813
vt 0.337323 0.975049
vt 0.637402 0.262079
vt 0.136434 0.154824
vt 0.555737 0.255499
vt 0.522969 0.256014
vt 0.517695 0.250866
vt 0.509926 0.249700
vt 0.503884 0.253267
vt 0.368603 0.772229
vt 0.433880 0.239318
vt 0.366587 0.793877
vt 0.367595 0.783053
vt 0.369611 0.761405
vt 0.021693 0.429573
vt 0.021693 0.371426
vt 0.417073 0.371427
vt 0.417073 0.429573
vt 0.646236 0.880729
vt 0.649891 0.945682
vt 0.352474 0.945414
vt 0.358523 0.880470
vt 0.646236 0.880729
vt 0.358523 0.880470
vt 0.645627 0.869904
vt 0.661063 0.924043
vt 0.663950 0.975344
vt 0.651719 0.978159
vt 0.645018 0.859078
vt 0.644409 0.848252
vt 0.643800 0.837427
vt 0.643190 0.826602
vt 0.642581 0.815776
vt 0.641972 0.804950
vt 0.640145 0.772474
vt 0.639536 0.761648
vt 0.638926 0.750823
vt 0.637708 0.729171
vt 0.637099 0.718346
vt 0.639121 0.534108
vt 0.386006 0.225943
vt 0.192883 0.196458
vt 0.169069 0.208872
vt 0.169507 0.169325
vt 0.165346 0.178784
vt 0.258011 0.951469
vt 0.265183 0.953712
vt 0.257040 0.968328
vt 0.264212 0.970571
vt 0.826629 0.334744
vt 0.826629 0.400659
vt 0.807958 0.334744
vt 0.446906 0.306495
vt 0.807958 0.306495
vt 0.446906 0.391243
vt 0.807958 0.391242
vt 0.386506 0.580006
vt 0.388522 0.558358
vt 0.628109 0.558574
vt 0.629327 0.580225
vt 0.158440 0.137170
vt 0.224569 0.208426
vt 0.158243 0.139966
vt 0.241967 0.213349
vt 0.386506 0.580006
vt 0.629327 0.580225
vt 0.378684 0.663988
vt 0.159973 0.133847
vt 0.163957 0.128702
vt 0.298302 0.211565
vt 0.319896 0.221568
vt 0.634053 0.664218
vt 0.637099 0.718346
vt 0.378684 0.663988
vt 0.366802 0.215792
vt 0.634053 0.664218
vt 0.155566 0.131536
vt 0.373644 0.718108
vt 0.116881 0.950646
vt 0.117815 0.967515
vt 0.109704 0.952805
vt 0.390538 0.536710
vt 0.342100 0.923755
vt 0.423523 0.437879
vt 0.423523 0.371427
vt 0.439432 0.437879
vt 0.091594 0.625886
vt 0.098770 0.623726
vt 0.092406 0.640553
vt 0.421373 0.354813
vt 0.423523 0.354813
vt 0.412773 0.437879
vt 0.404173 0.429573
vt 0.404173 0.437879
vt 0.352474 0.945414
vt 0.649891 0.945682
vt 0.350458 0.967062
vt 0.812002 0.090897
vt 0.772678 0.107537
vt 0.798394 0.247742
vt 0.737002 0.216554
vt 0.710922 0.253263
vt 0.665023 0.269278
vt 0.678725 0.269362
vt 0.005222 0.354813
vt 0.005222 0.346506
vt 0.435694 0.354813
vt 0.029929 0.346506
vt 0.195751 0.346506
vt 0.245165 0.346506
vt 0.410987 0.346506
vt 0.435694 0.346506
vt 0.410987 0.329893
vt 0.092406 0.640553
vt 0.103354 0.640617
vt 0.092874 0.648988
vt 0.407744 0.346506
vt 0.409912 0.329893
vt 0.241921 0.346506
vt 0.407744 0.329893
vt 0.103327 0.666058
vt 0.103354 0.640617
vt 0.176804 0.666487
vt 0.176831 0.641046
vt 0.131635 0.180508
vt 0.145993 0.182719
vt 0.123574 0.176626
vt 0.146507 0.180505
vt 0.137212 0.171652
vt 0.118761 0.172544
vt 0.051162 0.181272
vt 0.050552 0.183364
vt 0.241921 0.329893
vt 0.072499 0.177889
vt 0.167159 0.141567
vt 0.541181 0.039090
vt 0.271700 0.667041
vt 0.272037 0.650033
vt 0.198718 0.649606
vt 0.187869 0.129152
vt 0.536757 0.050003
vt 0.027760 0.346506
vt 0.027760 0.329893
vt 0.192508 0.329893
vt 0.192508 0.346506
vt 0.198727 0.641174
vt 0.271700 0.667041
vt 0.198699 0.666615
vt 0.272204 0.641602
vt 0.542078 0.064327
vt 0.570272 0.085021
vt 0.553057 0.045835
vt 0.283152 0.641666
vt 0.282666 0.650095
vt 0.272204 0.641602
vt 0.536956 0.025499
vt 0.433544 0.321587
vt 0.433544 0.329893
vt 0.005222 0.329893
vt 0.005222 0.321587
vt 0.282666 0.650095
vt 0.129845 0.657708
vt 0.092874 0.648988
vt 0.093816 0.666003
vt 0.129836 0.666213
vt 0.151741 0.657836
vt 0.245676 0.658385
vt 0.223781 0.658257
vt 0.281687 0.667099
vt 0.299588 0.321587
vt 0.299588 0.296667
vt 0.349002 0.296667
vt 0.429207 0.321587
vt 0.347917 0.321587
vt 0.347917 0.296667
vt 0.429207 0.288360
vt 0.086512 0.296667
vt 0.005222 0.288360
vt 0.005222 0.321587
vt 0.086512 0.321587
vt 0.245667 0.666889
vt 0.087596 0.321587
vt 0.087596 0.296667
vt 0.137009 0.296667
vt 0.137009 0.321587
vt 0.350372 0.101062
vt 0.351887 0.102774
vt 0.350476 0.086219
vt 0.349008 0.081235
vt 0.135925 0.296667
vt 0.298504 0.296667
vt 0.135925 0.321587
vt 0.298504 0.321587
vt 0.223772 0.666761
vt 0.151732 0.666341
vt 0.156835 0.159124
vt 0.172627 0.149513
vt 0.245667 0.666889
vt 0.223772 0.666761
vt 0.223781 0.658257
vt 0.245676 0.658385
vt 0.129836 0.666213
vt 0.151732 0.666341
vt 0.129845 0.657708
vt 0.281687 0.667099
vt 0.225555 0.690978
vt 0.149896 0.690537
vt 0.093816 0.666003
vt 0.096173 0.708540
vt 0.150911 0.708860
vt 0.418365 0.288360
vt 0.294831 0.288360
vt 0.418365 0.280054
vt 0.294831 0.280054
vt 0.150911 0.708860
vt 0.161964 0.908385
vt 0.096173 0.708540
vt 0.128755 0.288360
vt 0.128755 0.271747
vt 0.299502 0.271747
vt 0.149896 0.690537
vt 0.225555 0.690978
vt 0.210107 0.959258
vt 0.167367 0.116837
vt 0.198015 0.158574
vt 0.159628 0.099919
vt 0.157214 0.101886
vt 0.158637 0.104571
vt 0.164768 0.958993
vt 0.470022 0.548073
vt 0.546990 0.548143
vt 0.469058 0.558431
vt 0.547573 0.558501
vt 0.188656 0.079182
vt 0.172567 0.075380
vt 0.173363 0.072035
vt 0.175270 0.071408
vt 0.270264 0.109017
vt 0.267757 0.909002
vt 0.213019 0.908683
vt 0.224501 0.709289
vt 0.279239 0.709609
vt 0.005222 0.288360
vt 0.005222 0.280054
vt 0.128756 0.280054
vt 0.128756 0.288360
vt 0.224501 0.709289
vt 0.279239 0.709609
vt 0.282918 0.097833
vt 0.280295 0.098396
vt 0.187648 0.077753
vt 0.199811 0.023463
vt 0.189689 0.037331
vt 0.267757 0.909002
vt 0.265310 0.951512
vt 0.213019 0.908683
vt 0.211479 0.935424
vt 0.210571 0.951192
vt 0.089371 0.310052
vt 0.087764 0.322253
vt 0.002783 0.310052
vt 0.004390 0.322253
vt 0.165885 0.115387
vt 0.162441 0.110334
vt 0.160068 0.106238
vt 0.161964 0.908385
vt 0.164321 0.950923
vt 0.107226 0.908066
vt 0.109582 0.950603
vt 0.428234 0.231164
vt 0.568271 0.231164
vt 0.428234 0.249997
vt 0.826629 0.249997
vt 0.826629 0.231164
vt 0.686592 0.231164
vt 0.150776 0.134062
vt 0.167915 0.073481
vt 0.151842 0.135511
vt 0.162152 0.092405
vt 0.424547 0.249997
vt 0.822942 0.249997
vt 0.424547 0.287663
vt 0.158484 0.111620
vt 0.158475 0.130613
vt 0.151227 0.136014
vt 0.151332 0.136854
vt 0.154519 0.142567
vt 0.151386 0.137847
vt 0.161038 0.149706
vt 0.640499 0.558585
vt 0.639895 0.591340
vt 0.644726 0.590228
vt 0.830316 0.249997
vt 0.830316 0.287663
vt 0.822942 0.287663
vt 0.268169 0.926884
vt 0.265337 0.925998
vt 0.265310 0.951512
vt 0.149878 0.135733
vt 0.147789 0.136324
vt 0.107226 0.908066
vt 0.178964 0.157817
vt 0.181368 0.156800
vt 0.000059 0.289361
vt 0.178632 0.077842
vt 0.194676 0.329893
vt 0.196836 0.329893
vt 0.196836 0.346506
vt 0.246249 0.346506
vt 0.225180 0.159113
vt 0.021693 0.354813
vt 0.021693 0.371426
vt 0.005222 0.354813
vt 0.135519 0.156187
vt 0.118479 0.173820
vt 0.153254 0.131898
vt 0.146937 0.142358
vt 0.359531 0.869645
vt 0.359531 0.869645
vt 0.360539 0.858821
vt 0.645627 0.869904
vt 0.621895 0.266009
vt 0.628408 0.261386
vt 0.138536 0.154499
vt 0.645018 0.859078
vt 0.643814 0.267489
vt 0.360539 0.858821
vt 0.361547 0.847998
vt 0.595592 0.259113
vt 0.601659 0.264354
vt 0.141261 0.154485
vt 0.361547 0.847998
vt 0.362555 0.837173
vt 0.644409 0.848252
vt 0.643800 0.837427
vt 0.580735 0.262674
vt 0.587032 0.258344
vt 0.141991 0.154501
vt 0.141431 0.154521
vt 0.362555 0.837173
vt 0.363563 0.826349
vt 0.643190 0.826602
vt 0.363563 0.826349
vt 0.642581 0.815776
vt 0.364571 0.815525
vt 0.541426 0.258508
vt 0.547581 0.254551
vt 0.141453 0.154348
vt 0.140655 0.153955
vt 0.364571 0.815525
vt 0.365579 0.804701
vt 0.641363 0.794125
vt 0.641972 0.804950
vt 0.365579 0.804701
vt 0.366587 0.793877
vt 0.640145 0.772474
vt 0.640754 0.783300
vt 0.367595 0.783053
vt 0.368603 0.772229
vt 0.468064 0.246874
vt 0.474010 0.243703
vt 0.141672 0.151569
vt 0.639536 0.761648
vt 0.369611 0.761405
vt 0.370620 0.750581
vt 0.638926 0.750823
vt 0.446785 0.238151
vt 0.439751 0.236523
vt 0.451272 0.243284
vt 0.370620 0.750581
vt 0.371628 0.739757
vt 0.413748 0.230053
vt 0.417858 0.235176
vt 0.147043 0.143197
vt 0.638317 0.739997
vt 0.371628 0.739757
vt 0.637708 0.729171
vt 0.372636 0.728932
vt 0.401288 0.230620
vt 0.407075 0.228208
vt 0.147177 0.142696
vt 0.372636 0.728932
vt 0.373644 0.718108
vt 0.146850 0.142887
vt 0.145746 0.144617
vt 0.144227 0.145332
vt 0.142602 0.146867
vt 0.142555 0.149012
vt 0.140167 0.152699
vt 0.141439 0.151316
vt 0.141230 0.152138
vt 0.139346 0.154931
vt 0.140802 0.153041
vt 0.140569 0.153081
vt 0.140874 0.153175
vt 0.141308 0.154360
vt 0.141710 0.154368
vt 0.141334 0.154337
vt 0.141135 0.151746
vt 0.481401 0.245095
vt 0.486276 0.250229
vt 0.561412 0.260678
vt 0.159696 0.125600
vt 0.021693 0.429573
vt 0.021693 0.437879
vt 0.648673 0.924031
vt 0.641363 0.794125
vt 0.640754 0.783300
vt 0.638317 0.739997
vt 0.807958 0.400659
vt 0.626890 0.536923
vt 0.158286 0.135548
vt 0.153393 0.137779
vt 0.110639 0.969675
vt 0.451780 0.400659
vt 0.433744 0.334744
vt 0.451780 0.334744
vt 0.433744 0.400659
vt 0.378411 0.533873
vt 0.349450 0.977886
vt 0.099238 0.632161
vt 0.063844 0.149310
vt 0.091139 0.157032
vt 0.061034 0.148976
vt 0.421373 0.371427
vt 0.107410 0.166689
vt 0.651109 0.967333
vt 0.838879 0.050803
vt 0.890529 0.092436
vt 0.021693 0.354813
vt 0.021693 0.371426
vt 0.283152 0.641666
vt 0.276338 0.633195
vt 0.155248 0.173380
vt 0.156876 0.161389
vt 0.154844 0.172873
vt 0.349002 0.321587
vt 0.151741 0.657836
vt 0.186802 0.160589
vt 0.299502 0.288360
vt 0.162173 0.110096
vt 0.570603 0.212332
vt 0.686592 0.212332
vt 0.570603 0.231164
vt 0.686592 0.231164
vt 0.288960 0.105833
vt 0.005222 0.329893
vt 0.029929 0.329893
vt 0.176840 0.632541
vt 0.198736 0.632669
vt 0.176822 0.649478
vt 0.246249 0.329893
vt 0.482197 0.967274
vt 0.519568 0.956390
vt 0.519367 0.967308
vt 0.103345 0.649049
vt 0.435694 0.329893
vt 0.276824 0.624766
vt 0.896248 0.055145
vt 0.283996 0.627009
vt 0.005222 0.437879
vt 0.021693 0.437879
vt 0.439432 0.354813
vt 0.337323 0.975049
vt 0.637402 0.262079
vt 0.136434 0.154824
vt 0.555737 0.255499
vt 0.522969 0.256014
vt 0.517695 0.250866
vt 0.509926 0.249700
vt 0.503884 0.253267
vt 0.368603 0.772229
vt 0.433880 0.239318
vt 0.366587 0.793877
vt 0.367595 0.783053
vt 0.369611 0.761405
vt 0.265310 0.951512
vt 0.109582 0.950603
vt 0.428234 0.287663
vt 0.826629 0.287663
vt 0.428234 0.306495
vt 0.826629 0.306495
vt 0.265310 0.951512
vt 0.109582 0.950603
vt 0.428234 0.287663
vt 0.826629 0.287663
vt 0.428234 0.306495
vt 0.826629 0.306495
vt 0.265310 0.951512
vt 0.109582 0.950603
vt 0.428234 0.287663
vt 0.826629 0.287663
vt 0.428234 0.306495
vt 0.826629 0.306495
vt 0.265310 0.951512
vt 0.109582 0.950603
vt 0.428234 0.287663
vt 0.826629 0.287663
vt 0.428234 0.306495
vt 0.826629 0.306495
vt 0.265310 0.951512
vt 0.109582 0.950603
vt 0.428234 0.287663
vt 0.826629 0.287663
vt 0.428234 0.306495
vt 0.826629 0.306495
vt 0.265310 0.951512
vt 0.109582 0.950603
vt 0.428234 0.287663
vt 0.826629 0.287663
vt 0.428234 0.306495
vt 0.826629 0.306495
vt 0.265310 0.951512
vt 0.109582 0.950603
vt 0.428234 0.287663
vt 0.826629 0.287663
vt 0.428234 0.306495
vt 0.826629 0.306495
vt 0.265310 0.951512
vt 0.109582 0.950603
vt 0.428234 0.287663
vt 0.826629 0.287663
vt 0.428234 0.306495
vt 0.826629 0.306495
vt 0.265310 0.951512
vt 0.109582 0.950603
vt 0.428234 0.287663
vt 0.826629 0.287663
vt 0.428234 0.306495
vt 0.826629 0.306495
vt 0.265310 0.951512
vt 0.109582 0.950603
vt 0.428234 0.287663
vt 0.826629 0.287663
vt 0.428234 0.306495
vt 0.826629 0.306495
vt 0.265310 0.951512
vt 0.109582 0.950603
vt 0.428234 0.287663
vt 0.826629 0.287663
vt 0.428234 0.306495
vt 0.826629 0.306495
vt 0.265310 0.951512
vt 0.109582 0.950603
vt 0.428234 0.287663
vt 0.826629 0.287663
vt 0.428234 0.306495
vt 0.826629 0.306495
vt 0.265310 0.951512
vt 0.109582 0.950603
vt 0.428234 0.287663
vt 0.826629 0.287663
vt 0.428234 0.306495
vt 0.826629 0.306495
vt 0.265310 0.951512
vt 0.109582 0.950603
vt 0.428234 0.287663
vt 0.826629 0.287663
vt 0.428234 0.306495
vt 0.826629 0.306495
vt 0.265310 0.951512
vt 0.109582 0.950603
vt 0.428234 0.287663
vt 0.826629 0.287663
vt 0.428234 0.306495
vt 0.826629 0.306495
vt 0.265310 0.951512
vt 0.109582 0.950603
vt 0.428234 0.287663
vt 0.826629 0.287663
vt 0.428234 0.306495
vt 0.826629 0.306495
vt 0.265310 0.951512
vt 0.109582 0.950603
vt 0.428234 0.287663
vt 0.826629 0.287663
vt 0.428234 0.306495
vt 0.826629 0.306495
vt 0.265310 0.951512
vt 0.109582 0.950603
vt 0.428234 0.287663
vt 0.826629 0.287663
vt 0.428234 0.306495
vt 0.826629 0.306495
vt 0.265310 0.951512
vt 0.109582 0.950603
vt 0.428234 0.287663
vt 0.826629 0.287663
vt 0.428234 0.306495
vt 0.826629 0.306495
vt 0.265310 0.951512
vt 0.109582 0.950603
vt 0.428234 0.287663
vt 0.826629 0.287663
vt 0.428234 0.306495
vt 0.826629 0.306495
vt 0.265310 0.951512
vt 0.109582 0.950603
vt 0.428234 0.287663
vt 0.826629 0.287663
vt 0.428234 0.306495
vt 0.826629 0.306495
vt 0.265310 0.951512
vt 0.109582 0.950603
vt 0.428234 0.287663
vt 0.826629 0.287663
vt 0.428234 0.306495
vt 0.826629 0.306495
vt 0.265310 0.951512
vt 0.109582 0.950603
vt 0.428234 0.287663
vt 0.826629 0.287663
vt 0.428234 0.306495
vt 0.826629 0.306495
vt 0.265310 0.951512
vt 0.109582 0.950603
vt 0.428234 0.287663
vt 0.826629 0.287663
vt 0.428234 0.306495
vt 0.826629 0.306495
vn 0.1305 0.0000 -0.9914
vn 0.1305 -0.0000 -0.9915
vn 0.1309 -0.0000 -0.9914
vn 0.0000 -1.0000 -0.0000
vn -0.0011 -1.0000 -0.0000
vn -0.0001 -1.0000 0.0010
vn -0.0003 -1.0000 0.0010
vn -0.0001 -1.0000 -0.0000
vn -0.9659 0.0001 -0.2588
vn -0.9659 -0.0000 -0.2588
vn -0.9659 0.0000 -0.2589
vn -0.2153 0.5547 0.8037
vn -0.2154 0.5547 0.8037
vn -0.2144 0.5546 0.8040
vn -0.2155 0.5539 0.8042
vn -0.2147 0.5543 0.8042
vn -0.2588 -0.0000 0.9659
vn -0.2589 0.0000 0.9659
vn -0.1306 0.0000 0.9914
vn -0.1305 0.0000 0.9914
vn -0.1306 0.0003 0.9914
vn -0.1310 0.0000 0.9914
vn -0.1306 -0.0003 0.9914
vn 0.1306 -0.0000 -0.9914
vn 0.0003 -1.0000 -0.0000
vn 0.0000 -1.0000 -0.0003
vn -0.0001 -1.0000 0.0003
vn -0.1306 0.0005 0.9914
vn -0.1311 0.0000 0.9914
vn -0.1306 -0.0006 0.9914
vn -0.1306 0.0006 0.9914
vn -0.0001 -1.0000 0.0009
vn -0.0009 -1.0000 -0.0002
vn 0.0000 -1.0000 -0.0009
vn -0.9662 0.0000 -0.2578
vn -0.9659 -0.0011 -0.2588
vn -0.9660 -0.0010 -0.2586
vn -0.0003 -1.0000 0.0009
vn 1.0000 0.0003 -0.0001
vn 1.0000 -0.0003 0.0000
vn 1.0000 -0.0003 0.0001
vn 1.0000 0.0000 -0.0000
vn 0.0000 0.5538 0.8326
vn 0.0009 0.5546 0.8321
vn -0.0005 0.5544 0.8322
vn 0.0000 0.0000 -1.0000
vn 0.0000 1.0000 0.0000
vn 1.0000 -0.0001 -0.0000
vn -0.9659 -0.0012 -0.2589
vn -0.9658 0.0011 -0.2592
vn -0.9658 -0.0009 -0.2593
vn 0.1306 0.0006 -0.9914
vn 0.1311 -0.0000 -0.9914
vn 0.1306 -0.0006 -0.9914
vn 0.1305 -0.0003 -0.9914
vn 0.1305 0.0004 -0.9914
vn 0.1305 -0.0001 -0.9914
vn 0.1306 -0.0005 -0.9914
vn 0.1305 0.0001 -0.9914
vn 0.0009 1.0000 -0.0000
vn 0.0001 1.0000 -0.0009
vn 0.0002 1.0000 0.0009
vn 0.9916 0.0004 0.1297
vn 0.9914 0.0009 0.1305
vn 0.9915 -0.0006 0.1299
vn -0.9914 -0.0000 -0.1306
vn -0.9914 0.0000 -0.1305
vn 0.0126 -0.9978 -0.0651
vn 0.0123 -0.9980 -0.0624
vn 0.0119 -0.9981 -0.0598
vn -0.0083 0.9945 0.1042
vn -0.0088 0.9941 0.1077
vn -0.0079 0.9949 0.1007
vn 0.0077 -0.9939 -0.1104
vn 0.0071 -0.9943 -0.1059
vn 0.0083 -0.9934 -0.1148
vn -0.9848 -0.0000 -0.1737
vn -0.9848 0.0000 -0.1736
vn -0.9850 -0.0005 -0.1727
vn -0.9848 0.0012 -0.1736
vn -0.9849 -0.0009 -0.1730
vn 0.0009 1.0000 0.0002
vn 0.0004 1.0000 -0.0008
vn -0.0056 -1.0000 -0.0037
vn -0.0061 -1.0000 -0.0000
vn -0.0056 -1.0000 -0.0040
vn 0.1306 0.0003 -0.9914
vn 0.1310 -0.0000 -0.9914
vn -0.0000 1.0000 0.0001
vn 0.0000 1.0000 -0.0001
vn 0.1307 0.0003 -0.9914
vn 0.1295 0.0000 -0.9916
vn 0.1302 0.0010 -0.9915
vn 0.1304 -0.0010 -0.9915
vn 0.1306 0.0004 -0.9914
vn 0.1307 -0.0012 -0.9914
vn 0.1306 0.0011 -0.9914
vn 0.1306 0.0012 -0.9914
vn 0.1308 0.0006 -0.9914
vn 0.1307 -0.0009 -0.9914
vn 0.9914 -0.0002 0.1311
vn 0.9914 -0.0006 0.1306
vn 0.9914 -0.0000 0.1312
vn 0.1301 -0.0009 -0.9915
vn 0.1305 -0.0011 -0.9914
vn -0.9915 -0.0000 -0.1305
vn -0.9915 0.0001 -0.1302
vn 0.9914 -0.0001 0.1308
vn 0.9914 -0.0005 0.1306
vn 0.9914 0.0000 0.1308
vn 0.0237 -0.9866 -0.1616
vn 0.0239 -0.9863 -0.1633
vn 0.0241 -0.9860 -0.1649
vn 0.0119 -0.9961 -0.0871
vn 0.0119 -0.9961 -0.0874
vn 0.0119 -0.9961 -0.0872
vn 0.1314 -0.0000 -0.9913
vn 0.0009 1.0000 -0.0003
vn -1.0000 0.0010 -0.0002
vn -1.0000 0.0011 0.0000
vn -1.0000 -0.0011 -0.0000
vn -1.0000 -0.0000 -0.0000
vn -1.0000 0.0001 0.0000
vn 0.9660 -0.0007 0.2587
vn 0.9660 -0.0010 0.2586
vn 0.9659 0.0008 0.2588
vn 0.9659 -0.0000 0.2588
vn 0.9659 0.0000 0.2589
vn 0.9659 -0.0001 0.2588
vn 0.0010 1.0000 -0.0004
vn 0.0001 1.0000 -0.0010
vn 0.0010 1.0000 0.0003
vn 0.1305 0.0003 -0.9914
vn -0.1305 0.0003 0.9914
vn -0.1305 -0.0000 0.9915
vn -0.1296 -0.0000 0.9916
vn -0.1305 0.0009 0.9914
vn -0.1305 -0.0009 0.9915
vn -0.1167 -0.9932 0.0000
vn -0.1305 0.0001 0.9914
vn -0.0010 -1.0000 -0.0001
vn -0.0002 -1.0000 0.0010
vn -0.1317 0.0000 0.9913
vn -0.1306 -0.0012 0.9914
vn -0.1307 0.0012 0.9914
vn 0.0025 -1.0000 -0.0015
vn 0.0027 -1.0000 -0.0030
vn 0.0023 -1.0000 0.0000
vn -0.0152 0.9989 0.0441
vn -0.0160 0.9986 0.0503
vn -0.0168 0.9983 0.0565
vn 0.0001 1.0000 0.0000
vn -0.2593 0.0001 0.9658
vn -0.2594 -0.0000 0.9658
vn -0.2589 -0.0005 0.9659
vn -0.1307 0.0009 0.9914
vn -0.1314 -0.0000 0.9913
vn -0.1307 0.0008 0.9914
vn 0.9660 -0.0003 0.2587
vn 0.9914 -0.0000 0.1306
vn 0.9914 0.0000 0.1305
vn 0.9914 -0.0000 0.1311
vn 0.9914 0.0006 0.1306
vn 0.9914 0.0003 0.1312
vn 0.2589 0.0005 -0.9659
vn 0.2594 0.0000 -0.9658
vn 0.2593 -0.0004 -0.9658
vn -0.7457 0.6663 -0.0000
vn -0.7458 0.6662 0.0000
vn -0.0035 -1.0000 -0.0000
vn -0.0014 -1.0000 -0.0000
vn -0.6527 0.7576 0.0000
vn 0.1306 0.0005 -0.9914
vn -0.1305 -0.0003 0.9914
vn -0.1309 0.0000 0.9914
vn -0.0000 -1.0000 0.0003
vn -0.0003 -1.0000 -0.0001
vn 0.0001 -1.0000 -0.0009
vn -0.0009 -1.0000 -0.0000
vn 0.1302 0.0000 -0.9915
vn 0.1306 0.0009 -0.9914
vn 0.1306 0.0008 -0.9914
vn -0.9659 -0.0001 -0.2588
vn -0.1306 -0.0005 0.9914
vn 0.0418 -0.9991 -0.0000
vn 0.0419 -0.9991 -0.0000
vn 0.0443 -0.9990 -0.0000
vn 0.8334 -0.5527 0.0000
vn -0.0321 -0.9995 0.0000
vn -0.0320 -0.9995 -0.0000
vn 0.0334 0.9994 -0.0000
vn 0.0335 0.9994 -0.0000
vn 0.0327 -0.9995 -0.0000
vn 0.0328 -0.9995 -0.0000
vn 1.0000 0.0000 -0.0001
vn -0.1302 0.0000 0.9915
vn 0.1305 0.0011 -0.9914
vn 0.1305 -0.0009 -0.9914
vn 0.0001 -1.0000 0.0000
vn 0.0009 -1.0000 0.0002
vn 0.0009 -1.0000 0.0003
vn -0.9656 0.0000 -0.2600
vn -0.9656 0.0004 -0.2599
vn -0.2578 0.0000 0.9662
vn -0.2578 0.0003 0.9662
vn -0.2588 0.0011 0.9659
vn -0.0010 0.5546 0.8321
vn -0.0007 0.5543 0.8323
vn -0.0000 0.0000 1.0000
vn 0.0001 0.0000 1.0000
vn -0.0001 -0.0000 -1.0000
vn -0.0011 -0.0000 1.0000
vn 0.0011 -0.0000 1.0000
vn -0.3527 -0.9357 0.0000
vn -0.9660 -0.0000 -0.2585
vn 0.9913 -0.0004 0.1314
vn 0.9914 0.0002 0.1308
vn 0.9915 0.0000 0.1305
vn -0.9914 -0.0001 -0.1305
vn 0.1304 -0.0003 -0.9915
vn -0.0000 1.0000 0.0003
vn -0.0003 1.0000 -0.0000
vn 0.0001 1.0000 -0.0003
vn 0.9914 -0.0012 0.1306
vn 0.9913 0.0000 0.1317
vn 0.9913 -0.0004 0.1317
vn 0.9914 0.0003 0.1306
vn 0.9914 0.0000 0.1309
vn -1.0000 -0.0001 -0.0000
vn -0.1292 0.0000 0.9916
vn -0.1305 0.0013 0.9914
vn -0.1303 -0.0012 0.9915
vn 0.1303 0.0003 -0.9915
vn 0.1307 -0.0003 -0.9914
vn -0.9659 -0.0006 -0.2589
vn -0.9658 0.0002 -0.2594
vn -0.9658 0.0000 -0.2594
vn 0.2594 0.0001 -0.9658
vn 0.2579 -0.0000 -0.9662
vn 0.2582 0.0006 -0.9661
vn 0.2580 -0.0002 -0.9662
vn 0.0001 -0.0000 -1.0000
vn -0.8334 -0.5527 0.0000
vn 0.0314 0.9995 0.0000
vn 0.0313 0.9995 -0.0000
vn 0.0000 0.0000 0.0000
vn -0.0010 -1.0000 -0.0003
vn 0.0001 -1.0000 -0.0011
vn 0.0001 -1.0000 -0.0010
vn -0.0335 -0.9994 0.0000
vn -0.0334 -0.9994 -0.0000
vn 0.9914 0.0000 -0.1305
vn 0.9914 -0.0000 -0.1309
vn 0.9915 0.0000 -0.1305
vn -0.0000 -1.0000 0.0001
vn 0.0000 -1.0000 -0.0001
vn -0.8321 0.5546 0.0009
vn -0.8325 0.5540 0.0000
vn -0.8323 0.5543 0.0007
vn -0.8321 0.5546 -0.0009
vn -0.8326 0.5538 0.0000
vn -0.9916 0.0000 0.1295
vn -0.9914 -0.0011 0.1305
vn -0.9915 0.0010 0.1303
vn -0.9914 -0.0006 0.1307
vn -0.9913 -0.0000 0.1314
vn -0.9914 0.0006 0.1306
vn 0.9914 -0.0000 -0.1306
vn -0.9914 -0.0005 0.1306
vn -0.9914 0.0000 0.1311
vn -0.9914 -0.0000 0.1306
vn -0.9914 0.0000 0.1305
vn -0.0011 -1.0000 -0.0001
vn -0.0000 -1.0000 0.0011
vn -0.0010 -1.0000 0.0001
vn 0.2588 0.0000 0.9659
vn 0.2588 0.0003 0.9659
vn 0.2591 0.0000 0.9658
vn 0.2588 -0.0003 0.9659
vn -0.8030 0.5557 0.2153
vn -0.8034 0.5548 0.2162
vn -0.8031 0.5552 0.2161
vn 0.0001 -1.0000 0.0003
vn -0.0001 -1.0000 -0.0003
vn -0.0002 -1.0000 -0.0003
vn 0.9659 -0.0008 -0.2590
vn 0.9657 0.0000 -0.2597
vn 0.9657 0.0002 -0.2597
vn 0.2577 -0.0001 0.9662
vn 0.2588 -0.0011 0.9659
vn 0.2578 0.0000 0.9662
vn 0.2588 0.0001 0.9659
vn 0.2589 -0.0000 0.9659
vn 0.0002 -1.0000 0.0009
vn 0.0009 -1.0000 -0.0001
vn -0.0000 0.0011 -1.0000
vn -0.0003 -0.0010 -1.0000
vn 0.0005 -0.0009 -1.0000
vn 0.9914 -0.0012 -0.1306
vn 0.9913 -0.0000 -0.1317
vn 0.9914 0.0012 -0.1306
vn 0.9914 0.0005 -0.1305
vn 0.9914 0.0002 -0.1305
vn 0.9914 0.0006 -0.1305
vn 0.9914 -0.0001 -0.1305
vn 0.0001 1.0000 0.0003
vn 0.0003 1.0000 -0.0002
vn 0.1297 -0.0004 0.9916
vn 0.1305 0.0009 0.9914
vn 0.1299 0.0006 0.9915
vn -0.1306 0.0000 -0.9914
vn -0.1305 -0.0000 -0.9914
vn 0.0009 -1.0000 -0.0000
vn 0.0001 -1.0000 0.0009
vn -0.0003 -1.0000 0.0000
vn -0.9031 0.3001 -0.3072
vn -0.9467 -0.0012 -0.3220
vn -0.9024 -0.3024 -0.3070
vn 0.9934 0.0000 -0.1144
vn 0.9934 -0.0108 -0.1144
vn 0.9934 -0.0109 -0.1144
vn -0.0328 -0.9995 0.0039
vn -0.0326 -0.9995 0.0039
vn -0.0329 -0.9994 0.0039
vn 0.9914 -0.0006 -0.1307
vn 0.9914 0.0000 -0.1311
vn 0.9914 -0.0005 -0.1306
vn -0.0000 1.0000 -0.0003
vn 0.0003 1.0000 0.0000
vn -0.0863 0.0000 -0.9963
vn -0.0872 0.0009 -0.9962
vn -0.0866 0.0009 -0.9962
vn -0.0872 -0.0000 -0.9962
vn -0.0872 0.0001 -0.9962
vn -0.0871 0.0000 -0.9962
vn 0.0003 1.0000 0.0001
vn 0.0397 0.9992 -0.0045
vn 0.0400 0.9992 -0.0045
vn 0.0405 0.9992 -0.0046
vn -0.0001 1.0000 0.0000
vn 0.0003 1.0000 -0.0001
vn -0.0003 1.0000 0.0001
vn 0.9914 0.0001 -0.1305
vn 0.9916 0.0000 -0.1296
vn 0.9915 -0.0009 -0.1303
vn 0.9915 0.0009 -0.1304
vn 0.9914 -0.0004 -0.1305
vn 0.9914 0.0003 -0.1306
vn 0.1302 -0.0001 0.9915
vn 0.1305 0.0000 0.9914
vn 0.1306 -0.0000 0.9914
vn 0.9915 0.0008 -0.1301
vn 0.9914 0.0009 -0.1305
vn 0.9914 -0.0003 -0.1307
vn -0.1302 -0.0001 -0.9915
vn -0.0192 -0.9998 -0.0051
vn -0.0142 -0.9999 -0.0057
vn -0.0092 -0.9999 -0.0064
vn 0.0712 0.9975 0.0040
vn 0.0624 0.9980 0.0052
vn 0.0711 0.9975 0.0040
vn -0.0009 1.0000 0.0002
vn -0.0009 1.0000 0.0003
vn -0.0009 1.0000 0.0001
vn -0.2588 -0.0000 -0.9659
vn -0.2588 0.0001 -0.9659
vn -0.2590 0.0003 -0.9659
vn -0.2589 -0.0007 -0.9659
vn -0.2587 0.0009 -0.9660
vn -0.2579 0.0000 -0.9662
vn -0.2586 -0.0010 -0.9660
vn -0.0002 1.0000 -0.0003
vn -0.0002 -1.0000 -0.0009
vn -0.0009 -1.0000 0.0001
vn 0.9914 -0.0010 -0.1306
vn 0.9913 0.0000 -0.1316
vn -0.9914 -0.0006 0.1306
vn 0.0000 1.0000 0.0009
vn -0.0297 0.9994 -0.0165
vn -0.0255 0.9997 -0.0007
vn -0.0213 0.9997 0.0150
vn 0.0010 1.0000 -0.0001
vn 0.0003 1.0000 0.0010
vn 0.0010 1.0000 0.0002
vn -0.9915 0.0011 0.1305
vn -0.9914 0.0001 0.1305
vn -0.0001 -1.0000 -0.0009
vn -0.9916 0.0000 0.1296
vn -0.9914 -0.0009 0.1305
vn -0.9915 0.0009 0.1304
vn 0.0009 1.0000 -0.0001
vn 0.0001 1.0000 0.0009
vn 1.0000 0.0015 0.0000
vn 0.9961 0.0887 0.0000
vn 0.9963 -0.0857 -0.0000
vn -0.0266 0.9996 0.0011
vn -0.0250 0.9997 0.0009
vn -0.0234 0.9997 0.0007
vn 0.0001 1.0000 0.0010
vn 0.0011 1.0000 -0.0000
vn -1.0000 -0.0000 0.0001
vn -1.0000 0.0000 -0.0001
vn -0.0001 -1.0000 -0.0010
vn -0.2588 -0.0011 -0.9659
vn -0.2584 -0.0010 -0.9660
vn -0.2578 0.0000 -0.9662
vn -0.2581 -0.0008 -0.9661
vn 0.1295 -0.0005 0.9916
vn 0.1305 -0.0012 0.9914
vn 0.1296 0.0009 0.9916
vn 0.1305 0.0000 0.9915
vn 0.9914 0.0003 -0.1305
vn 0.9915 -0.0003 -0.1304
vn 1.0000 0.0000 0.0001
vn -0.0528 0.9705 -0.2353
vn -0.0544 0.9689 -0.2415
vn -0.0511 0.9721 -0.2290
vn -0.0036 1.0000 -0.0013
vn -0.0041 1.0000 -0.0033
vn -0.0030 1.0000 0.0007
vn 0.0939 -0.9951 -0.0294
vn 0.1112 -0.9932 0.0342
vn 0.1280 -0.9869 0.0977
vn 0.9916 -0.0000 -0.1295
vn 0.9914 0.0011 -0.1305
vn -0.0000 -1.0000 0.0009
vn -0.0010 -1.0000 0.0002
vn -0.0003 -1.0000 -0.0010
vn 0.9914 -0.0006 -0.1306
vn 0.0010 -1.0000 -0.0002
vn 0.0010 -1.0000 -0.0001
vn 0.0003 -1.0000 0.0010
vn 0.0587 -0.9687 0.2410
vn 0.0578 -0.9697 0.2375
vn 0.0597 -0.9678 0.2445
vn -0.9914 -0.0012 0.1306
vn -0.9913 -0.0000 0.1317
vn -0.9914 0.0012 0.1306
vn 1.0000 -0.0023 -0.0000
vn 0.6441 0.7650 0.0001
vn 0.6405 -0.7680 -0.0002
vn -0.2144 -0.0006 -0.9768
vn -0.2145 0.0299 -0.9763
vn -0.2140 -0.0311 -0.9763
vn 0.1748 -0.7822 0.5981
vn 0.1749 -0.7819 0.5983
vn 0.1729 -0.7880 0.5909
vn 0.0947 -0.1094 0.9895
vn 0.0971 0.0000 0.9953
vn 0.0983 0.1095 0.9891
vn 0.0040 -0.9985 0.0548
vn 0.0076 -0.9977 0.0679
vn 0.0058 -0.9981 0.0614
vn -0.1427 -0.6756 -0.7234
vn -0.1369 -0.6994 -0.7015
vn -0.1310 -0.7225 -0.6788
vn -0.0104 0.9596 -0.2813
vn -0.0106 0.9594 -0.2819
vn 0.0001 0.9702 -0.2422
vn 0.2585 -0.0000 0.9660
vn -0.9914 -0.0000 0.1309
vn -0.9914 0.0003 0.1305
vn 0.2589 0.0012 0.9659
vn 0.2600 0.0000 0.9656
vn 0.2591 0.0010 0.9659
vn 0.2588 -0.0009 0.9659
vn 0.2587 -0.0009 0.9659
vn 0.2590 0.0006 0.9659
vn 0.2589 -0.0006 0.9659
vn 0.2592 -0.0005 0.9658
vn -0.8039 0.5546 0.2149
vn -0.8040 0.5544 0.2149
vn -0.8041 0.5541 0.2154
vn -0.9659 0.0000 0.2589
vn -0.9659 0.0000 0.2588
vn 0.9659 0.0000 -0.2588
vn 0.2583 -0.0001 0.9661
vn 0.2593 0.0001 0.9658
vn -0.0076 -1.0000 0.0063
vn -0.0104 -0.9999 -0.0051
vn -0.0090 -1.0000 0.0006
vn 0.0011 0.0000 -1.0000
vn 0.0003 0.0010 -1.0000
vn -0.0010 -0.0004 -1.0000
vn 0.9915 0.0009 -0.1305
vn 0.0009 1.0000 0.0003
vn 0.1305 -0.0011 0.9914
vn 0.1298 0.0007 0.9915
vn 0.1295 0.0000 0.9916
vn -0.1303 0.0003 -0.9915
vn 0.1305 -0.0003 0.9914
vn 0.1302 0.0000 0.9915
vn 0.1308 0.0001 0.9914
vn -0.2589 -0.0000 -0.9659
vn -0.2589 0.0010 -0.9659
vn -0.2592 0.0010 -0.9658
vn -0.2591 0.0011 -0.9658
vn -0.2594 -0.0000 -0.9658
vn -0.2591 0.0005 -0.9658
vn -0.2589 -0.0006 -0.9659
vn -0.9915 -0.0000 0.1305
vn -0.9914 -0.0003 0.1306
vn 0.9914 0.0001 -0.1306
vn -0.0003 1.0000 -0.0001
vn 1.0000 0.0001 0.0000
vn 0.9657 0.0001 -0.2595
vn -0.9914 0.0009 0.1305
vn 0.9914 -0.0011 -0.1306
vn 0.9914 -0.0003 -0.1305
vn 0.1069 -0.8923 0.4387
vn 0.1084 -0.8893 0.4443
vn 0.1068 -0.8924 0.4384
vn 0.0159 -0.9768 0.2134
vn 0.0293 -0.9642 0.2634
vn 0.0226 -0.9709 0.2385
vn 0.0310 -0.9965 0.0776
vn 0.0343 -0.9953 0.0902
vn 0.0326 -0.9959 0.0839
vn 0.0636 0.9675 0.2446
vn 0.0630 0.9681 0.2423
vn 0.0633 0.9678 0.2434
vn -0.0003 -1.0000 0.0001
vn 0.3829 -0.0009 0.9238
vn 0.3833 -0.0000 0.9236
vn 0.3827 0.0006 0.9239
vn 0.3826 0.0000 0.9239
vn 0.3827 0.0000 0.9239
vn -0.0010 -1.0000 -0.0002
vn -0.0010 -1.0000 0.0003
vn -0.0011 -1.0000 0.0001
vn 0.9659 -0.0008 -0.2588
vn 0.9659 0.0008 -0.2588
vn 0.9660 -0.0005 -0.2585
vn 0.9659 -0.0000 -0.2589
vn -0.2154 0.5547 -0.8037
vn -0.2153 0.5547 -0.8037
vn -0.2588 0.0010 -0.9659
vn -0.2577 0.0000 -0.9662
vn -0.2578 -0.0003 -0.9662
vn -0.3827 0.0000 -0.9239
vn -0.3826 0.0000 -0.9239
vn 0.3816 -0.0000 0.9243
vn 0.3826 -0.0012 0.9239
vn 0.3826 0.0012 0.9239
vn -0.0009 -1.0000 0.0005
vn -0.0004 -1.0000 -0.0010
vn -0.0002 -1.0000 -0.0010
vn 0.9662 -0.0000 -0.2578
vn 0.9659 0.0011 -0.2588
vn 0.9660 0.0010 -0.2586
vn 0.9659 -0.0003 -0.2589
vn 0.9660 0.0000 -0.2584
vn 0.9659 0.0003 -0.2588
vn 0.9659 0.0001 -0.2588
vn -0.8660 0.0004 0.5001
vn -0.8660 -0.0003 0.5000
vn -0.8660 0.0000 0.5000
vn -0.4158 0.5552 -0.7203
vn -0.4153 0.5548 -0.7209
vn -0.4163 0.5549 -0.7202
vn 0.5000 0.0009 0.8660
vn 0.4992 -0.0000 0.8665
vn 0.4992 -0.0002 0.8665
vn -0.8660 0.0000 0.5001
vn -0.8660 0.0001 0.5000
vn 0.9659 -0.0001 -0.2588
vn 0.9660 0.0001 -0.2585
vn 0.9657 0.0000 -0.2596
vn 0.9659 0.0006 -0.2589
vn 0.9659 -0.0006 -0.2591
vn 0.3827 -0.0003 0.9239
vn 0.3827 -0.0004 0.9239
vn 0.3827 0.0004 0.9239
vn 0.3827 0.0001 0.9239
vn 0.3827 -0.0006 0.9239
vn 0.3827 -0.0002 0.9239
vn 0.3827 -0.0001 0.9239
vn 0.3837 0.0000 0.9235
vn 0.3831 0.0010 0.9237
vn 0.3828 0.0011 0.9238
vn 0.3828 0.0009 0.9238
vn 0.3832 0.0007 0.9237
vn -0.9239 -0.0000 0.3826
vn -0.9239 0.0000 0.3827
vn -0.9238 -0.0002 0.3829
vn 0.9239 -0.0000 -0.3826
vn 0.9239 0.0000 -0.3827
vn 0.9239 -0.0001 -0.3827
vn -0.0286 0.9930 -0.1145
vn -0.0330 0.9916 -0.1252
vn -0.0374 0.9900 -0.1358
vn -0.0730 0.9821 -0.1736
vn -0.0728 0.9822 -0.1730
vn -0.0733 0.9820 -0.1742
vn 0.0254 -0.9967 0.0771
vn 0.0238 -0.9970 0.0733
vn 0.0269 -0.9964 0.0808
vn 0.0003 -1.0000 -0.0001
vn -0.0008 -1.0000 0.0003
vn 0.0003 -1.0000 0.0008
vn 0.0003 -1.0000 0.0009
vn 0.3835 -0.0000 0.9235
vn 0.3827 0.0009 0.9239
vn 0.3828 -0.0009 0.9238
vn 0.9397 -0.0000 -0.3420
vn 0.9397 0.0000 -0.3421
vn 0.9397 -0.0001 -0.3420
vn 0.9397 -0.0001 -0.3421
vn -0.0135 0.9993 -0.0360
vn -0.0132 0.9993 -0.0353
vn -0.0135 0.9993 -0.0361
vn 0.0002 1.0000 0.0003
vn -0.0003 1.0000 0.0002
vn -0.0001 1.0000 -0.0003
vn 0.0009 1.0000 -0.0002
vn 0.0003 1.0000 0.0009
vn 0.0004 1.0000 0.0008
vn 0.3834 0.0000 0.9236
vn 0.3829 0.0006 0.9238
vn 0.3828 -0.0006 0.9238
vn 0.3827 -0.0005 0.9239
vn 0.3828 -0.0005 0.9238
vn 0.3827 0.0003 0.9239
vn 0.3829 -0.0004 0.9238
vn 0.3828 -0.0007 0.9238
vn -0.9239 -0.0001 0.3827
vn 0.0415 0.9821 0.1838
vn 0.0334 0.9859 0.1643
vn 0.0415 0.9821 0.1837
vn -0.0153 -0.9994 -0.0303
vn -0.0146 -0.9995 -0.0287
vn -0.0140 -0.9995 -0.0271
vn -0.0002 1.0000 -0.0010
vn -0.0004 1.0000 -0.0010
vn -0.0010 1.0000 0.0004
vn 0.0002 1.0000 0.0010
vn 0.0005 1.0000 0.0009
vn 0.0009 1.0000 -0.0005
vn 0.3824 0.0000 0.9240
vn 0.3827 0.0005 0.9239
vn 0.3830 -0.0000 0.9238
vn 0.8659 -0.0004 -0.5002
vn 0.8659 0.0006 -0.5002
vn 0.8660 -0.0005 -0.5001
vn 0.8659 -0.0006 -0.5002
vn 0.8658 0.0008 -0.5004
vn 0.8660 -0.0000 -0.5000
vn 0.0006 1.0000 -0.0007
vn 0.0008 1.0000 -0.0005
vn -0.9659 0.0001 0.2588
vn -0.9658 0.0009 0.2591
vn -0.9658 -0.0009 0.2591
vn -0.9657 -0.0000 0.2597
vn -0.9659 -0.0005 0.2589
vn -0.9659 -0.0006 0.2590
vn -0.0003 1.0000 -0.0008
vn 0.4081 0.8853 -0.2229
vn 0.4025 0.8887 -0.2196
vn 0.3968 0.8921 -0.2163
vn -0.3827 0.0001 -0.9239
vn -0.3828 -0.0009 -0.9238
vn -0.3827 0.0008 -0.9239
vn -0.3827 -0.0006 -0.9239
vn -0.0203 -0.9978 -0.0631
vn -0.0190 -0.9980 -0.0598
vn -0.0217 -0.9976 -0.0664
vn 0.0002 -0.9999 -0.0116
vn -0.0010 -0.9999 -0.0145
vn -0.0022 -0.9998 -0.0174
vn -0.2591 -0.0001 -0.9658
vn -0.2585 0.0000 -0.9660
vn -0.2588 -0.0001 -0.9659
vn -0.3827 0.0003 -0.9239
vn 0.0005 1.0000 -0.0008
vn 0.8659 0.0009 -0.5002
vn 0.8659 -0.0009 -0.5002
vn 0.8658 0.0006 -0.5004
vn 0.8658 0.0009 -0.5004
vn 0.8654 -0.0000 -0.5010
vn 0.8657 0.0006 -0.5006
vn -0.9237 0.0003 0.3832
vn -0.9239 -0.0006 0.3827
vn -0.9237 -0.0004 0.3831
vn -0.9239 0.0009 0.3827
vn -0.9236 -0.0004 0.3835
vn -0.9236 0.0004 0.3835
vn -0.9235 -0.0000 0.3835
vn -0.9236 -0.0004 0.3834
vn 0.0008 -1.0000 -0.0003
vn 0.2597 0.0008 0.9657
vn -0.9156 0.0228 0.4014
vn -0.9115 0.0967 0.3997
vn -0.9146 -0.0513 0.4010
vn -0.9873 0.1589 0.0001
vn -0.8647 0.5024 0.0003
vn -0.9786 -0.2058 -0.0001
vn 0.0758 -0.9971 -0.0085
vn 0.0937 -0.9954 -0.0188
vn 0.0761 -0.9971 -0.0087
vn 0.3831 -0.0000 0.9237
vn 0.9658 0.0000 -0.2594
vn 0.9659 0.0005 -0.2589
vn 0.9658 -0.0004 -0.2593
vn 0.0004 -1.0000 0.0008
vn 0.0008 -1.0000 -0.0005
vn -0.3833 0.0000 -0.9236
vn -0.0003 -1.0000 0.0002
vn -0.0009 -1.0000 0.0002
vn -0.0004 -1.0000 -0.0008
vn -0.0003 -1.0000 -0.0008
vn 0.0009 -1.0000 -0.0005
vn 0.6997 0.0000 -0.7145
vn 0.6882 0.1806 -0.7027
vn 0.6882 0.1805 -0.7027
vn -0.3835 0.0000 -0.9235
vn -0.3828 -0.0010 -0.9239
vn 0.0229 -0.9997 -0.0015
vn 0.0170 -0.9999 0.0019
vn 0.0287 -0.9996 -0.0048
vn 0.0397 0.9973 -0.0617
vn 0.0203 0.9985 -0.0505
vn 0.0590 0.9956 -0.0729
vn 0.1320 0.9896 -0.0568
vn 0.1519 0.9861 -0.0676
vn 0.1419 0.9879 -0.0622
vn -0.0302 -0.9989 0.0369
vn -0.0203 -0.9993 0.0312
vn -0.0301 -0.9989 0.0368
vn 0.1031 -0.9927 -0.0631
vn 0.1030 -0.9927 -0.0631
vn 0.1013 -0.9929 -0.0621
vn 0.0770 0.9967 -0.0261
vn 0.0678 0.9975 -0.0208
vn 0.0770 0.9967 -0.0260
vn -0.8656 0.0005 0.5007
vn -0.8659 0.0011 0.5003
vn -0.8656 0.0000 0.5008
vn -0.8525 0.0174 0.5224
vn -0.8525 0.0175 0.5224
vn -0.8527 -0.0000 0.5224
vn -0.8664 -0.0007 0.4993
vn -0.8661 -0.0010 0.4999
vn -0.8666 0.0000 0.4991
vn -0.3827 0.0005 -0.9239
vn 0.9662 -0.0000 -0.2579
vn 0.9659 -0.0009 -0.2588
vn 0.9660 0.0004 -0.2584
vn -0.8661 -0.0011 0.4999
vn -0.8665 -0.0000 0.4992
vn -0.8661 -0.0010 0.4998
vn -0.3827 -0.0009 -0.9239
vn 0.0003 -1.0000 -0.0002
vn 0.9658 0.0005 -0.2592
vn 0.9657 -0.0002 -0.2595
vn -0.8661 -0.0009 0.4999
vn -0.8661 -0.0009 0.4998
vn -0.8660 0.0005 0.5000
vn -0.8661 0.0010 0.4999
vn -0.8663 0.0009 0.4995
vn -0.8658 0.0000 0.5004
vn -0.8662 -0.0001 0.4997
vn -0.8661 0.0003 0.4999
vn -0.4160 0.5547 -0.7206
vn -0.5000 0.0000 -0.8660
vn -0.5000 0.0001 -0.8660
vn -0.4993 -0.0000 -0.8664
vn -0.4992 -0.0002 -0.8665
vn -0.4999 0.0008 -0.8661
vn 0.5001 0.0000 0.8660
vn 0.5000 -0.0000 0.8660
vn 0.9825 -0.0000 0.1862
vn 0.9829 -0.0000 0.1842
vn -0.8661 -0.0000 0.4999
vn -0.8661 -0.0000 0.5000
vn -0.8660 0.0003 0.5001
vn -0.8734 -0.0224 0.4865
vn -0.8736 -0.0017 0.4866
vn -0.8736 -0.0121 0.4866
vn 0.0009 -1.0000 -0.0002
vn 0.9657 -0.0001 -0.2596
vn 0.9657 -0.0001 -0.2597
vn 0.9660 0.0006 -0.2586
vn 0.9661 0.0003 -0.2581
vn 0.9659 0.0003 -0.2587
vn 0.9659 0.0003 -0.2590
vn 0.9239 0.0008 -0.3827
vn 0.9237 -0.0007 -0.3832
vn 0.9237 -0.0003 -0.3832
vn 0.9239 0.0006 -0.3827
vn 0.9236 -0.0000 -0.3833
vn 0.9236 0.0002 -0.3834
vn 0.9239 -0.0006 -0.3827
vn 0.9237 0.0002 -0.3832
vn 0.8661 -0.0011 -0.4999
vn 0.8662 -0.0008 -0.4997
vn 0.8662 -0.0010 -0.4998
vn -0.3829 -0.0010 -0.9238
vn -0.9659 -0.0003 0.2590
vn -0.9659 0.0006 0.2589
vn -0.9659 -0.0004 0.2590
vn -0.9659 -0.0006 0.2591
vn 0.3823 -0.0011 0.9241
vn 0.0004 -1.0000 0.0010
vn 0.0002 -1.0000 0.0010
vn 0.0010 -1.0000 -0.0004
vn 0.2597 -0.0002 0.9657
vn 0.2597 -0.0000 0.9657
vn 0.5008 0.0000 0.8656
vn 0.5005 0.0001 0.8657
vn 0.5001 -0.0005 0.8660
vn -0.0008 -1.0000 0.0005
vn -0.0005 -1.0000 -0.0008
vn -0.3831 0.0000 -0.9237
vn -0.8659 0.0009 0.5002
vn 0.9659 -0.0005 -0.2589
vn 0.0010 -1.0000 -0.0003
vn -0.3828 -0.0008 -0.9239
vn 0.1151 0.9926 -0.0390
vn 0.1015 0.9944 -0.0311
vn 0.0878 0.9959 -0.0231
vn 0.0368 -0.9993 0.0081
vn 0.0662 -0.9978 -0.0088
vn 0.0515 -0.9987 -0.0003
vn 0.0735 -0.9969 -0.0266
vn 0.0892 -0.9954 -0.0357
vn 0.0813 -0.9962 -0.0312
vn -0.0877 -0.9959 0.0232
vn -0.0878 -0.9959 0.0232
vn -0.1014 -0.9944 0.0310
vn -0.8664 -0.0006 0.4994
vn 0.9659 0.0009 -0.2588
vn 0.6088 0.0000 0.7934
vn 0.6088 -0.0000 0.7933
vn 0.6096 -0.0000 0.7927
vn 0.6089 -0.0009 0.7933
vn 0.6090 -0.0010 0.7932
vn -0.0006 -1.0000 -0.0007
vn -0.0005 -1.0000 -0.0007
vn -0.0009 -1.0000 0.0003
vn -0.0009 -1.0000 0.0004
vn 0.0008 -1.0000 -0.0006
vn 0.8660 0.0008 -0.5000
vn 0.8661 0.0006 -0.4999
vn 0.8662 -0.0008 -0.4996
vn 0.8665 0.0003 -0.4991
vn 0.8665 -0.0000 -0.4992
vn 0.8664 -0.0005 -0.4993
vn -0.4160 0.5548 -0.7206
vn -0.4161 0.5547 -0.7206
vn -0.4152 0.5548 -0.7210
vn -0.4152 0.5551 -0.7207
vn -0.5001 -0.0011 -0.8660
vn -0.5010 0.0000 -0.8654
vn -0.5011 0.0003 -0.8654
vn -0.6090 -0.0000 -0.7931
vn -0.6088 -0.0000 -0.7934
vn -0.6088 -0.0000 -0.7933
vn -0.6087 0.0000 -0.7934
vn 0.6079 0.0000 0.7940
vn 0.6086 -0.0010 0.7935
vn 0.6086 0.0010 0.7935
vn 0.8657 -0.0000 -0.5005
vn 0.8659 -0.0006 -0.5001
vn 0.8660 -0.0002 -0.5000
vn 0.8660 -0.0001 -0.5000
vn -0.6088 -0.0006 -0.7933
vn -0.6093 0.0000 -0.7930
vn -0.6088 0.0006 -0.7933
vn -0.7071 0.0001 0.7071
vn -0.7071 0.0005 0.7071
vn -0.7069 0.0000 0.7073
vn -0.7071 -0.0003 0.7071
vn -0.5881 0.5552 -0.5881
vn -0.5877 0.5547 -0.5890
vn -0.5887 0.5551 -0.5876
vn 0.7071 0.0000 0.7071
vn -0.7071 0.0000 0.7071
vn -0.7071 -0.0001 0.7071
vn -0.7070 0.0009 0.7073
vn -0.7071 0.0006 0.7071
vn -0.7067 0.0000 0.7075
vn -0.0006 -1.0000 0.0006
vn 0.8665 0.0001 -0.4992
vn 0.8660 0.0006 -0.5000
vn 0.8663 0.0002 -0.4995
vn 0.6088 0.0003 0.7934
vn 0.6090 0.0000 0.7931
vn 0.6088 -0.0005 0.7934
vn 0.6088 0.0001 0.7934
vn 0.6088 0.0005 0.7933
vn 0.6088 -0.0004 0.7934
vn 0.6087 -0.0005 0.7934
vn 0.6088 0.0004 0.7933
vn 0.6088 0.0001 0.7933
vn 0.6087 0.0000 0.7934
vn 0.6086 -0.0009 0.7935
vn 0.6080 0.0000 0.7939
vn 0.6083 -0.0007 0.7937
vn -0.0002 1.0000 0.0002
vn 0.0003 1.0000 0.0002
vn -0.7934 -0.0000 0.6087
vn -0.7934 0.0000 0.6088
vn -0.7933 -0.0000 0.6088
vn 0.6086 0.0009 0.7935
vn 0.7934 0.0000 -0.6087
vn 0.7934 0.0000 -0.6088
vn 0.7933 -0.0000 -0.6088
vn 0.7933 -0.0006 -0.6088
vn 0.7929 -0.0000 -0.6094
vn 0.7930 0.0002 -0.6092
vn 0.6087 0.0004 0.7934
vn 0.6083 -0.0000 0.7937
vn 0.6087 -0.0006 0.7934
vn 0.5694 0.0500 0.8205
vn 0.5701 0.0179 0.8214
vn 0.5701 -0.0140 0.8214
vn 0.0076 -0.9994 -0.0331
vn -0.0030 -0.9989 -0.0470
vn 0.0182 -0.9997 -0.0192
vn 0.0177 0.9979 0.0630
vn 0.0074 0.9987 0.0501
vn 0.0278 0.9968 0.0756
vn 0.0005 -1.0000 0.0008
vn -0.0007 -1.0000 0.0005
vn 0.0006 -1.0000 0.0007
vn -0.0007 -1.0000 0.0006
vn 0.8195 -0.0000 -0.5731
vn 0.8192 0.0005 -0.5735
vn 0.8194 0.0005 -0.5733
vn 0.8195 0.0002 -0.5731
vn 0.8192 -0.0009 -0.5735
vn 0.8191 -0.0000 -0.5736
vn 0.8192 0.0000 -0.5736
vn -0.0665 0.9933 -0.0945
vn -0.0684 0.9929 -0.0970
vn -0.0703 0.9925 -0.0995
vn 0.0002 1.0000 0.0002
vn 0.6084 -0.0008 0.7936
vn -0.0008 1.0000 0.0006
vn -0.0006 1.0000 -0.0009
vn -0.0006 1.0000 -0.0008
vn -0.7933 0.0001 0.6088
vn 0.6083 0.0007 0.7937
vn -0.0099 -0.9990 0.0442
vn 0.0044 -0.9980 0.0624
vn -0.0095 -0.9990 0.0440
vn -0.0235 0.9996 0.0146
vn -0.0348 0.9994 -0.0000
vn -0.0236 0.9996 0.0145
vn -0.0002 1.0000 -0.0002
vn 0.6089 -0.0006 0.7933
vn 0.6094 -0.0000 0.7929
vn 0.6088 0.0006 0.7933
vn 0.0006 1.0000 0.0007
vn 0.7071 0.0000 -0.7071
vn 0.7071 -0.0001 -0.7071
vn 0.7071 0.0001 -0.7071
vn 0.7071 0.0002 -0.7071
vn 0.7073 -0.0000 -0.7069
vn -0.8661 0.0009 0.4998
vn -0.8661 0.0008 0.4998
vn -0.8660 0.0006 0.5000
vn -0.8659 0.0000 0.5003
vn -0.8658 -0.0005 0.5003
vn -0.8658 -0.0004 0.5004
vn -0.8657 0.0000 0.5005
vn 0.0006 1.0000 0.0008
vn 0.0006 1.0000 -0.0006
vn -0.1145 -0.9914 -0.0637
vn -0.0551 -0.9908 -0.1238
vn 0.0048 -0.9831 -0.1830
vn -0.6088 -0.0001 -0.7934
vn -0.3287 -0.9444 -0.0000
vn 0.4936 -0.8697 0.0000
vn -0.9269 -0.3753 -0.0000
vn 0.1688 0.9622 0.2136
vn 0.1672 0.9630 0.2115
vn 0.1654 0.9638 0.2093
vn -0.6085 0.0000 -0.7936
vn -0.6088 0.0003 -0.7934
vn -0.6096 0.0000 -0.7927
vn -0.6089 -0.0012 -0.7933
vn -0.6089 -0.0010 -0.7932
vn 0.7073 -0.0004 -0.7070
vn 0.7075 0.0000 -0.7068
vn 0.7069 0.0004 -0.7073
vn -0.8662 0.0007 0.4998
vn -0.8663 -0.0000 0.4995
vn -0.8661 -0.0009 0.5000
vn -0.7934 0.0001 0.6088
vn -0.7929 0.0000 0.6094
vn -0.7933 0.0006 0.6088
vn -0.7930 -0.0002 0.6092
vn -0.0981 0.9934 0.0591
vn -0.0853 0.9953 0.0462
vn -0.1111 0.9912 0.0720
vn -0.6492 0.0163 0.7605
vn -0.6488 -0.0365 0.7601
vn -0.6477 0.0691 0.7588
vn 0.1081 -0.9914 -0.0743
vn 0.0969 -0.9933 -0.0630
vn 0.0857 -0.9950 -0.0518
vn -0.0002 -1.0000 0.0002
vn 0.0002 -1.0000 0.0003
vn 0.8661 0.0009 -0.5000
vn 0.8664 0.0006 -0.4994
vn 0.6088 -0.0006 0.7933
vn 0.6093 -0.0000 0.7930
vn 0.0006 -1.0000 0.0008
vn 0.0007 -1.0000 -0.0007
vn 0.6088 -0.0001 0.7933
vn 0.8656 0.0000 -0.5008
vn 0.8656 -0.0005 -0.5007
vn -0.6088 0.0001 -0.7934
vn 0.0005 -1.0000 0.0007
vn -0.0006 -1.0000 -0.0009
vn -0.0007 -1.0000 0.0007
vn -0.0006 -1.0000 -0.0008
vn 0.6088 -0.0001 0.7934
vn 0.7293 0.0001 -0.6841
vn 0.7292 -0.0213 -0.6840
vn 0.7292 -0.0214 -0.6840
vn -0.7072 0.0000 0.7071
vn 0.0737 -0.9896 -0.1233
vn 0.0574 -0.9926 -0.1069
vn 0.0900 -0.9861 -0.1395
vn 1.0000 0.0019 0.0000
vn 0.8668 -0.4986 0.0000
vn 0.8649 0.5019 0.0000
vn -0.0324 0.9980 0.0549
vn -0.0324 0.9980 0.0548
vn -0.0399 0.9973 0.0624
vn 0.1068 -0.9855 -0.1315
vn 0.0987 -0.9874 -0.1235
vn 0.1069 -0.9855 -0.1316
vn 0.0153 -0.9999 0.0069
vn 0.0301 -0.9995 -0.0079
vn 0.0227 -0.9997 -0.0005
vn -0.0650 -0.9960 0.0609
vn -0.0663 -0.9959 0.0622
vn -0.0650 -0.9960 0.0608
vn -0.7066 0.0008 0.7076
vn -0.7071 0.0009 0.7071
vn -0.7064 0.0000 0.7078
vn -0.7071 -0.0000 0.7072
vn 0.0456 0.9973 -0.0581
vn 0.0457 0.9973 -0.0582
vn 0.0498 0.9968 -0.0623
vn 0.8661 0.0000 -0.5000
vn 0.8660 0.0000 -0.5001
vn -0.7071 -0.0005 0.7071
vn -0.7074 -0.0000 0.7068
vn -0.6089 -0.0009 -0.7933
vn 0.6088 -0.0003 0.7934
vn 0.8661 0.0009 -0.4998
vn 0.8661 0.0008 -0.4998
vn -0.7071 -0.0007 0.7071
vn -0.7066 0.0000 0.7076
vn -0.7065 0.0003 0.7077
vn -0.7074 0.0008 0.7068
vn -0.5884 0.5547 -0.5883
vn -0.5883 0.5547 -0.5884
vn -0.5883 0.5547 -0.5883
vn -0.7071 0.0000 -0.7071
vn -0.7071 -0.0001 -0.7071
vn 0.7073 0.0000 0.7069
vn 0.7067 -0.0001 0.7075
vn 0.7073 0.0001 0.7069
vn 0.9956 -0.0000 0.0939
vn 0.9956 -0.0000 0.0938
vn -0.7068 0.0000 0.7074
vn -0.7075 -0.0000 0.7067
vn -0.7068 0.0001 0.7074
vn -0.7074 -0.0001 0.7068
vn -0.7068 0.0002 0.7074
vn -0.0469 -0.9934 0.1047
vn -0.0851 -0.9861 0.1428
vn -0.0660 -0.9901 0.1238
vn 0.8661 -0.0000 -0.4999
vn 0.8662 0.0007 -0.4998
vn 0.8661 0.0003 -0.4999
vn 0.7934 -0.0001 -0.6088
vn 0.7933 -0.0001 -0.6088
vn 0.7071 0.0005 -0.7071
vn 0.7069 0.0009 -0.7073
vn 0.7070 0.0009 -0.7072
vn -0.8659 0.0006 0.5001
vn -0.8658 -0.0008 0.5004
vn -0.8659 0.0005 0.5001
vn -0.8658 -0.0009 0.5004
vn 0.6082 -0.0008 0.7938
vn 0.6085 -0.0000 0.7936
vn 0.6089 0.0003 0.7932
vn 0.8662 0.0001 -0.4997
vn 0.5000 -0.0001 0.8660
vn 0.5004 0.0004 0.8658
vn 0.5005 -0.0001 0.8657
vn 0.8661 0.0010 -0.4999
vn 0.8664 0.0007 -0.4993
vn 0.8666 -0.0000 -0.4991
vn -0.6079 0.0000 -0.7940
vn -0.6086 0.0010 -0.7935
vn -0.6086 0.0011 -0.7935
vn 0.6084 -0.0000 0.7936
vn 0.6088 0.0005 0.7934
vn 0.6088 -0.0005 0.7933
vn -0.6095 0.0000 -0.7928
vn -0.0972 -0.9911 0.0911
vn -0.0993 -0.9907 0.0931
vn -0.1013 -0.9903 0.0951
vn 0.0007 -1.0000 0.0008
vn 0.4612 -0.1962 -0.8653
vn 0.4613 0.1958 -0.8654
vn 0.4704 -0.0003 -0.8825
vn -0.7071 0.0011 0.7071
vn -0.7066 0.0007 0.7076
vn 0.0654 -0.9960 -0.0613
vn 0.0682 -0.9956 -0.0640
vn 0.0668 -0.9958 -0.0627
vn -0.0014 -0.9989 0.0472
vn -0.0321 -0.9965 0.0778
vn -0.0167 -0.9979 0.0624
vn -0.7069 0.0004 0.7073
vn 0.6088 0.0000 -0.7933
vn 0.6087 -0.0000 -0.7934
vn 0.6088 -0.0001 -0.7934
vn 0.6088 0.0000 -0.7934
vn 0.0002 -1.0000 0.0002
vn 0.0006 -1.0000 0.0006
vn -0.7064 0.0003 -0.7078
vn -0.7065 0.0000 -0.7077
vn -0.7065 -0.0006 -0.7077
vn -0.5877 0.5547 0.5890
vn -0.5881 0.5552 0.5881
vn -0.5887 0.5551 0.5876
vn -0.5891 0.5547 0.5876
vn -0.5880 0.5555 0.5880
vn -0.5888 0.5552 0.5874
vn -0.6079 0.0000 0.7940
vn -0.6086 0.0010 0.7935
vn -0.6084 -0.0010 0.7936
vn -0.6085 -0.0011 0.7936
vn -0.6078 -0.0000 0.7941
vn -0.6087 0.0012 0.7934
vn 0.6093 -0.0000 -0.7930
vn 0.6088 0.0006 -0.7933
vn 0.6089 0.0008 -0.7933
vn -0.6088 0.0000 0.7934
vn -0.6087 -0.0000 0.7934
vn -0.6088 0.0000 0.7933
vn -0.7063 -0.0000 -0.7080
vn -0.7071 0.0012 -0.7071
vn -0.7069 0.0012 -0.7073
vn -0.7072 -0.0005 -0.7071
vn -0.7068 0.0000 -0.7074
vn -0.7071 0.0005 -0.7071
vn -0.7071 -0.0002 -0.7071
vn -0.7071 -0.0004 -0.7071
vn -0.7071 0.0002 -0.7071
vn -0.7071 -0.0005 -0.7071
vn -0.7074 0.0000 -0.7068
vn 0.0002 -1.0000 -0.0002
vn -0.0002 -1.0000 -0.0002
vn -0.0002 -1.0000 0.0003
vn -0.6089 0.0012 0.7932
vn -0.6097 0.0000 0.7926
vn -0.6089 0.0012 0.7933
vn 0.8660 0.0000 0.5000
vn 0.8660 -0.0001 0.5000
vn 0.8660 0.0003 0.5000
vn 0.8661 0.0000 0.5000
vn -0.4160 0.5547 0.7206
vn -0.4161 0.5547 0.7206
vn 0.0008 -1.0000 0.0004
vn 0.0008 -1.0000 0.0005
vn -0.0009 -1.0000 -0.0001
vn 0.5000 0.0000 -0.8660
vn 0.5001 -0.0000 -0.8660
vn 0.8665 0.0001 0.4992
vn 0.8661 0.0010 0.4999
vn 0.8666 -0.0000 0.4991
vn 0.8661 0.0006 0.4998
vn 0.8660 -0.0006 0.5000
vn 0.8663 -0.0000 0.4995
vn -0.7070 0.0005 -0.7072
vn -0.7073 0.0004 -0.7070
vn -0.7069 -0.0000 -0.7073
vn -0.7072 -0.0003 -0.7070
vn 0.6085 0.0000 -0.7936
vn 0.6088 0.0002 -0.7934
vn 0.6088 0.0003 -0.7934
vn 0.6088 -0.0001 -0.7933
vn 0.6088 -0.0003 -0.7934
vn 0.6088 0.0001 -0.7934
vn 0.6087 -0.0005 -0.7934
vn 0.6084 -0.0000 -0.7936
vn 0.6084 0.0005 -0.7936
vn 0.7937 0.0002 0.6083
vn 0.7934 0.0006 0.6087
vn 0.7936 -0.0003 0.6085
vn 0.6087 -0.0003 -0.7934
vn -0.7933 -0.0000 -0.6088
vn -0.7933 0.0006 -0.6088
vn -0.7929 -0.0000 -0.6094
vn -0.7930 -0.0002 -0.6092
vn -0.8238 0.5669 0.0001
vn -0.9999 -0.0101 -0.0000
vn -0.8122 -0.5834 -0.0001
vn -0.5647 -0.3594 0.7429
vn -0.5623 -0.3690 0.7400
vn -0.5669 -0.3499 0.7458
vn -1.0000 0.0009 0.0000
vn -0.8185 0.5744 0.0076
vn -0.8196 -0.5729 -0.0075
vn 0.6086 -0.0009 -0.7935
vn 0.6079 -0.0000 -0.7940
vn 0.6086 0.0009 -0.7935
vn 0.6080 0.0000 -0.7939
vn -0.7660 -0.0000 -0.6428
vn -0.7661 0.0000 -0.6428
vn -0.7661 -0.0000 -0.6427
vn -0.7666 -0.0003 -0.6421
vn -0.7662 -0.0009 -0.6426
vn -0.7665 -0.0006 -0.6423
vn -0.7661 -0.0001 -0.6428
vn 0.0006 1.0000 0.0006
vn 0.0002 1.0000 -0.0003
vn 0.2039 0.9591 -0.1963
vn 0.1875 0.9667 -0.1742
vn 0.1713 0.9735 -0.1518
vn 0.6084 0.0009 -0.7936
vn 0.6086 -0.0010 -0.7935
vn 0.6090 -0.0006 -0.7932
vn 0.6089 0.0006 -0.7933
vn 0.6088 0.0001 -0.7933
vn 0.6091 0.0010 -0.7931
vn 0.6096 -0.0000 -0.7927
vn 0.6090 -0.0010 -0.7932
vn 0.7932 -0.0001 0.6090
vn 0.7934 0.0000 0.6088
vn 0.7934 -0.0000 0.6087
vn -0.7934 0.0001 -0.6087
vn -0.7934 -0.0000 -0.6087
vn -0.7934 -0.0001 -0.6088
vn 0.6078 0.0000 -0.7941
vn 0.6087 -0.0012 -0.7934
vn 0.6086 -0.0012 -0.7935
vn 0.6085 -0.0013 -0.7935
vn 0.7934 -0.0001 0.6088
vn 0.7933 0.0000 0.6088
vn -0.0697 0.9971 -0.0320
vn -0.1002 0.9949 0.0077
vn -0.1307 0.9903 0.0475
vn -0.0007 1.0000 0.0006
vn -0.0006 1.0000 0.0007
vn 0.0007 1.0000 0.0006
vn -0.0059 -0.9997 -0.0220
vn 0.0014 -0.9995 -0.0315
vn 0.0087 -0.9991 -0.0410
vn 0.0006 1.0000 -0.0008
vn 0.0007 1.0000 0.0007
vn -0.8659 0.0006 -0.5002
vn -0.8659 -0.0007 -0.5002
vn -0.8659 -0.0009 -0.5002
vn -0.8659 -0.0012 -0.5002
vn -0.8660 0.0009 -0.5000
vn -0.8659 -0.0010 -0.5002
vn -0.8660 -0.0000 -0.5000
vn 0.7072 -0.0005 0.7071
vn 0.7070 0.0005 0.7072
vn 0.7071 0.0005 0.7071
vn 0.0008 1.0000 -0.0007
vn 0.0005 1.0000 -0.0009
vn -0.6085 -0.0010 0.7935
vn -0.6080 0.0000 0.7939
vn -0.6096 -0.0000 0.7927
vn -0.6089 -0.0012 0.7933
vn -0.6089 0.0010 0.7932
vn 0.0007 1.0000 -0.0008
vn 0.0007 1.0000 0.0008
vn -0.0771 -0.9963 -0.0370
vn -0.0808 -0.9960 -0.0392
vn -0.0845 -0.9956 -0.0413
vn -0.6088 0.0005 0.7933
vn -0.6088 -0.0006 0.7933
vn -0.6089 0.0006 0.7933
vn -0.6088 0.0008 0.7933
vn -0.6088 0.0001 0.7933
vn 0.0101 0.9995 -0.0312
vn 0.0146 0.9992 -0.0370
vn 0.0055 0.9997 -0.0252
vn -0.3000 0.2253 0.9270
vn -0.3084 0.0000 0.9513
vn -0.3010 0.2254 0.9266
vn -0.0007 1.0000 -0.0006
vn -0.0006 1.0000 0.0006
vn -0.7068 -0.0001 0.7074
vn -0.7075 0.0000 0.7068
vn -0.7065 0.0000 0.7078
vn -0.7075 0.0001 0.7067
vn -0.0007 -1.0000 -0.0006
vn -0.6087 -0.0005 0.7934
vn -0.6091 -0.0000 0.7931
vn -0.6088 0.0005 0.7934
vn -0.8660 0.0001 -0.5000
vn 0.7072 -0.0005 0.7070
vn 0.7068 -0.0000 0.7074
vn 0.6087 -0.0006 -0.7934
vn 0.6084 0.0008 -0.7936
vn 0.7939 0.0000 0.6080
vn 0.7935 0.0009 0.6086
vn 0.7938 -0.0003 0.6082
vn 0.0006 -1.0000 -0.0007
vn 0.0007 -1.0000 -0.0006
vn 0.7071 -0.0005 -0.7071
vn 0.7074 0.0000 -0.7068
vn 0.7069 0.0003 -0.7074
vn -0.0389 0.9992 0.0018
vn -0.0267 0.9996 0.0088
vn -0.0512 0.9987 -0.0053
vn 0.7861 -0.0009 0.6181
vn 0.7859 -0.0958 0.6109
vn 0.7791 0.0943 0.6197
vn -0.1206 0.9884 -0.0923
vn -0.1318 0.9864 -0.0986
vn -0.1430 0.9842 -0.1049
vn 0.6083 -0.0000 -0.7937
vn -0.0006 -1.0000 -0.0006
vn 0.0005 -1.0000 -0.0007
vn -0.7068 0.0000 -0.7075
vn -0.7069 0.0004 -0.7074
vn 0.6088 0.0003 -0.7933
vn 0.6091 -0.0000 -0.7931
vn -0.0006 -1.0000 0.0009
vn -0.0006 -1.0000 0.0008
vn 0.0009 -1.0000 0.0005
vn -0.0006 -1.0000 0.0007
vn -0.7075 0.0000 -0.7068
vn -0.7073 -0.0003 -0.7069
vn -0.6088 -0.0003 0.7933
vn 0.6077 -0.0000 -0.7942
vn 0.6087 0.0012 -0.7934
vn 0.6087 -0.0015 -0.7934
vn 0.6087 0.0015 -0.7934
vn -0.0812 -0.9948 -0.0622
vn -0.0739 -0.9956 -0.0573
vn -0.0885 -0.9938 -0.0670
vn 1.0000 0.0054 0.0000
vn 0.9413 -0.3375 -0.0000
vn 0.9376 0.3476 -0.0000
vn 0.0587 -0.9964 0.0610
vn 0.0451 -0.9976 0.0534
vn 0.0723 -0.9950 0.0686
vn -0.2807 -0.9560 -0.0857
vn -0.2064 -0.9775 -0.0428
vn -0.2438 -0.9677 -0.0643
vn -0.1824 0.9601 -0.2121
vn -0.0755 0.9854 -0.1527
vn -0.1292 0.9746 -0.1827
vn -0.0471 -0.9974 -0.0539
vn -0.0604 -0.9962 -0.0619
vn -0.0738 -0.9948 -0.0699
vn -0.0740 -0.9956 -0.0580
vn -0.0892 -0.9938 -0.0668
vn -0.0816 -0.9947 -0.0624
vn 0.8663 0.0000 0.4996
vn 0.8661 0.0006 0.4999
vn -0.6089 0.0011 0.7933
vn 0.0007 -1.0000 0.0007
vn -0.7071 0.0001 -0.7071
vn 0.8659 -0.0007 0.5002
vn 0.8659 -0.0009 0.5003
vn 0.8661 0.0007 0.4999
vn 0.8660 -0.0008 0.5000
vn 0.8662 -0.0007 0.4997
vn 0.8658 -0.0000 0.5004
vn 0.8662 0.0001 0.4997
vn 0.8662 -0.0002 0.4998
vn -0.4157 0.5547 0.7207
vn -0.5008 0.0000 0.8656
vn -0.5005 -0.0001 0.8657
vn -0.5002 -0.0009 0.8659
vn -0.5000 -0.0000 0.8660
vn 0.5003 -0.0001 -0.8659
vn 0.8660 -0.0000 0.5001
vn 0.8661 -0.0000 0.4999
vn 0.0667 -0.9973 0.0315
vn 0.0596 -0.9978 0.0274
vn 0.0632 -0.9976 0.0295
vn -0.0007 -1.0000 0.0008
vn -0.0007 -1.0000 -0.0007
vn -0.7071 0.0000 -0.7072
vn -0.7068 0.0001 -0.7074
vn -0.7068 0.0002 -0.7074
vn 0.6089 0.0010 -0.7933
vn 0.6089 0.0010 -0.7932
vn -0.0002 1.0000 0.0003
vn 0.7930 0.0000 0.6093
vn 0.7930 -0.0002 0.6092
vn 0.7933 -0.0006 0.6088
vn 0.7935 0.0010 0.6086
vn 0.7939 -0.0006 0.6081
vn -0.7933 0.0001 -0.6088
vn -0.7935 -0.0010 -0.6086
vn -0.7940 -0.0000 -0.6079
vn -0.7940 0.0003 -0.6079
vn 0.6082 0.0000 -0.7938
vn 0.6083 -0.0007 -0.7937
vn -0.8661 0.0011 -0.4999
vn -0.8662 0.0009 -0.4997
vn -0.8662 0.0011 -0.4998
vn -0.8665 -0.0000 -0.4992
vn -0.8661 -0.0009 -0.5000
vn 0.7074 -0.0008 0.7068
vn 0.7071 -0.0009 0.7071
vn 0.6083 0.0007 -0.7937
vn 0.7933 -0.0001 0.6088
vn 0.6092 -0.0007 -0.7930
vn 0.7066 -0.0000 -0.7077
vn 0.7066 0.0006 -0.7076
vn 0.7064 -0.0003 -0.7078
vn -0.0009 -1.0000 -0.0005
vn -0.0005 -1.0000 0.0009
vn -0.6088 0.0001 0.7934
vn -0.6085 -0.0000 0.7936
vn -0.6088 0.0003 0.7933
vn 0.6086 -0.0011 -0.7935
vn -0.7069 0.0003 -0.7073
vn -0.7072 -0.0000 -0.7071
vn -0.6086 -0.0010 0.7935
vn -0.6088 0.0004 0.7934
vn -0.0882 0.9955 -0.0353
vn -0.0805 0.9963 -0.0307
vn -0.0727 0.9970 -0.0260
vn 0.0002 -1.0000 -0.0003
vn 0.8253 0.0562 0.5619
vn 0.8259 -0.0428 0.5622
vn 0.8266 0.0067 0.5627
vn -0.1989 0.9724 -0.1219
vn -0.2059 0.9705 -0.1259
vn -0.2023 0.9715 -0.1238
vn 0.8660 0.0001 0.5000
vn 0.2793 0.9233 0.2636
vn 0.2311 0.9439 0.2360
vn 0.0006 -1.0000 -0.0006
vn 0.0007 -1.0000 0.0006
vn 0.7065 -0.0000 -0.7078
vn 0.7065 0.0006 -0.7077
vn -0.5890 0.5547 -0.5877
vn -0.5877 0.5550 -0.5887
vn -0.7934 -0.0000 -0.6088
vn 0.7070 -0.0009 -0.7072
vn 0.7065 -0.0000 -0.7077
vn 0.7071 -0.0009 -0.7072
vn 0.7072 0.0009 -0.7070
vn 0.7079 -0.0000 -0.7064
vn 0.7071 0.0009 -0.7071
vn -0.0007 -1.0000 -0.0008
vn -0.0008 -1.0000 -0.0006
vn -0.4999 0.0004 0.8661
vn -0.5000 -0.0003 0.8660
vn -0.5001 -0.0004 0.8660
vn -0.4999 0.0005 0.8661
vn -0.4995 0.0000 0.8663
vn -0.4999 0.0006 0.8661
vn -0.7206 0.5547 -0.4160
vn 0.8660 0.0008 0.5000
vn 0.8663 0.0001 0.4995
vn -0.5000 0.0001 0.8660
vn -0.5003 -0.0011 0.8658
vn -0.5001 -0.0012 0.8660
vn -0.5005 0.0011 0.8657
vn 0.7068 -0.0001 -0.7074
vn 0.7074 0.0002 -0.7068
vn 0.7934 -0.0003 0.6088
vn 0.7934 0.0001 0.6088
vn 0.7937 0.0000 0.6083
vn 0.7936 0.0007 0.6085
vn 0.7940 -0.0000 0.6079
vn 0.7938 0.0008 0.6082
vn -0.6080 0.0004 0.7939
vn -0.6086 -0.0009 0.7935
vn -0.6082 -0.0005 0.7938
vn 0.6082 -0.0008 -0.7938
vn 0.6083 0.0002 -0.7937
vn -0.0003 -1.0000 -0.0002
vn 0.0219 -0.9990 0.0392
vn 0.0126 -0.9994 0.0320
vn 0.0032 -0.9997 0.0248
vn -0.5936 0.0070 -0.8047
vn -0.5825 0.1933 -0.7895
vn -0.5840 -0.1796 -0.7917
vn -0.0306 0.9995 0.0002
vn -0.0407 0.9991 -0.0072
vn -0.0205 0.9998 0.0076
vn 0.7935 -0.0009 0.6086
vn 0.6428 0.0000 -0.7660
vn 0.6428 0.0000 -0.7661
vn 0.6427 -0.0000 -0.7661
vn 0.6541 0.3346 0.6784
vn 0.6315 0.4175 0.6534
vn 0.6039 0.4970 0.6231
vn -0.0008 1.0000 -0.0005
vn -0.0005 1.0000 0.0008
vn 0.7936 -0.0006 0.6084
vn 0.7934 0.0008 0.6086
vn 0.7932 -0.0006 0.6090
vn 0.7933 0.0006 0.6089
vn 0.7933 0.0001 0.6088
vn 0.7935 0.0010 0.6085
vn 0.7935 0.0011 0.6086
vn 0.7935 -0.0010 0.6086
vn -0.6090 -0.0001 0.7932
vn -0.6087 0.0001 0.7934
vn 0.6090 -0.0001 -0.7932
vn 0.7938 0.0000 0.6082
vn 0.7934 0.0005 0.6087
vn 0.7935 -0.0009 0.6085
vn 0.0560 -0.9979 0.0336
vn 0.0521 -0.9982 0.0306
vn 0.0482 -0.9985 0.0276
vn 0.1309 -0.9757 0.1756
vn 0.1616 -0.9665 0.1992
vn 0.1921 -0.9558 0.2225
vn 0.0008 1.0000 0.0006
vn 0.0009 1.0000 0.0006
vn -0.0008 1.0000 -0.0004
vn 0.7933 0.0005 0.6088
vn 0.7936 -0.0000 0.6084
vn 0.7934 -0.0005 0.6088
vn 0.0002 1.0000 -0.0010
vn 0.0007 1.0000 -0.0007
vn 0.4999 -0.0006 -0.8661
vn 0.4999 0.0006 -0.8661
vn 0.5000 0.0003 -0.8660
vn 0.5000 0.0001 -0.8660
vn 0.5000 -0.0001 -0.8660
vn 0.0003 -1.0000 0.0002
vn -0.7071 -0.0003 0.7072
vn -0.7071 -0.0004 0.7071
vn -0.7071 0.0005 0.7072
vn -0.7071 0.0003 0.7071
vn 0.0006 1.0000 0.0009
vn -0.0007 1.0000 -0.0007
vn 0.0008 1.0000 0.0007
vn 0.0349 0.9975 -0.0616
vn 0.0351 0.9975 -0.0619
vn 0.0353 0.9974 -0.0622
vn -0.7934 -0.0003 -0.6087
vn -0.7933 0.0004 -0.6088
vn -0.7933 0.0006 -0.6089
vn -0.7931 -0.0000 -0.6091
vn -0.7933 0.0005 -0.6088
vn -0.7932 0.0007 -0.6089
vn 0.0210 0.9997 0.0145
vn 0.0216 0.9997 0.0150
vn 0.0203 0.9997 0.0140
vn 0.0712 0.9956 0.0614
vn 0.0685 0.9959 0.0593
vn 0.0657 0.9962 0.0571
vn -0.7077 -0.0002 -0.7065
vn -0.7078 0.0000 -0.7064
vn -0.7071 0.0009 -0.7071
vn -0.7068 0.0001 -0.7075
vn -0.7936 0.0000 -0.6084
vn -0.7934 -0.0006 -0.6087
vn -0.7934 -0.0006 -0.6086
vn -0.7072 0.0005 0.7070
vn -0.7073 -0.0000 0.7069
vn -0.6081 -0.0003 0.7939
vn -0.6079 0.0004 0.7940
vn 0.7937 0.0009 0.6084
vn -0.6086 0.0009 0.7934
vn -0.0243 0.9989 0.0408
vn -0.0241 0.9989 0.0404
vn -0.0245 0.9989 0.0412
vn -0.0027 -0.9980 -0.0635
vn 0.0087 -0.9965 -0.0832
vn -0.0141 -0.9989 -0.0437
vn 0.0756 0.9960 -0.0475
vn 0.0615 0.9978 -0.0231
vn 0.0754 0.9960 -0.0472
vn 0.7933 0.0003 0.6088
vn 0.7071 -0.0000 -0.7072
vn -0.7930 0.0000 -0.6093
vn 0.7075 -0.0000 -0.7067
vn 0.7073 0.0003 -0.7069
vn -0.0005 -1.0000 0.0008
vn 0.0007 -1.0000 0.0005
vn 0.0005 -1.0000 -0.0008
vn -0.7935 -0.0009 -0.6086
vn -0.7937 0.0000 -0.6083
vn -0.4993 0.0007 0.8664
vn -0.4999 -0.0009 0.8661
vn -0.4991 -0.0000 0.8666
vn -0.4999 -0.0011 0.8661
vn -0.0353 0.9994 0.0000
vn -0.0455 0.9988 0.0177
vn -0.0251 0.9995 -0.0176
vn -0.5001 0.0000 0.8660
vn -0.7934 0.0001 -0.6088
vn 0.4922 0.0000 -0.8705
vn 0.4921 0.0061 -0.8705
vn 0.4921 0.0060 -0.8705
vn -0.0387 0.9972 0.0632
vn -0.0393 0.9972 0.0643
vn -0.0381 0.9973 0.0621
vn -0.0488 -0.9941 0.0967
vn -0.0448 -0.9950 0.0897
vn -0.0468 -0.9945 0.0932
vn 0.4487 -0.0383 -0.8929
vn 0.4490 0.0000 -0.8935
vn 0.4487 0.0386 -0.8928
vn -0.0232 -0.9997 0.0067
vn -0.0345 -0.9991 0.0262
vn -0.0288 -0.9994 0.0164
vn -0.0151 0.9999 0.0059
vn -0.0118 0.9999 -0.0000
vn -0.0084 0.9999 -0.0059
vn -0.5000 -0.0001 0.8660
vn -0.5003 0.0000 0.8659
vn -0.0554 0.9974 0.0457
vn -0.0387 0.9991 0.0167
vn -0.0471 0.9984 0.0312
vn 0.7072 -0.0000 -0.7071
vn 0.7064 -0.0000 -0.7078
vn 0.7071 -0.0009 -0.7071
vn 0.7066 -0.0008 -0.7076
vn -0.7939 -0.0000 -0.6080
vn -0.0001 -1.0000 0.0001
vn 0.7071 -0.0002 -0.7071
vn -0.5000 0.0009 0.8660
vn -0.4999 0.0009 0.8661
vn -0.4992 -0.0000 0.8665
vn -0.4993 0.0003 0.8665
vn -0.4996 -0.0008 0.8662
vn -0.7206 0.5547 -0.4161
vn -0.8661 0.0000 -0.5000
vn -0.4997 0.0000 0.8662
vn -0.4994 0.0001 0.8663
vn -0.4996 0.0001 0.8663
vn 0.0162 -0.9984 -0.0545
vn 0.0161 -0.9984 -0.0544
vn 0.0118 -0.9988 -0.0469
vn 0.7074 0.0001 -0.7068
vn 0.7068 -0.0000 -0.7075
vn 0.7076 0.0000 -0.7067
vn 0.7072 0.0006 -0.7070
vn 0.7075 0.0002 -0.7067
vn 0.7070 -0.0006 -0.7072
vn 0.7069 0.0006 -0.7073
vn -0.6081 -0.0006 0.7939
vn 0.6085 -0.0001 -0.7935
vn 0.6088 0.0005 -0.7933
vn 0.5002 -0.0009 -0.8659
vn 0.5008 -0.0000 -0.8656
vn 0.5004 -0.0004 -0.8658
vn -0.7072 0.0003 0.7070
vn 0.7936 0.0008 0.6084
vn 0.0001 1.0000 0.0011
vn 0.0004 1.0000 0.0010
vn -0.0007 1.0000 0.0007
vn 0.7071 -0.0012 0.7071
vn 0.7063 0.0003 0.7079
vn 0.7063 -0.0000 0.7080
vn 0.7063 -0.0000 0.7079
vn 0.7065 -0.0008 0.7077
vn 0.8659 0.0000 0.5003
vn -0.7933 0.0008 -0.6089
vn 0.0008 -1.0000 0.0006
vn 0.0008 -1.0000 0.0007
vn -0.0208 0.9997 0.0160
vn -0.0241 0.9995 0.0217
vn -0.0274 0.9992 0.0275
vn 0.0842 0.9882 -0.1282
vn 0.0785 0.9899 -0.1183
vn 0.0813 0.9890 -0.1232
vn 0.0220 -0.9994 -0.0285
vn 0.0219 -0.9994 -0.0284
vn 0.0236 -0.9992 -0.0313
vn -0.5009 0.0000 0.8655
vn -0.5008 -0.0008 0.8656
vn 0.0993 -0.9860 -0.1342
vn 0.0867 -0.9899 -0.1124
vn 0.0931 -0.9880 -0.1235
vn -0.4993 0.0000 0.8664
vn 0.7071 -0.0011 -0.7071
vn 0.7065 -0.0009 -0.7077
vn 0.7071 -0.0010 -0.7071
vn 0.9239 0.0000 0.3827
vn 0.9239 -0.0000 0.3826
vn 0.9236 0.0000 0.3833
vn 0.9239 -0.0006 0.3827
vn 0.9238 0.0006 0.3828
vn 0.0004 -1.0000 -0.0008
vn -0.0005 -1.0000 0.0007
vn 0.0005 -1.0000 -0.0009
vn 0.0006 -1.0000 -0.0009
vn 0.0004 -1.0000 -0.0010
vn 0.4993 -0.0003 -0.8665
vn 0.4992 -0.0000 -0.8665
vn 0.4993 0.0005 -0.8664
vn -0.9239 0.0000 -0.3826
vn -0.9239 -0.0000 -0.3827
vn -0.9239 0.0003 -0.3828
vn 0.0003 -1.0000 0.0001
vn -0.9238 -0.0000 -0.3830
vn -0.9239 -0.0003 -0.3827
vn 0.5000 -0.0000 -0.8661
vn 0.4998 -0.0009 -0.8661
vn 0.4999 -0.0010 -0.8661
vn 0.4999 0.0008 -0.8661
vn 0.5003 0.0008 -0.8659
vn 0.5001 0.0006 -0.8659
vn -0.9239 -0.0001 -0.3827
vn -0.2588 -0.0001 0.9659
vn -0.2589 -0.0003 0.9659
vn -0.8035 0.5550 -0.2153
vn -0.8038 0.5548 -0.2147
vn -0.8036 0.5550 -0.2148
vn 0.0001 -1.0000 -0.0003
vn -0.2585 0.0000 0.9660
vn -0.2592 0.0005 0.9658
vn -0.2590 -0.0004 0.9659
vn -0.2589 -0.0006 0.9659
vn 0.0002 -1.0000 -0.0009
vn 0.0008 -1.0000 0.0003
vn 0.4999 -0.0000 -0.8661
vn 0.5003 -0.0000 -0.8659
vn 0.4999 -0.0003 -0.8661
vn 0.9239 -0.0001 0.3827
vn 0.9238 -0.0009 0.3828
vn 0.9239 0.0009 0.3827
vn 0.9239 -0.0002 0.3827
vn 0.9238 -0.0006 0.3829
vn -0.3818 0.0004 0.9242
vn -0.3827 0.0010 0.9239
vn -0.3820 -0.0007 0.9242
vn 0.3830 0.0000 -0.9237
vn 0.3827 0.0000 -0.9239
vn 0.3825 -0.0003 -0.9240
vn 0.3827 0.0001 -0.9239
vn -0.0664 0.9973 -0.0311
vn -0.0685 0.9971 -0.0320
vn -0.0705 0.9970 -0.0329
vn 0.9514 -0.0087 0.3077
vn 0.9497 -0.0620 0.3070
vn 0.9505 0.0447 0.3075
vn -1.0000 0.0008 0.0000
vn -0.9661 -0.2581 -0.0007
vn -0.9657 0.2596 0.0007
vn 0.4226 0.0000 -0.9063
vn 0.4226 0.0001 -0.9063
vn 0.4224 -0.0003 -0.9064
vn 0.4223 -0.0002 -0.9064
vn 0.4226 -0.0001 -0.9063
vn -0.0001 1.0000 0.0003
vn -0.1151 0.9925 -0.0413
vn -0.1190 0.9920 -0.0426
vn -0.1229 0.9915 -0.0439
vn 0.9235 0.0000 0.3835
vn 0.9239 -0.0009 0.3827
vn 0.9238 0.0009 0.3828
vn 0.9238 -0.0009 0.3830
vn 0.9237 0.0000 0.3831
vn 0.9238 -0.0003 0.3828
vn 0.9239 0.0006 0.3827
vn 0.9238 -0.0005 0.3828
vn 0.9239 0.0005 0.3827
vn 0.9240 -0.0010 0.3823
vn 0.9243 -0.0000 0.3817
vn 0.9239 0.0009 0.3825
vn 0.9238 0.0009 0.3830
vn -0.3827 0.0000 0.9239
vn 0.3826 0.0000 -0.9239
vn 0.9238 0.0009 0.3829
vn -0.3826 0.0000 0.9239
vn -0.1201 -0.9921 -0.0351
vn -0.1116 -0.9933 -0.0315
vn -0.1030 -0.9943 -0.0279
vn -0.0003 1.0000 -0.0002
vn -0.0340 0.9985 -0.0421
vn -0.0510 0.9975 -0.0490
vn -0.0679 0.9961 -0.0560
vn 0.9239 -0.0008 0.3827
vn 0.9239 -0.0003 0.3827
vn 0.2591 0.0007 -0.9659
vn 0.2590 -0.0009 -0.9659
vn 0.2590 -0.0008 -0.9659
vn 0.2588 -0.0001 -0.9659
vn 0.2588 0.0000 -0.9659
vn 0.2589 -0.0000 -0.9659
vn 0.0003 -1.0000 -0.0010
vn -0.0010 -1.0000 -0.0004
vn -0.5000 0.0002 0.8660
vn -0.4998 0.0009 0.8661
vn -0.5000 -0.0009 0.8661
vn -0.5000 0.0000 0.8661
vn -0.9238 0.0009 -0.3828
vn -0.9235 -0.0000 -0.3835
vn -0.9238 0.0011 -0.3828
vn -0.9239 0.0009 -0.3827
vn 0.0008 1.0000 0.0003
vn 0.0002 1.0000 -0.0009
vn 0.0008 1.0000 0.0005
vn -0.1466 -0.5877 0.7957
vn -0.1398 -0.6219 0.7705
vn -0.1327 -0.6550 0.7439
vn -0.9236 -0.0000 -0.3834
vn -0.9238 0.0009 -0.3829
vn -0.9239 -0.0009 -0.3827
vn -0.9240 -0.0000 -0.3824
vn -0.9239 0.0003 -0.3827
vn 0.9077 -0.0192 0.4191
vn 0.9069 -0.0459 0.4187
vn 0.9079 0.0075 0.4191
vn 0.9515 0.0771 0.2979
vn 0.9541 0.0174 0.2989
vn 0.9534 -0.0423 0.2988
vn -0.8665 -0.0002 -0.4992
vn -0.9236 -0.0000 -0.3833
vn -0.9239 0.0008 -0.3827
vn 0.0010 1.0000 0.0004
vn 0.0003 1.0000 -0.0010
vn 0.2589 0.0006 -0.9659
vn 0.2592 -0.0005 -0.9658
vn -0.4997 -0.0010 0.8662
vn -0.5000 0.0009 0.8661
vn -0.3832 -0.0003 0.9237
vn -0.3827 -0.0006 0.9239
vn -0.3831 0.0004 0.9237
vn -0.3828 0.0011 0.9238
vn -0.3836 0.0004 0.9235
vn -0.3836 -0.0004 0.9235
vn 0.9237 -0.0008 0.3830
vn -0.3837 -0.0000 0.9235
vn 0.8661 0.0002 0.4998
vn -0.0150 0.9999 0.0067
vn -0.0172 0.9997 0.0149
vn -0.0127 0.9999 -0.0016
vn -0.0265 0.9920 0.1231
vn -0.0276 0.9915 0.1271
vn -0.0255 0.9926 0.1191
vn 0.0111 -0.9992 -0.0389
vn 0.0110 -0.9992 -0.0385
vn 0.0109 -0.9992 -0.0381
vn 0.4991 0.0000 -0.8666
vn 0.4999 0.0011 -0.8661
vn 0.4993 -0.0007 -0.8664
vn -0.0008 -1.0000 -0.0004
vn -0.0008 -1.0000 -0.0003
vn -0.9239 0.0001 -0.3827
vn 0.6428 -0.7660 -0.0060
vn 0.6427 0.7661 0.0058
vn 0.0227 -0.9997 0.0005
vn 0.0265 -0.9996 -0.0138
vn 0.0189 -0.9997 0.0147
vn -0.0609 0.0000 -0.9981
vn -0.0559 0.2135 -0.9753
vn -0.0630 -0.2134 -0.9749
vn 0.1101 -0.8860 -0.4505
vn 0.1067 -0.8923 -0.4387
vn 0.1084 -0.8891 -0.4446
vn -0.1456 -0.0776 0.9863
vn -0.1448 -0.0000 0.9895
vn -0.1431 0.0775 0.9867
vn 0.1456 0.0776 -0.9863
vn 0.1431 -0.0775 -0.9867
vn 0.1448 0.0000 -0.9895
vn -0.0457 0.9924 0.1146
vn -0.0484 0.9911 0.1239
vn -0.0510 0.9898 0.1332
vn -0.0993 0.9607 0.2591
vn -0.0892 0.9705 0.2238
vn -0.0942 0.9658 0.2415
vn -0.9239 0.0006 -0.3827
vn 0.5004 -0.0005 -0.8658
vn 0.5007 0.0002 -0.8656
vn 0.4998 -0.0010 -0.8661
vn -0.2588 -0.0009 0.9659
vn -0.2587 0.0011 0.9659
vn -0.2588 0.0009 0.9659
vn -0.2590 -0.0006 0.9659
vn -0.2579 0.0003 0.9662
vn -0.2580 -0.0006 0.9662
vn -0.8034 0.5552 -0.2153
vn -0.2585 0.0001 0.9660
vn -0.0047 -0.9996 -0.0281
vn -0.0006 -0.9991 -0.0432
vn -0.0026 -0.9994 -0.0356
vn 0.4992 -0.0001 -0.8665
vn -0.0007 1.0000 -0.0008
vn -0.0010 1.0000 -0.0004
vn -0.3828 -0.0011 0.9238
vn -0.3833 0.0006 0.9236
vn 0.3824 0.0001 -0.9240
vn 0.3827 -0.0001 -0.9239
vn 0.9238 0.0004 0.3829
vn 0.2590 -0.0002 -0.9659
vn 0.9243 -0.0000 0.3816
vn 0.9239 0.0011 0.3826
vn 0.9239 -0.0010 0.3825
vn 0.2588 0.0001 -0.9659
vn -0.5003 0.0005 0.8658
vn -0.5001 0.0006 0.8659
vn -0.5002 0.0006 0.8659
vn -0.3827 0.0001 0.9239
vn 0.0004 1.0000 -0.0010
vn -0.0003 -1.0000 0.0008
vn 0.4999 -0.0011 -0.8661
vn 0.4994 -0.0006 -0.8664
vn 0.9239 0.0001 0.3827
vn 0.9238 0.0000 0.3830
vn -0.0711 -0.9675 0.2428
vn -0.0701 -0.9684 0.2392
vn -0.0691 -0.9694 0.2356
vn -0.0009 -1.0000 -0.0003
vn 0.0698 -0.9687 -0.2384
vn 0.0718 -0.9667 -0.2456
vn 0.0708 -0.9677 -0.2420
vn -0.2588 0.0001 0.9659
vn 0.1281 -0.8901 -0.4374
vn 0.1315 -0.8836 -0.4495
vn 0.1298 -0.8868 -0.4435
vn 0.0306 -0.9966 -0.0768
vn 0.0342 -0.9954 -0.0893
vn 0.0324 -0.9960 -0.0830
vn 0.0010 -1.0000 0.0004
vn 0.5000 0.0011 -0.8661
vn 0.3825 -0.0010 -0.9240
vn 0.3817 -0.0000 -0.9243
vn 0.3826 -0.0011 -0.9239
vn -0.0004 -1.0000 0.0010
vn -0.4162 0.5548 0.7203
vn -0.4163 0.5547 0.7204
vn -0.4159 0.5550 0.7204
vn -0.5008 -0.0002 0.8656
vn -0.3835 0.0000 0.9235
vn -0.3827 -0.0009 0.9239
vn -0.3829 0.0009 0.9238
vn -0.3824 -0.0011 0.9240
vn -0.3816 0.0000 0.9243
vn -0.3826 0.0012 0.9239
vn -0.3827 0.0006 0.9239
vn -0.3833 0.0000 0.9236
vn -0.3830 0.0000 0.9238
vn -0.3827 0.0003 0.9239
vn -0.3827 -0.0003 0.9239
vn 0.9660 0.0011 0.2586
vn 0.9660 0.0009 0.2587
vn 0.9660 0.0009 0.2586
vn 0.9660 0.0000 0.2585
vn 0.2589 0.0003 -0.9659
vn 0.2593 -0.0000 -0.9658
vn 0.2593 -0.0001 -0.9658
vn 0.0003 -1.0000 -0.0008
vn -0.8656 0.0001 -0.5008
vn -0.8657 0.0002 -0.5005
vn -0.8663 0.0000 -0.4995
vn -0.8660 0.0006 -0.5000
vn -0.8661 -0.0006 -0.4998
vn 0.3816 -0.0000 -0.9243
vn 0.3826 0.0011 -0.9239
vn 0.3827 -0.0006 -0.9239
vn 0.3827 -0.0005 -0.9239
vn 0.3827 -0.0007 -0.9239
vn 0.3827 0.0009 -0.9239
vn 0.3830 -0.0008 -0.9237
vn 0.3828 -0.0009 -0.9238
vn 0.9237 -0.0003 0.3832
vn 0.9237 0.0003 0.3830
vn 0.3833 -0.0000 -0.9236
vn 0.3827 0.0006 -0.9239
vn 0.3828 0.0006 -0.9238
vn -0.9240 -0.0003 -0.3825
vn -0.9235 -0.0000 -0.3837
vn -0.9235 -0.0004 -0.3836
vn -0.0633 0.9790 0.1936
vn -0.0585 0.9812 0.1840
vn -0.0537 0.9832 0.1744
vn 0.0106 0.9965 -0.0835
vn 0.0164 0.9952 -0.0969
vn 0.0049 0.9975 -0.0699
vn 0.0021 -0.9995 0.0312
vn -0.0014 -0.9992 0.0397
vn 0.0057 -0.9997 0.0226
vn -0.0008 1.0000 -0.0003
vn -0.0003 1.0000 0.0008
vn -0.9060 0.0000 -0.4233
vn -0.9063 0.0006 -0.4226
vn -0.9062 0.0005 -0.4229
vn -0.9064 -0.0001 -0.4223
vn -0.9063 -0.0000 -0.4226
vn -0.9062 0.0003 -0.4228
vn -0.0004 1.0000 0.0010
vn -0.0009 1.0000 -0.0005
vn -0.0007 1.0000 0.0008
vn -0.1256 -0.9337 0.3353
vn -0.1223 -0.9367 0.3282
vn -0.1189 -0.9397 0.3208
vn 0.3830 0.0005 -0.9238
vn 0.3831 -0.0000 -0.9237
vn 0.3826 0.0003 -0.9239
vn 0.3827 -0.0003 -0.9239
vn 0.3829 0.0007 -0.9238
vn 0.3828 -0.0006 -0.9238
vn 0.9235 -0.0003 0.3836
vn 0.9239 0.0009 0.3828
vn 0.9235 0.0000 0.3837
vn -0.1473 0.8930 0.4254
vn -0.1400 0.9021 0.4082
vn -0.1327 0.9108 0.3910
vn 0.1419 -0.9469 0.2886
vn 0.0935 -0.8908 0.4447
vn 0.0424 -0.8081 0.5876
vn 0.0011 1.0000 -0.0001
vn 0.8660 -0.0002 0.5000
vn 0.8661 0.0010 0.4998
vn 0.8662 -0.0012 0.4998
vn 0.3828 0.0010 -0.9238
vn 0.3837 -0.0000 -0.9235
vn 0.3828 0.0011 -0.9238
vn 0.3828 0.0011 -0.9239
vn -0.3828 0.0006 0.9238
vn -0.1282 -0.9901 -0.0579
vn -0.1426 -0.9879 -0.0617
vn -0.1281 -0.9901 -0.0578
vn -0.3828 0.0009 0.9238
vn -0.3827 -0.0001 0.9239
vn -0.3826 -0.0003 0.9239
vn -1.0000 -0.0042 0.0000
vn -0.7093 0.7049 -0.0000
vn -0.7032 -0.7110 0.0001
vn -0.4655 -0.0839 0.8811
vn -0.4670 -0.0213 0.8840
vn -0.4668 0.0412 0.8834
vn -0.5009 0.0002 0.8655
vn -0.5011 0.0000 0.8654
vn -0.4996 -0.0000 0.8663
vn -0.5000 -0.0005 0.8660
vn -0.5003 0.0001 0.8659
vn 0.9240 -0.0002 0.3825
vn 0.3824 -0.0000 -0.9240
vn 0.9236 0.0004 0.3835
vn 0.1368 -0.9903 0.0261
vn 0.1433 -0.9893 0.0278
vn 0.1302 -0.9912 0.0243
vn -0.0954 0.9950 0.0312
vn -0.0584 0.9975 0.0407
vn -0.1323 0.9910 0.0215
vn -0.1039 -0.9925 -0.0646
vn -0.0811 -0.9950 -0.0585
vn -0.0582 -0.9969 -0.0524
vn 0.0010 -1.0000 0.0003
vn -0.8660 0.0000 -0.5001
vn 0.3830 -0.0000 -0.9238
vn 0.1766 0.9767 0.1218
vn 0.1310 0.9853 0.1095
vn 0.2218 0.9659 0.1338
vn -0.0960 0.9934 -0.0621
vn -0.1185 0.9906 -0.0680
vn -0.0735 0.9957 -0.0561
vn 0.0742 -0.9953 0.0624
vn 0.1005 -0.9925 0.0693
vn 0.0478 -0.9973 0.0553
vn -0.1057 -0.9944 -0.0040
vn -0.1056 -0.9944 -0.0040
vn -0.0907 -0.9959 -0.0000
vn -0.9614 0.0083 -0.2751
vn -0.9613 -0.0142 -0.2750
vn -0.9614 -0.0029 -0.2751
vn 0.0284 -0.9939 0.1068
vn 0.0899 -0.9883 0.1235
vn 0.0283 -0.9939 0.1068
vn 0.9659 0.0001 0.2588
vn 0.9659 -0.0003 0.2588
vn -0.8660 -0.0002 -0.5000
vn -0.8660 0.0002 -0.5000
vn 0.9659 -0.0011 0.2589
vn 0.9656 0.0000 0.2600
vn 0.9658 -0.0012 0.2591
vn 0.9659 0.0003 0.2588
vn 0.9659 0.0006 0.2588
vn 0.9659 0.0011 0.2588
vn 0.9660 -0.0007 0.2585
vn 0.9662 -0.0000 0.2578
vn 0.9662 0.0003 0.2578
vn 0.9662 -0.0006 0.2580
vn 0.2579 0.0002 -0.9662
vn 0.2580 0.0002 -0.9662
vn 0.9662 -0.0000 0.2579
vn 0.9661 0.0003 0.2580
vn 0.9660 0.0009 0.2585
vn 0.2809 -0.9476 0.1520
vn 0.3713 -0.9116 0.1765
vn 0.3265 -0.9308 0.1645
vn -0.8662 -0.0001 -0.4997
vn -0.8661 0.0000 -0.4999
vn -0.8658 0.0000 -0.5004
vn -0.8660 0.0003 -0.5001
vn -0.8663 -0.0002 -0.4996
vn -0.8661 -0.0003 -0.4999
vn -0.8662 0.0006 -0.4997
vn -0.9236 0.0004 -0.3834
vn -0.9236 -0.0004 -0.3834
vn 0.9239 -0.0010 0.3827
vn 0.9235 0.0000 0.3836
vn -0.9659 -0.0002 -0.2590
vn -0.9659 0.0009 -0.2588
vn -0.9660 0.0010 -0.2585
vn -0.9660 0.0009 -0.2586
vn -0.9657 0.0000 -0.2596
vn -0.9658 -0.0005 -0.2591
vn -0.9659 0.0006 -0.2589
vn 0.8661 -0.0003 0.4999
vn 0.3830 -0.0005 -0.9237
vn 0.9236 0.0006 0.3833
vn -0.8661 -0.0009 -0.4999
vn -0.8664 -0.0004 -0.4993
vn -0.8664 0.0000 -0.4993
vn 0.2594 -0.0001 -0.9658
vn -0.3834 -0.0000 0.9236
vn 0.3835 -0.0000 -0.9235
vn 0.3828 0.0009 -0.9238
vn 0.3827 0.0003 -0.9239
vn -0.0325 0.9991 -0.0277
vn -0.0443 0.9985 -0.0309
vn -0.0561 0.9978 -0.0341
vn -0.0952 0.9930 -0.0695
vn -0.0953 0.9930 -0.0695
vn -0.0679 0.9957 -0.0622
vn 0.3226 -0.9450 0.0539
vn 0.3611 -0.9303 0.0636
vn 0.3418 -0.9379 0.0587
vn 0.0476 0.9987 0.0162
vn 0.0475 0.9987 0.0162
vn 0.0455 0.9988 0.0156
vn -0.8661 -0.0010 -0.4999
vn -0.8664 -0.0007 -0.4993
vn -0.8666 0.0000 -0.4991
vn 0.9239 0.0003 -0.3826
vn 0.9238 -0.0000 -0.3830
vn 0.9239 -0.0003 -0.3827
vn 0.9236 0.0000 -0.3834
vn 0.9239 -0.0009 -0.3827
vn 0.9238 -0.0007 -0.3828
vn 0.0001 -1.0000 0.0010
vn -0.8037 0.5547 0.2154
vn -0.8037 0.5547 0.2153
vn -0.0005 -1.0000 -0.0009
vn -0.0010 -1.0000 0.0004
vn -0.9239 0.0003 0.3827
vn -0.9238 -0.0000 0.3830
vn -0.2588 0.0011 -0.9659
vn -0.2586 0.0010 -0.9660
vn -0.2590 -0.0006 -0.9659
vn -0.2589 0.0006 -0.9659
vn 0.5000 0.0001 0.8660
vn -0.7206 0.5547 0.4160
vn -0.7206 0.5547 0.4161
vn -0.7205 0.5547 0.4161
vn 0.5001 -0.0003 0.8660
vn 0.4999 -0.0003 0.8661
vn 0.5000 0.0003 0.8660
vn 0.4997 -0.0010 0.8662
vn 0.4999 -0.0011 0.8661
vn 0.4991 0.0000 0.8665
vn 0.9239 -0.0005 -0.3827
vn 0.9238 0.0010 -0.3828
vn 0.9239 0.0010 -0.3827
vn 0.9239 0.0001 -0.3827
vn 0.9238 0.0006 -0.3829
vn 0.3832 0.0003 0.9237
vn 0.3831 -0.0004 0.9237
vn -0.3827 -0.0005 -0.9239
vn -0.3830 -0.0005 -0.9237
vn -0.3828 0.0011 -0.9238
vn -0.3837 0.0000 -0.9235
vn -0.3836 0.0004 -0.9235
vn -0.0335 -0.9992 0.0199
vn -0.0368 -0.9991 0.0213
vn -0.0403 -0.9989 0.0227
vn -0.0162 0.9998 0.0069
vn -0.0163 0.9998 0.0070
vn -0.0161 0.9998 0.0069
vn 0.0256 -0.9997 -0.0066
vn 0.0279 -0.9996 -0.0075
vn 0.0233 -0.9997 -0.0056
vn 0.9238 -0.0009 -0.3828
vn 0.9235 0.0000 -0.3835
vn 0.9239 -0.0008 -0.3827
vn -0.3426 0.0000 -0.9395
vn -0.3421 -0.0005 -0.9397
vn -0.3424 -0.0005 -0.9395
vn -0.3421 -0.0000 -0.9397
vn -0.3420 -0.0000 -0.9397
vn -0.3421 -0.0006 -0.9397
vn -0.3427 -0.0003 -0.9394
vn -0.0010 1.0000 0.0001
vn -0.0852 -0.9963 0.0117
vn -0.0716 -0.9974 0.0061
vn -0.0582 -0.9983 0.0005
vn -0.0002 1.0000 -0.0009
vn -0.0008 1.0000 0.0004
vn 0.9239 0.0003 -0.3827
vn 0.0086 -1.0000 -0.0043
vn 0.0084 -1.0000 -0.0042
vn 0.0080 -1.0000 -0.0040
vn -0.0355 0.9993 0.0107
vn -0.0380 0.9992 0.0117
vn -0.0403 0.9991 0.0126
vn -0.0008 1.0000 0.0005
vn -0.0005 1.0000 -0.0008
vn -0.0008 1.0000 0.0003
vn 0.9238 -0.0006 -0.3828
vn 0.0008 1.0000 -0.0003
vn -0.4998 0.0009 -0.8661
vn -0.4999 -0.0009 -0.8661
vn -0.5000 0.0009 -0.8661
vn -0.5000 -0.0001 -0.8660
vn -0.4992 0.0000 -0.8665
vn -0.4998 -0.0009 -0.8661
vn 0.0009 -1.0000 -0.0003
vn 0.2590 -0.0006 0.9659
vn 0.2594 -0.0000 0.9658
vn 0.2589 0.0003 0.9659
vn 0.2589 0.0005 0.9659
vn -0.9238 -0.0006 0.3828
vn -0.9236 0.0000 0.3833
vn -0.9239 0.0006 0.3827
vn 0.0867 0.9883 0.1252
vn 0.0825 0.9896 0.1180
vn 0.0784 0.9907 0.1109
vn -0.9238 -0.0009 0.3829
vn -0.9238 -0.0008 0.3828
vn 0.8640 0.0446 -0.5015
vn 0.8640 -0.0454 -0.5015
vn 0.8570 0.1343 -0.4974
vn 0.0231 0.9997 -0.0045
vn 0.0202 0.9998 -0.0033
vn 0.0173 0.9998 -0.0021
vn -0.9662 0.0002 0.2578
vn -0.9662 0.0000 0.2578
vn -0.9659 -0.0011 0.2588
vn -0.9662 0.0002 0.2577
vn -0.9238 -0.0010 0.3828
vn -0.9234 -0.0000 0.3838
vn -0.9238 0.0012 0.3828
vn -0.5001 0.0003 -0.8660
vn -0.5000 0.0000 -0.8661
vn 0.2591 -0.0005 0.9658
vn 0.2596 -0.0000 0.9657
vn 0.2589 0.0006 0.9659
vn 0.3836 -0.0004 0.9235
vn 0.9658 0.0003 -0.2593
vn 0.0095 0.9994 -0.0348
vn 0.0180 0.9996 -0.0200
vn 0.0009 0.9988 -0.0495
vn 0.3729 -0.0000 0.9279
vn 0.3686 -0.0942 0.9248
vn 0.3737 -0.0941 0.9228
vn -0.1019 -0.9894 -0.1035
vn -0.1140 -0.9856 -0.1245
vn -0.1260 -0.9813 -0.1455
vn 0.0005 -1.0000 0.0009
vn -0.2588 0.0009 -0.9659
vn -0.2584 0.0004 -0.9660
vn 0.0008 -1.0000 -0.0004
vn -0.9238 -0.0009 0.3828
vn 0.4993 -0.0007 0.8664
vn 0.4999 0.0010 0.8661
vn 0.4991 -0.0000 0.8666
vn 0.4999 0.0011 0.8661
vn -0.6020 -0.0000 -0.7985
vn -0.6019 -0.0815 -0.7944
vn -0.5981 0.0814 -0.7973
vn -0.9239 0.0001 0.3827
vn -0.9999 -0.0134 0.0000
vn -0.7554 -0.6553 0.0000
vn -0.7727 0.6348 -0.0001
vn -0.0873 0.9885 -0.1235
vn -0.0827 0.9898 -0.1156
vn -0.0828 0.9898 -0.1157
vn 0.2064 0.9296 0.3053
vn 0.1896 0.9416 0.2782
vn 0.1980 0.9358 0.2917
vn 0.7304 -0.2146 0.6484
vn 0.7490 -0.0009 0.6625
vn 0.7330 0.2129 0.6460
vn 0.0357 -0.9959 -0.0826
vn -0.0125 -0.9862 -0.1653
vn 0.0117 -0.9922 -0.1241
vn 0.0722 -0.9943 0.0789
vn 0.0645 -0.9958 0.0656
vn 0.0569 -0.9970 0.0524
vn 0.4999 0.0000 0.8661
vn 0.5003 -0.0000 0.8658
vn -0.5988 -0.0826 -0.7966
vn -0.6010 0.0806 -0.7952
vn -0.6020 -0.0009 -0.7985
vn -0.2582 0.0006 -0.9661
vn -0.9237 0.0000 0.3830
vn -0.9239 -0.0003 0.3827
vn 0.9237 0.0000 -0.3831
vn 0.0002 -1.0000 -0.0010
vn 0.5000 -0.0000 0.8661
vn 0.5001 0.0006 0.8659
vn 0.5002 0.0007 0.8659
vn 0.5002 0.0006 0.8659
vn 0.5005 -0.0003 0.8657
vn -0.7205 0.5548 0.4160
vn -0.8659 0.0001 0.5003
vn -0.0009 -1.0000 -0.0006
vn -0.0003 1.0000 0.0009
vn -0.0176 0.9998 -0.0070
vn -0.0099 0.9999 0.0069
vn -0.0138 0.9999 -0.0000
vn 0.9239 -0.0004 -0.3827
vn -0.0009 1.0000 -0.0001
vn 0.3830 0.0002 0.9238
vn -0.3827 0.0009 -0.9239
vn -0.3836 -0.0004 -0.9235
vn -0.3835 0.0004 -0.9236
vn -0.3832 -0.0007 -0.9237
vn -0.3835 -0.0004 -0.9236
vn -0.3827 -0.0001 -0.9239
vn -0.5000 0.0008 -0.8660
vn -0.4994 -0.0006 -0.8663
vn -0.4997 -0.0010 -0.8662
vn -0.4999 0.0011 -0.8661
vn 0.2590 -0.0002 0.9659
vn 0.2588 -0.0001 0.9659
vn 0.9237 0.0007 -0.3832
vn -0.2585 0.0001 -0.9660
vn 0.9658 -0.0001 -0.2594
vn 0.9240 -0.0000 -0.3824
vn 0.4999 -0.0001 0.8661
vn 0.0447 0.9949 0.0906
vn 0.0472 0.9945 0.0937
vn 0.0497 0.9941 0.0969
vn -0.0433 -0.9975 -0.0560
vn -0.0497 -0.9965 -0.0670
vn -0.0465 -0.9970 -0.0615
vn 0.1284 -0.9811 0.1446
vn 0.1029 -0.9896 0.1003
vn 0.1156 -0.9857 0.1224
vn 0.0295 0.9978 0.0593
vn 0.0322 0.9974 0.0639
vn 0.0308 0.9976 0.0614
vn 0.7930 0.0000 -0.6093
vn 0.7933 -0.0006 -0.6089
vn -0.4998 -0.0002 -0.8662
vn -0.7208 0.5548 0.4155
vn -0.7202 0.5553 0.4158
vn -0.7207 0.5550 0.4155
vn -0.8656 0.0002 0.5008
vn -0.7937 0.0000 0.6083
vn -0.7934 -0.0006 0.6087
vn -0.7936 0.0008 0.6085
vn -0.7935 0.0006 0.6086
vn -0.7934 -0.0005 0.6087
vn 0.0007 -1.0000 -0.0005
vn -0.7935 0.0010 0.6086
vn -0.7940 0.0000 0.6079
vn -0.7935 -0.0010 0.6086
vn -0.4998 0.0010 -0.8661
vn -0.4999 0.0009 -0.8661
vn -0.5000 0.0005 -0.8660
vn -0.5003 -0.0000 -0.8659
vn 0.7071 0.0004 0.7071
vn 0.7071 -0.0003 0.7071
vn -0.5885 0.5544 0.5885
vn -0.5884 0.5547 0.5883
vn -0.5881 0.5548 0.5885
vn 0.7068 -0.0000 -0.7074
vn 0.7068 0.0001 -0.7074
vn 0.7074 0.0000 0.7068
vn 0.7068 -0.0000 0.7075
vn 0.7071 -0.0001 0.7071
vn 0.7070 0.0003 0.7072
vn -0.4992 0.0001 -0.8665
vn -0.5000 -0.0008 -0.8661
vn -0.4995 0.0002 -0.8663
vn 0.7935 0.0009 -0.6086
vn 0.7935 -0.0009 -0.6086
vn 0.7934 -0.0006 -0.6087
vn 0.7934 0.0001 -0.6088
vn 0.7933 -0.0002 -0.6088
vn 0.7933 0.0001 -0.6088
vn 0.7936 -0.0000 -0.6085
vn 0.7934 -0.0003 -0.6088
vn 0.7939 0.0000 -0.6080
vn 0.7937 -0.0007 -0.6083
vn 0.6080 -0.0004 0.7939
vn 0.6082 0.0005 0.7938
vn -0.6080 -0.0000 -0.7939
vn -0.6086 0.0009 -0.7935
vn -0.6083 0.0007 -0.7937
vn 0.7934 0.0003 -0.6087
vn 0.7351 -0.0980 -0.6708
vn 0.7295 -0.1572 -0.6657
vn 0.7213 -0.2157 -0.6582
vn 0.7068 -0.0009 -0.7074
vn 0.7013 -0.0883 -0.7074
vn 0.7069 0.0865 -0.7021
vn -0.0122 -0.9998 0.0164
vn -0.0152 -0.9997 0.0187
vn -0.0093 -0.9999 0.0141
vn -0.5740 0.0000 -0.8189
vn -0.5737 -0.0005 -0.8191
vn -0.5739 -0.0005 -0.8189
vn -0.5729 0.0004 -0.8196
vn -0.5735 0.0009 -0.8192
vn -0.5733 0.0005 -0.8194
vn -0.5736 0.0000 -0.8191
vn -0.5736 -0.0001 -0.8191
vn -0.0109 0.9996 -0.0265
vn 0.0037 0.9993 -0.0378
vn 0.0183 0.9986 -0.0492
vn 0.7934 0.0003 -0.6088
vn 0.0002 1.0000 -0.0002
vn 0.0007 1.0000 -0.0006
vn 0.7937 0.0008 -0.6083
vn 0.7940 0.0000 -0.6079
vn 0.7936 -0.0008 -0.6084
vn 0.7935 0.0006 -0.6086
vn -0.0009 1.0000 0.0006
vn 0.7930 -0.0008 -0.6092
vn 0.7930 -0.0009 -0.6092
vn 0.7933 -0.0010 -0.6089
vn -0.6088 0.0001 -0.7933
vn -0.6090 0.0001 -0.7932
vn 0.7935 0.0010 -0.6086
vn 0.7936 0.0010 -0.6085
vn 0.7935 0.0009 -0.6085
vn 0.0009 1.0000 -0.0006
vn 0.0008 1.0000 -0.0006
vn 0.6080 -0.0003 0.7940
vn -0.0006 1.0000 -0.0007
vn 0.0158 -0.9987 -0.0476
vn 0.0006 -0.9994 -0.0358
vn -0.0148 -0.9996 -0.0240
vn 0.0008 1.0000 -0.0004
vn 0.9304 -0.2097 -0.3007
vn 0.9442 -0.0000 -0.3295
vn 0.9155 0.2096 -0.3435
vn -0.7071 0.0005 -0.7072
vn -0.7072 0.0005 -0.7071
vn -0.7072 0.0006 -0.7070
vn 0.5003 -0.0007 0.8659
vn 0.5002 -0.0005 0.8659
vn 0.4999 -0.0006 0.8661
vn 0.5000 -0.0005 0.8660
vn 0.4999 0.0006 0.8661
vn 0.0005 1.0000 0.0008
vn -0.2069 -0.9673 -0.1465
vn -0.1873 -0.9741 -0.1268
vn -0.1675 -0.9800 -0.1071
vn -0.7930 0.0000 0.6093
vn -0.7933 0.0008 0.6088
vn -0.7932 -0.0010 0.6090
vn -0.7935 0.0007 0.6086
vn -0.7935 0.0009 0.6086
vn 0.7539 0.1130 -0.6472
vn 0.7566 0.0753 -0.6495
vn 0.7501 0.1506 -0.6439
vn 0.7346 -0.4399 -0.5166
vn 0.7226 -0.4686 -0.5082
vn 0.7101 -0.4965 -0.4993
vn -0.8656 -0.0001 0.5008
vn -0.7938 -0.0000 0.6082
vn -0.7933 -0.0005 0.6088
vn -0.7936 -0.0000 0.6085
vn -0.7934 0.0003 0.6088
vn -0.7071 0.0011 -0.7071
vn -0.7073 0.0007 -0.7069
vn 0.6082 -0.0003 0.7938
vn 0.6081 0.0006 0.7939
vn 0.6092 -0.0002 0.7930
vn 0.6092 0.0002 0.7930
vn -0.2075 0.9528 -0.2217
vn -0.2025 0.9550 -0.2167
vn -0.2131 0.9502 -0.2273
vn -0.0113 -0.9997 -0.0210
vn -0.0080 -0.9998 -0.0177
vn -0.0146 -0.9996 -0.0243
vn -0.0874 0.9889 -0.1198
vn -0.0981 0.9866 -0.1305
vn -0.1087 0.9840 -0.1411
vn 0.0008 -1.0000 -0.0007
vn 0.7934 0.0006 -0.6087
vn 0.7937 -0.0000 -0.6083
vn -0.5001 -0.0000 -0.8660
vn -0.7933 -0.0006 0.6088
vn 0.7074 0.0003 0.7069
vn 0.7075 -0.0000 0.7068
vn -0.1135 0.9766 -0.1828
vn -0.1360 0.9692 -0.2052
vn -0.1367 0.9690 -0.2059
vn 0.7071 0.0001 0.7071
vn 0.7071 0.0000 0.7072
vn 0.0024 1.0000 0.0003
vn 0.0017 1.0000 -0.0004
vn 0.0010 1.0000 -0.0010
vn -0.0395 -0.9973 -0.0624
vn -0.0319 -0.9980 -0.0548
vn -0.0318 -0.9980 -0.0547
vn -0.5497 -0.1309 -0.8250
vn -0.5497 -0.1319 -0.8249
vn -0.5545 0.0005 -0.8322
vn 0.0909 -0.9891 0.1156
vn 0.0984 -0.9875 0.1231
vn 0.0902 -0.9893 0.1149
vn -0.0045 -1.0000 -0.0011
vn -0.0023 -1.0000 0.0011
vn -0.0034 -1.0000 -0.0000
vn -0.0396 -0.9991 -0.0160
vn -0.0475 -0.9986 -0.0240
vn -0.0554 -0.9980 -0.0318
vn -0.7292 0.0232 -0.6840
vn -0.7292 -0.0194 -0.6840
vn -0.7293 0.0019 -0.6841
vn 0.7073 0.0003 0.7069
vn -0.5001 -0.0013 -0.8660
vn -0.5008 -0.0008 -0.8656
vn 0.7071 0.0011 0.7071
vn 0.7079 0.0000 0.7064
vn 0.7072 0.0009 0.7070
vn -0.4995 0.0000 -0.8663
vn -0.4997 -0.0005 -0.8662
vn -0.4997 0.0001 -0.8662
vn -0.8657 0.0001 0.5005
vn 0.7071 -0.0006 0.7071
vn 0.7071 -0.0010 0.7071
vn 0.7066 -0.0000 0.7076
vn 0.7065 -0.0003 0.7077
vn -0.5883 0.5547 0.5884
vn -0.5883 0.5547 0.5883
vn 0.7068 -0.0001 0.7074
vn 0.7072 0.0000 0.7071
vn -0.0792 0.9862 -0.1453
vn -0.0799 0.9861 -0.1460
vn -0.0574 0.9907 -0.1235
vn -0.4999 0.0000 -0.8661
vn -0.4998 0.0007 -0.8662
vn -0.4993 0.0003 -0.8665
vn 0.6087 -0.0001 0.7934
vn -0.6092 -0.0002 -0.7930
vn -0.6092 0.0002 -0.7930
vn -0.6087 0.0001 -0.7934
vn -0.7071 -0.0006 -0.7071
vn -0.7070 -0.0006 -0.7072
vn -0.7079 -0.0000 -0.7064
vn -0.7071 -0.0011 -0.7071
vn -0.7939 0.0000 0.6080
vn -0.7935 -0.0009 0.6086
vn -0.7935 0.0009 0.6085
vn 0.5000 0.0009 0.8661
vn 0.4994 0.0006 0.8663
vn 0.5003 -0.0005 0.8659
vn 0.5002 -0.0006 0.8659
vn 0.7932 0.0003 -0.6089
vn 0.7938 -0.0008 -0.6082
vn 0.6091 -0.0004 0.7931
vn 0.6095 0.0000 0.7928
vn 0.7934 0.0008 -0.6086
vn 0.8654 -0.0000 -0.5012
vn 0.8655 0.0009 -0.5009
vn 0.8654 -0.0003 -0.5011
vn -0.7935 0.0011 0.6086
vn 0.7071 0.0003 0.7071
vn 0.7069 -0.0000 0.7073
vn 0.7936 -0.0000 -0.6084
vn 0.7934 0.0005 -0.6087
vn 0.7941 -0.0000 -0.6078
vn -0.7933 -0.0008 0.6089
vn -0.0963 0.9858 -0.1375
vn -0.0820 0.9890 -0.1233
vn -0.0956 0.9860 -0.1369
vn 0.0330 0.9990 0.0310
vn 0.0344 0.9989 0.0323
vn 0.0337 0.9989 0.0317
vn 0.6636 -0.0426 0.7469
vn 0.6637 0.0363 0.7471
vn 0.6642 -0.0031 0.7476
vn 0.1118 0.9929 0.0418
vn 0.1580 0.9835 0.0880
vn 0.1350 0.9887 0.0650
vn -0.5009 0.0000 -0.8655
vn 0.9914 0.0005 0.1306
vn 0.9914 -0.0008 0.1306
vn 0.9913 0.0000 0.1316
vn 0.9914 0.0010 0.1307
vn -0.8037 0.5548 -0.2150
vn -0.8034 0.5551 -0.2153
vn -0.8034 0.5550 -0.2158
vn -0.8038 0.5548 -0.2146
vn -0.8033 0.5553 -0.2152
vn -0.8033 0.5551 -0.2159
vn -0.9914 0.0003 -0.1306
vn -0.9914 0.0001 -0.1305
vn 0.9914 0.0003 0.1305
vn 0.9914 -0.0003 0.1305
vn -0.9914 0.0005 -0.1306
vn -0.9914 -0.0000 -0.1311
vn -0.9914 0.0006 -0.1306
vn 0.2590 0.0006 -0.9659
vn 0.0010 -1.0000 0.0001
vn -0.9914 -0.0009 -0.1305
vn -0.9916 0.0000 -0.1295
vn -0.9914 -0.0011 -0.1305
vn -0.8321 0.5547 0.0000
vn -0.8320 0.5547 0.0000
vn 0.2594 0.0002 -0.9658
vn 0.2588 -0.0009 -0.9659
vn 0.2585 -0.0008 -0.9660
vn 0.2584 0.0008 -0.9660
vn 0.9914 -0.0006 0.1305
vn 0.9914 -0.0005 0.1305
vn 0.9914 0.0010 0.1305
vn 0.9914 -0.0008 0.1305
vn 0.9914 0.0012 0.1305
vn 0.9914 -0.0002 0.1305
vn 0.9914 -0.0001 0.1305
vn 0.9489 0.1132 0.2946
vn 0.9550 0.0000 0.2965
vn 0.9489 -0.1131 0.2945
vn -0.9934 0.0005 -0.1143
vn -0.9934 -0.0104 -0.1140
vn -0.9933 0.0114 -0.1146
vn 0.0227 0.9997 -0.0000
vn 0.0208 0.9998 -0.0003
vn 0.0209 0.9998 -0.0003
vn 0.1727 0.0000 -0.9850
vn 0.1736 -0.0011 -0.9848
vn 0.1730 -0.0009 -0.9849
vn 0.1737 0.0000 -0.9848
vn 0.1736 0.0000 -0.9848
vn -0.0124 -0.9999 -0.0003
vn -0.0115 -0.9999 -0.0002
vn -0.0107 -0.9999 -0.0001
vn 0.9914 0.0000 0.1310
vn 0.9914 -0.0003 0.1306
vn 0.0009 1.0000 0.0001
vn 0.9915 -0.0009 0.1301
vn 0.9916 0.0000 0.1295
vn 0.9914 0.0011 0.1305
vn 0.9914 0.0001 0.1305
vn 0.9914 0.0004 0.1305
vn 0.9914 0.0004 0.1306
vn 0.9914 0.0003 0.1307
vn 0.9915 -0.0003 0.1304
vn 0.1311 -0.0002 -0.9914
vn 0.1312 -0.0000 -0.9914
vn 0.9914 -0.0011 0.1306
vn -0.1311 -0.0002 0.9914
vn -0.1312 0.0000 0.9914
vn 0.9901 -0.0083 0.1404
vn 0.9901 -0.0016 0.1404
vn 0.9901 0.0050 0.1404
vn -0.0423 -0.9991 -0.0004
vn -0.0457 -0.9990 -0.0009
vn -0.0490 -0.9988 -0.0013
vn 0.0010 1.0000 0.0001
vn 0.0000 1.0000 0.0011
vn -0.0002 -0.0010 -1.0000
vn -0.0002 0.0010 -1.0000
vn -0.0002 -1.0000 0.0009
vn -0.2587 0.0009 0.9660
vn -0.2587 -0.0009 0.9660
vn -0.2586 0.0012 0.9660
vn -0.2588 -0.0010 0.9659
vn -0.2584 -0.0010 0.9660
vn -0.2581 -0.0008 0.9661
vn -0.9914 0.0012 -0.1306
vn -0.9913 0.0000 -0.1316
vn 0.0000 -0.0011 1.0000
vn 0.0000 0.0011 1.0000
vn -0.9914 0.0006 -0.1307
vn -0.9756 -0.0131 -0.2191
vn -0.9746 0.0471 -0.2188
vn -0.9731 -0.0733 -0.2185
vn 0.9740 -0.0599 0.2187
vn 0.9757 0.0000 0.2191
vn 0.9740 0.0600 0.2187
vn -0.9915 -0.0008 -0.1305
vn -0.9916 0.0000 -0.1296
vn -0.9914 0.0010 -0.1306
vn -0.1297 0.0004 0.9916
vn -0.1298 -0.0007 0.9915
vn 0.9659 -0.0005 0.2589
vn 0.9658 -0.0000 0.2594
vn 0.9658 -0.0004 0.2593
vn -0.0000 -0.0011 -1.0000
vn 0.0010 -1.0000 0.0002
vn -0.9914 -0.0003 -0.1305
vn -0.9914 -0.0000 -0.1309
vn 0.0009 -1.0000 0.0001
vn 0.9916 0.0000 0.1296
vn 0.0000 -1.0000 -0.0011
vn 0.2585 -0.0000 -0.9660
vn -0.9658 -0.0001 -0.2591
vn 0.2588 -0.0003 -0.9659
vn 0.2589 0.0004 -0.9659
vn 0.0010 0.0003 1.0000
vn 0.0009 -0.0006 1.0000
vn -0.0010 -0.0004 1.0000
vn 0.0003 0.0010 1.0000
vn 0.2599 -0.0000 -0.9656
vn 0.2599 0.0001 -0.9656
vn 0.2598 0.0001 -0.9657
vn 0.2585 -0.0009 -0.9660
vn 0.2580 -0.0003 -0.9661
vn 0.2590 0.0008 -0.9659
vn 0.2592 0.0008 -0.9658
vn 0.9915 -0.0009 0.1305
vn 0.1302 -0.0001 -0.9915
vn 0.1308 -0.0001 -0.9914
vn 0.1302 0.0001 -0.9915
vn -0.1302 0.0001 0.9915
vn -0.2588 -0.0003 0.9659
vn 0.9915 0.0003 0.1303
vn 0.9914 -0.0003 0.1307
vn -0.1310 0.0004 0.9914
vn 0.2591 0.0002 -0.9658
vn -0.0009 1.0000 -0.0002
vn 0.9659 -0.0012 0.2589
vn 0.9656 0.0003 0.2600
vn -0.9914 -0.0006 -0.1305
vn -0.9914 -0.0006 -0.1306
vn 0.0001 -1.0000 -0.0004
vn -0.2591 0.0001 0.9658
vn -0.2592 -0.0003 0.9658
vn 0.8037 0.5547 0.2154
vn 0.8037 0.5547 0.2153
vn -0.2589 0.0003 0.9659
vn -0.2586 -0.0010 0.9660
vn -0.2579 -0.0000 0.9662
vn -0.2587 -0.0010 0.9660
vn -0.2590 0.0006 0.9659
vn -0.0000 0.0001 -1.0000
vn 0.0001 -0.0011 -1.0000
vn 0.0002 -0.0010 -1.0000
vn 0.8321 0.5547 0.0000
vn 0.8321 0.5547 0.0001
vn 0.8320 0.5547 -0.0000
vn -0.2584 -0.0011 0.9660
vn -0.2583 0.0010 0.9661
vn -0.9914 0.0005 -0.1305
vn -0.9914 0.0008 -0.1305
vn -0.9914 -0.0010 -0.1305
vn -0.9914 -0.0002 -0.1305
vn 0.1303 -0.0002 -0.9915
vn -0.0029 -1.0000 -0.0018
vn -0.0045 -1.0000 -0.0020
vn -0.0036 -1.0000 -0.0019
vn 0.0011 1.0000 -0.0039
vn -0.0015 1.0000 -0.0042
vn -0.0016 1.0000 -0.0043
vn 0.4678 -0.0000 0.8838
vn 0.3765 -0.5935 0.7113
vn 0.3765 -0.5935 0.7114
vn -0.9914 0.0009 -0.1307
vn -0.1724 0.0000 0.9850
vn -0.1736 0.0012 0.9848
vn -0.1729 -0.0011 0.9849
vn -0.1741 0.0002 0.9847
vn -0.1737 0.0006 0.9848
vn -0.1740 0.0005 0.9847
vn -0.1736 -0.0012 0.9848
vn -0.1724 -0.0006 0.9850
vn 0.0008 1.0000 0.0004
vn 0.0003 -1.0000 -0.0038
vn -0.0043 -1.0000 -0.0044
vn -0.0018 -1.0000 -0.0041
vn -0.0003 1.0000 0.0010
vn -0.0010 1.0000 -0.0002
vn -0.9914 0.0003 -0.1307
vn -0.9915 0.0010 -0.1302
vn -0.9914 0.0011 -0.1305
vn -0.9915 0.0009 -0.1303
vn -0.9915 -0.0009 -0.1304
vn -0.9914 0.0004 -0.1307
vn -0.9914 -0.0007 -0.1307
vn -0.9913 -0.0000 -0.1317
vn -0.9914 0.0011 -0.1309
vn -0.1297 0.0003 0.9916
vn -0.1305 0.0011 0.9914
vn -0.1305 -0.0001 0.9914
vn -0.9914 -0.0012 -0.1306
vn -0.9914 0.0012 -0.1307
vn -0.0001 1.0000 0.0009
vn -0.8139 0.3966 0.4246
vn -0.8866 0.0000 0.4625
vn -0.8139 0.3967 0.4246
vn -0.0643 0.9972 -0.0376
vn -0.0451 0.9984 -0.0351
vn -0.0642 0.9972 -0.0376
vn 0.0011 1.0000 0.0001
vn -0.0011 1.0000 0.0001
vn -0.0010 1.0000 -0.0001
vn -0.0005 1.0000 -0.0009
vn -0.0002 0.0010 1.0000
vn 0.2591 0.0009 -0.9658
vn 0.2591 0.0007 -0.9658
vn 0.2590 -0.0006 -0.9659
vn 0.2589 -0.0006 -0.9659
vn -0.9915 -0.0011 -0.1305
vn -0.0010 1.0000 -0.0003
vn 0.9914 0.0012 0.1306
vn 0.9915 -0.0009 0.1304
vn 0.9914 -0.0011 0.1305
vn 0.9962 0.0872 -0.0000
vn 0.9962 0.0871 -0.0000
vn -0.0002 1.0000 0.0000
vn -0.0000 -0.0001 1.0000
vn -0.9658 -0.0004 -0.2593
vn -0.2589 0.0005 0.9659
vn -0.2593 0.0004 0.9658
vn 0.9914 -0.0007 0.1305
vn 0.9914 -0.0010 0.1305
vn -0.2589 0.0004 0.9659
vn -0.0000 0.0002 -1.0000
vn -0.0001 -1.0000 -0.0011
vn -0.0011 0.0000 -1.0000
vn 0.0010 -0.0004 -1.0000
vn -0.0003 0.0010 -1.0000
vn -0.2591 0.0000 0.9658
vn -0.2594 0.0001 0.9658
vn -0.2586 -0.0009 0.9660
vn -0.2584 0.0009 0.9661
vn 0.1306 -0.0003 -0.9914
vn 0.1310 0.0004 -0.9914
vn 0.1308 0.0000 -0.9914
vn -0.1311 0.0002 0.9914
vn -0.1307 0.0003 0.9914
vn -0.1302 -0.0002 0.9915
vn -0.1295 -0.0000 0.9916
vn -0.1305 -0.0011 0.9914
vn -0.9914 0.0006 -0.1305
vn -0.0003 -0.0010 1.0000
vn 0.2584 -0.0008 -0.9660
vn 0.2588 -0.0011 -0.9659
vn 0.2591 0.0006 -0.9658
vn 0.2589 0.0007 -0.9659
vn 0.2591 0.0006 -0.9659
vn 0.1308 0.0002 -0.9914
vn -0.0001 1.0000 0.0010
vn -0.9916 -0.0001 -0.1295
vn -0.9915 0.0008 -0.1299
vn -0.9914 0.0010 -0.1305
vn -0.9658 0.0001 -0.2593
vn -0.9658 -0.0000 -0.2593
vn 0.9913 -0.0000 0.1314
vn 0.9914 0.0009 0.1306
vn -0.9914 -0.0008 -0.1305
vn -0.2584 -0.0004 0.9660
vn 0.7206 0.5547 -0.4161
vn 0.7206 0.5547 -0.4160
vn 0.5000 -0.0003 0.8660
vn 0.5000 -0.0006 0.8660
vn 0.5000 -0.0002 0.8660
vn 0.5001 -0.0006 0.8659
vn -0.7072 0.0008 -0.7070
vn 0.5885 0.5544 -0.5885
vn 0.5884 0.5547 -0.5883
vn 0.5883 0.5547 -0.5884
vn -0.7068 0.0000 0.7075
vn -0.7070 -0.0005 -0.7072
vn 0.4997 0.0001 0.8662
vn -0.7934 -0.0001 0.6088
vn -0.7934 0.0006 0.6087
vn -0.7934 0.0005 0.6087
vn -0.7933 -0.0006 0.6089
vn 0.9063 -0.4226 0.0000
vn 0.9063 -0.4227 0.0000
vn 0.2530 -0.0000 -0.9675
vn 0.2288 0.4262 -0.8752
vn 0.2288 0.4263 -0.8752
vn 0.0027 1.0000 -0.0000
vn 0.0035 1.0000 -0.0007
vn 0.0035 1.0000 -0.0006
vn 0.5736 -0.0000 0.8192
vn 0.5736 0.0000 0.8191
vn 0.5729 0.0004 0.8196
vn 0.5735 0.0009 0.8192
vn 0.5733 0.0005 0.8194
vn 0.5739 0.0000 0.8189
vn -0.0046 -0.9999 -0.0132
vn -0.0117 -0.9999 -0.0078
vn -0.0047 -0.9999 -0.0132
vn -0.0006 1.0000 -0.0006
vn -0.7937 0.0007 0.6083
vn -0.7936 0.0008 0.6084
vn -0.6085 -0.0001 -0.7936
vn -0.7933 -0.0001 0.6088
vn 0.0065 0.9997 0.0224
vn -0.0049 0.9995 0.0312
vn 0.0066 0.9997 0.0224
vn 0.0033 -0.9996 -0.0298
vn -0.0086 -0.9998 -0.0206
vn 0.0028 -0.9996 -0.0294
vn 0.7071 0.0002 0.7071
vn 0.7072 0.0005 0.7071
vn -0.0009 -1.0000 0.0006
vn -0.5002 -0.0006 -0.8659
vn -0.5002 0.0007 -0.8659
vn 0.7933 0.0006 -0.6088
vn 0.0312 -0.9994 -0.0156
vn 0.0155 -0.9994 -0.0313
vn 0.0311 -0.9994 -0.0157
vn 0.7935 0.0011 -0.6085
vn -0.2757 0.0000 -0.9612
vn -0.1927 0.7154 -0.6717
vn -0.1927 0.7153 -0.6717
vn 0.1927 0.7154 0.6717
vn 0.2757 -0.0000 0.9612
vn 0.1927 0.7153 0.6717
vn 0.7067 -0.0011 0.7075
vn 0.7062 0.0000 0.7080
vn 0.7077 0.0009 0.7065
vn -0.4997 0.0010 -0.8662
vn -0.4999 0.0010 -0.8661
vn -0.7936 -0.0008 0.6084
vn -0.0062 1.0000 0.0000
vn -0.8660 0.5000 0.0000
vn 0.0187 -0.9997 0.0125
vn 0.0167 -0.9998 0.0104
vn 0.0188 -0.9997 0.0125
vn -0.0008 -1.0000 0.0007
vn 0.5000 0.0011 0.8661
vn 0.4993 0.0007 0.8664
vn -0.7934 0.0005 0.6088
vn -0.7931 -0.0000 0.6091
vn -0.7934 -0.0005 0.6088
vn -0.7934 0.0008 0.6086
vn -0.7069 -0.0003 -0.7074
vn -0.7069 -0.0003 -0.7073
vn -0.7067 0.0000 -0.7075
vn -0.7072 -0.0000 -0.7070
vn 0.0083 0.9980 -0.0624
vn -0.0153 0.9962 -0.0859
vn -0.0152 0.9962 -0.0859
vn -0.8660 0.5001 0.0000
vn 0.0023 -1.0000 -0.0046
vn 0.0023 -1.0000 -0.0047
vn 0.0000 -1.0000 -0.0069
vn 0.0052 0.9998 0.0209
vn -0.0000 0.9999 0.0156
vn 0.0052 0.9998 0.0208
vn -0.6245 0.0000 -0.7810
vn 0.0000 -0.9995 0.0312
vn -0.7066 -0.0007 -0.7076
vn -0.7064 0.0000 -0.7078
vn -0.7076 0.0007 -0.7067
vn -0.7077 0.0000 -0.7065
vn -0.7074 0.0003 -0.7069
vn 0.0208 -0.9989 -0.0415
vn 0.0207 -0.9989 -0.0416
vn 0.0000 -0.9981 -0.0623
vn 0.4999 0.0008 0.8661
vn 0.4994 0.0006 0.8664
vn 0.5000 0.0010 0.8660
vn 0.4994 0.0007 0.8664
vn -0.0003 -1.0000 -0.0009
vn 0.4995 0.0000 0.8663
vn 0.4997 -0.0005 0.8662
vn 0.4992 0.0003 0.8665
vn -0.7071 -0.0003 -0.7071
vn -0.7080 -0.0000 -0.7063
vn -0.7063 -0.0004 -0.7079
vn -0.7067 0.0011 -0.7075
vn -0.7074 0.0002 -0.7068
vn -0.7074 -0.0003 -0.7068
vn 0.5890 0.5547 -0.5877
vn 0.5876 0.5551 -0.5887
vn 0.5881 0.5552 -0.5881
vn 0.7079 0.0000 -0.7063
vn 0.7079 -0.0003 -0.7063
vn 0.7071 -0.0012 -0.7071
vn 0.7078 -0.0003 -0.7064
vn -0.7075 0.0001 -0.7068
vn -0.7068 -0.0001 -0.7074
vn -0.7068 -0.0002 -0.7074
vn -0.7073 0.0000 -0.7069
vn -0.7069 -0.0001 -0.7073
vn -0.7072 0.0003 -0.7070
vn -0.5545 0.0000 0.8322
vn 0.5003 -0.0000 0.8659
vn 0.5002 -0.0000 0.8659
vn 0.5007 -0.0000 0.8656
vn 0.5004 -0.0006 0.8658
vn 0.5008 -0.0002 0.8656
vn 0.4999 -0.0009 0.8661
vn 0.4998 0.0008 0.8661
vn 0.4996 -0.0008 0.8663
vn -0.6082 0.0000 -0.7938
vn -0.6081 -0.0003 -0.7939
vn -0.6086 -0.0006 -0.7935
vn -0.6086 -0.0009 -0.7935
vn -0.6082 0.0006 -0.7938
vn 0.6087 0.0001 0.7934
vn -0.6091 0.0002 -0.7931
vn 0.7071 -0.0005 0.7071
vn 0.7070 -0.0005 0.7072
vn -0.8662 -0.0002 0.4998
vn 0.7935 -0.0010 -0.6086
vn -0.7076 0.0008 -0.7066
vn -0.7933 -0.0003 0.6088
vn 0.7933 -0.0004 -0.6088
vn 0.7932 -0.0000 -0.6090
vn 0.7934 0.0005 -0.6088
vn -0.7071 0.0006 -0.7071
vn 0.0004 -0.9999 0.0135
vn 0.0048 -0.9998 0.0179
vn 0.0004 0.9995 -0.0315
vn 0.0005 0.9995 -0.0314
vn 0.0111 0.9997 -0.0209
vn -0.7071 0.0007 -0.7071
vn -0.7068 -0.0004 -0.7074
vn 0.0098 0.9991 0.0410
vn 0.0111 0.9990 0.0423
vn -0.0006 0.9995 0.0306
vn -0.7073 0.0003 -0.7069
vn -0.9238 -0.0005 0.3828
vn 0.8033 0.5549 -0.2165
vn 0.8030 0.5557 -0.2153
vn 0.8036 0.5553 -0.2145
vn 0.8037 0.5547 -0.2153
vn 0.8037 0.5548 -0.2153
vn 0.8037 0.5547 -0.2154
vn 0.9658 0.0001 -0.2593
vn 0.9239 -0.0003 -0.3828
vn -0.9243 -0.0000 0.3816
vn -0.9239 0.0011 0.3826
vn -0.9239 0.0012 0.3826
vn -0.9239 -0.0011 0.3826
vn 0.2589 -0.0012 0.9659
vn 0.2591 -0.0012 0.9658
vn 0.2588 -0.0002 0.9659
vn 0.9239 0.0009 -0.3827
vn 0.7203 0.5552 -0.4158
vn 0.7208 0.5548 -0.4155
vn 0.7203 0.5549 -0.4163
vn 0.0009 -1.0000 0.0006
vn 0.2585 0.0001 0.9660
vn 0.2588 0.0010 0.9659
vn 0.2585 0.0010 0.9660
vn 0.2584 -0.0010 0.9661
vn -0.9239 0.0005 0.3827
vn -0.9238 0.0009 0.3828
vn -0.9239 -0.0009 0.3827
vn -0.9237 0.0009 0.3830
vn 0.3830 -0.0005 0.9237
vn -0.0014 -1.0000 -0.0002
vn -0.0020 -1.0000 0.0000
vn -0.0015 -1.0000 -0.0002
vn 0.0034 1.0000 -0.0000
vn 0.0042 1.0000 -0.0004
vn 0.0042 1.0000 -0.0003
vn -0.9659 -0.2588 -0.0000
vn -0.9659 -0.2589 -0.0000
vn -0.9239 -0.0011 0.3828
vn 0.3420 -0.0000 0.9397
vn 0.3421 -0.0000 0.9397
vn 0.3423 -0.0001 0.9396
vn 0.3420 -0.0003 0.9397
vn 0.3419 0.0003 0.9397
vn 0.3425 0.0000 0.9395
vn 0.3421 -0.0006 0.9397
vn 0.3426 -0.0002 0.9395
vn 0.0191 0.9998 -0.0012
vn 0.0172 0.9999 -0.0004
vn 0.0210 0.9998 -0.0020
vn -0.9239 -0.0005 0.3827
vn -0.9238 -0.0005 0.3830
vn -0.9236 0.0000 0.3834
vn -0.9238 0.0009 0.3830
vn -0.3837 0.0004 -0.9234
vn -0.3828 0.0012 -0.9238
vn -0.3838 -0.0000 -0.9234
vn -0.9239 0.0003 0.3825
vn 0.0003 1.0000 0.0008
vn -0.0108 0.9999 0.0040
vn -0.0105 0.9999 0.0039
vn -0.0107 0.9999 0.0040
vn -0.0010 1.0000 0.0002
vn -0.0009 1.0000 0.0005
vn 0.4998 0.0010 0.8661
vn 0.4999 -0.0010 0.8661
vn -0.2591 -0.0009 -0.9658
vn -0.2591 -0.0006 -0.9659
vn -0.2590 -0.0007 -0.9659
vn -0.2588 -0.0003 -0.9659
vn -0.2588 0.0003 -0.9659
vn -0.0033 -0.9952 -0.0976
vn -0.0186 -0.9921 -0.1241
vn -0.0007 -1.0000 -0.0001
vn 0.0964 0.9944 -0.0424
vn 0.0979 0.9943 -0.0430
vn 0.0991 0.9941 -0.0436
vn 0.4997 -0.0006 0.8662
vn 0.4996 0.0000 0.8663
vn 0.4996 -0.0004 0.8663
vn -0.9237 0.0008 0.3830
vn 0.7660 0.6428 -0.0000
vn 0.7661 0.6428 -0.0000
vn 0.2427 0.0000 0.9701
vn 0.2385 -0.1845 0.9534
vn 0.2385 -0.1846 0.9534
vn -0.0894 -0.9954 -0.0347
vn -0.0693 -0.9976 0.0000
vn -0.0893 -0.9954 -0.0346
vn -0.4993 -0.0007 -0.8664
vn -0.5000 0.0011 -0.8660
vn -0.4991 0.0000 -0.8665
vn -0.4994 -0.0007 -0.8664
vn -0.5000 -0.0011 -0.8660
vn -0.4999 -0.0011 -0.8661
vn -0.4991 0.0000 -0.8666
vn -0.7661 0.6428 0.0000
vn -0.7660 0.6428 0.0000
vn -0.4518 -0.0048 -0.8921
vn -0.4515 -0.0414 -0.8913
vn -0.4516 0.0318 -0.8917
vn 0.0961 0.9770 0.1902
vn 0.0961 0.9770 0.1903
vn 0.0922 0.9787 0.1835
vn 0.0993 -0.9860 0.1342
vn 0.0931 -0.9880 0.1235
vn 0.0993 -0.9859 0.1343
vn 0.2478 0.9192 0.3060
vn 0.2834 0.8846 0.3703
vn 0.2658 0.9027 0.3385
vn -0.0013 0.9999 -0.0126
vn -0.0005 0.9999 -0.0112
vn -0.0022 0.9999 -0.0142
vn -0.4999 -0.0008 -0.8661
vn -0.5001 -0.0006 -0.8659
vn -0.5005 0.0000 -0.8657
vn -0.5003 0.0008 -0.8659
vn 0.9238 -0.0010 -0.3828
vn -0.5000 -0.0003 -0.8660
vn -0.5000 -0.0002 -0.8660
vn -0.4991 -0.0003 -0.8665
vn -0.4996 0.0009 -0.8663
vn 0.7203 0.5547 -0.4164
vn 0.7208 0.5546 -0.4158
vn 0.7204 0.5550 -0.4159
vn -0.5006 0.0000 -0.8657
vn -0.5004 0.0000 -0.8658
vn -0.5006 0.0001 -0.8657
vn 0.0142 -0.9990 -0.0429
vn 0.0141 -0.9990 -0.0430
vn 0.0030 -0.9981 -0.0623
vn 0.2586 0.0010 0.9660
vn -0.3828 -0.0011 -0.9238
vn -0.3830 0.0000 -0.9238
vn 0.3827 -0.0010 0.9239
vn 0.3836 0.0004 0.9235
vn 0.3832 0.0000 0.9237
vn 0.3832 0.0002 0.9237
vn -0.9235 -0.0000 0.3837
vn -0.9238 -0.0011 0.3828
vn -0.9236 -0.0011 0.3833
vn 0.5000 0.0006 0.8660
vn 0.5003 0.0006 0.8659
vn 0.5004 0.0008 0.8658
vn 0.9238 -0.0009 -0.3829
vn -0.2591 -0.0005 -0.9658
vn -0.3831 -0.0004 -0.9237
vn -0.3834 0.0000 -0.9236
vn -0.9658 -0.0001 0.2594
vn -0.9658 0.0000 0.2594
vn -0.8660 -0.0001 0.5000
vn 0.9239 0.0005 -0.3827
vn 0.0020 0.9999 0.0124
vn -0.0005 1.0000 0.0080
vn 0.0010 0.9999 0.0106
vn 0.0401 -0.9971 0.0640
vn 0.0400 -0.9972 0.0639
vn 0.0392 -0.9973 0.0624
vn 0.0104 0.9967 0.0803
vn 0.0104 0.9967 0.0804
vn -0.0000 0.9981 0.0623
vn -0.3828 0.0005 0.9238
vn -0.3831 -0.0000 0.9237
vn -0.3827 0.0005 0.9239
vn 0.8661 -0.0006 0.4999
vn 0.8663 0.0008 0.4996
vn 0.4169 0.5547 -0.7200
vn 0.4159 0.5556 -0.7200
vn 0.4167 0.5551 -0.7199
vn 0.4151 0.5548 -0.7210
vn 0.4157 0.5556 -0.7201
vn 0.4166 0.5552 -0.7199
vn 0.5002 0.0009 -0.8659
vn 0.5005 -0.0001 -0.8657
vn 0.3826 -0.0012 -0.9239
vn 0.3824 -0.0011 -0.9240
vn 0.3826 0.0012 -0.9239
vn -0.0004 -1.0000 0.0008
vn 0.8660 -0.0004 0.5000
vn 0.8660 -0.0003 0.5000
vn -0.9659 0.0003 -0.2588
vn -0.9661 0.0000 -0.2584
vn -0.9659 -0.0003 -0.2589
vn 0.2153 0.5547 -0.8037
vn 0.2154 0.5547 -0.8037
vn -0.9658 -0.0008 -0.2592
vn -0.3827 0.0009 0.9239
vn -0.3828 -0.0009 0.9238
vn -0.9237 -0.0003 -0.3832
vn -0.9239 -0.0005 -0.3827
vn -0.9237 0.0003 -0.3830
vn 0.9236 -0.0004 0.3834
vn -0.0099 -0.9999 -0.0074
vn -0.0130 -0.9999 0.0000
vn -0.0099 -0.9999 -0.0073
vn -0.0124 -0.9999 0.0000
vn -0.0095 -0.9999 -0.0070
vn -0.0095 -0.9999 -0.0071
vn 0.0004 1.0000 -0.0000
vn 0.0005 1.0000 -0.0003
vn 0.0004 1.0000 -0.0002
vn 0.9063 -0.0000 0.4225
vn 0.9063 -0.0001 0.4226
vn 0.9063 -0.0000 0.4226
vn 0.9058 -0.0000 0.4237
vn 0.9063 -0.0011 0.4226
vn 0.9059 0.0005 0.4236
vn 0.0050 -0.9997 -0.0244
vn 0.0037 -0.9998 -0.0214
vn 0.0049 -0.9997 -0.0243
vn -0.3829 0.0004 0.9238
vn -0.3830 -0.0009 0.9238
vn -0.3828 0.0010 0.9238
vn -0.3831 0.0011 0.9237
vn -0.3828 -0.0010 0.9238
vn -0.9238 -0.0001 -0.3830
vn -0.9236 0.0000 -0.3832
vn -0.3830 0.0005 0.9238
vn 0.9234 -0.0004 0.3838
vn 0.9238 0.0012 0.3828
vn 0.9234 0.0000 0.3838
vn 0.9238 -0.0001 0.3830
vn -0.3825 -0.0012 0.9240
vn -0.9234 -0.0004 -0.3837
vn -0.9238 -0.0012 -0.3828
vn -0.9234 0.0000 -0.3838
vn 0.7071 -0.7071 -0.0001
vn 0.0006 1.0000 -0.0009
vn -0.0006 1.0000 0.0009
vn -0.1068 0.9428 -0.3157
vn -0.0553 0.8930 -0.4466
vn -0.1068 0.9428 -0.3158
vn 0.9659 0.0012 0.2591
vn 0.9659 0.0012 0.2589
vn 0.9659 0.0002 0.2588
vn 0.9659 0.0005 0.2587
vn -0.8660 -0.0003 -0.5000
vn -0.8660 0.0003 -0.5000
vn -0.0601 0.9982 0.0032
vn -0.0720 0.9974 0.0000
vn -0.0600 0.9982 0.0032
vn -0.0876 0.9738 0.2097
vn -0.0875 0.9739 0.2093
vn -0.0878 0.9737 0.2101
vn -0.0361 0.9934 0.1092
vn -0.0339 0.9940 0.1040
vn -0.0317 0.9946 0.0988
vn -0.8662 -0.0010 -0.4997
vn -0.8661 0.0009 -0.5000
vn -0.9239 -0.0009 -0.3828
vn -0.9235 0.0004 -0.3836
vn -0.3829 -0.0006 0.9238
vn 0.0228 -0.9997 0.0000
vn 0.0266 -0.9996 0.0010
vn 0.0265 -0.9996 0.0010
vn -0.0536 -0.9966 -0.0622
vn -0.0239 -0.9982 -0.0542
vn -0.0246 -0.9982 -0.0544
vn 0.0184 0.9998 0.0110
vn 0.0145 0.9998 0.0100
vn 0.0183 0.9998 0.0110
vn -0.0008 -1.0000 -0.0005
vn 0.8665 0.0000 0.4991
vn 0.8660 0.0011 0.5000
vn 0.8664 -0.0007 0.4994
vn -0.3827 0.0008 0.9239
vn 0.9848 0.1737 -0.0000
vn 0.9848 0.1736 -0.0000
vn -0.9658 -0.0005 -0.2594
vn -0.9657 0.0000 -0.2597
vn 0.0028 0.9995 -0.0312
vn -0.0171 0.9992 -0.0366
vn -0.0170 0.9992 -0.0365
vn 0.0057 -0.9980 0.0624
vn -0.0321 -0.9981 0.0522
vn -0.0322 -0.9981 0.0522
vn -0.0188 0.9991 0.0383
vn -0.0181 0.9991 0.0385
vn -0.0458 0.9985 0.0311
vn -0.0454 -0.9985 0.0312
vn -0.0383 0.9990 -0.0229
vn -0.0382 0.9990 -0.0229
vn -0.0304 0.9993 -0.0208
vn 0.4096 0.7183 -0.5624
vn 0.5887 0.0011 -0.8084
vn 0.4086 0.7198 -0.5612
vn 0.3827 0.0005 -0.9239
vn 0.8661 -0.0010 0.5000
vn 0.8664 -0.0007 0.4993
vn 0.8661 -0.0001 0.5000
vn -0.9659 -0.0006 -0.2590
vn 0.8663 0.0009 0.4996
vn 0.8665 -0.0003 0.4991
vn 0.5007 -0.0002 -0.8656
vn -0.9658 0.0005 -0.2592
vn -0.9657 -0.0002 -0.2595
vn -0.9658 0.0003 -0.2594
vn -0.2600 0.0000 0.9656
vn -0.2599 -0.0002 0.9656
vn -0.2598 -0.0002 0.9657
vn -0.9046 -0.0000 -0.4262
vn -0.9046 0.0000 -0.4263
vn -0.9657 -0.0001 -0.2597
vn -0.9657 -0.0001 -0.2596
vn -0.9660 0.0001 -0.2585
vn 0.0218 -0.9996 -0.0170
vn 0.0076 -0.9998 -0.0208
vn 0.8658 0.0000 0.5003
vn 0.8662 -0.0000 0.4998
vn 0.8659 0.0008 0.5002
vn 0.8658 0.0007 0.5003
vn 0.8657 -0.0007 0.5005
vn 0.9238 0.0010 0.3828
vn 0.9235 -0.0004 0.3836
vn 0.9234 -0.0004 0.3837
vn 0.9236 -0.0002 0.3832
vn -0.9239 -0.0006 -0.3827
vn -0.9237 -0.0002 -0.3832
vn -0.9238 0.0012 -0.3828
vn 0.9659 0.0006 0.2589
vn 0.9658 -0.0006 0.2591
vn 0.9659 -0.0006 0.2591
vn -0.8661 -0.0004 -0.4999
vn 0.8665 -0.0004 0.4992
vn -0.5002 0.0009 0.8659
vn -0.5005 0.0001 0.8657
vn -0.4999 -0.0000 0.8661
vn 0.8661 -0.0011 0.5000
vn 0.8664 -0.0006 0.4994
vn -0.3828 0.0011 0.9239
vn -0.9659 -0.0001 -0.2589
vn 0.0336 -0.9990 0.0280
vn 0.0455 -0.9985 0.0312
vn 0.0337 -0.9990 0.0280
vn -0.0568 0.9984 0.0030
vn -0.0567 0.9984 0.0030
vn -0.0682 0.9977 -0.0000
vn -0.0130 0.9996 -0.0243
vn -0.0129 0.9996 -0.0243
vn -0.0000 0.9998 -0.0208
vn 0.8033 -0.2244 0.5517
vn 0.8032 -0.2250 0.5516
vn 0.8243 0.0003 0.5661
vn 0.8661 -0.0006 0.5000
vn 0.8663 -0.0005 0.4995
vn -0.9238 0.0007 -0.3828
vn -0.4992 -0.0003 0.8665
vn -0.4993 0.0005 0.8664
vn 0.7206 0.5547 0.4160
vn 0.7205 0.5547 0.4161
vn 0.7200 0.5547 0.4169
vn 0.7200 0.5556 0.4159
vn 0.7200 0.5550 0.4166
vn -0.4999 -0.0008 0.8661
vn -0.4999 0.0010 0.8661
vn -0.4999 -0.0006 0.8661
vn 0.2587 0.0010 -0.9660
vn 0.2578 0.0000 -0.9662
vn 0.2586 0.0010 -0.9660
vn 0.8042 0.5539 0.2155
vn 0.8041 0.5546 0.2142
vn 0.8038 0.5543 0.2161
vn -0.9658 -0.0001 -0.2593
vn 0.2589 -0.0003 -0.9659
vn 0.2587 0.0003 -0.9659
vn 0.2590 0.0003 -0.9659
vn -0.5005 -0.0000 0.8657
vn -0.5003 0.0005 0.8659
vn -0.9239 -0.0004 -0.3827
vn -0.9238 -0.0008 -0.3828
vn -0.9238 -0.0006 -0.3829
vn -0.9237 -0.0010 -0.3831
vn -0.9238 -0.0011 -0.3828
vn -0.9237 -0.0007 -0.3832
vn 0.3832 -0.0003 -0.9237
vn 0.3831 0.0004 -0.9237
vn -0.9237 -0.0000 -0.3831
vn -0.9238 0.0005 -0.3828
vn -0.3831 0.0006 0.9237
vn -0.9238 0.0006 -0.3828
vn -0.0134 0.9997 -0.0188
vn -0.0058 0.9999 -0.0156
vn -0.0133 0.9997 -0.0187
vn 0.6564 -0.0011 -0.7544
vn 0.4426 0.7385 -0.5087
vn 0.4416 0.7399 -0.5075
vn -0.0049 -1.0000 0.0078
vn -0.0106 -0.9999 0.0055
vn -0.0105 -0.9999 0.0055
vn -0.9237 -0.0000 -0.3830
vn -0.0004 1.0000 0.0008
vn -0.4225 -0.0000 0.9063
vn -0.4226 0.0001 0.9063
vn -0.4226 -0.0000 0.9063
vn -0.4226 -0.0001 0.9063
vn -0.0059 0.9995 -0.0299
vn 0.0098 0.9997 -0.0234
vn -0.0009 1.0000 -0.0003
vn -0.0005 1.0000 0.0009
vn -0.9238 -0.0007 -0.3829
vn 0.3837 -0.0004 -0.9234
vn 0.3828 0.0012 -0.9238
vn 0.3838 0.0000 -0.9234
vn 0.0337 -0.9992 -0.0226
vn 0.0128 -0.9994 -0.0313
vn 0.0051 -0.9995 0.0320
vn 0.0220 -0.9990 0.0390
vn -0.0003 1.0000 -0.0010
vn 0.4999 0.0007 -0.8661
vn -0.0001 1.0000 -0.0009
vn 0.5005 0.0007 -0.8657
vn 0.5004 0.0004 -0.8658
vn -0.0105 -0.9877 -0.1563
vn -0.0192 -0.9921 -0.1241
vn -0.0105 -0.9876 -0.1564
vn 0.9240 -0.0012 0.3825
vn 0.9239 0.0012 0.3826
vn 0.9239 -0.0012 0.3825
vn 0.9236 -0.0000 0.3834
vn 0.0063 1.0000 -0.0000
vn 0.0048 1.0000 -0.0006
vn 0.0049 1.0000 -0.0006
vn 0.0538 -0.6720 0.7386
vn 0.0727 0.0000 0.9974
vn -0.9237 -0.0008 -0.3830
vn 0.3818 -0.0004 -0.9242
vn -0.0004 -0.9981 -0.0623
vn 0.0024 -0.9973 -0.0729
vn -0.0032 -0.9987 -0.0517
vn -0.0219 0.9918 0.1258
vn -0.0239 0.9908 0.1331
vn -0.0200 0.9927 0.1186
vn 0.0826 -0.9647 -0.2502
vn 0.0800 -0.9673 -0.2408
vn 0.0774 -0.9697 -0.2316
vn -0.4999 0.0011 0.8661
vn -0.4993 -0.0007 0.8664
vn -0.4991 0.0000 0.8665
vn -0.5000 0.0011 0.8660
vn -0.9238 0.0010 -0.3828
vn 0.2589 -0.0005 -0.9659
vn 0.2444 0.0059 -0.9697
vn 0.2444 -0.0040 -0.9697
vn 0.2443 0.0161 -0.9696
vn -0.0434 0.9908 0.1281
vn -0.0419 0.9916 0.1225
vn -0.0450 0.9900 0.1339
vn -0.0905 0.9331 0.3480
vn -0.0914 0.9318 0.3512
vn -0.0910 0.9325 0.3496
vn 0.0620 -0.9821 -0.1777
vn 0.0667 -0.9785 -0.1953
vn 0.0644 -0.9803 -0.1865
vn -0.0898 0.9703 0.2248
vn -0.0992 0.9604 0.2603
vn -0.0945 0.9655 0.2426
vn 0.2589 -0.0011 -0.9659
vn 0.2600 0.0000 -0.9656
vn 0.2591 -0.0012 -0.9658
vn 0.2588 0.0006 -0.9659
vn 0.2585 -0.0006 -0.9660
vn 0.8040 0.5546 0.2144
vn 0.8038 0.5544 0.2159
vn 0.8041 0.5541 0.2155
vn -0.9658 -0.0000 -0.2592
vn -0.9659 -0.0000 -0.2590
vn 0.2579 0.0001 -0.9662
vn 0.2580 0.0003 -0.9661
vn 0.2579 0.0004 -0.9662
vn 0.2585 0.0010 -0.9660
vn -0.0221 -0.9964 0.0823
vn -0.5009 0.0004 0.8655
vn -0.5009 0.0001 0.8655
vn -0.5007 -0.0000 0.8656
vn -0.5008 0.0001 0.8656
vn -0.5005 0.0002 0.8657
vn -0.5000 -0.0004 0.8660
vn -0.4998 -0.0006 0.8661
vn -0.4998 0.0004 0.8661
vn -0.9239 0.0005 -0.3827
vn -0.3828 0.0003 0.9238
vn 0.3828 -0.0012 -0.9238
vn -0.2588 0.0006 0.9659
vn -0.2586 0.0007 0.9660
vn -0.2587 0.0006 0.9660
vn 0.4998 -0.0002 -0.8661
vn 0.4998 -0.0006 -0.8661
vn 0.4999 0.0009 -0.8661
vn -0.5007 0.0003 0.8656
vn -0.9658 -0.0001 -0.2594
vn -0.5000 -0.0011 0.8661
vn -0.4994 -0.0006 0.8664
vn -0.5000 -0.0011 0.8660
vn -0.4994 -0.0007 0.8664
vn 0.9240 0.0000 0.3824
vn 0.9239 0.0003 0.3827
vn -0.9239 0.0007 -0.3827
vn -0.0222 -0.9976 0.0657
vn -0.0214 -0.9978 0.0628
vn -0.0207 -0.9980 0.0600
vn 0.0321 0.9859 -0.1644
vn 0.0360 0.9832 -0.1791
vn 0.0341 0.9845 -0.1719
vn 0.0820 -0.9003 -0.4275
vn 0.0918 -0.8814 -0.4634
vn 0.0869 -0.8910 -0.4456
vn -0.1203 0.8482 0.5159
vn -0.1255 0.8358 0.5345
vn -0.1230 0.8419 0.5255
vn -0.4994 -0.0006 0.8663
vn -0.5007 0.0005 0.8656
vn -0.5000 -0.0010 0.8661
vn -0.4999 -0.0010 0.8661
vn 0.5890 0.5547 0.5877
vn 0.5881 0.5553 0.5880
vn 0.5879 0.5550 0.5886
vn 0.5884 0.5547 0.5883
vn 0.5884 0.5547 0.5884
vn -0.7072 0.0009 0.7070
vn -0.7077 0.0000 0.7065
vn -0.7071 0.0002 0.7071
vn 0.7933 0.0006 0.6088
vn 0.4995 0.0000 -0.8663
vn 0.4998 0.0009 -0.8661
vn -0.8659 0.0006 -0.5001
vn -0.8656 0.0000 -0.5008
vn -0.8657 -0.0001 -0.5005
vn 0.4999 0.0003 -0.8661
vn -0.7073 0.0001 0.7069
vn -0.7070 -0.0003 0.7072
vn -0.7073 -0.0005 0.7070
vn -0.7936 0.0000 -0.6085
vn -0.7935 -0.0000 -0.6086
vn -0.7935 0.0019 -0.6086
vn -0.7935 0.0017 -0.6086
vn -0.7933 -0.0001 -0.6088
vn -0.7934 -0.0002 -0.6088
vn -0.9063 0.4226 0.0000
vn -0.9063 0.4227 0.0000
vn 0.9064 0.4224 -0.0000
vn 0.9061 0.4230 -0.0000
vn 0.0018 1.0000 -0.0006
vn 0.0018 1.0000 -0.0007
vn -0.7935 0.0012 -0.6086
vn -0.7935 -0.0010 -0.6085
vn -0.6432 -0.0000 0.7657
vn -0.6428 0.0006 0.7660
vn -0.6431 0.0005 0.7658
vn -0.6427 -0.0000 0.7661
vn -0.6428 -0.0001 0.7661
vn -0.6428 0.0000 0.7660
vn -0.6428 -0.0001 0.7660
vn -0.0464 -0.9989 0.0116
vn -0.0267 -0.9993 0.0267
vn -0.0465 -0.9989 0.0115
vn -0.7935 0.0006 -0.6085
vn -0.7934 -0.0005 -0.6086
vn -0.7935 0.0010 -0.6085
vn -0.7935 -0.0011 -0.6086
vn -0.7933 0.0005 -0.6089
vn -0.7933 -0.0005 -0.6088
vn -0.7941 -0.0000 -0.6078
vn -0.7934 0.0012 -0.6087
vn -0.7936 -0.0011 -0.6084
vn 0.0253 0.9990 0.0368
vn 0.0181 0.9993 0.0313
vn 0.0254 0.9990 0.0368
vn 0.0355 -0.9990 -0.0287
vn 0.0119 -0.9988 -0.0468
vn 0.0354 -0.9990 -0.0288
vn -0.7934 0.0006 -0.6087
vn -0.7935 -0.0006 -0.6086
vn 0.7072 0.0012 -0.7070
vn 0.7073 0.0012 -0.7069
vn 0.7071 0.0012 -0.7071
vn 0.7072 -0.0011 -0.7070
vn -0.7933 -0.0006 -0.6088
vn 0.7070 -0.0003 -0.7072
vn 0.7073 0.0002 -0.7069
vn 0.0487 0.9958 0.0772
vn 0.0218 0.9920 0.1240
vn 0.0487 0.9958 0.0773
vn 0.7934 -0.0006 0.6087
vn 0.7934 -0.0005 0.6087
vn 0.7351 -0.4241 0.5290
vn 0.7268 -0.4451 0.5231
vn 0.7428 -0.4030 0.5346
vn 0.2512 -0.4120 0.8759
vn 0.2512 -0.4119 0.8759
vn 0.7070 0.0000 0.7072
vn 0.7932 0.0012 0.6089
vn 0.7926 -0.0000 0.6097
vn 0.7933 0.0012 0.6089
vn 0.7933 -0.0012 0.6089
vn 0.7070 -0.0005 -0.7072
vn -0.7067 -0.0006 -0.7076
vn 0.0030 1.0000 -0.0000
vn 0.0038 1.0000 -0.0015
vn 0.0038 1.0000 -0.0014
vn -0.0070 -1.0000 0.0000
vn -0.0050 -1.0000 -0.0035
vn 0.0225 0.9990 0.0397
vn 0.0094 0.9980 0.0623
vn 0.0225 0.9990 0.0396
vn -0.7071 0.0004 0.7071
vn -0.7069 -0.0003 0.7074
vn -0.7073 0.0003 0.7069
vn -0.7074 0.0003 0.7069
vn -0.0007 -1.0000 -0.0005
vn 0.7929 -0.0000 0.6094
vn -0.7935 0.0010 -0.6086
vn 0.4998 0.0002 -0.8662
vn -0.0176 0.9994 0.0312
vn -0.0175 0.9994 0.0310
vn -0.0176 0.9994 0.0311
vn 0.4993 0.0007 -0.8664
vn 0.7933 0.0009 0.6089
vn 0.0103 0.9980 0.0623
vn 0.0237 0.9990 0.0392
vn 0.0236 0.9989 0.0393
vn -0.7661 -0.6428 -0.0000
vn -0.7660 -0.6428 -0.0000
vn -0.0000 0.3420 -0.9397
vn -0.0000 0.3421 -0.9397
vn 0.4256 0.0552 -0.9032
vn 0.4255 0.0558 -0.9032
vn 0.4262 -0.0003 -0.9046
vn 0.0508 -0.9935 -0.1019
vn 0.0531 -0.9930 -0.1057
vn 0.0555 -0.9924 -0.1098
vn -0.1046 0.9586 0.2649
vn -0.0775 0.9728 0.2181
vn -0.0911 0.9661 0.2416
vn 0.5007 -0.0005 -0.8656
vn 0.4998 0.0002 -0.8661
vn -0.7071 0.0010 0.7071
vn -0.7067 -0.0006 0.7075
vn -0.7067 -0.0006 0.7076
vn 0.5000 -0.0006 -0.8660
vn 0.4996 0.0000 -0.8663
vn 0.7933 -0.0008 0.6088
vn -0.7079 0.0000 0.7063
vn -0.7068 0.0009 0.7074
vn -0.7063 -0.0004 0.7079
vn 0.5000 -0.0002 -0.8660
vn 0.5000 0.0006 -0.8660
vn 0.5000 -0.0008 -0.8660
vn 0.4997 -0.0007 -0.8662
vn 0.4992 0.0003 -0.8665
vn 0.4996 -0.0008 -0.8662
vn 0.4993 0.0003 -0.8665
vn 0.4992 -0.0006 -0.8665
vn 0.8656 0.0000 0.5008
vn 0.8657 -0.0001 0.5005
vn 0.8659 -0.0009 0.5002
vn 0.8656 -0.0002 0.5007
vn 0.8659 0.0006 0.5001
vn -0.8656 -0.0000 -0.5007
vn -0.8658 -0.0001 -0.5004
vn 0.5005 0.0000 -0.8657
vn 0.0242 0.9996 0.0148
vn 0.0241 0.9996 0.0149
vn 0.0147 0.9994 0.0312
vn -0.7072 0.0004 0.7070
vn -0.7070 0.0004 0.7073
vn -0.7934 -0.0003 -0.6088
vn -0.7933 0.0003 -0.6088
vn 0.6081 -0.0006 -0.7939
vn -0.6088 -0.0001 0.7933
vn -0.5004 -0.0004 0.8658
vn 0.7072 0.0004 -0.7070
vn -0.7937 0.0007 -0.6083
vn -0.7935 -0.0007 -0.6086
vn -0.0008 -1.0000 0.0006
vn 0.7931 -0.0000 0.6090
vn 0.7933 -0.0010 0.6089
vn 0.2679 -0.8584 -0.4374
vn 0.2640 -0.8629 -0.4310
vn 0.2600 -0.8672 -0.4247
vn 0.0000 0.3413 -0.9400
vn -0.0000 0.3430 -0.9393
vn -0.0000 -0.0009 -1.0000
vn -0.3506 0.1086 0.9302
vn -0.3506 0.1085 0.9302
vn -0.3527 0.0000 0.9357
vn -0.0301 0.9977 0.0599
vn -0.0325 0.9974 0.0647
vn -0.0313 0.9976 0.0623
vn -0.7071 -0.0010 0.7071
vn -0.7066 -0.0006 0.7076
vn -0.7064 0.0000 0.7079
vn -0.7072 -0.0000 0.7070
vn -0.7076 0.0008 0.7066
vn -0.7065 0.0000 0.7077
vn -0.7071 -0.0011 0.7071
vn 0.7071 -0.0004 0.7071
vn 0.7070 -0.0004 0.7073
vn 0.5880 0.5555 -0.5880
vn 0.5887 0.5551 -0.5876
vn 0.5884 0.5547 -0.5884
vn 0.6084 -0.0010 -0.7936
vn 0.6089 0.0006 -0.7932
vn 0.6094 0.0000 -0.7929
vn 0.7070 0.0009 0.7072
vn 0.7065 0.0000 0.7077
vn 0.7071 0.0009 0.7072
vn 0.7071 0.0005 0.7072
vn 0.6086 0.0010 -0.7935
vn -0.8660 -0.0001 -0.5000
vn 0.4160 0.5547 -0.7206
vn 0.4163 0.5547 -0.7204
vn -0.8659 -0.0005 -0.5003
vn -0.8660 -0.0004 -0.5001
vn -0.8658 0.0006 -0.5004
vn 0.7068 0.0001 0.7074
vn 0.7068 0.0002 0.7074
vn 0.7072 -0.0003 0.7070
vn -0.6087 0.0006 0.7934
vn -0.6083 -0.0000 0.7937
vn -0.6086 0.0009 0.7935
vn -0.6088 -0.0005 0.7933
vn -0.6088 -0.0001 0.7934
vn -0.6084 0.0008 0.7936
vn -0.6082 0.0008 0.7938
vn 0.0383 0.3975 -0.9168
vn 0.0418 -0.0003 -0.9991
vn 0.0384 0.3969 -0.9171
vn -0.0018 -0.9995 0.0313
vn -0.0090 -0.9991 0.0406
vn -0.0089 -0.9991 0.0405
vn -0.0025 0.9999 -0.0157
vn -0.0071 0.9999 -0.0096
vn -0.0072 0.9999 -0.0095
vn 0.7666 0.0000 0.6421
vn 0.7662 0.0009 0.6426
vn 0.7665 -0.0006 0.6423
vn 0.7660 -0.0000 0.6428
vn 0.7661 0.0000 0.6428
vn 0.0066 -0.9999 -0.0128
vn 0.0055 -0.9999 -0.0114
vn -0.6088 -0.0003 0.7934
vn -0.6093 0.0000 0.7930
vn -0.6090 -0.0006 0.7932
vn -0.6083 -0.0007 0.7937
vn -0.0259 0.9944 0.1021
vn -0.0426 0.9914 0.1239
vn -0.0258 0.9944 0.1020
vn -0.0019 1.0000 0.0008
vn -0.0014 1.0000 0.0003
vn 0.0009 1.0000 0.0005
vn -0.0011 1.0000 0.0000
vn 0.0006 -1.0000 -0.0008
vn -0.7071 -0.0005 -0.7072
vn -0.7075 -0.0011 -0.7068
vn -0.7065 0.0009 -0.7077
vn -0.0770 0.9946 -0.0695
vn -0.0644 0.9960 -0.0622
vn -0.0769 0.9946 -0.0694
vn 0.0799 -0.9894 -0.1212
vn 0.0849 -0.9882 -0.1277
vn 0.0749 -0.9906 -0.1148
vn -0.8192 -0.5735 -0.0000
vn -0.8191 -0.5736 -0.0000
vn 0.7065 -0.0002 -0.7077
vn -0.7070 0.0003 -0.7072
vn -0.7935 -0.0002 -0.6085
vn -0.7069 0.0003 0.7073
vn 0.0090 -1.0000 0.0000
vn 0.0115 -0.9999 0.0015
vn -0.0016 -1.0000 0.0000
vn -0.0021 -1.0000 -0.0002
vn -0.0021 -1.0000 -0.0003
vn -0.0075 0.9996 0.0274
vn -0.0234 0.9996 0.0182
vn -0.0076 0.9996 0.0274
vn -0.6089 0.0008 0.7933
vn -0.6094 0.0000 0.7929
vn 0.7067 -0.0000 0.7075
vn 0.7069 0.0003 0.7073
vn 0.7069 0.0003 0.7074
vn -0.0000 0.9995 0.0312
vn 0.0156 0.9991 0.0402
vn 0.0157 0.9991 0.0403
vn -0.8664 0.0007 -0.4993
vn -0.8661 0.0011 -0.5000
vn -0.8665 0.0000 -0.4991
vn -0.0118 0.9999 -0.0002
vn -0.0085 1.0000 0.0017
vn -0.0079 1.0000 0.0021
vn 0.0050 0.9980 -0.0624
vn -0.0276 0.9963 -0.0812
vn -0.0275 0.9963 -0.0812
vn 0.0437 0.9985 0.0329
vn 0.0455 0.9984 0.0340
vn 0.0398 0.9987 0.0307
vn -0.1656 -0.9834 0.0738
vn -0.0807 -0.9890 0.1237
vn 0.1140 -0.9902 -0.0809
vn 0.0405 -0.9915 -0.1239
vn 0.1141 -0.9902 -0.0809
vn 0.0087 -0.9999 -0.0106
vn 0.0069 -0.9999 -0.0116
vn 0.0009 -0.9999 -0.0151
vn -0.8661 -0.0010 -0.5000
vn 0.7077 -0.0000 0.7065
vn 0.7076 -0.0007 0.7067
vn 0.7078 0.0000 0.7064
vn 0.7076 -0.0007 0.7066
vn -0.8659 -0.0006 -0.5001
vn -0.8657 -0.0000 -0.5005
vn -0.8659 -0.0007 -0.5003
vn -0.8659 0.0000 -0.5003
vn 0.4163 0.5546 -0.7205
vn 0.4160 0.5547 -0.7205
vn -0.8657 0.0000 -0.5006
vn -0.8657 -0.0001 -0.5006
vn -0.8662 0.0001 -0.4997
vn -0.0045 -0.9999 0.0116
vn -0.0046 -0.9999 0.0115
vn 0.0026 -0.9999 0.0156
vn 0.7076 -0.0000 0.7067
vn 0.7076 -0.0001 0.7067
vn -0.7939 -0.0006 -0.6081
vn 0.7934 0.0003 0.6088
vn 0.7936 0.0000 0.6085
vn 0.7933 -0.0003 0.6088
vn 0.8657 0.0000 0.5005
vn 0.8658 -0.0004 0.5004
vn 0.8659 -0.0006 0.5002
vn 0.8658 -0.0008 0.5004
vn 0.8665 -0.0000 0.4992
vn 0.8662 0.0009 0.4997
vn 0.8661 0.0011 0.4999
vn -0.6083 0.0007 0.7937
vn -0.6085 0.0007 0.7936
vn 0.7074 -0.0002 0.7068
vn -0.6087 -0.0012 0.7934
vn 0.6089 -0.0010 -0.7933
vn -0.0311 0.9963 -0.0803
vn -0.0000 0.9981 -0.0624
vn -0.0312 0.9963 -0.0804
vn -0.9397 0.3420 0.0000
vn -0.9397 0.3421 0.0000
vn 0.0169 0.9998 0.0129
vn 0.0188 0.9997 0.0139
vn 0.0154 0.9998 0.0120
vn -0.8660 0.0011 -0.5000
vn 0.7074 -0.0003 0.7069
vn 0.7073 -0.0003 0.7069
vn -0.8661 0.0011 0.4999
vn -0.8663 -0.0009 0.4995
vn -0.8665 0.0003 0.4992
vn -0.8663 -0.0003 0.4995
vn 0.4163 0.5547 0.7204
vn 0.4160 0.5547 0.7206
vn 0.4152 0.5548 0.7210
vn 0.4157 0.5555 0.7202
vn 0.4152 0.5551 0.7207
vn 0.6085 0.0008 0.7936
vn 0.6085 0.0011 0.7936
vn 0.6078 -0.0000 0.7941
vn 0.6087 -0.0012 0.7934
vn -0.6089 0.0010 -0.7933
vn -0.6089 -0.0012 -0.7932
vn -0.6089 0.0012 -0.7933
vn 0.6087 0.0006 0.7934
vn -0.8661 0.0006 0.4999
vn -0.8660 -0.0006 0.5000
vn 0.7072 -0.0005 -0.7070
vn 0.7072 -0.0005 -0.7071
vn 0.7071 -0.0003 -0.7071
vn 0.5885 0.5544 0.5885
vn 0.5883 0.5547 0.5884
vn 0.5885 0.5548 0.5881
vn -0.8662 0.0001 0.4997
vn -0.8659 -0.0005 0.5003
vn -0.8658 0.0005 0.5003
vn -0.6094 -0.0000 -0.7929
vn -0.6087 -0.0008 -0.7934
vn -0.6086 -0.0008 -0.7934
vn -0.6083 0.0000 -0.7937
vn -0.6084 -0.0008 -0.7936
vn -0.6086 -0.0010 -0.7935
vn -0.6083 -0.0007 -0.7937
vn 0.7939 -0.0004 -0.6080
vn 0.7938 0.0005 -0.6082
vn -0.7932 -0.0003 0.6089
vn -0.0061 1.0000 0.0037
vn -0.0090 1.0000 0.0000
vn -0.0061 1.0000 0.0038
vn -0.0018 -0.9980 -0.0624
vn 0.0130 -0.9990 -0.0431
vn 0.0131 -0.9990 -0.0430
vn 0.0015 0.9980 0.0624
vn 0.0165 0.9965 0.0818
vn 0.0164 0.9965 0.0817
vn -0.8191 -0.0000 0.5736
vn -0.8191 -0.0001 0.5736
vn -0.8190 0.0000 0.5739
vn -0.8192 0.0000 0.5736
vn -0.0095 0.9990 -0.0426
vn -0.0020 0.9995 -0.0328
vn -0.6088 -0.0001 -0.7933
vn -0.6089 0.0006 -0.7933
vn -0.6090 -0.0006 -0.7932
vn 0.7940 -0.0003 -0.6079
vn 0.7932 0.0001 -0.6090
vn 0.0076 1.0000 0.0000
vn -0.6522 0.0000 -0.7580
vn -0.7072 0.0010 0.7070
vn -0.7072 -0.0004 0.7070
vn -0.7072 0.0012 0.7070
vn -0.7063 -0.0000 0.7080
vn -0.7070 0.0012 0.7072
vn 0.8661 -0.0010 -0.4998
vn -0.6089 -0.0006 -0.7933
vn 0.8662 0.0007 -0.4997
vn 0.8663 0.0004 -0.4996
vn 0.8663 -0.0000 -0.4994
vn -0.0003 1.0000 -0.0009
vn 0.0104 -0.9999 0.0052
vn 0.0156 -0.9999 -0.0000
vn 0.6082 -0.0000 0.7938
vn 0.0026 -1.0000 0.0000
vn 0.0034 -1.0000 0.0011
vn 0.0033 -1.0000 0.0010
vn -0.8191 0.5736 0.0000
vn -0.8192 0.5735 -0.0001
vn 0.8661 0.0006 -0.4998
vn 0.8663 -0.0000 -0.4995
vn -0.0268 0.9996 -0.0000
vn -0.0357 0.9993 0.0089
vn -0.0358 0.9993 0.0090
vn 0.8660 -0.5000 0.0000
vn -0.0101 -0.9982 0.0593
vn 0.0062 -0.9991 0.0430
vn -0.0102 -0.9982 0.0593
vn -0.6087 0.0006 -0.7934
vn -0.8660 0.0009 0.5000
vn -0.8664 0.0006 0.4994
vn 0.7067 0.0007 -0.7075
vn 0.7071 0.0010 -0.7071
vn 0.7067 0.0006 -0.7076
vn 0.7073 -0.0003 -0.7069
vn -0.0063 -1.0000 0.0000
vn -0.0042 -1.0000 -0.0020
vn -0.0041 -1.0000 -0.0021
vn -0.0138 0.9995 -0.0278
vn -0.0139 0.9995 -0.0277
vn 0.0000 0.9991 -0.0417
vn -0.0003 0.9999 0.0118
vn -0.0004 0.9999 0.0118
vn -0.0041 0.9999 0.0156
vn 0.0014 -0.9956 0.0941
vn 0.0332 -0.9975 0.0624
vn 0.0013 -0.9956 0.0942
vn -0.6088 -0.0003 -0.7933
vn -0.8655 0.0000 0.5009
vn -0.8657 0.0010 0.5005
vn -0.8655 -0.0004 0.5010
vn 0.5002 -0.0009 0.8659
vn 0.7072 -0.0012 -0.7070
vn 0.7067 -0.0011 -0.7075
vn 0.7063 -0.0000 -0.7080
vn 0.7079 -0.0004 -0.7063
vn 0.7075 0.0011 -0.7067
vn 0.7068 0.0002 -0.7074
vn 0.7068 -0.0003 -0.7074
vn 0.5877 0.5547 0.5890
vn 0.5888 0.5552 0.5875
vn 0.5881 0.5552 0.5881
vn 0.7072 -0.0000 -0.7070
vn 0.7074 -0.0001 -0.7068
vn 0.7074 -0.0002 -0.7068
vn 0.7069 0.0000 -0.7073
vn -0.0217 0.9997 -0.0102
vn -0.0218 0.9997 -0.0101
vn -0.0111 0.9997 -0.0209
vn -0.8657 -0.0009 0.5005
vn -0.8656 -0.0002 0.5008
vn -0.6097 -0.0000 -0.7926
vn 0.7940 -0.0003 -0.6080
vn -0.7072 -0.0003 0.7071
vn 0.6089 -0.0006 0.7932
vn 0.8658 -0.0008 -0.5004
vn -0.6082 -0.0008 -0.7938
vn -0.5002 0.0009 -0.8659
vn -0.5005 -0.0001 -0.8657
vn -0.5007 0.0000 -0.8656
vn 0.6097 0.0000 0.7926
vn 0.6089 0.0010 0.7933
vn 0.6089 -0.0012 0.7932
vn 0.7076 -0.0008 -0.7066
vn -0.8659 -0.0009 0.5002
vn -0.8656 -0.0005 0.5007
vn 0.6089 0.0012 0.7933
vn -0.6078 0.0000 -0.7941
vn -0.6087 0.0012 -0.7934
vn -0.0111 -0.9999 -0.0056
vn -0.0167 -0.9999 0.0000
vn -0.0111 -0.9999 -0.0055
vn 0.0256 -0.9965 -0.0796
vn 0.0271 -0.9963 -0.0811
vn 0.0076 -0.9981 -0.0616
vn -0.0000 0.5000 -0.8661
vn -0.0000 0.5000 -0.8660
vn 0.0355 -0.9965 -0.0757
vn 0.0356 -0.9965 -0.0758
vn 0.0221 -0.9978 -0.0623
vn 0.7077 -0.0008 -0.7066
vn 0.0011 -1.0000 -0.0001
vn -0.9659 -0.0001 0.2588
vn -0.9662 0.0003 0.2579
vn -0.9662 -0.0007 0.2579
vn 0.2154 0.5547 0.8037
vn 0.2153 0.5547 0.8037
vn 0.3828 -0.0003 0.9239
vn -0.9659 0.0003 0.2588
vn -0.9659 -0.0003 0.2589
vn -0.9661 0.0000 0.2584
vn -0.9659 0.0008 0.2587
vn -0.9659 -0.0009 0.2588
vn 0.8661 -0.0006 -0.4999
vn 0.4158 0.5552 0.7203
vn 0.4155 0.5548 0.7208
vn 0.4164 0.5550 0.7201
vn -0.9657 -0.0001 0.2597
vn -0.9659 0.0011 0.2589
vn -0.9657 -0.0003 0.2598
vn -0.3827 -0.0004 -0.9239
vn -0.3830 -0.0000 -0.9237
vn 0.9237 0.0003 -0.3832
vn 0.9237 -0.0004 -0.3831
vn -0.9236 0.0004 0.3834
vn -0.7071 0.7071 0.0000
vn -0.0123 -0.9922 -0.1241
vn -0.0032 -0.9948 -0.1020
vn -0.0031 -0.9948 -0.1019
vn 0.0025 -1.0000 -0.0000
vn 0.0031 -1.0000 0.0014
vn 0.0032 -1.0000 0.0015
vn -0.9397 -0.0000 0.3421
vn -0.9397 0.0001 0.3421
vn -0.9397 -0.0001 0.3420
vn -0.9397 0.0000 0.3420
vn 0.0016 0.9994 -0.0336
vn 0.0059 0.9997 -0.0231
vn 0.0023 0.9995 -0.0319
vn -0.3829 -0.0004 -0.9238
vn -0.3826 -0.0003 -0.9239
vn -0.3827 0.0006 -0.9239
vn -0.3828 -0.0007 -0.9238
vn -0.3828 -0.0006 -0.9238
vn 0.0461 0.9586 0.2811
vn 0.0300 0.9697 0.2425
vn 0.0461 0.9585 0.2812
vn -0.0411 0.9769 -0.2098
vn -0.0304 0.9824 -0.1842
vn -0.0410 0.9769 -0.2098
vn -0.8660 -0.0002 0.5000
vn 0.9658 -0.0009 -0.2591
vn 0.9658 -0.0007 -0.2591
vn 0.9659 0.0012 -0.2591
vn 0.9658 -0.0014 -0.2591
vn 0.9656 0.0000 -0.2600
vn 0.0358 -0.9975 -0.0618
vn 0.0153 -0.9986 -0.0500
vn 0.0358 -0.9974 -0.0618
vn -0.0916 0.9713 -0.2195
vn -0.0915 0.9714 -0.2191
vn -0.0918 0.9712 -0.2199
vn -0.0473 -0.9959 -0.0768
vn -0.0510 -0.9950 -0.0858
vn -0.0548 -0.9940 -0.0948
vn -0.8662 -0.0008 0.4996
vn -0.3830 0.0008 -0.9237
vn 0.0044 -1.0000 0.0000
vn 0.0031 -1.0000 0.0008
vn 0.0032 -1.0000 0.0007
vn -0.9397 -0.3420 -0.0000
vn -0.9397 -0.3421 -0.0000
vn 0.1334 -0.9738 -0.1843
vn 0.0803 -0.9848 -0.1539
vn -0.9658 -0.0004 0.2593
vn 0.8660 0.0001 -0.5000
vn 0.8659 0.0000 -0.5003
vn -0.0204 0.9998 -0.0000
vn -0.0262 0.9996 0.0034
vn -0.0263 0.9996 0.0034
vn 0.3827 -0.0009 0.9239
vn 0.3103 0.0000 0.9506
vn 0.1908 0.7886 0.5845
vn 0.1909 0.7885 0.5846
vn 0.0102 0.9999 -0.0000
vn 0.0132 0.9999 -0.0017
vn 0.0131 0.9999 -0.0017
vn -0.0175 0.9998 0.0022
vn -0.0176 0.9998 0.0023
vn -0.0136 0.9999 -0.0000
vn -0.5202 0.3074 0.7968
vn -0.5467 0.0000 0.8374
vn -0.5201 0.3075 0.7968
vn 0.0161 -0.9979 -0.0620
vn 0.0162 -0.9979 -0.0620
vn -0.0102 -0.9989 -0.0468
vn 0.0167 0.9998 0.0076
vn 0.0082 0.9999 0.0125
vn 0.0168 0.9998 0.0075
vn 0.8656 0.0005 -0.5007
vn -0.0525 0.9986 0.0068
vn -0.0526 0.9986 0.0068
vn -0.0407 0.9992 -0.0000
vn -0.9659 0.0008 0.2590
vn -0.9657 -0.0005 0.2595
vn 0.8660 -0.0003 -0.5000
vn 0.8663 -0.0000 -0.4996
vn 0.3828 -0.0011 0.9238
vn 0.3828 -0.0011 0.9239
vn 0.8663 0.0008 -0.4996
vn 0.8657 0.0001 -0.5005
vn 0.8658 -0.0005 -0.5004
vn 0.4161 0.5547 0.7206
vn 0.5006 0.0002 0.8657
vn 0.5002 0.0009 0.8659
vn 0.8662 -0.0000 -0.4997
vn 0.8665 -0.0003 -0.4993
vn 0.9396 -0.3424 0.0000
vn 0.9398 -0.3417 0.0000
vn -0.9658 -0.0002 0.2591
vn -0.9660 0.0000 0.2585
vn -0.9660 -0.0000 0.2586
vn -0.9659 0.0003 0.2587
vn -0.9659 0.0003 0.2590
vn 0.9237 0.0002 -0.3831
vn -0.8662 -0.0004 0.4996
vn -0.8662 -0.0010 0.4997
vn 0.3829 -0.0010 0.9238
vn 0.9659 -0.0003 -0.2590
vn 0.9659 -0.0006 -0.2590
vn 0.9659 -0.0002 -0.2590
vn -0.3830 0.0005 -0.9237
vn -0.3829 0.0003 -0.9238
vn -0.2589 0.0005 -0.9659
vn -0.2594 -0.0001 -0.9658
vn -0.2593 0.0004 -0.9658
vn 0.3827 -0.0008 0.9239
vn -0.3816 0.0000 -0.9243
vn -0.3826 -0.0012 -0.9239
vn -0.3826 0.0012 -0.9239
vn 0.0262 0.9996 -0.0034
vn 0.0204 0.9998 -0.0000
vn 0.0263 0.9996 -0.0034
vn 0.9397 -0.3421 0.0000
vn 0.9397 -0.3420 0.0000
vn 0.8661 -0.0001 -0.5000
vn -0.0157 -0.9991 0.0403
vn -0.0156 -0.9991 0.0402
vn -0.0000 -0.9995 0.0313
vn -0.0410 0.9990 -0.0193
vn -0.0428 0.9989 -0.0183
vn -0.0195 0.9993 -0.0318
vn -0.0000 0.0001 1.0000
vn -0.0001 0.0000 1.0000
vn 0.8321 0.5546 0.0010
vn 0.8326 0.5538 0.0000
vn 0.8323 0.5543 -0.0007
vn 0.9914 -0.0012 -0.1308
vn -0.0001 0.0011 1.0000
vn 0.0000 -0.0002 1.0000
vn -0.2588 0.0002 -0.9659
vn -0.9659 0.0005 0.2589
vn -0.9658 0.0001 0.2594
vn -0.9914 0.0002 0.1305
vn -0.9914 -0.0001 0.1305
vn -0.9913 0.0000 0.1316
vn -0.9914 0.0010 0.1309
vn -0.9914 0.0010 0.1312
vn -0.1297 -0.0004 -0.9916
vn -0.1305 -0.0009 -0.9914
vn -0.1299 0.0006 -0.9915
vn 0.1296 -0.0000 0.9916
vn 0.1305 0.0011 0.9914
vn 0.1299 0.0009 0.9915
vn 0.0045 1.0000 -0.0000
vn 0.0043 1.0000 -0.0000
vn 0.0046 1.0000 -0.0001
vn 0.9962 -0.0872 0.0000
vn 0.9962 -0.0871 0.0000
vn -0.9962 -0.0871 -0.0000
vn -0.9962 -0.0872 -0.0000
vn -0.9914 -0.0009 0.1307
vn -0.9914 -0.0007 0.1307
vn 0.0872 0.0000 0.9962
vn 0.0872 0.0001 0.9962
vn 0.0871 0.0000 0.9962
vn 0.0087 -1.0000 -0.0025
vn 0.0077 -1.0000 -0.0023
vn 0.0086 -1.0000 -0.0025
vn 0.0010 1.0000 -0.0002
vn -0.9914 0.0004 0.1307
vn -0.9914 0.0003 0.1306
vn -0.9914 -0.0007 0.1308
vn -0.9914 0.0007 0.1307
vn -0.9914 -0.0003 0.1307
vn 0.1297 -0.0003 0.9916
vn -0.1297 -0.0003 -0.9916
vn -0.1305 -0.0011 -0.9914
vn -0.1295 0.0000 -0.9916
vn 0.0030 1.0000 0.0012
vn 0.0026 1.0000 0.0013
vn 0.0037 1.0000 0.0011
vn 0.0061 -1.0000 -0.0005
vn 0.0042 -1.0000 -0.0003
vn 0.0041 -1.0000 -0.0003
vn -0.0010 1.0000 0.0003
vn 0.2591 0.0008 0.9658
vn 0.2591 0.0006 0.9659
vn -0.0000 -0.0001 -1.0000
vn 0.0000 -0.0010 -1.0000
vn 0.9914 0.0006 -0.1306
vn 0.9914 -0.0003 -0.1306
vn 0.9914 -0.0008 -0.1307
vn 0.0005 -1.0000 -0.0000
vn 0.0004 -1.0000 0.0000
vn -0.0005 1.0000 -0.0000
vn -0.0006 1.0000 0.0000
vn -0.1297 0.0004 -0.9916
vn -0.1296 -0.0005 -0.9916
vn -0.9915 -0.0003 0.1304
vn 0.0958 0.9621 0.2554
vn 0.1001 0.9571 0.2718
vn 0.0913 0.9667 0.2389
vn 0.0036 1.0000 0.0000
vn -0.0005 0.9806 -0.1962
vn 0.0080 0.9864 -0.1644
vn -0.0006 0.9805 -0.1963
vn 0.0606 -0.9982 -0.0010
vn 0.0504 -0.9980 -0.0389
vn 0.0707 -0.9968 0.0367
vn 0.0051 1.0000 -0.0000
vn 0.0042 1.0000 -0.0032
vn 0.0042 1.0000 -0.0031
vn -0.2369 0.0235 -0.9713
vn -0.2368 0.0387 -0.9708
vn -0.2369 0.0085 -0.9715
vn 0.0509 -0.9898 0.1333
vn 0.0508 -0.9898 0.1332
vn 0.0484 -0.9911 0.1239
vn 0.3614 -0.0734 0.9295
vn 0.3635 0.0000 0.9316
vn 0.3637 0.0735 0.9286
vn 0.0394 -0.9860 0.1619
vn 0.0407 -0.9852 0.1667
vn 0.0401 -0.9856 0.1643
vn -0.0019 -0.9994 0.0347
vn 0.0000 -0.9991 0.0417
vn -0.0018 -0.9994 0.0347
vn -0.1792 0.8643 -0.4700
vn -0.1644 0.8969 -0.4105
vn -0.1719 0.8811 -0.4406
vn -0.2589 0.0003 -0.9659
vn 0.0001 -0.0009 1.0000
vn 0.0002 -0.0009 1.0000
vn -0.2589 -0.0011 -0.9659
vn -0.2600 0.0000 -0.9656
vn -0.2591 0.0012 -0.9658
vn -0.2590 -0.0003 -0.9659
vn -0.2581 0.0005 -0.9661
vn 0.8038 0.5548 -0.2144
vn 0.8031 0.5552 -0.2160
vn 0.8033 0.5553 -0.2152
vn 0.9660 -0.0000 -0.2585
vn 0.9658 0.0001 -0.2594
vn -0.2590 -0.0008 -0.9659
vn -0.2595 0.0001 -0.9657
vn -0.2597 0.0003 -0.9657
vn -0.2594 0.0002 -0.9658
vn 0.0052 0.9992 0.0389
vn 0.0052 0.9992 0.0390
vn 0.0043 0.9994 0.0356
vn 0.0009 -0.0005 1.0000
vn -0.0010 0.0001 1.0000
vn -0.0003 0.0010 1.0000
vn 0.0010 -0.0004 1.0000
vn -0.1305 0.0000 -0.9915
vn 0.1305 -0.0001 0.9914
vn -0.1305 0.0001 -0.9914
vn 0.2586 -0.0002 0.9660
vn 0.2591 0.0005 0.9658
vn 0.2587 -0.0003 0.9660
vn -0.9914 -0.0000 0.1308
vn -0.9914 0.0005 0.1309
vn -0.9914 0.0005 0.1306
vn -0.9914 -0.0011 0.1306
vn 0.9914 0.0005 -0.1306
vn -0.1192 -0.8880 -0.4441
vn -0.1191 -0.8880 -0.4441
vn -0.1191 -0.8881 -0.4440
vn 0.0256 0.9974 0.0671
vn 0.0231 0.9981 0.0577
vn 0.0243 0.9978 0.0624
vn -0.0019 0.9988 -0.0486
vn -0.0018 0.9988 -0.0485
vn 0.0011 -1.0000 0.0000
vn -0.0000 0.5547 -0.8320
vn -0.9658 0.0000 0.2591
vn -0.9659 -0.0005 0.2587
vn -0.2155 0.5539 -0.8042
vn -0.2143 0.5546 -0.8040
vn -0.2146 0.5542 -0.8042
vn 0.2597 0.0002 0.9657
vn -0.9662 -0.0001 0.2579
vn -0.9662 0.0000 0.2579
vn -0.9660 -0.0010 0.2586
vn -0.9661 0.0009 0.2584
vn 0.1306 0.0006 0.9914
vn 0.1311 -0.0000 0.9914
vn 0.1305 -0.0004 0.9914
vn 0.1305 0.0001 0.9914
vn 0.1317 0.0000 0.9913
vn 0.1309 0.0010 0.9914
vn 0.1306 -0.0011 0.9914
vn 0.1306 0.0010 0.9914
vn 0.1316 -0.0000 0.9913
vn 0.1311 0.0009 0.9914
vn -0.0001 1.0000 -0.0010
vn -0.0013 1.0000 0.0010
vn -0.0015 1.0000 -0.0000
vn -0.0013 1.0000 0.0009
vn 0.0006 1.0000 -0.0000
vn 0.0006 1.0000 -0.0005
vn 0.0006 1.0000 -0.0004
vn 0.0007 1.0000 -0.0000
vn 0.0007 1.0000 -0.0005
vn 0.0007 1.0000 -0.0004
vn 0.1307 -0.0009 0.9914
vn 0.1306 -0.0006 0.9914
vn 0.1307 -0.0007 0.9914
vn 0.9963 -0.0000 -0.0863
vn 0.9962 0.0009 -0.0872
vn 0.9962 0.0009 -0.0866
vn 0.9963 0.0004 -0.0864
vn 0.9962 -0.0011 -0.0872
vn 0.9962 0.0007 -0.0867
vn 0.9962 0.0000 -0.0872
vn 0.9962 0.0000 -0.0871
vn -0.0008 -0.9997 -0.0236
vn -0.0010 -0.9997 -0.0250
vn -0.0008 -0.9997 -0.0235
vn 0.1306 0.0012 0.9914
vn 0.1307 0.0004 0.9914
vn 0.1306 0.0005 0.9914
vn 0.1305 0.0005 0.9914
vn 0.1309 -0.0011 0.9914
vn 0.1307 0.0010 0.9914
vn 0.1303 0.0009 0.9915
vn 0.1307 -0.0003 0.9914
vn 0.9914 0.0001 -0.1308
vn 0.9914 -0.0000 -0.1308
vn -0.9914 0.0001 0.1308
vn 0.0019 -0.9966 0.0826
vn 0.0027 -0.9961 0.0886
vn 0.0019 -0.9966 0.0827
vn 0.0019 -0.9984 -0.0559
vn 0.0011 -0.9981 -0.0618
vn 0.0019 -0.9984 -0.0558
vn 0.9658 0.0009 -0.2591
vn 0.9659 0.0008 -0.2590
vn 0.9658 0.0008 -0.2591
vn -0.0009 1.0000 -0.0000
vn -0.1570 -0.9854 0.0656
vn -0.1427 -0.9878 0.0618
vn -0.1571 -0.9854 0.0656
vn -0.1307 -0.0012 -0.9914
vn -0.1306 -0.0012 -0.9914
vn -0.1311 0.0000 -0.9914
vn -0.1306 -0.0006 -0.9914
vn -0.1307 -0.0008 -0.9914
vn 0.0003 -0.9997 0.0227
vn 0.0001 -0.9998 0.0209
vn 0.0001 -0.9998 0.0210
vn -0.0006 0.9997 -0.0251
vn -0.0004 0.9997 -0.0232
vn -0.0006 0.9997 -0.0250
vn -0.1305 0.0009 -0.9915
vn -0.1305 0.0011 -0.9914
vn 0.1309 -0.0000 0.9914
vn 0.0346 -0.9994 -0.0001
vn 0.0289 -0.9996 0.0014
vn 0.0403 -0.9992 -0.0016
vn -0.1661 0.9842 0.0615
vn -0.1556 0.9861 0.0587
vn 0.3976 -0.9029 -0.1634
vn 0.4293 -0.8867 -0.1718
vn 0.4606 -0.8692 -0.1800
vn 0.1305 0.0006 0.9914
vn 0.1305 -0.0009 0.9914
vn -0.1306 -0.0009 -0.9914
vn -0.1306 0.0006 -0.9914
vn -0.9660 -0.0004 0.2584
vn -0.9659 0.0009 0.2588
vn 0.0906 -0.9954 -0.0311
vn 0.0863 -0.9958 -0.0300
vn 0.0948 -0.9950 -0.0322
vn -0.1198 -0.9928 0.0003
vn -0.1394 -0.9902 0.0056
vn -0.1001 -0.9950 -0.0050
vn -0.0630 0.9975 0.0313
vn -0.0540 0.9981 0.0289
vn -0.0720 0.9968 0.0337
vn 0.5143 0.8519 -0.0993
vn 0.5542 0.8250 -0.1104
vn 0.5344 0.8387 -0.1049
vn 0.3253 -0.9389 -0.1128
vn 0.3402 -0.9331 -0.1168
vn 0.3550 -0.9270 -0.1207
vn 0.4322 0.8880 -0.1571
vn 0.4773 0.8623 -0.1692
vn 0.4549 0.8754 -0.1632
vn 0.2821 0.9583 -0.0452
vn 0.2639 0.9637 -0.0404
vn 0.2457 0.9687 -0.0355
vn -0.9658 0.0004 0.2593
vn 0.1276 0.9916 -0.0226
vn 0.1204 0.9925 -0.0207
vn -0.1305 0.0003 -0.9914
vn 1.0000 0.0003 0.0001
vn 1.0000 -0.0003 -0.0001
vn -0.9658 0.0001 0.2591
vn -0.9658 -0.0003 0.2592
vn -0.2156 0.5549 -0.8035
vn -0.1819 -0.9829 0.0271
vn -0.1820 -0.9829 0.0271
vn -0.1951 -0.9803 0.0306
vn 1.0000 -0.0005 -0.0009
vn 1.0000 0.0001 0.0010
vn 1.0000 0.0000 -0.0011
vn 1.0000 -0.0011 -0.0000
vn 1.0000 0.0010 0.0003
vn 1.0000 0.0009 -0.0005
vn 0.9914 -0.0002 -0.1311
vn 0.9914 0.0003 -0.1311
vn 0.9915 0.0004 -0.1303
vn 0.9914 -0.0001 -0.1308
vn 0.9660 -0.0002 -0.2586
vn 0.9658 0.0007 -0.2592
vn 0.9659 0.0006 -0.2591
vn -0.1296 0.0000 -0.9916
vn -0.1305 -0.0008 -0.9914
vn -0.1304 0.0009 -0.9915
vn -0.1305 0.0009 -0.9914
vn -0.9914 -0.0005 0.1311
vn 0.1306 0.0003 0.9914
vn 0.2596 0.0001 0.9657
vn 0.2590 -0.0007 0.9659
vn -0.1306 0.0005 -0.9914
vn -0.1306 -0.0008 -0.9914
vn 0.5011 -0.8602 -0.0945
vn 0.4782 -0.8744 -0.0823
vn 0.4548 -0.8878 -0.0699
vn -0.3902 -0.9138 0.1124
vn -0.3994 -0.9094 0.1160
vn -0.3949 -0.9116 0.1142
vn 0.9017 -0.1117 -0.4177
vn 0.9055 0.1110 -0.4095
vn 0.9093 -0.0003 -0.4162
vn -0.7270 -0.6544 0.2079
vn -0.7271 -0.6543 0.2079
vn -0.7216 -0.6608 0.2065
vn 0.9659 0.0006 0.2590
vn 0.9658 -0.0005 0.2592
vn 0.9658 0.0001 0.2591
vn 0.9658 -0.0003 0.2592
vn 0.2163 0.5548 -0.8033
vn 0.2153 0.5556 -0.8031
vn 0.2162 0.5553 -0.8031
vn 0.9659 0.0003 0.2589
vn 0.9660 -0.0009 0.2587
vn 0.9660 -0.0011 0.2587
vn -1.0000 0.0009 0.0001
vn -1.0000 -0.0009 -0.0001
vn -1.0000 -0.0009 -0.0002
vn -0.0000 0.5547 -0.8321
vn -1.0000 0.0009 0.0002
vn -1.0000 -0.0009 0.0000
vn -1.0000 0.0008 -0.0004
vn 0.9659 -0.0003 0.2590
vn -0.1309 -0.0010 0.9914
vn -0.1306 -0.0011 0.9914
vn -0.1306 0.0011 0.9914
vn -0.1316 0.0000 0.9913
vn -0.1311 -0.0009 0.9914
vn -0.1304 -0.0010 0.9915
vn 0.9914 0.0005 0.1309
vn -0.1304 -0.0009 0.9915
vn -0.1305 -0.0009 0.9914
vn 0.0036 -0.9980 -0.0637
vn 0.0032 -0.9982 -0.0604
vn 0.0036 -0.9980 -0.0636
vn 0.0021 1.0000 -0.0009
vn 0.0023 1.0000 -0.0022
vn 0.0020 1.0000 -0.0004
vn -0.0015 -1.0000 -0.0010
vn -0.0015 -1.0000 -0.0011
vn -0.1307 0.0006 0.9914
vn 0.9850 0.0000 0.1724
vn 0.9848 0.0012 0.1736
vn 0.9849 -0.0011 0.1729
vn 0.9848 -0.0000 0.1736
vn 0.9848 0.0000 0.1737
vn 0.0004 1.0000 0.0059
vn 0.0003 1.0000 0.0066
vn 0.0004 1.0000 0.0058
vn -0.1300 -0.0009 0.9915
vn -0.1309 -0.0011 0.9914
vn -0.1306 0.0012 0.9914
vn -0.1307 -0.0004 0.9914
vn -0.1307 0.0007 0.9914
vn -0.1304 0.0009 0.9915
vn -0.1305 -0.0006 0.9914
vn -0.1301 -0.0009 0.9915
vn -0.0084 0.9986 0.0532
vn -0.0080 0.9987 0.0502
vn -0.0081 0.9987 0.0511
vn 1.0000 0.0010 0.0002
vn 1.0000 0.0011 -0.0000
vn -0.9658 0.0009 -0.2591
vn -0.9658 0.0007 -0.2591
vn -0.9659 0.0008 -0.2590
vn 0.1307 0.0008 -0.9914
vn 0.1307 0.0012 -0.9914
vn 0.1306 0.0013 -0.9914
vn 0.1306 0.0010 -0.9914
vn 0.0002 -1.0000 -0.0000
vn 0.0002 -1.0000 0.0001
vn -0.0003 -1.0000 -0.0003
vn 0.1305 -0.0009 -0.9915
vn 0.1305 0.0009 -0.9914
vn 1.0000 -0.0009 0.0000
vn 1.0000 0.0009 0.0000
vn 1.0000 0.0008 -0.0004
vn 1.0000 -0.0008 0.0004
vn 1.0000 0.0000 0.0009
vn 1.0000 0.0007 -0.0006
vn -0.9914 -0.0000 -0.1308
vn -0.9914 0.0001 -0.1308
vn -0.2588 -0.0011 0.9659
vn -0.2576 0.0000 0.9662
vn -0.2581 0.0007 0.9661
vn -0.7698 0.6383 0.0000
vn 0.8333 -0.5528 0.0000
vn -0.8334 0.5527 0.0000
vn 0.9659 0.0005 0.2590
vn 0.9659 0.0006 0.2591
vn -1.0000 0.0000 -0.0011
vn -1.0000 0.0003 0.0010
vn -1.0000 -0.0006 0.0009
vn -1.0000 0.0000 0.0011
vn -1.0000 -0.0004 -0.0010
vn -1.0000 0.0010 0.0003
vn -0.3527 0.9357 0.0000
vn 0.9659 -0.0010 0.2588
vn 0.9661 0.0009 0.2584
vn -0.9914 0.0005 -0.1311
vn 0.9915 -0.0001 0.1302
vn 0.9915 0.0001 0.1302
vn -0.1305 0.0006 0.9914
vn 0.1296 0.0000 -0.9916
vn 0.1304 -0.0009 -0.9915
vn 0.1305 0.0008 -0.9914
vn -0.9660 -0.0002 -0.2586
vn -0.9659 0.0004 -0.2590
vn -0.2585 -0.0001 0.9660
vn 0.9659 0.0002 0.2590
vn -0.1309 0.0000 -0.9914
vn -0.0000 0.5547 0.8320
vn 0.0007 0.5543 0.8323
vn 0.9659 0.0004 -0.2590
vn 0.9659 0.0003 -0.2589
vn 0.9659 0.0006 -0.2590
vn 0.9658 0.0000 -0.2591
vn 0.9659 -0.0005 -0.2587
vn 0.2150 0.5547 0.8038
vn 0.2156 0.5548 0.8035
vn -0.2589 -0.0003 -0.9659
vn -0.2593 -0.0000 -0.9658
vn -0.2593 0.0001 -0.9658
vn 0.9658 0.0010 -0.2591
vn 0.9659 0.0011 -0.2589
vn 0.9658 -0.0009 -0.2593
vn -0.1306 0.0008 -0.9914
vn -0.1305 -0.0004 -0.9914
vn -0.1305 -0.0001 -0.9914
vn -0.1306 0.0003 -0.9914
vn -0.0010 1.0000 0.0007
vn -0.0010 1.0000 0.0008
vn 0.0020 -1.0000 -0.0000
vn 0.0022 -1.0000 0.0013
vn 0.0022 -1.0000 0.0014
vn 0.0029 -1.0000 -0.0000
vn 0.0031 -1.0000 0.0018
vn 0.0031 -1.0000 0.0019
vn 0.0000 1.0000 -0.0011
vn -0.9962 -0.0000 0.0871
vn -0.9962 0.0000 0.0872
vn -0.9962 -0.0002 0.0876
vn -0.9962 -0.0003 0.0872
vn -0.9962 -0.0005 0.0875
vn -0.0009 1.0000 0.0073
vn -0.0010 1.0000 0.0062
vn -0.0009 1.0000 0.0074
vn -0.1304 0.0003 -0.9915
vn -0.1309 0.0010 -0.9914
vn -0.1306 0.0012 -0.9914
vn -0.1317 -0.0000 -0.9913
vn -0.1307 0.0004 -0.9914
vn -0.1307 -0.0007 -0.9914
vn -0.1307 0.0011 -0.9914
vn -0.1306 0.0011 -0.9914
vn -0.1302 0.0010 -0.9915
vn -0.1304 -0.0010 -0.9915
vn -0.1307 -0.0003 -0.9914
vn 0.0204 -0.9345 0.3553
vn 0.0225 -0.9283 0.3713
vn 0.0204 -0.9346 0.3552
vn 0.0019 -0.9986 -0.0537
vn 0.0011 -0.9982 -0.0596
vn 0.0019 -0.9986 -0.0538
vn 0.0001 1.0000 -0.0011
vn -0.1314 0.0000 -0.9913
vn -0.9659 0.0006 0.2590
vn -0.9659 -0.0007 0.2590
vn -0.9658 0.0007 0.2591
vn -0.9659 -0.0012 0.2591
vn -0.9656 -0.0000 0.2600
vn -0.9659 0.0010 0.2590
vn 1.0000 0.0010 -0.0002
vn 0.1314 0.0000 0.9913
vn -0.0002 1.0000 0.0010
vn -0.0362 0.9984 0.0441
vn -0.0576 0.9971 0.0499
vn 0.1306 -0.0003 0.9914
vn -0.0001 1.0000 -0.0011
vn 0.0019 -1.0000 0.0000
vn 0.0021 -1.0000 0.0013
vn 0.0021 -1.0000 0.0012
vn -0.0009 1.0000 0.0007
vn -0.0010 1.0000 -0.0000
vn 0.1307 -0.0008 0.9914
vn 0.0227 -0.9997 0.0000
vn 0.0189 -0.9998 0.0010
vn 0.0190 -0.9998 0.0010
vn 0.0389 0.9992 -0.0015
vn 0.0388 0.9992 -0.0015
vn -0.1312 -0.9912 -0.0175
vn -0.1637 -0.9865 -0.0088
vn -0.1306 -0.0005 -0.9914
vn -0.8536 0.0000 0.5210
vn -0.8381 0.1897 0.5115
vn -0.8381 0.1896 0.5116
vn 0.0113 -0.9980 -0.0624
vn 0.0482 -0.9962 -0.0722
vn 0.0483 -0.9962 -0.0722
vn -0.1791 -0.9838 0.0000
vn 0.0319 -0.9992 -0.0233
vn 0.0227 -0.9995 -0.0208
vn 0.9093 0.0000 -0.4162
vn 0.9658 0.0004 -0.2593
vn 0.1305 0.0003 0.9914
vn -1.0000 -0.0003 0.0000
vn -1.0000 0.0003 -0.0001
vn -1.0000 -0.0003 0.0001
vn 0.9659 -0.0006 -0.2589
vn 0.9658 -0.0005 -0.2592
vn 0.9662 -0.0003 -0.2578
vn 0.9662 0.0006 -0.2580
vn 0.2590 -0.0009 0.9659
vn -0.2595 0.0000 -0.9657
vn -0.2595 0.0001 -0.9658
vn 0.9848 -0.1737 0.0000
vn 0.9848 -0.1736 0.0000
vn -1.0000 -0.0005 0.0009
vn -1.0000 0.0001 -0.0010
vn -1.0000 -0.0010 0.0003
vn -1.0000 -0.0009 -0.0005
vn -0.9915 0.0003 0.1303
vn -0.9660 -0.0002 0.2586
vn -0.9658 0.0007 0.2592
vn 0.1292 -0.0000 0.9916
vn 0.1305 -0.0013 0.9914
vn 0.1303 0.0013 0.9915
vn 0.1305 0.0013 0.9914
vn -0.2594 0.0001 -0.9658
vn -0.2589 -0.0005 -0.9659
vn -0.0048 -0.9999 0.0091
vn -0.0000 -1.0000 0.0078
vn -0.0049 -0.9999 0.0091
vn -0.0227 0.9997 0.0000
vn -0.0756 -0.9971 -0.0040
vn -0.0755 -0.9971 -0.0040
vn 0.9659 0.0001 -0.2589
vn 0.0008 1.0000 0.0008
vn 0.0003 1.0000 -0.0008
vn -0.3828 0.0008 0.9238
vn -0.9239 -0.0006 0.3828
vn 0.6086 -0.0006 -0.7934
s off
f 1/1/1 3/2/2 2/3/1
f 4/4/3 1/1/1 2/3/1
f 5/5/4 1/6/4 4/7/4
f 6/8/5 5/5/6 4/7/7
f 7/9/4 9/10/4 8/11/4
f 7/9/4 8/11/4 10/12/4
f 11/13/4 12/14/4 10/12/4
f 13/15/4 14/16/4 10/12/4
f 15/17/4 16/18/4 10/12/4
f 17/19/4 18/20/4 10/12/4
f 19/21/4 20/22/4 10/12/8
f 20/22/4 21/23/4 10/12/4
f 22/24/4 23/25/4 10/12/8
f 10/12/4 23/25/4 24/26/4
f 23/27/9 26/28/9 25/29/10
f 26/28/11 28/30/11 27/31/11
f 28/32/12 29/33/13 27/34/13
f 30/35/14 27/34/15 29/33/16
f 30/36/17 24/37/18 27/38/18
f 31/39/19 28/40/20 32/41/20
f 28/40/21 26/42/22 32/41/23
f 33/43/4 32/44/4 26/45/4
f 34/46/4 33/43/4 26/45/4
f 33/47/24 34/48/1 35/49/1
f 36/50/2 35/49/1 34/48/1
f 35/51/25 36/52/26 37/53/27
f 38/54/28 37/55/29 39/56/30
f 40/57/29 38/54/30 39/56/31
f 40/58/32 41/59/33 38/60/34
f 41/61/35 40/57/36 23/27/37
f 36/50/10 34/48/11 23/27/10
f 34/48/10 26/28/10 23/27/10
f 40/57/10 39/56/11 36/50/10
f 36/52/38 39/62/33 37/53/32
f 41/61/20 23/27/19 42/63/20
f 43/64/4 38/60/4 41/59/4
f 35/49/39 38/54/40 42/63/41
f 33/47/42 35/49/42 42/63/42
f 31/65/43 45/66/44 44/67/45
f 46/68/4 9/10/4 47/69/4
f 48/70/46 50/71/46 49/72/46
f 51/73/47 53/74/47 52/75/47
f 54/76/42 53/77/42 48/70/42
f 4/4/42 48/70/42 55/78/42
f 6/79/42 4/4/48 55/78/42
f 55/78/48 9/80/42 6/79/42
f 2/81/4 3/82/4 56/83/4
f 57/84/10 3/85/10 12/86/11
f 12/86/49 1/87/50 58/88/51
f 7/89/11 58/88/10 5/90/10
f 59/91/52 60/92/53 52/93/54
f 61/94/55 52/93/55 60/92/56
f 61/94/57 62/95/57 52/93/57
f 63/96/55 52/93/58 62/95/56
f 64/97/1 52/93/1 63/96/59
f 52/93/3 64/97/1 65/98/1
f 64/97/1 66/99/2 65/98/24
f 67/100/60 66/101/61 68/102/62
f 64/97/63 70/103/64 69/104/65
f 70/103/24 71/105/1 72/106/1
f 70/107/47 64/108/47 71/109/47
f 71/109/47 64/108/47 63/110/47
f 71/111/66 63/112/67 73/113/66
f 74/114/67 75/115/66 63/112/66
f 73/113/4 76/116/4 69/117/4
f 72/118/4 73/113/4 69/117/4
f 71/105/1 73/119/24 72/106/1
f 68/120/68 69/117/69 76/116/70
f 76/116/71 77/121/72 68/120/73
f 77/121/74 78/122/75 68/120/76
f 79/123/4 78/124/4 77/125/4
f 80/126/4 79/127/4 77/121/4
f 81/128/1 79/129/2 80/130/1
f 82/131/24 81/128/1 80/130/1
f 62/132/47 81/133/47 82/134/47
f 61/135/47 81/133/47 62/132/47
f 81/136/77 61/137/78 79/127/78
f 78/122/79 79/127/80 61/137/81
f 83/138/78 78/122/78 61/137/77
f 84/139/61 85/140/82 83/141/83
f 78/124/47 83/141/47 85/140/47
f 68/120/84 78/122/85 85/142/86
f 86/143/87 68/144/88 85/145/87
f 87/146/24 86/143/1 85/145/1
f 87/147/47 88/148/47 86/149/47
f 89/150/47 86/149/47 88/148/47
f 90/151/47 89/150/47 88/148/47
f 91/152/47 88/148/47 87/147/89
f 92/153/90 93/154/90 87/147/47
f 94/155/47 92/153/47 87/147/47
f 91/152/90 87/147/47 93/154/90
f 91/156/91 96/157/2 95/158/1
f 89/159/1 90/160/1 97/161/2
f 89/159/92 97/161/93 98/162/94
f 99/163/1 98/162/56 97/161/95
f 100/164/96 98/162/97 99/163/98
f 94/165/99 100/164/53 99/163/100
f 101/166/24 94/165/1 99/163/1
f 92/153/47 94/155/47 101/167/47
f 92/168/101 101/166/102 99/163/103
f 92/168/104 103/169/92 102/170/105
f 102/170/104 93/171/92 92/168/105
f 104/172/66 93/173/67 102/174/106
f 102/174/107 105/175/67 104/172/66
f 105/176/24 106/177/1 104/178/1
f 107/179/24 104/178/1 106/177/1
f 104/180/47 107/181/47 91/152/47
f 106/177/108 96/157/109 91/156/110
f 104/180/47 91/152/47 93/154/47
f 97/182/111 106/183/112 105/175/113
f 99/184/47 105/185/47 102/186/47
f 102/186/47 103/187/47 99/184/47
f 97/188/114 105/185/115 99/184/116
f 106/189/47 97/188/47 95/190/47
f 100/191/47 109/192/47 108/193/47
f 98/194/47 100/191/47 108/193/47
f 108/193/47 110/195/47 98/194/47
f 108/193/47 111/196/47 110/195/47
f 110/197/117 111/198/52 112/199/52
f 113/200/117 112/199/52 111/198/52
f 113/201/47 114/202/47 112/203/47
f 109/204/1 116/205/2 115/206/1
f 115/207/118 116/208/61 117/209/82
f 114/210/119 115/211/120 118/212/121
f 119/213/122 120/214/123 114/210/123
f 118/212/122 119/213/122 114/210/122
f 117/209/47 118/215/47 115/207/47
f 119/216/25 121/217/26 120/218/27
f 122/219/4 120/218/4 121/217/4
f 123/220/124 122/221/125 121/222/126
f 123/220/127 121/222/127 117/223/128
f 117/223/129 116/224/127 123/220/127
f 124/225/130 123/226/131 125/227/132
f 125/227/47 126/228/47 124/225/47
f 127/229/1 126/230/2 125/231/1
f 128/232/3 127/229/133 125/231/55
f 128/233/47 109/192/47 127/234/47
f 127/234/47 109/192/47 100/191/47
f 116/224/127 128/235/127 125/236/128
f 129/237/134 123/220/135 124/238/20
f 130/239/136 129/237/137 124/238/138
f 130/240/47 131/241/47 129/242/47
f 129/242/47 131/241/47 132/243/47
f 131/241/47 122/244/47 132/243/47
f 132/245/89 122/246/47 133/247/47
f 120/248/47 133/247/47 122/246/47
f 134/249/139 133/250/139 120/251/139
f 134/252/47 120/253/47 135/254/47
f 120/253/47 136/255/47 135/254/47
f 136/256/135 120/257/20 137/258/20
f 138/259/29 137/258/31 131/260/31
f 122/261/21 131/260/140 137/258/140
f 120/257/140 122/261/140 137/258/140
f 137/262/4 138/263/4 139/264/4
f 140/265/141 139/264/6 138/263/142
f 139/266/143 140/267/144 141/268/145
f 142/269/47 143/270/47 141/271/47
f 144/272/47 141/271/47 143/270/47
f 31/273/146 145/274/147 146/275/148
f 146/275/149 28/30/150 31/273/151
f 143/276/47 142/277/152 147/278/47
f 148/279/153 147/280/154 142/281/155
f 140/267/17 148/279/17 142/281/17
f 148/282/4 140/283/4 138/284/4
f 140/267/20 142/281/19 141/268/20
f 114/210/156 134/249/157 135/285/30
f 149/286/157 114/210/30 135/285/158
f 114/202/47 149/287/47 112/203/47
f 114/210/122 113/288/122 115/211/122
f 113/288/122 111/289/122 115/211/122
f 132/245/47 133/247/47 134/290/47
f 123/220/159 129/237/128 132/291/127
f 62/95/160 82/131/161 77/292/161
f 150/293/161 62/95/160 77/292/160
f 151/294/1 150/293/2 74/295/1
f 151/294/162 62/95/163 150/293/164
f 63/112/4 62/296/4 74/114/4
f 152/297/165 154/298/166 153/299/167
f 155/300/168 9/301/168 46/302/169
f 156/303/170 155/300/170 46/302/171
f 46/302/172 42/63/172 156/303/172
f 155/304/5 8/11/6 9/10/142
f 157/305/4 158/306/4 159/307/4
f 13/308/173 160/309/88 158/310/52
f 160/311/4 159/307/4 158/306/4
f 13/308/11 8/312/10 160/309/10
f 13/15/4 162/313/4 161/314/4
f 163/315/174 14/316/175 161/317/20
f 164/318/176 165/319/25 163/320/26
f 166/321/26 163/320/177 165/319/176
f 15/322/11 14/316/10 166/323/11
f 165/324/1 167/325/24 15/322/1
f 15/17/4 167/326/4 16/18/4
f 16/18/4 167/326/4 168/327/4
f 169/328/33 170/329/178 171/330/178
f 172/331/179 171/330/32 170/329/32
f 17/332/133 171/333/180 172/334/55
f 172/334/55 173/335/3 17/332/133
f 17/19/6 173/336/6 174/337/5
f 175/338/26 177/339/177 176/340/176
f 178/341/179 175/338/32 176/340/32
f 179/342/4 181/343/4 180/344/4
f 182/345/179 179/342/32 180/344/32
f 19/346/181 179/347/53 182/348/182
f 183/349/4 185/350/4 184/351/4
f 186/352/4 183/349/4 184/351/4
f 183/353/10 186/354/183 20/355/11
f 21/23/4 188/356/4 187/357/4
f 189/358/20 190/359/19 187/360/20
f 189/361/4 191/362/4 192/363/4
f 191/362/27 193/364/25 192/363/26
f 22/365/1 192/366/24 193/367/1
f 193/367/1 156/303/24 22/365/1
f 22/24/6 156/368/6 42/369/5
f 23/25/4 22/24/4 42/369/4
f 187/360/42 156/303/42 193/367/42
f 193/367/42 191/370/42 187/360/42
f 187/360/42 188/371/42 156/303/42
f 184/372/42 185/373/42 194/374/42
f 194/374/31 185/373/29 183/353/184
f 194/374/185 155/300/185 156/303/186
f 195/375/187 155/300/187 194/374/187
f 195/375/188 194/374/188 196/376/188
f 196/376/42 197/377/42 195/375/42
f 155/300/189 195/375/190 173/335/189
f 173/335/191 161/317/192 162/378/192
f 178/379/42 176/380/42 174/381/42
f 155/300/48 162/378/42 158/310/42
f 172/334/42 170/382/42 168/383/42
f 161/317/193 168/383/194 167/325/193
f 161/317/42 167/325/42 165/324/195
f 161/317/134 164/384/196 163/315/174
f 182/348/42 180/385/42 197/377/42
f 197/377/20 180/385/19 181/386/20
f 22/365/11 190/359/9 192/366/10
f 181/386/10 179/347/10 198/387/11
f 17/332/11 16/388/10 171/333/11
f 37/55/42 38/54/42 35/49/42
f 42/63/20 43/389/135 41/61/20
f 5/390/2 6/79/1 7/391/1
f 9/80/92 7/391/197 6/79/198
f 58/392/4 10/12/4 12/14/4
f 7/9/4 10/12/4 58/392/4
f 13/15/4 10/12/4 8/11/4
f 15/17/4 10/12/4 14/16/4
f 17/19/4 10/12/4 16/18/4
f 199/393/199 10/12/4 18/20/199
f 198/394/4 10/12/4 199/393/4
f 19/21/4 10/12/4 198/394/4
f 190/395/4 10/12/4 21/23/4
f 22/24/200 10/12/201 190/395/201
f 25/29/202 26/28/51 27/31/203
f 27/38/204 24/37/205 25/396/206
f 24/26/4 23/25/4 25/397/4
f 36/50/9 23/27/9 40/57/9
f 43/389/42 42/63/42 38/54/42
f 33/47/42 42/63/42 32/398/42
f 42/63/42 46/302/42 32/398/42
f 45/399/42 32/398/42 46/302/42
f 32/398/42 45/399/42 31/273/42
f 44/67/207 45/66/208 200/400/43
f 46/401/209 200/402/210 45/403/209
f 200/402/210 46/401/209 201/404/209
f 46/68/4 47/69/4 201/405/4
f 48/406/4 47/69/4 9/10/4
f 53/77/211 49/72/46 50/71/211
f 52/75/47 53/74/47 54/407/47
f 50/408/212 48/409/212 53/410/213
f 54/76/195 48/70/42 56/411/195
f 56/411/48 48/70/42 2/3/42
f 2/3/42 48/70/42 4/4/42
f 48/409/214 9/301/214 55/412/214
f 56/83/4 3/82/4 57/413/4
f 202/414/10 12/86/10 154/415/10
f 57/84/11 12/86/11 202/414/215
f 1/87/202 12/86/50 3/85/203
f 5/90/183 58/88/10 1/87/10
f 202/416/2 54/76/1 57/417/1
f 56/411/24 57/417/1 54/76/1
f 59/418/47 54/407/47 202/419/47
f 54/407/47 59/418/47 52/75/47
f 64/97/162 69/104/216 66/99/102
f 69/104/161 70/103/217 72/106/218
f 76/116/219 63/112/66 75/115/66
f 73/113/67 63/112/66 76/116/106
f 88/420/67 95/421/66 90/422/66
f 88/423/3 91/156/1 95/158/220
f 96/424/221 106/189/222 95/190/223
f 97/182/67 90/422/66 95/421/66
f 103/169/224 92/168/225 99/163/226
f 107/179/227 106/177/228 91/156/108
f 108/425/122 115/211/122 111/289/122
f 108/426/24 109/204/1 115/206/1
f 133/427/122 114/210/122 120/214/229
f 114/210/122 133/427/122 134/249/122
f 118/428/230 117/429/231 119/430/232
f 121/431/19 119/430/20 117/429/20
f 125/236/127 123/220/127 116/224/127
f 109/432/128 128/235/127 116/224/128
f 132/291/127 122/221/127 123/220/127
f 61/94/88 84/433/233 83/434/55
f 84/433/180 61/94/234 60/92/133
f 77/292/161 82/131/160 80/130/218
f 77/125/47 75/435/47 150/436/47
f 75/435/47 77/125/47 76/437/47
f 74/295/24 150/293/1 75/438/1
f 74/439/4 62/440/4 151/441/4
f 68/102/47 66/101/47 69/442/47
f 65/98/3 66/99/1 67/443/1
f 59/418/47 202/419/47 152/444/47
f 202/414/235 154/415/236 152/445/237
f 59/418/47 152/444/47 153/446/47
f 11/447/165 154/298/238 12/448/166
f 153/299/239 154/298/240 11/447/241
f 49/72/242 53/77/46 51/449/46
f 47/69/4 48/406/4 49/450/4
f 8/312/19 155/300/20 159/451/20
f 157/452/29 159/451/31 155/300/31
f 157/452/48 155/300/42 158/310/42
f 162/378/24 13/308/57 158/310/1
f 160/309/10 8/312/10 159/451/11
f 166/323/10 14/316/11 163/315/11
f 166/323/24 165/324/1 15/322/1
f 16/388/29 168/383/30 169/453/31
f 170/382/29 169/453/184 168/383/31
f 18/454/19 174/381/20 177/455/20
f 176/380/135 177/455/20 174/381/20
f 175/456/53 178/379/52 199/457/52
f 195/375/53 199/457/52 178/379/87
f 198/387/19 197/377/20 181/386/20
f 196/376/117 19/346/181 182/348/181
f 196/458/4 20/22/4 19/21/4
f 20/355/29 194/374/30 183/353/31
f 186/354/2 184/372/1 21/459/1
f 188/371/24 21/459/1 184/372/1
f 191/370/135 189/358/20 187/360/20
f 188/371/42 184/372/42 194/374/42
f 156/303/243 188/371/243 194/374/243
f 195/460/176 197/461/25 199/393/26
f 199/393/4 197/461/4 198/394/4
f 196/458/4 194/462/4 20/22/4
f 13/15/33 161/314/178 14/16/178
f 155/300/244 173/335/245 162/378/244
f 195/375/42 178/379/42 174/381/42
f 173/335/246 195/375/246 174/381/246
f 17/19/247 174/337/248 18/20/249
f 173/335/42 172/334/42 168/383/42
f 161/317/250 173/335/251 168/383/250
f 164/384/48 161/317/42 165/324/42
f 196/376/42 182/348/42 197/377/42
f 21/23/4 187/357/4 190/395/4
f 192/366/183 190/359/11 189/358/10
f 20/355/9 186/354/10 21/459/11
f 198/387/10 179/347/10 19/346/11
f 18/454/10 175/456/11 199/457/11
f 175/456/10 18/454/11 177/455/11
f 171/333/10 16/388/11 169/453/11
f 203/463/252 205/464/253 204/465/252
f 206/466/254 203/463/252 204/465/252
f 207/467/4 203/468/4 206/469/4
f 208/470/4 207/467/4 206/469/4
f 209/471/4 211/472/4 210/473/4
f 209/471/4 210/473/255 212/474/4
f 213/475/4 214/476/4 212/474/4
f 215/477/4 216/478/4 212/474/4
f 217/479/4 218/480/4 212/474/256
f 219/481/4 220/482/4 212/474/256
f 221/483/4 222/484/4 212/474/4
f 222/484/4 223/485/4 212/474/256
f 224/486/4 225/487/4 212/474/256
f 212/474/4 225/487/4 226/488/4
f 225/489/46 228/490/46 227/491/46
f 228/490/46 230/492/46 229/493/46
f 230/494/257 231/495/258 229/496/259
f 232/497/260 229/496/261 231/495/259
f 232/498/122 226/499/122 229/500/122
f 233/501/262 230/502/263 234/503/264
f 230/502/265 228/504/266 234/503/267
f 235/505/4 234/506/4 228/507/4
f 236/508/4 235/505/4 228/507/4
f 235/509/254 236/510/252 237/511/252
f 238/512/268 237/511/252 236/510/252
f 237/513/4 238/514/4 239/515/4
f 240/516/269 239/517/270 241/518/267
f 242/519/271 240/516/272 241/518/272
f 242/520/4 243/521/4 240/522/4
f 243/523/46 242/519/46 225/489/46
f 238/512/46 236/510/46 225/489/46
f 236/510/46 228/490/46 225/489/46
f 242/519/46 241/518/46 238/512/46
f 238/514/273 241/524/274 239/515/275
f 243/523/272 225/489/271 244/525/272
f 245/526/4 240/522/4 243/521/4
f 237/511/276 240/516/276 244/525/276
f 235/509/277 237/511/278 244/525/279
f 233/527/280 247/528/281 246/529/282
f 248/530/283 211/472/284 249/531/285
f 250/532/286 252/533/287 251/534/288
f 253/535/47 255/536/47 254/537/47
f 256/538/289 255/539/290 250/532/291
f 206/466/276 250/532/292 257/540/276
f 208/541/292 206/466/276 257/540/276
f 257/540/276 211/542/276 208/541/293
f 204/543/294 205/544/295 258/545/295
f 259/546/46 205/547/46 214/548/46
f 214/548/296 203/549/297 260/550/298
f 209/551/46 260/550/46 207/552/46
f 261/553/299 262/554/300 254/555/301
f 263/556/302 254/555/303 262/554/304
f 263/556/252 264/557/252 254/555/252
f 265/558/303 254/555/303 264/557/304
f 266/559/305 254/555/305 265/558/252
f 254/555/268 266/559/252 267/560/252
f 266/559/252 268/561/253 267/560/252
f 269/562/306 268/563/222 270/564/307
f 266/559/308 272/565/309 271/566/310
f 272/565/254 273/567/252 274/568/252
f 272/569/47 266/570/47 273/571/47
f 273/571/47 266/570/47 265/572/47
f 273/573/311 265/574/312 275/575/311
f 276/576/312 277/577/311 265/574/311
f 275/575/313 278/578/314 271/579/295
f 274/580/176 275/575/25 271/579/315
f 273/567/252 275/581/268 274/568/252
f 270/582/316 271/579/317 278/578/318
f 278/578/319 279/583/320 270/582/321
f 279/583/322 280/584/323 270/582/324
f 281/585/4 280/586/4 279/587/4
f 282/588/4 281/589/4 279/583/4
f 283/590/325 281/591/326 282/592/327
f 284/593/268 283/590/252 282/592/252
f 264/594/47 283/595/47 284/596/47
f 263/597/222 283/595/328 264/594/329
f 283/598/330 263/599/331 281/589/332
f 280/584/333 281/589/334 263/599/333
f 285/600/333 280/584/333 263/599/335
f 286/601/222 287/602/328 285/603/336
f 280/586/47 285/603/47 287/602/47
f 270/582/337 280/584/338 287/604/339
f 288/605/252 270/606/268 287/607/252
f 289/608/268 288/605/252 287/607/252
f 289/609/47 290/610/47 288/611/152
f 291/612/47 288/611/47 290/610/47
f 292/613/47 291/612/47 290/610/47
f 293/614/47 290/610/47 289/609/340
f 294/615/341 295/616/329 289/609/342
f 296/617/47 294/615/47 289/609/47
f 293/614/152 289/609/47 295/616/47
f 293/618/252 298/619/268 297/620/252
f 291/621/252 292/622/343 299/623/268
f 291/621/344 299/623/345 300/624/346
f 301/625/252 300/624/347 299/623/252
f 302/626/348 300/624/305 301/625/252
f 296/627/343 302/626/268 301/625/252
f 303/628/254 296/627/252 301/625/252
f 294/615/47 296/617/47 303/629/152
f 294/630/349 303/628/350 301/625/351
f 294/630/352 305/631/344 304/632/353
f 304/632/354 295/633/254 294/630/252
f 306/634/355 295/635/312 304/636/311
f 304/636/311 307/637/312 306/634/312
f 307/638/268 308/639/252 306/640/252
f 309/641/268 306/640/252 308/639/252
f 306/642/47 309/643/47 293/614/47
f 308/639/351 298/619/350 293/618/350
f 306/642/47 293/614/47 295/616/47
f 299/644/356 308/645/357 307/637/358
f 301/646/47 307/647/47 304/648/47
f 304/648/152 305/649/47 301/646/47
f 299/650/359 307/647/360 301/646/361
f 308/651/47 299/650/47 297/652/47
f 302/653/362 311/654/363 310/655/364
f 300/656/47 302/653/47 310/655/47
f 310/655/47 312/657/47 300/656/47
f 310/655/47 313/658/47 312/657/47
f 312/659/254 313/660/252 314/661/252
f 315/662/268 314/661/252 313/660/252
f 315/663/47 316/664/47 314/665/47
f 311/666/252 318/667/268 317/668/252
f 317/669/47 318/670/47 319/671/47
f 316/672/365 317/673/366 320/674/366
f 321/675/367 322/676/368 316/672/367
f 320/674/369 321/675/370 316/672/371
f 319/671/372 320/677/329 317/669/306
f 321/678/373 323/679/374 322/680/374
f 324/681/4 322/680/4 323/679/4
f 325/682/209 324/683/209 323/684/209
f 325/682/209 323/684/209 319/685/209
f 319/685/209 318/686/209 325/682/209
f 326/687/47 325/688/47 327/689/47
f 327/689/47 328/690/47 326/687/47
f 329/691/375 328/692/376 327/693/299
f 330/694/376 329/691/299 327/693/299
f 330/695/47 311/654/47 329/696/47
f 329/696/47 311/654/47 302/653/47
f 318/686/209 330/697/209 327/698/209
f 331/699/377 325/682/270 326/700/267
f 332/701/270 331/699/267 326/700/377
f 332/702/47 333/703/47 331/704/47
f 331/704/378 333/703/82 334/705/60
f 333/703/47 324/706/47 334/705/47
f 334/707/222 324/708/328 335/709/329
f 322/710/47 335/709/47 324/708/47
f 336/711/379 335/712/380 322/713/381
f 336/714/382 322/715/383 337/716/384
f 322/715/47 338/717/47 337/716/47
f 338/718/271 322/719/272 339/720/272
f 340/721/262 339/720/263 333/722/385
f 324/723/269 333/722/377 339/720/377
f 322/719/272 324/723/272 339/720/386
f 339/724/4 340/725/4 341/726/4
f 342/727/387 341/726/374 340/725/374
f 341/728/388 342/729/389 343/730/390
f 344/731/391 345/732/392 343/733/391
f 346/734/47 343/733/47 345/732/47
f 233/735/393 347/736/394 348/737/395
f 348/737/396 230/492/397 233/735/398
f 345/738/131 344/739/399 349/740/400
f 350/741/401 349/742/122 344/743/122
f 342/729/122 350/741/122 344/743/402
f 350/744/6 342/745/5 340/746/403
f 342/729/272 344/743/271 343/730/272
f 316/672/272 336/711/271 337/747/272
f 351/748/270 316/672/267 337/747/269
f 316/664/47 351/749/47 314/665/47
f 316/672/404 315/750/404 317/673/405
f 315/750/405 313/751/406 317/673/407
f 334/707/47 335/709/47 336/752/47
f 325/682/209 331/699/209 334/753/209
f 264/557/408 284/593/409 279/754/410
f 352/755/350 264/557/411 279/754/351
f 353/756/412 352/755/253 276/757/413
f 353/756/351 264/557/350 352/755/351
f 265/574/4 264/758/4 276/576/8
f 354/759/42 356/760/414 355/761/42
f 357/762/415 211/763/416 248/764/417
f 358/765/418 357/762/419 248/764/420
f 248/764/421 244/525/422 358/765/423
f 357/766/4 210/473/4 211/472/4
f 359/767/374 360/768/373 361/769/295
f 215/770/299 362/771/300 360/772/299
f 362/773/4 361/769/4 360/768/4
f 215/770/46 210/774/46 362/771/46
f 215/477/4 364/775/4 363/776/4
f 365/777/272 216/778/271 363/779/272
f 366/780/4 367/781/4 365/782/4
f 368/783/295 365/782/34 367/781/295
f 217/784/46 216/778/46 368/785/46
f 367/786/304 369/787/344 217/784/353
f 217/479/4 369/788/4 218/480/4
f 218/480/4 369/788/8 370/789/4
f 371/790/4 372/791/4 373/792/4
f 374/793/4 373/792/4 372/791/4
f 219/794/353 373/795/424 374/796/425
f 374/796/353 375/797/424 219/794/425
f 219/481/4 375/798/4 376/799/4
f 377/800/374 379/801/426 378/802/374
f 380/803/4 377/800/4 378/802/4
f 381/804/25 383/805/26 382/806/315
f 384/807/4 381/804/4 382/806/4
f 221/808/252 381/809/268 384/810/252
f 385/811/427 387/812/275 386/813/428
f 388/814/4 385/811/4 386/813/4
f 385/815/46 388/816/46 222/817/46
f 223/485/4 390/818/4 389/819/4
f 391/820/272 392/821/271 389/822/272
f 391/823/26 393/824/315 394/825/25
f 393/824/374 395/826/373 394/825/374
f 224/827/327 394/828/326 395/829/429
f 395/829/429 358/765/326 224/827/429
f 224/486/430 358/830/431 244/831/432
f 225/487/4 224/486/4 244/831/4
f 389/822/276 358/765/276 395/829/293
f 395/829/293 393/832/276 389/822/293
f 389/822/433 390/833/434 358/765/435
f 386/834/293 387/835/276 396/836/276
f 396/836/436 387/835/437 385/815/438
f 396/836/439 357/762/440 358/765/441
f 397/837/442 357/762/443 396/836/444
f 397/837/445 396/836/446 398/838/447
f 398/838/448 399/839/449 397/837/450
f 357/762/451 397/837/452 375/797/453
f 375/797/454 363/779/455 364/840/456
f 380/841/276 378/842/276 376/843/293
f 357/762/293 364/840/276 360/772/293
f 374/796/293 372/844/276 370/845/293
f 363/779/457 370/845/458 369/787/459
f 363/779/276 369/787/276 367/786/293
f 363/779/272 366/846/271 365/777/272
f 384/810/293 382/847/276 399/839/460
f 399/839/272 382/847/461 383/848/462
f 224/827/46 392/821/46 394/828/46
f 383/848/46 381/809/46 400/849/46
f 219/794/46 218/850/46 373/795/46
f 239/517/276 240/516/293 237/511/276
f 244/525/462 245/851/461 243/523/272
f 207/852/424 208/541/425 209/853/353
f 211/542/424 209/853/425 208/541/353
f 260/854/176 212/474/25 214/476/284
f 209/471/4 212/474/4 260/854/4
f 215/477/4 212/474/256 210/473/4
f 217/479/4 212/474/4 216/478/4
f 219/481/255 212/474/4 218/480/255
f 401/855/4 212/474/4 220/482/4
f 400/856/4 212/474/256 401/855/4
f 221/483/255 212/474/4 400/856/255
f 392/857/255 212/474/4 223/485/255
f 224/486/255 212/474/4 392/857/255
f 227/491/46 228/490/46 229/493/46
f 229/500/122 226/499/122 227/858/123
f 226/488/4 225/487/4 227/859/4
f 238/512/46 225/489/46 242/519/46
f 245/851/463 244/525/464 240/516/465
f 235/509/466 244/525/467 234/860/467
f 244/525/468 248/764/469 234/860/470
f 247/861/293 234/860/276 248/764/276
f 234/860/293 247/861/293 233/735/293
f 246/529/471 247/528/472 402/862/473
f 248/863/474 402/864/474 247/865/475
f 402/864/474 248/863/474 403/866/475
f 248/530/4 249/531/4 403/867/4
f 250/868/4 249/531/4 211/472/4
f 255/539/476 251/534/476 252/533/476
f 254/537/47 255/536/47 256/869/47
f 252/870/46 250/871/46 255/872/46
f 256/538/278 250/532/477 258/873/478
f 258/873/276 250/532/293 204/465/293
f 204/465/293 250/532/293 206/466/276
f 250/871/479 211/763/480 257/874/481
f 258/545/4 205/544/4 259/875/4
f 404/876/46 214/548/46 356/877/46
f 259/546/46 214/548/46 404/876/46
f 203/549/482 214/548/483 205/547/484
f 207/552/46 260/550/46 203/549/46
f 404/878/344 256/538/353 259/879/485
f 258/873/344 259/879/353 256/538/485
f 261/880/486 256/869/391 404/881/391
f 256/869/47 261/880/47 254/537/47
f 266/559/350 271/566/351 268/561/350
f 271/566/487 272/565/488 274/568/489
f 278/578/312 265/574/311 277/577/311
f 275/575/312 265/574/490 278/578/311
f 290/882/312 297/883/311 292/884/311
f 290/885/268 293/618/252 297/620/252
f 298/886/47 308/651/47 297/652/152
f 299/644/312 292/884/311 297/883/311
f 305/631/491 294/630/492 301/625/493
f 309/641/350 308/639/351 293/618/351
f 310/887/365 317/673/494 313/751/494
f 310/888/254 311/666/252 317/668/252
f 335/889/495 316/672/496 322/676/497
f 316/672/498 335/889/499 336/711/500
f 320/890/461 319/891/272 321/892/272
f 323/893/501 321/892/272 319/891/502
f 327/698/209 325/682/209 318/686/209
f 311/894/209 330/697/209 318/686/209
f 334/753/209 324/683/209 325/682/209
f 263/556/254 286/895/503 285/896/252
f 286/895/253 263/556/305 262/554/252
f 279/754/350 284/593/350 282/592/351
f 279/587/47 277/897/47 352/898/47
f 277/897/221 279/587/504 278/899/329
f 276/757/268 352/755/252 277/900/252
f 276/901/295 264/902/313 353/903/314
f 270/564/47 268/563/47 271/904/47
f 267/560/254 268/561/268 269/905/252
f 261/880/47 404/881/47 354/906/47
f 404/876/46 356/877/46 354/907/46
f 261/880/47 354/906/47 355/908/47
f 213/909/505 356/760/42 214/910/42
f 355/761/195 356/760/42 213/909/42
f 251/534/287 255/539/506 253/911/286
f 249/531/4 250/868/4 251/912/4
f 210/774/388 357/762/389 361/913/507
f 359/914/271 361/913/272 357/762/272
f 359/914/276 357/762/293 360/772/293
f 364/840/300 215/770/508 360/772/299
f 362/771/46 210/774/46 361/913/46
f 368/785/46 216/778/46 365/777/46
f 368/785/253 367/786/509 217/784/412
f 218/850/271 370/845/272 371/915/272
f 372/844/271 371/915/272 370/845/272
f 220/916/270 376/843/267 379/917/377
f 378/842/271 379/917/272 376/843/272
f 377/918/326 380/841/429 401/919/429
f 397/837/326 401/919/429 380/841/429
f 400/849/501 399/839/272 383/848/272
f 398/838/254 221/808/252 384/810/252
f 398/920/4 222/484/4 221/483/4
f 222/817/501 396/836/272 385/815/272
f 388/816/253 386/834/252 223/921/412
f 390/833/254 223/921/252 386/834/252
f 393/832/271 391/820/272 389/822/272
f 390/833/276 386/834/293 396/836/276
f 358/765/510 390/833/511 396/836/512
f 397/922/8 399/923/4 401/855/4
f 401/855/4 399/923/4 400/856/4
f 398/920/374 396/924/373 222/484/374
f 215/477/4 363/776/4 216/478/4
f 357/762/513 375/797/514 364/840/515
f 397/837/276 380/841/293 376/843/276
f 375/797/516 397/837/517 376/843/518
f 219/481/4 376/799/4 220/482/4
f 375/797/276 374/796/293 370/845/293
f 363/779/519 375/797/520 370/845/521
f 366/846/276 363/779/276 367/786/293
f 398/838/276 384/810/293 399/839/276
f 223/485/26 389/819/522 392/857/25
f 394/828/46 392/821/46 391/820/46
f 222/817/46 388/816/46 223/921/46
f 400/849/46 381/809/46 221/808/46
f 220/916/46 377/918/46 401/919/46
f 377/918/46 220/916/46 379/917/46
f 373/795/46 218/850/46 371/915/46
f 405/925/523 407/926/524 406/927/525
f 408/928/526 405/925/527 406/927/527
f 409/929/4 405/930/4 408/931/4
f 410/932/4 409/929/4 408/931/4
f 411/933/4 413/934/4 412/935/4
f 411/933/528 412/935/529 414/936/273
f 415/937/4 416/938/4 414/936/4
f 417/939/4 418/940/4 414/936/4
f 419/941/4 420/942/4 414/936/4
f 421/943/530 422/944/529 414/936/530
f 423/945/4 424/946/4 414/936/4
f 424/946/4 425/947/4 414/936/4
f 426/948/4 427/949/4 414/936/199
f 414/936/4 427/949/4 428/950/4
f 427/951/531 430/952/532 429/953/533
f 430/952/534 432/954/534 431/955/534
f 432/956/535 433/957/536 431/958/536
f 434/959/536 431/958/536 433/957/535
f 434/960/537 428/961/538 431/962/539
f 435/963/540 432/964/540 436/965/540
f 432/964/540 430/966/541 436/965/540
f 437/967/4 436/968/4 430/969/4
f 438/970/4 437/967/4 430/969/4
f 437/971/542 438/972/543 439/973/544
f 440/974/542 439/973/543 438/972/544
f 439/975/545 440/976/546 441/977/547
f 442/978/540 441/979/541 443/980/540
f 444/981/541 442/978/540 443/980/540
f 444/982/4 445/983/4 442/984/4
f 445/985/548 444/981/549 427/951/550
f 440/974/551 438/972/552 427/951/553
f 438/972/476 430/952/476 427/951/554
f 444/981/476 443/980/534 440/974/476
f 440/976/4 443/986/4 441/977/4
f 445/985/540 427/951/541 446/987/540
f 447/988/4 442/984/4 445/983/4
f 439/973/555 442/978/556 446/987/557
f 437/971/557 439/973/557 446/987/557
f 435/989/558 449/990/559 448/991/560
f 450/992/4 413/934/4 451/993/4
f 452/994/561 454/995/562 453/996/563
f 455/997/47 457/998/47 456/999/47
f 458/1000/564 457/1001/557 452/994/557
f 408/928/557 452/994/557 459/1002/557
f 410/1003/557 408/928/557 459/1002/557
f 459/1002/557 413/1004/565 410/1003/557
f 406/1005/4 407/1006/4 460/1007/4
f 461/1008/534 407/1009/566 416/1010/567
f 416/1010/554 405/1011/476 462/1012/476
f 411/1013/568 462/1012/569 409/1014/570
f 463/1015/527 464/1016/527 456/1017/527
f 465/1018/571 456/1017/572 464/1016/573
f 465/1018/574 466/1019/527 456/1017/527
f 467/1020/575 456/1017/575 466/1019/576
f 468/1021/577 456/1017/577 467/1020/527
f 456/1017/578 468/1021/579 469/1022/580
f 468/1021/581 470/1023/578 469/1022/582
f 471/1024/47 470/1025/47 472/1026/47
f 468/1021/583 474/1027/584 473/1028/585
f 474/1027/526 475/1029/527 476/1030/527
f 474/1031/47 468/1032/47 475/1033/47
f 475/1033/47 468/1032/47 467/1034/47
f 475/1035/586 467/1036/587 477/1037/587
f 478/1038/588 479/1039/586 467/1036/587
f 477/1037/4 480/1040/4 473/1041/4
f 476/1042/4 477/1037/4 473/1041/4
f 475/1029/527 477/1043/527 476/1030/577
f 472/1044/589 473/1041/590 480/1040/591
f 480/1040/592 481/1045/593 472/1044/594
f 481/1045/595 482/1046/596 472/1044/597
f 483/1047/283 482/1048/598 481/1049/284
f 484/1050/599 483/1051/600 481/1045/601
f 485/1052/527 483/1053/526 484/1054/527
f 486/1055/602 485/1052/603 484/1054/604
f 466/1056/47 485/1057/47 486/1058/47
f 465/1059/47 485/1057/47 466/1056/47
f 485/1060/605 465/1061/606 483/1051/606
f 482/1046/606 483/1051/607 465/1061/605
f 487/1062/606 482/1046/608 465/1061/606
f 488/1063/47 489/1064/47 487/1065/47
f 482/1048/47 487/1065/47 489/1064/47
f 472/1044/609 482/1046/610 489/1066/611
f 490/1067/527 472/1068/526 489/1069/527
f 491/1070/524 490/1067/525 489/1069/575
f 491/1071/47 492/1072/47 490/1073/47
f 493/1074/612 490/1073/613 492/1072/614
f 494/1075/47 493/1074/47 492/1072/47
f 495/1076/306 492/1072/306 491/1071/614
f 496/1077/47 497/1078/47 491/1071/47
f 498/1079/615 496/1077/616 491/1071/617
f 495/1076/47 491/1071/47 497/1078/47
f 495/1080/527 500/1081/526 499/1082/577
f 493/1083/527 494/1084/527 501/1085/526
f 493/1083/618 501/1085/619 502/1086/620
f 503/1087/621 502/1086/621 501/1085/622
f 504/1088/623 502/1086/575 503/1087/572
f 498/1089/527 504/1088/527 503/1087/527
f 505/1090/526 498/1089/527 503/1087/527
f 496/1077/342 498/1079/614 505/1091/306
f 496/1092/584 505/1090/584 503/1087/584
f 496/1092/527 507/1093/526 506/1094/527
f 506/1094/624 497/1095/524 496/1092/525
f 508/1096/587 497/1097/587 506/1098/587
f 506/1098/587 509/1099/587 508/1096/587
f 509/1100/524 510/1101/525 508/1102/625
f 511/1103/524 508/1102/525 510/1101/620
f 508/1104/47 511/1105/47 495/1076/47
f 510/1101/584 500/1081/626 495/1080/583
f 508/1104/47 495/1076/47 497/1078/47
f 501/1106/627 510/1107/628 509/1099/629
f 503/1108/47 509/1109/47 506/1110/47
f 506/1110/47 507/1111/47 503/1108/47
f 501/1112/630 509/1109/631 503/1108/632
f 510/1113/633 501/1112/634 499/1114/635
f 504/1115/47 513/1116/47 512/1117/47
f 502/1118/47 504/1115/47 512/1117/47
f 512/1117/636 514/1119/637 502/1118/638
f 512/1117/372 515/1120/307 514/1119/306
f 514/1121/639 515/1122/640 516/1123/527
f 517/1124/641 516/1123/621 515/1122/640
f 517/1125/47 518/1126/47 516/1127/47
f 513/1128/527 520/1129/641 519/1130/527
f 519/1131/47 520/1132/47 521/1133/47
f 518/1134/642 519/1135/643 522/1136/644
f 523/1137/643 524/1138/645 518/1134/646
f 522/1136/647 523/1137/647 518/1134/647
f 521/1133/648 522/1139/617 519/1131/649
f 523/1140/4 525/1141/4 524/1142/4
f 526/1143/4 524/1142/4 525/1141/4
f 527/1144/475 526/1145/475 525/1146/650
f 527/1144/651 525/1146/652 521/1147/653
f 521/1147/475 520/1148/654 527/1144/655
f 528/1149/47 527/1150/47 529/1151/47
f 529/1151/47 530/1152/47 528/1149/47
f 531/1153/623 530/1154/527 529/1155/527
f 532/1156/526 531/1153/527 529/1155/527
f 532/1157/47 513/1116/47 531/1158/47
f 531/1158/47 513/1116/47 504/1115/47
f 520/1148/475 532/1159/475 529/1160/474
f 533/1161/540 527/1144/540 528/1162/540
f 534/1163/541 533/1161/540 528/1162/540
f 534/1164/47 535/1165/47 533/1166/47
f 533/1166/47 535/1165/47 536/1167/47
f 535/1165/47 526/1168/47 536/1167/47
f 536/1169/656 526/1170/362 537/1171/62
f 524/1172/47 537/1171/47 526/1170/47
f 538/1173/657 537/1174/658 524/1175/659
f 538/1176/47 524/1177/47 539/1178/47
f 524/1177/47 540/1179/47 539/1178/47
f 540/1180/540 524/1181/540 541/1182/540
f 542/1183/541 541/1182/660 535/1184/540
f 526/1185/661 535/1184/662 541/1182/663
f 524/1181/540 526/1185/540 541/1182/660
f 541/1186/4 542/1187/4 543/1188/4
f 544/1189/4 543/1188/4 542/1187/4
f 543/1190/540 544/1191/540 545/1192/540
f 546/1193/614 547/1194/341 545/1195/306
f 548/1196/306 545/1195/342 547/1194/614
f 435/1197/664 549/1198/665 550/1199/666
f 550/1199/667 432/954/668 435/1197/669
f 547/1200/152 546/1201/47 551/1202/47
f 552/1203/670 551/1204/671 546/1205/365
f 544/1191/365 552/1203/672 546/1205/365
f 552/1206/4 544/1207/4 542/1208/4
f 544/1191/540 546/1205/541 545/1192/540
f 518/1134/540 538/1173/541 539/1209/673
f 553/1210/541 518/1134/540 539/1209/540
f 518/1126/674 553/1211/617 516/1127/649
f 518/1134/675 517/1212/676 519/1135/677
f 517/1212/678 515/1213/679 519/1135/680
f 536/1169/47 537/1171/47 538/1214/47
f 527/1144/475 533/1161/474 536/1215/475
f 466/1019/681 486/1055/682 481/1216/683
f 554/1217/684 466/1019/685 481/1216/686
f 555/1218/525 554/1217/524 478/1219/619
f 555/1218/687 466/1019/684 554/1217/688
f 467/1036/689 466/1220/600 478/1038/294
f 556/1221/463 558/1222/464 557/1223/690
f 559/1224/691 413/1225/692 450/1226/693
f 560/1227/694 559/1224/695 450/1226/696
f 450/1226/697 446/987/698 560/1227/699
f 559/1228/4 412/935/4 413/934/4
f 561/1229/4 562/1230/4 563/1231/4
f 417/1232/527 564/1233/700 562/1234/571
f 564/1235/4 563/1231/4 562/1230/4
f 417/1232/701 412/1236/702 564/1233/703
f 417/939/704 566/1237/600 565/1238/705
f 567/1239/661 418/1240/706 565/1241/663
f 568/1242/284 569/1243/707 567/1244/283
f 570/1245/283 567/1244/598 569/1243/284
f 419/1246/701 418/1240/702 570/1247/703
f 569/1248/527 571/1249/526 419/1246/527
f 419/941/598 571/1250/284 420/942/283
f 420/942/4 571/1250/4 572/1251/4
f 573/1252/708 574/1253/709 575/1254/710
f 576/1255/4 575/1254/4 574/1253/4
f 421/1256/527 575/1257/526 576/1258/527
f 576/1258/577 577/1259/526 421/1256/527
f 421/943/4 577/1260/4 578/1261/4
f 579/1262/4 581/1263/4 580/1264/4
f 582/1265/4 579/1262/4 580/1264/256
f 583/1266/4 585/1267/4 584/1268/4
f 586/1269/707 583/1266/283 584/1268/284
f 423/1270/527 583/1271/526 586/1272/527
f 587/1273/283 589/1274/284 588/1275/707
f 590/1276/4 587/1273/4 588/1275/4
f 587/1277/534 590/1278/566 424/1279/476
f 425/947/4 592/1280/4 591/1281/4
f 593/1282/663 594/1283/706 591/1284/663
f 593/1285/4 595/1286/4 596/1287/4
f 595/1286/284 597/1288/707 596/1287/283
f 426/1289/621 596/1290/700 597/1291/525
f 597/1291/577 560/1227/526 426/1289/527
f 426/948/546 560/1292/546 446/1293/711
f 427/949/4 426/948/4 446/1293/4
f 591/1284/557 560/1227/557 597/1291/557
f 597/1291/557 595/1294/557 591/1284/557
f 591/1284/712 592/1295/713 560/1227/714
f 588/1296/557 589/1297/557 598/1298/564
f 598/1298/661 589/1297/715 587/1277/716
f 598/1298/717 559/1224/718 560/1227/719
f 599/1299/720 559/1224/721 598/1298/722
f 599/1299/723 598/1298/724 600/1300/725
f 600/1300/726 601/1301/727 599/1299/728
f 559/1224/729 599/1299/730 577/1259/731
f 577/1259/732 565/1241/733 566/1302/734
f 582/1303/557 580/1304/565 578/1305/557
f 559/1224/735 566/1302/736 562/1234/737
f 576/1258/557 574/1306/565 572/1307/557
f 565/1241/738 572/1307/739 571/1249/740
f 565/1241/557 571/1249/565 569/1248/557
f 565/1241/660 568/1308/541 567/1239/540
f 586/1272/741 584/1309/742 601/1301/743
f 601/1301/663 584/1309/706 585/1310/744
f 426/1289/476 594/1283/476 596/1290/534
f 585/1310/745 583/1271/746 602/1311/747
f 421/1256/476 420/1312/554 575/1257/534
f 441/979/748 442/978/749 439/973/750
f 446/987/661 447/1313/715 445/985/751
f 409/1314/526 410/1003/527 411/1315/527
f 413/1004/526 411/1315/527 410/1003/527
f 462/1316/522 414/936/283 416/938/752
f 411/933/4 414/936/4 462/1316/4
f 417/939/4 414/936/4 412/935/4
f 419/941/4 414/936/4 418/940/4
f 421/943/708 414/936/295 420/942/179
f 603/1317/708 414/936/374 422/944/374
f 602/1318/4 414/936/199 603/1317/4
f 423/945/4 414/936/4 602/1318/4
f 594/1319/8 414/936/4 425/947/8
f 426/948/4 414/936/4 594/1319/4
f 429/953/568 430/952/753 431/955/754
f 431/962/365 428/961/365 429/1320/365
f 428/950/4 427/949/4 429/1321/4
f 440/974/566 427/951/566 444/981/566
f 447/1313/755 446/987/749 442/978/756
f 437/971/556 446/987/556 436/1322/757
f 446/987/748 450/1226/758 436/1322/759
f 449/1323/760 436/1322/761 450/1226/762
f 436/1322/557 449/1323/557 435/1197/557
f 448/991/763 449/990/763 604/1324/763
f 450/1325/764 604/1326/764 449/1327/765
f 604/1326/766 450/1325/767 605/1328/768
f 450/992/4 451/993/4 605/1329/4
f 452/1330/4 451/993/4 413/934/4
f 457/1001/769 453/996/770 454/995/769
f 456/999/47 457/998/47 458/1331/47
f 454/1332/771 452/1333/771 457/1334/772
f 458/1000/557 452/994/773 460/1335/557
f 460/1335/557 452/994/774 406/927/557
f 406/927/557 452/994/557 408/928/775
f 452/1333/776 413/1225/777 459/1336/778
f 460/1007/600 407/1006/601 461/1337/779
f 606/1338/534 416/1010/476 558/1339/534
f 461/1008/287 416/1010/780 606/1338/781
f 405/1011/745 416/1010/782 407/1009/783
f 409/1014/566 462/1012/784 405/1011/785
f 606/1340/527 458/1000/527 461/1341/527
f 460/1335/526 461/1341/527 458/1000/527
f 463/1342/61 458/1331/656 606/1343/656
f 458/1331/47 463/1342/47 456/999/47
f 468/1021/583 473/1028/584 470/1023/584
f 473/1028/584 474/1027/584 476/1030/584
f 480/1040/588 467/1036/586 479/1039/587
f 477/1037/786 467/1036/787 480/1040/788
f 492/1344/789 499/1345/790 494/1346/791
f 492/1347/526 495/1080/527 499/1082/527
f 500/1348/47 510/1113/47 499/1114/47
f 501/1106/792 494/1346/790 499/1345/793
f 507/1093/584 496/1092/583 503/1087/584
f 511/1103/584 510/1101/584 495/1080/583
f 512/1349/647 519/1135/647 515/1213/647
f 512/1350/526 513/1128/527 519/1130/527
f 537/1351/794 518/1134/795 524/1138/796
f 518/1134/647 537/1351/647 538/1173/647
f 522/1352/715 521/1353/751 523/1354/797
f 525/1355/541 523/1354/660 521/1353/540
f 529/1160/798 527/1144/799 520/1148/655
f 513/1356/475 532/1159/475 520/1148/475
f 536/1215/800 526/1145/799 527/1144/801
f 465/1018/526 488/1357/527 487/1358/527
f 488/1357/578 465/1018/582 464/1016/580
f 481/1216/584 486/1055/584 484/1054/584
f 481/1049/47 479/1359/47 554/1360/47
f 479/1359/342 481/1049/328 480/1361/306
f 478/1219/542 554/1217/802 479/1362/543
f 478/1363/803 466/1364/804 555/1365/805
f 472/1026/47 470/1025/47 473/1366/47
f 469/1022/578 470/1023/582 471/1367/580
f 463/1342/47 606/1343/47 556/1368/47
f 606/1338/566 558/1339/476 556/1369/534
f 463/1342/47 556/1368/47 557/1370/47
f 415/1371/468 558/1222/806 416/1372/807
f 557/1223/293 558/1222/276 415/1371/293
f 453/996/808 457/1001/809 455/1373/810
f 451/993/811 452/1330/374 453/1374/812
f 412/1236/706 559/1224/751 563/1375/663
f 561/1376/813 563/1375/663 559/1224/663
f 561/1376/814 559/1224/737 562/1234/735
f 566/1302/526 417/1232/577 562/1234/527
f 564/1233/815 412/1236/703 563/1375/701
f 570/1247/815 418/1240/703 567/1239/701
f 570/1247/527 569/1248/527 419/1246/527
f 420/1312/541 572/1307/540 573/1377/540
f 574/1306/541 573/1377/660 572/1307/660
f 422/1378/715 578/1305/751 581/1379/661
f 580/1304/706 581/1379/663 578/1305/661
f 579/1380/526 582/1303/527 603/1381/527
f 599/1299/524 603/1381/525 582/1303/575
f 602/1311/541 601/1301/540 585/1310/540
f 600/1300/526 423/1270/527 586/1272/577
f 600/1382/803 424/946/803 423/945/816
f 424/1279/706 598/1298/663 587/1277/817
f 590/1278/524 588/1296/525 425/1383/575
f 592/1295/526 425/1383/527 588/1296/577
f 595/1294/541 593/1282/660 591/1284/660
f 592/1295/557 588/1296/564 598/1298/557
f 560/1227/818 592/1295/819 598/1298/820
f 599/1384/284 601/1385/707 603/1317/283
f 603/1317/4 601/1385/4 602/1318/4
f 600/1382/4 598/1386/4 424/946/4
f 417/939/4 565/1238/4 418/940/4
f 559/1224/821 577/1259/822 566/1302/823
f 599/1299/565 582/1303/557 578/1305/773
f 577/1259/824 599/1299/825 578/1305/826
f 421/943/4 578/1261/4 422/944/4
f 577/1259/565 576/1258/557 572/1307/565
f 565/1241/827 577/1259/828 572/1307/829
f 568/1308/755 565/1241/749 569/1248/830
f 600/1300/742 586/1272/743 601/1301/741
f 425/947/4 591/1281/4 594/1319/4
f 596/1290/476 594/1283/476 593/1282/534
f 424/1279/554 590/1278/534 425/1383/476
f 602/1311/831 583/1271/747 423/1270/745
f 422/1378/476 579/1380/476 603/1381/534
f 579/1380/476 422/1378/534 581/1379/534
f 575/1257/566 420/1312/476 573/1377/534
f 607/1387/832 609/1388/833 608/1389/832
f 610/1390/834 607/1387/835 608/1389/836
f 611/1391/4 607/1392/4 610/1393/4
f 612/1394/4 611/1391/4 610/1393/4
f 613/1395/705 615/1396/837 614/1397/838
f 613/1395/4 614/1397/4 616/1398/4
f 617/1399/4 618/1400/4 616/1398/4
f 619/1401/4 620/1402/4 616/1398/4
f 621/1403/8 622/1404/8 616/1398/4
f 623/1405/4 624/1406/4 616/1398/4
f 625/1407/839 626/1408/811 616/1398/840
f 626/1408/4 627/1409/4 616/1398/4
f 628/1410/4 629/1411/4 616/1398/4
f 616/1398/711 629/1411/805 630/1412/841
f 629/1413/842 632/1414/843 631/1415/844
f 632/1414/845 634/1416/846 633/1417/847
f 634/1418/763 635/1419/848 633/1420/849
f 636/1421/850 633/1420/558 635/1419/851
f 636/1422/852 630/1423/853 633/1424/854
f 637/1425/855 634/1426/856 638/1427/856
f 634/1426/857 632/1428/858 638/1427/856
f 639/1429/4 638/1430/4 632/1431/4
f 640/1432/4 639/1429/4 632/1431/4
f 639/1433/833 640/1434/833 641/1435/833
f 642/1436/859 641/1435/860 640/1434/861
f 641/1437/4 642/1438/4 643/1439/4
f 644/1440/856 643/1441/857 645/1442/856
f 646/1443/858 644/1440/856 645/1442/856
f 646/1444/4 647/1445/4 644/1446/4
f 647/1447/862 646/1443/863 629/1413/642
f 642/1436/647 640/1434/647 629/1413/647
f 640/1434/864 632/1414/864 629/1413/865
f 646/1443/647 645/1442/647 642/1436/647
f 642/1438/709 645/1448/811 643/1439/837
f 647/1447/866 629/1413/867 648/1449/868
f 649/1450/4 644/1446/4 647/1445/4
f 641/1435/869 644/1440/869 648/1449/869
f 639/1433/870 641/1435/871 648/1449/872
f 637/1451/873 651/1452/874 650/1453/875
f 652/1454/4 615/1396/4 653/1455/4
f 654/1456/876 656/1457/876 655/1458/876
f 657/1459/47 659/1460/47 658/1461/47
f 660/1462/877 659/1463/878 654/1456/877
f 610/1390/877 654/1456/877 661/1464/877
f 612/1465/869 610/1390/877 661/1464/877
f 661/1464/879 615/1466/880 612/1465/881
f 608/1467/882 609/1468/837 662/1469/838
f 663/1470/883 609/1471/884 618/1472/885
f 618/1472/647 607/1473/865 664/1474/865
f 613/1475/647 664/1474/865 611/1476/865
f 665/1477/886 666/1478/887 658/1479/888
f 667/1480/832 658/1479/889 666/1478/832
f 667/1480/890 668/1481/890 658/1479/890
f 669/1482/891 658/1479/892 668/1481/893
f 670/1483/894 658/1479/894 669/1482/894
f 658/1479/895 670/1483/833 671/1484/832
f 670/1483/896 672/1485/897 671/1484/898
f 673/1486/899 672/1487/372 674/1488/900
f 670/1483/901 676/1489/902 675/1490/903
f 676/1489/897 677/1491/860 678/1492/904
f 676/1493/47 670/1494/47 677/1495/47
f 677/1495/47 670/1494/47 669/1496/47
f 677/1497/905 669/1498/906 679/1499/907
f 680/1500/908 681/1501/909 669/1498/910
f 679/1499/4 682/1502/4 675/1503/4
f 678/1504/4 679/1499/4 675/1503/4
f 677/1491/911 679/1505/912 678/1492/913
f 674/1506/914 675/1503/915 682/1502/916
f 682/1502/917 683/1507/918 674/1506/919
f 683/1507/920 684/1508/921 674/1506/922
f 685/1509/923 684/1510/924 683/1511/925
f 686/1512/926 685/1513/925 683/1507/923
f 687/1514/832 685/1515/833 686/1516/832
f 688/1517/895 687/1514/832 686/1516/832
f 668/1518/47 687/1519/47 688/1520/47
f 667/1521/47 687/1519/47 668/1518/47
f 687/1522/927 667/1523/928 685/1513/929
f 684/1508/930 685/1513/931 667/1523/929
f 689/1524/932 684/1508/932 667/1523/933
f 690/1525/47 691/1526/47 689/1527/47
f 684/1510/47 689/1527/47 691/1526/47
f 674/1506/934 684/1508/935 691/1528/936
f 692/1529/832 674/1530/895 691/1531/832
f 693/1532/833 692/1529/833 691/1531/833
f 693/1533/47 694/1534/47 692/1535/47
f 695/1536/47 692/1535/47 694/1534/47
f 696/1537/47 695/1536/47 694/1534/47
f 697/1538/47 694/1534/47 693/1533/47
f 698/1539/937 699/1540/612 693/1533/372
f 700/1541/47 698/1539/47 693/1533/47
f 697/1538/47 693/1533/47 699/1540/47
f 697/1542/895 702/1543/833 701/1544/832
f 695/1545/832 696/1546/832 703/1547/833
f 695/1545/897 703/1547/938 704/1548/904
f 705/1549/833 704/1548/833 703/1547/833
f 706/1550/896 704/1548/904 705/1549/904
f 700/1551/833 706/1550/833 705/1549/833
f 707/1552/833 700/1551/833 705/1549/833
f 698/1539/939 700/1541/940 707/1553/941
f 698/1554/903 707/1552/942 705/1549/903
f 698/1554/943 709/1555/897 708/1556/896
f 708/1556/943 699/1557/897 698/1554/896
f 710/1558/905 699/1559/905 708/1560/907
f 708/1560/907 711/1561/905 710/1558/905
f 711/1562/833 712/1563/833 710/1564/833
f 713/1565/833 710/1564/833 712/1563/833
f 710/1566/47 713/1567/47 697/1538/47
f 712/1563/903 702/1543/902 697/1542/901
f 710/1566/47 697/1538/47 699/1540/47
f 703/1568/944 712/1569/945 711/1561/946
f 705/1570/47 711/1571/47 708/1572/47
f 708/1572/47 709/1573/47 705/1570/47
f 703/1574/947 711/1571/948 705/1570/949
f 712/1575/47 703/1574/47 701/1576/47
f 706/1577/950 715/1578/900 714/1579/612
f 704/1580/47 706/1577/47 714/1579/47
f 714/1579/47 716/1581/47 704/1580/47
f 714/1579/47 717/1582/47 716/1581/47
f 716/1583/895 717/1584/832 718/1585/832
f 719/1586/833 718/1585/832 717/1584/832
f 719/1587/47 720/1588/47 718/1589/47
f 715/1590/951 722/1591/952 721/1592/953
f 721/1593/83 722/1594/954 723/1595/649
f 720/1596/955 721/1597/955 724/1598/956
f 725/1599/957 726/1600/958 720/1596/958
f 724/1598/955 725/1599/959 720/1596/955
f 723/1595/223 724/1601/612 721/1593/899
f 725/1602/4 727/1603/4 726/1604/4
f 728/1605/4 726/1604/4 727/1603/4
f 729/1606/960 728/1607/961 727/1608/962
f 729/1606/557 727/1608/565 723/1609/963
f 723/1609/565 722/1610/557 729/1606/565
f 730/1611/223 729/1612/612 731/1613/613
f 731/1613/83 732/1614/954 730/1611/649
f 733/1615/832 732/1616/833 731/1617/832
f 734/1618/895 733/1615/832 731/1617/832
f 734/1619/47 715/1578/47 733/1620/47
f 733/1620/47 715/1578/47 706/1577/47
f 722/1610/964 734/1621/965 731/1622/966
f 735/1623/856 729/1606/857 730/1624/856
f 736/1625/858 735/1623/856 730/1624/856
f 736/1626/967 737/1627/638 735/1628/383
f 735/1628/47 737/1627/47 738/1629/47
f 737/1627/47 728/1630/47 738/1629/47
f 738/1631/47 728/1632/47 739/1633/47
f 726/1634/954 739/1633/968 728/1632/617
f 740/1635/969 739/1636/970 726/1637/971
f 740/1638/47 726/1639/47 741/1640/47
f 726/1639/47 742/1641/47 741/1640/47
f 742/1642/857 726/1643/857 743/1644/857
f 744/1645/858 743/1644/856 737/1646/856
f 728/1647/972 737/1646/972 743/1644/856
f 726/1643/857 728/1647/856 743/1644/857
f 743/1648/926 744/1649/837 745/1650/812
f 746/1651/926 745/1650/837 744/1649/812
f 745/1652/857 746/1653/857 747/1654/857
f 748/1655/372 749/1656/307 747/1657/612
f 750/1658/612 747/1657/613 749/1656/372
f 637/1659/973 751/1660/974 752/1661/975
f 752/1661/976 634/1416/977 637/1659/978
f 749/1662/47 748/1663/47 753/1664/47
f 754/1665/764 753/1666/764 748/1667/764
f 746/1653/764 754/1665/764 748/1667/764
f 754/1668/4 746/1669/4 744/1670/4
f 746/1653/857 748/1667/857 747/1654/857
f 720/1596/856 740/1635/979 741/1671/980
f 755/1672/981 720/1596/982 741/1671/983
f 720/1588/47 755/1673/47 718/1589/47
f 720/1596/955 719/1674/957 721/1597/957
f 719/1674/984 717/1675/985 721/1597/986
f 738/1631/47 739/1633/47 740/1676/47
f 729/1606/987 735/1623/988 738/1677/989
f 668/1481/901 688/1517/990 683/1678/903
f 756/1679/990 668/1481/903 683/1678/903
f 757/1680/832 756/1679/833 680/1681/833
f 757/1680/991 668/1481/992 756/1679/993
f 669/1498/4 668/1682/4 680/1500/4
f 758/1683/770 760/1684/769 759/1685/769
f 761/1686/994 615/1687/995 652/1688/996
f 762/1689/997 761/1686/998 652/1688/999
f 652/1688/1000 648/1449/1001 762/1689/1002
f 761/1690/1003 614/1397/1004 615/1396/285
f 763/1691/4 764/1692/4 765/1693/4
f 619/1694/833 766/1695/833 764/1696/833
f 766/1697/4 765/1693/4 764/1692/4
f 619/1694/846 614/1698/1005 766/1695/1006
f 619/1401/4 768/1699/4 767/1700/4
f 769/1701/857 620/1702/857 767/1703/857
f 770/1704/4 771/1705/4 769/1706/4
f 772/1707/4 769/1706/4 771/1705/4
f 621/1708/647 620/1702/865 772/1709/647
f 771/1710/1007 773/1711/1008 621/1708/953
f 621/1403/4 773/1712/4 622/1404/4
f 622/1404/1009 773/1712/1009 774/1713/1010
f 775/1714/4 776/1715/4 777/1716/4
f 778/1717/4 777/1716/4 776/1715/4
f 623/1718/833 777/1719/833 778/1720/833
f 778/1720/833 779/1721/833 623/1718/833
f 623/1405/1004 779/1722/285 780/1723/1003
f 781/1724/4 783/1725/4 782/1726/4
f 784/1727/4 781/1724/4 782/1726/4
f 785/1728/4 787/1729/4 786/1730/4
f 788/1731/4 785/1728/4 786/1730/4
f 625/1732/1011 785/1733/833 788/1734/833
f 789/1735/4 791/1736/4 790/1737/4
f 792/1738/4 789/1735/4 790/1737/4
f 789/1739/1012 792/1740/676 626/1741/1013
f 627/1409/4 794/1742/4 793/1743/4
f 795/1744/856 796/1745/858 793/1746/1014
f 795/1747/811 797/1748/837 798/1749/1015
f 797/1748/1016 799/1750/1017 798/1749/1018
f 628/1751/832 798/1752/833 799/1753/1019
f 799/1753/832 762/1689/895 628/1751/832
f 628/1410/4 762/1754/4 648/1755/4
f 629/1411/1004 628/1410/752 648/1755/285
f 793/1746/877 762/1689/877 799/1753/877
f 799/1753/877 797/1756/877 793/1746/877
f 793/1746/1020 794/1757/1021 762/1689/1022
f 790/1758/877 791/1759/877 800/1760/1023
f 800/1760/1014 791/1759/857 789/1739/856
f 800/1760/1024 761/1686/1025 762/1689/1026
f 801/1761/1027 761/1686/1028 800/1760/1029
f 801/1761/1030 800/1760/1031 802/1762/1032
f 802/1762/1033 803/1763/1034 801/1761/1035
f 761/1686/1036 801/1761/1037 779/1721/1038
f 779/1721/1039 767/1703/1040 768/1764/1041
f 784/1765/1042 782/1766/1043 780/1767/1044
f 761/1686/877 768/1764/877 764/1696/1045
f 778/1720/877 776/1768/877 774/1769/1023
f 767/1703/1046 774/1769/1047 773/1711/1048
f 767/1703/877 773/1711/869 771/1710/877
f 767/1703/857 770/1770/857 769/1701/857
f 788/1734/877 786/1771/877 803/1763/1023
f 803/1763/856 786/1771/857 787/1772/856
f 628/1751/647 796/1745/865 798/1752/647
f 787/1772/647 785/1733/647 804/1773/1049
f 623/1718/1050 622/1774/647 777/1719/647
f 643/1441/1051 644/1440/1052 641/1435/870
f 648/1449/1053 649/1775/867 647/1447/868
f 611/1776/833 612/1465/1054 613/1777/889
f 615/1466/895 613/1777/886 612/1465/832
f 664/1778/4 616/1398/4 618/1400/4
f 613/1395/4 616/1398/4 664/1778/4
f 619/1401/4 616/1398/4 614/1397/8
f 621/1403/4 616/1398/4 620/1402/4
f 623/1405/4 616/1398/4 622/1404/4
f 805/1779/8 616/1398/4 624/1406/8
f 804/1780/707 616/1398/598 805/1779/522
f 625/1407/4 616/1398/4 804/1780/4
f 796/1781/4 616/1398/199 627/1409/4
f 628/1410/8 616/1398/4 796/1781/8
f 631/1415/647 632/1414/647 633/1417/647
f 633/1424/764 630/1423/764 631/1782/765
f 630/1412/4 629/1411/4 631/1783/4
f 642/1436/843 629/1413/1055 646/1443/1056
f 649/1775/877 648/1449/877 644/1440/877
f 639/1433/1057 648/1449/1057 638/1784/1057
f 648/1449/877 652/1688/869 638/1784/877
f 651/1785/1058 638/1784/1059 652/1688/1060
f 638/1784/877 651/1785/877 637/1659/877
f 650/1453/1061 651/1452/1062 806/1786/1063
f 652/1787/1064 806/1788/1064 651/1789/1065
f 806/1788/1064 652/1787/1064 807/1790/1064
f 652/1454/4 653/1455/4 807/1791/4
f 654/1792/4 653/1455/4 615/1396/4
f 659/1463/1066 655/1458/1067 656/1457/1068
f 658/1461/47 659/1460/47 660/1793/47
f 656/1794/1069 654/1795/1069 659/1796/1070
f 660/1462/1071 654/1456/1072 662/1797/1073
f 662/1797/1051 654/1456/1074 608/1389/1075
f 608/1389/877 654/1456/877 610/1390/877
f 654/1795/1076 615/1687/1077 661/1798/1078
f 662/1469/4 609/1468/4 663/1799/4
f 808/1800/647 618/1472/1049 760/1801/647
f 663/1470/1079 618/1472/1079 808/1800/647
f 607/1473/846 618/1472/1080 609/1471/885
f 611/1476/865 664/1474/1081 607/1473/647
f 808/1802/952 660/1462/953 663/1803/1007
f 662/1797/895 663/1803/832 660/1462/832
f 665/1804/47 660/1793/47 808/1805/47
f 660/1793/47 665/1804/47 658/1461/47
f 670/1483/901 675/1490/903 672/1485/903
f 675/1490/902 676/1489/901 678/1492/903
f 682/1502/1082 669/1498/905 681/1501/907
f 679/1499/1083 669/1498/1083 682/1502/907
f 694/1806/906 701/1807/907 696/1808/905
f 694/1809/895 697/1542/832 701/1544/833
f 702/1810/47 712/1575/47 701/1576/47
f 703/1568/906 696/1808/905 701/1807/907
f 709/1555/901 698/1554/901 705/1549/903
f 713/1565/990 712/1563/903 697/1542/901
f 714/1811/955 721/1597/955 717/1675/955
f 714/1812/895 715/1590/832 721/1592/832
f 739/1813/1084 720/1596/1085 726/1600/1086
f 720/1596/955 739/1813/955 740/1635/955
f 724/1814/857 723/1815/856 725/1816/856
f 727/1817/858 725/1816/856 723/1815/857
f 731/1622/565 729/1606/565 722/1610/557
f 715/1818/737 734/1621/1087 722/1610/965
f 738/1677/1088 728/1607/1089 729/1606/1090
f 667/1480/897 690/1819/898 689/1820/913
f 690/1819/897 667/1480/1091 666/1478/913
f 683/1678/942 688/1517/903 686/1516/903
f 683/1511/47 681/1821/47 756/1822/47
f 681/1821/47 683/1511/47 682/1823/47
f 680/1681/833 756/1679/833 681/1824/833
f 680/1825/4 668/1826/4 757/1827/4
f 674/1488/47 672/1487/47 675/1828/47
f 671/1484/1092 672/1485/1093 673/1829/1054
f 665/1804/47 808/1805/47 758/1830/47
f 808/1800/647 760/1801/1094 758/1831/647
f 665/1804/47 758/1830/47 759/1832/47
f 617/1833/1095 760/1684/770 618/1834/770
f 759/1685/808 760/1684/1096 617/1833/1097
f 655/1458/876 659/1463/876 657/1835/876
f 653/1455/4 654/1792/4 655/1836/4
f 614/1698/858 761/1686/1014 765/1837/856
f 763/1838/857 765/1837/856 761/1686/1014
f 763/1838/877 761/1686/877 764/1696/877
f 768/1764/895 619/1694/832 764/1696/832
f 766/1695/1098 614/1698/1099 765/1837/1100
f 772/1709/865 620/1702/647 769/1701/647
f 772/1709/833 771/1710/832 621/1708/889
f 622/1774/1101 774/1769/1102 775/1839/1102
f 776/1768/1101 775/1839/1103 774/1769/1103
f 624/1840/979 780/1767/1014 783/1841/856
f 782/1766/857 783/1841/856 780/1767/856
f 781/1842/833 784/1765/1019 805/1843/832
f 801/1761/1104 805/1843/1105 784/1765/1106
f 804/1773/1107 803/1763/866 787/1772/1053
f 802/1762/833 625/1732/833 788/1734/1011
f 802/1844/4 626/1408/4 625/1407/4
f 626/1741/858 800/1760/856 789/1739/856
f 792/1740/859 790/1758/860 627/1845/861
f 794/1757/859 627/1845/860 790/1758/861
f 797/1756/857 795/1744/856 793/1746/856
f 794/1757/869 790/1758/877 800/1760/877
f 762/1689/1108 794/1757/1109 800/1760/1110
f 801/1846/1009 803/1847/1017 805/1779/1111
f 805/1779/4 803/1847/4 804/1780/4
f 802/1844/285 800/1848/1003 626/1408/1004
f 619/1401/4 767/1700/4 620/1402/4
f 761/1686/1112 779/1721/1113 768/1764/1114
f 801/1761/1115 784/1765/1044 780/1767/1116
f 779/1721/1117 801/1761/1118 780/1767/1119
f 623/1405/4 780/1723/4 624/1406/4
f 779/1721/869 778/1720/877 774/1769/877
f 767/1703/1120 779/1721/1121 774/1769/1122
f 770/1770/877 767/1703/1023 771/1710/877
f 802/1762/872 788/1734/1071 803/1763/1123
f 627/1409/4 793/1743/4 796/1781/4
f 798/1752/865 796/1745/647 795/1744/647
f 626/1741/676 792/1740/1013 627/1845/1012
f 804/1773/647 785/1733/647 625/1732/1079
f 624/1840/647 781/1842/647 805/1843/647
f 781/1842/647 624/1840/647 783/1841/647
f 777/1719/647 622/1774/647 775/1839/1050
f 809/1849/1124 811/1850/1125 810/1851/1126
f 812/1852/1124 809/1849/1127 810/1851/1127
f 813/1853/4 809/1854/4 812/1855/4
f 814/1856/4 813/1853/4 812/1855/4
f 815/1857/4 817/1858/4 816/1859/4
f 815/1857/283 816/1859/1128 818/1860/284
f 819/1861/4 820/1862/4 818/1860/4
f 821/1863/4 822/1864/4 818/1860/4
f 823/1865/4 824/1866/4 818/1860/4
f 825/1867/1015 826/1868/1129 818/1860/1015
f 827/1869/4 828/1870/4 818/1860/4
f 828/1870/255 829/1871/4 818/1860/4
f 830/1872/1004 831/1873/1128 818/1860/285
f 818/1860/4 831/1873/4 832/1874/4
f 831/1875/1064 834/1876/1064 833/1877/1064
f 834/1876/1130 836/1878/1131 835/1879/1132
f 836/1880/1133 837/1881/1134 835/1882/1135
f 838/1883/1136 835/1882/1137 837/1881/1138
f 838/1884/870 832/1885/1052 835/1886/1073
f 839/1887/1139 836/1888/1140 840/1889/1141
f 836/1888/1142 834/1890/1143 840/1889/1144
f 841/1891/4 840/1892/4 834/1893/4
f 842/1894/4 841/1891/4 834/1893/4
f 841/1895/1145 842/1896/1146 843/1897/1147
f 844/1898/1145 843/1897/1146 842/1896/1146
f 843/1899/4 844/1900/4 845/1901/4
f 846/1902/1148 845/1903/1149 847/1904/1148
f 848/1905/1150 846/1902/1148 847/1904/1148
f 848/1906/4 849/1907/4 846/1908/4
f 849/1909/1151 848/1905/1152 831/1875/1153
f 844/1898/1154 842/1896/1155 831/1875/1156
f 842/1896/1157 834/1876/1158 831/1875/1159
f 848/1905/1160 847/1904/1161 844/1898/1160
f 844/1900/1162 847/1910/1163 845/1901/1164
f 849/1909/1165 831/1875/1166 850/1911/1167
f 851/1912/4 846/1908/4 849/1907/4
f 843/1897/1168 846/1902/1169 850/1911/1169
f 841/1895/1170 843/1897/1171 850/1911/1168
f 839/1913/1172 853/1914/1173 852/1915/1172
f 854/1916/1174 817/1858/1175 855/1917/1176
f 856/1918/1177 858/1919/1177 857/1920/1178
f 859/1921/47 861/1922/47 860/1923/47
f 862/1924/1179 861/1925/1180 856/1918/1181
f 812/1852/1169 856/1918/1169 863/1926/1168
f 814/1927/1169 812/1852/1169 863/1926/1168
f 863/1926/1182 817/1928/1183 814/1927/1184
f 810/1929/4 811/1930/4 864/1931/4
f 865/1932/1064 811/1933/1065 820/1934/1064
f 820/1934/1156 809/1935/1185 866/1936/1186
f 815/1937/1187 866/1936/1156 813/1938/1188
f 867/1939/1127 868/1940/1189 860/1941/1127
f 869/1942/1190 860/1941/1190 868/1940/1191
f 869/1942/1127 870/1943/1127 860/1941/1127
f 871/1944/1126 860/1941/1192 870/1943/1127
f 872/1945/1193 860/1941/1124 871/1944/1194
f 860/1941/1124 872/1945/1124 873/1946/1127
f 872/1945/1195 874/1947/1196 873/1946/1197
f 875/1948/47 874/1949/47 876/1950/47
f 872/1945/1198 878/1951/1199 877/1952/1200
f 878/1951/1124 879/1953/1127 880/1954/1201
f 878/1955/47 872/1956/47 879/1957/47
f 879/1957/47 872/1956/47 871/1958/47
f 879/1959/1202 871/1960/1202 881/1961/1202
f 882/1962/1203 883/1963/1204 871/1960/1205
f 881/1961/4 884/1964/4 877/1965/4
f 880/1966/4 881/1961/4 877/1965/4
f 879/1953/1124 881/1967/1125 880/1954/1126
f 876/1968/1206 877/1965/1207 884/1964/1208
f 884/1964/1209 885/1969/1210 876/1968/1211
f 885/1969/1212 886/1970/1213 876/1968/1214
f 887/1971/4 886/1972/4 885/1973/4
f 888/1974/4 887/1975/4 885/1969/4
f 889/1976/1215 887/1977/1216 888/1978/1217
f 890/1979/1218 889/1976/1215 888/1978/1215
f 870/1980/47 889/1981/47 890/1982/47
f 869/1983/47 889/1981/47 870/1980/47
f 889/1984/1219 869/1985/1220 887/1975/1221
f 886/1970/1222 887/1975/1223 869/1985/1224
f 891/1986/1221 886/1970/1225 869/1985/1219
f 892/1987/648 893/1988/1226 891/1989/649
f 886/1972/1227 891/1989/900 893/1988/613
f 876/1968/1228 886/1970/1229 893/1990/1230
f 894/1991/1127 876/1992/1124 893/1993/1127
f 895/1994/1124 894/1991/1124 893/1993/1124
f 895/1995/47 896/1996/47 894/1997/47
f 897/1998/47 894/1997/47 896/1996/47
f 898/1999/47 897/1998/47 896/1996/47
f 899/2000/47 896/1996/47 895/1995/47
f 900/2001/47 901/2002/47 895/1995/47
f 902/2003/47 900/2001/47 895/1995/47
f 899/2000/47 895/1995/47 901/2002/47
f 899/2004/1124 904/2005/1124 903/2006/1124
f 897/2007/1231 898/2008/1232 905/2009/1216
f 897/2007/1145 905/2009/1233 906/2010/1234
f 907/2011/1235 906/2010/1235 905/2009/1235
f 908/2012/1217 906/2010/1217 907/2011/1215
f 902/2013/1236 908/2012/1237 907/2011/1238
f 909/2014/1124 902/2013/1124 907/2011/1124
f 900/2001/47 902/2003/47 909/2015/47
f 900/2016/1239 909/2014/1240 907/2011/1241
f 900/2016/1124 911/2017/1124 910/2018/1124
f 910/2018/1124 901/2019/1124 900/2016/1124
f 912/2020/1202 901/2021/1242 910/2022/1243
f 910/2022/1243 913/2023/1244 912/2020/1202
f 913/2024/1245 914/2025/1246 912/2026/1247
f 915/2027/1245 912/2026/1246 914/2025/1248
f 912/2028/47 915/2029/47 899/2000/47
f 914/2025/1241 904/2005/1249 899/2004/1250
f 912/2028/47 899/2000/47 901/2002/47
f 905/2030/1251 914/2031/1252 913/2023/1253
f 907/2032/1254 913/2033/1255 910/2034/1256
f 910/2034/47 911/2035/47 907/2032/47
f 905/2036/1257 913/2033/1258 907/2032/1259
f 914/2037/47 905/2036/47 903/2038/47
f 908/2039/47 917/2040/47 916/2041/47
f 906/2042/47 908/2039/47 916/2041/47
f 916/2041/47 918/2043/47 906/2042/47
f 916/2041/47 919/2044/47 918/2043/47
f 918/2045/1124 919/2046/1127 920/2047/1127
f 921/2048/1125 920/2047/1127 919/2046/1127
f 921/2049/47 922/2050/47 920/2051/47
f 917/2052/1127 924/2053/1125 923/2054/1126
f 923/2055/384 924/2056/1260 925/2057/1261
f 922/2058/1262 923/2059/1263 926/2060/1264
f 927/2061/1265 928/2062/1266 922/2058/1267
f 926/2060/1268 927/2061/1268 922/2058/1268
f 925/2057/504 926/2063/1227 923/2055/900
f 927/2064/4 929/2065/4 928/2066/4
f 930/2067/4 928/2066/4 929/2065/4
f 931/2068/1269 930/2069/1270 929/2070/1271
f 931/2068/876 929/2070/876 925/2071/876
f 925/2071/876 924/2072/876 931/2068/876
f 932/2073/504 931/2074/1227 933/2075/937
f 933/2075/82 934/2076/648 932/2073/1226
f 935/2077/1127 934/2078/1125 933/2079/1127
f 936/2080/1124 935/2077/1127 933/2079/1127
f 936/2081/47 917/2040/47 935/2082/47
f 935/2082/1261 917/2040/1272 908/2039/1273
f 924/2072/876 936/2083/876 933/2084/876
f 937/2085/1274 931/2068/1275 932/2086/1140
f 938/2087/1276 937/2085/1277 932/2086/1278
f 938/2088/47 939/2089/47 937/2090/47
f 937/2090/47 939/2089/47 940/2091/47
f 939/2089/1279 930/2092/1260 940/2091/1261
f 940/2093/1260 930/2094/1280 941/2095/1272
f 928/2096/47 941/2095/47 930/2094/47
f 942/2097/1281 941/2098/1282 928/2099/1283
f 942/2100/47 928/2101/47 943/2102/47
f 928/2101/47 944/2103/47 943/2102/47
f 944/2104/1149 928/2105/1148 945/2106/1150
f 946/2107/1150 945/2106/1148 939/2108/1148
f 930/2109/1284 939/2108/1285 945/2106/1284
f 928/2105/1286 930/2109/1287 945/2106/1278
f 945/2110/4 946/2111/4 947/2112/4
f 948/2113/4 947/2112/4 946/2111/4
f 947/2114/1149 948/2115/1148 949/2116/1288
f 950/2117/47 951/2118/47 949/2119/47
f 952/2120/47 949/2119/47 951/2118/47
f 839/2121/1289 953/2122/1290 954/2123/1291
f 954/2123/1292 836/1878/1293 839/2121/1294
f 951/2124/954 950/2125/1295 955/2126/1296
f 956/2127/1297 955/2128/1298 950/2129/1051
f 948/2115/1299 956/2127/1043 950/2129/1300
f 956/2130/925 948/2131/882 946/2132/1301
f 948/2115/1302 950/2129/1303 949/2116/1304
f 922/2058/1165 942/2097/1166 943/2133/1277
f 957/2134/1166 922/2058/1277 943/2133/1165
f 922/2050/47 957/2135/47 920/2051/47
f 922/2058/1268 921/2136/1305 923/2059/1268
f 921/2136/1268 919/2137/1268 923/2059/1268
f 940/2093/47 941/2095/47 942/2138/47
f 931/2068/1306 937/2085/1307 940/2139/1271
f 870/1943/1250 890/1979/1240 885/2140/1250
f 958/2141/1240 870/1943/1250 885/2140/1250
f 959/2142/1308 958/2141/1218 882/2143/1309
f 959/2142/1310 870/1943/1311 958/2141/1312
f 871/1960/1301 870/2144/1313 882/1962/1314
f 960/2145/1315 962/2146/1316 961/2147/1317
f 963/2148/1318 817/2149/1319 854/2150/1320
f 964/2151/1321 963/2148/1322 854/2150/1323
f 854/2150/1324 850/1911/1325 964/2151/1326
f 963/2152/4 816/1859/4 817/1858/4
f 965/2153/4 966/2154/4 967/2155/4
f 821/2156/1308 968/2157/1327 966/2158/1308
f 968/2159/1313 967/2155/1328 966/2154/1329
f 821/2156/1330 816/2160/1160 968/2157/1331
f 821/1863/4 970/2161/4 969/2162/4
f 971/2163/1148 822/2164/1150 969/2165/1148
f 972/2166/4 973/2167/4 971/2168/4
f 974/2169/4 971/2168/4 973/2167/4
f 823/2170/1064 822/2164/1064 974/2171/1064
f 973/2172/1124 975/2173/1124 823/2170/1192
f 823/1865/1129 975/2174/1313 824/1866/1313
f 824/1866/4 975/2174/4 976/2175/4
f 977/2176/1328 978/2177/1313 979/2178/1313
f 980/2179/4 979/2178/4 978/2177/4
f 825/2180/1332 979/2181/1125 980/2182/1126
f 980/2182/1193 981/2183/1333 825/2180/1127
f 825/1867/1334 981/2184/1335 982/2185/1336
f 983/2186/4 985/2187/4 984/2188/4
f 986/2189/4 983/2186/4 984/2188/4
f 987/2190/4 989/2191/4 988/2192/4
f 990/2193/1175 987/2190/1337 988/2192/1337
f 827/2194/1127 987/2195/1125 990/2196/1126
f 991/2197/4 993/2198/4 992/2199/4
f 994/2200/4 991/2197/4 992/2199/4
f 991/2201/1338 994/2202/1160 828/2203/1339
f 829/1871/4 996/2204/4 995/2205/4
f 997/2206/1288 998/2207/1150 995/2208/1340
f 997/2209/1328 999/2210/1337 1000/2211/1337
f 999/2210/4 1001/2212/4 1000/2211/4
f 830/2213/1246 1000/2214/1341 1001/2215/1342
f 1001/2215/1343 964/2151/1341 830/2213/1344
f 830/1872/4 964/2216/4 850/2217/4
f 831/1873/4 830/1872/4 850/2217/4
f 995/2208/1168 964/2151/1169 1001/2215/1168
f 1001/2215/1168 999/2218/1168 995/2208/1168
f 995/2208/1345 996/2219/1346 964/2151/1347
f 992/2220/1168 993/2221/1168 1002/2222/1168
f 1002/2222/1148 993/2221/1149 991/2201/1148
f 1002/2222/1348 963/2148/1349 964/2151/1350
f 1003/2223/1351 963/2148/1352 1002/2222/1353
f 1003/2223/1354 1002/2222/1355 1004/2224/1356
f 1004/2224/47 1005/2225/47 1003/2223/47
f 963/2148/1357 1003/2223/1358 981/2183/1359
f 981/2183/1360 969/2165/1361 970/2226/1362
f 986/2227/1168 984/2228/1168 982/2229/1168
f 963/2148/1168 970/2226/1169 966/2158/1168
f 980/2182/1168 978/2230/1168 976/2231/1168
f 969/2165/1363 976/2231/1364 975/2173/1365
f 969/2165/1168 975/2173/1169 973/2172/1168
f 969/2165/1148 972/2232/1149 971/2163/1148
f 990/2196/1168 988/2233/1169 1005/2225/1168
f 1005/2225/1148 988/2233/1149 989/2234/1148
f 830/2213/1064 998/2207/1064 1000/2214/1064
f 989/2234/1064 987/2195/1064 1006/2235/1064
f 825/2180/1064 824/2236/1064 979/2181/1064
f 845/1903/1170 846/1902/1366 843/1897/1367
f 850/1911/1368 851/2237/1166 849/1909/1167
f 813/2238/1125 814/1927/1127 815/2239/1194
f 817/1928/1124 815/2239/1332 814/1927/1332
f 866/2240/4 818/1860/4 820/1862/4
f 815/1857/4 818/1860/4 866/2240/4
f 821/1863/4 818/1860/4 816/1859/4
f 823/1865/4 818/1860/4 822/1864/4
f 825/1867/4 818/1860/4 824/1866/4
f 1007/2241/925 818/1860/1015 826/1868/923
f 1006/2242/1129 818/1860/1015 1007/2241/1015
f 827/1869/4 818/1860/4 1006/2242/4
f 998/2243/4 818/1860/4 829/1871/4
f 830/1872/1369 818/1860/837 998/2243/837
f 833/1877/1064 834/1876/1064 835/1879/1064
f 835/1886/1071 832/1885/1073 833/2244/870
f 832/1874/4 831/1873/4 833/2245/4
f 844/1898/1064 831/1875/1370 848/1905/1064
f 851/2237/1169 850/1911/1168 846/1902/1168
f 841/1895/1371 850/1911/1371 840/2246/1372
f 850/1911/1373 854/2150/1374 840/2246/1375
f 853/2247/1168 840/2246/1168 854/2150/1168
f 840/2246/1376 853/2247/1377 839/2121/1378
f 852/1915/1379 853/1914/1172 1008/2248/1172
f 854/2249/1380 1008/2250/1381 853/2251/1382
f 1008/2250/1383 854/2249/1383 1009/2252/1383
f 854/1916/4 855/1917/4 1009/2253/4
f 856/2254/4 855/1917/4 817/1858/4
f 861/1925/1177 857/1920/1384 858/1919/1177
f 860/1923/47 861/1922/47 862/2255/47
f 858/2256/212 856/2257/212 861/2258/213
f 862/1924/1168 856/1918/1385 864/2259/1168
f 864/2259/1169 856/1918/1168 810/1851/1168
f 810/1851/1386 856/1918/1168 812/1852/1168
f 856/2257/1387 817/2149/1388 863/2260/1389
f 864/1931/1335 811/1930/1390 865/2261/1391
f 1010/2262/1392 820/1934/1392 962/2263/1392
f 865/1932/1155 820/1934/1393 1010/2262/1155
f 809/1935/1155 820/1934/1185 811/1933/1394
f 813/1938/1064 866/1936/1370 809/1935/1370
f 1010/2264/1125 862/1924/1127 865/2265/1127
f 864/2259/1237 865/2265/1395 862/1924/1396
f 867/2266/342 862/2255/1227 1010/2267/1397
f 862/2255/47 867/2266/47 860/1923/47
f 872/1945/1398 877/1952/1399 874/1947/1400
f 877/1952/1401 878/1951/1402 880/1954/1310
f 884/1964/1202 871/1960/1202 883/1963/1202
f 881/1961/1403 871/1960/1403 884/1964/1202
f 896/2268/1404 903/2269/1405 898/2270/1406
f 896/2271/1407 899/2004/1215 903/2006/1408
f 904/2272/47 914/2037/47 903/2038/47
f 905/2030/1244 898/2270/1202 903/2269/1243
f 911/2017/1241 900/2016/1250 907/2011/1241
f 915/2027/1240 914/2025/1241 899/2004/1239
f 916/2273/1268 923/2059/1268 919/2137/1268
f 916/2274/1124 917/2052/1127 923/2054/1126
f 941/2275/1409 922/2058/1410 928/2062/1411
f 922/2058/1412 941/2275/1410 942/2097/1413
f 926/2276/1149 925/2277/1148 927/2278/1288
f 929/2279/1150 927/2278/1148 925/2277/1148
f 933/2084/1414 931/2068/1415 924/2072/1415
f 917/2280/876 936/2083/876 924/2072/876
f 940/2139/1270 930/2069/1271 931/2068/1306
f 869/1942/1218 892/2281/1416 891/2282/1215
f 892/2281/1125 869/1942/1124 868/1940/1127
f 885/2140/1417 890/1979/1250 888/1978/1250
f 885/1973/47 883/2283/47 958/2284/47
f 883/2283/47 885/1973/47 884/2285/47
f 882/2143/1218 958/2141/1309 883/2286/1215
f 882/2287/4 870/2288/4 959/2289/4
f 876/1950/47 874/1949/47 877/2290/47
f 873/1946/1145 874/1947/1418 875/2291/1146
f 867/2266/47 1010/2267/47 960/2292/47
f 1010/2262/1160 962/2263/1394 960/2293/1161
f 867/2266/47 960/2292/47 961/2294/47
f 819/2295/955 962/2146/955 820/2296/955
f 961/2147/1419 962/2146/1420 819/2295/1421
f 857/1920/1177 861/1925/1177 859/2297/1177
f 855/1917/1422 856/2254/1018 857/2298/1423
f 816/2160/1150 963/2148/1424 967/2299/1148
f 965/2300/1425 967/2299/1148 963/2148/1426
f 965/2300/1169 963/2148/1168 966/2158/1171
f 970/2226/1216 821/2156/1427 966/2158/1215
f 968/2157/1160 816/2160/1428 967/2299/1155
f 974/2171/1064 822/2164/1064 971/2163/1429
f 974/2171/1125 973/2172/1126 823/2170/1127
f 824/2236/1150 976/2231/1150 977/2301/1288
f 978/2230/1150 977/2301/1150 976/2231/1150
f 826/2302/1139 982/2229/1140 985/2303/1430
f 984/2228/1139 985/2303/1140 982/2229/1430
f 983/2304/1124 986/2227/1124 1007/2305/1124
f 1003/2223/1237 1007/2305/1395 986/2227/1395
f 1006/2235/1150 1005/2225/1431 989/2234/1148
f 1004/2224/1124 827/2194/1127 990/2196/1127
f 1004/2306/4 828/1870/4 827/1869/4
f 828/2203/1150 1002/2222/1150 991/2201/1288
f 994/2202/1124 992/2220/1124 829/2307/1124
f 996/2219/1124 829/2307/1124 992/2220/1124
f 999/2218/1150 997/2206/1150 995/2208/1150
f 996/2219/1168 992/2220/1168 1002/2222/1168
f 964/2151/1432 996/2219/1433 1002/2222/1434
f 1003/2308/4 1005/2309/4 1007/2241/4
f 1007/2241/4 1005/2309/4 1006/2242/4
f 1004/2306/4 1002/2310/4 828/1870/4
f 821/1863/1163 969/2162/1164 822/1864/1435
f 963/2148/1436 981/2183/1437 970/2226/1438
f 1003/2223/1168 986/2227/1168 982/2229/1168
f 981/2183/1439 1003/2223/1440 982/2229/1441
f 825/1867/4 982/2185/4 826/1868/4
f 981/2183/1442 980/2182/1171 976/2231/1168
f 969/2165/1443 981/2183/1443 976/2231/1444
f 972/2232/1169 969/2165/1168 973/2172/1169
f 1004/2224/1169 990/2196/1168 1005/2225/1168
f 829/1871/4 995/2205/4 998/2243/4
f 1000/2214/1160 998/2207/1339 997/2206/1161
f 828/2203/1160 994/2202/1339 829/2307/1155
f 1006/2235/1160 987/2195/1339 827/2194/1155
f 826/2302/1064 983/2304/1064 1007/2305/1392
f 983/2304/1064 826/2302/1064 985/2303/1064
f 979/2181/1065 824/2236/1064 977/2301/1064
f 1011/2311/1250 1013/2312/1241 1012/2313/1249
f 1014/2314/1250 1011/2311/1250 1012/2313/1250
f 1015/2315/4 1011/2316/4 1014/2317/4
f 1016/2318/4 1015/2315/4 1014/2317/4
f 1017/2319/1445 1019/2320/1446 1018/2321/1446
f 1017/2319/805 1018/2321/1010 1020/2322/805
f 1021/2323/4 1022/2324/4 1020/2322/4
f 1023/2325/4 1024/2326/4 1020/2322/4
f 1025/2327/4 1026/2328/4 1020/2322/4
f 1027/2329/4 1028/2330/4 1020/2322/4
f 1029/2331/4 1030/2332/4 1020/2322/4
f 1030/2332/4 1031/2333/4 1020/2322/4
f 1032/2334/4 1033/2335/4 1020/2322/4
f 1020/2322/4 1033/2335/4 1034/2336/4
f 1033/2337/955 1036/2338/956 1035/2339/956
f 1036/2338/1421 1038/2340/1447 1037/2341/1448
f 1038/2342/1449 1039/2343/873 1037/2344/1450
f 1040/2345/1062 1037/2344/1063 1039/2343/1061
f 1040/2346/1064 1034/2347/1064 1037/2348/1064
f 1041/2349/1243 1038/2350/1451 1042/2351/1202
f 1038/2350/1451 1036/2352/1202 1042/2351/1451
f 1043/2353/4 1042/2354/4 1036/2355/4
f 1044/2356/4 1043/2353/4 1036/2355/4
f 1043/2357/1250 1044/2358/1250 1045/2359/1250
f 1046/2360/1250 1045/2359/1250 1044/2358/1250
f 1045/2361/4 1046/2362/4 1047/2363/4
f 1048/2364/1451 1047/2365/1243 1049/2366/1451
f 1050/2367/1202 1048/2364/1451 1049/2366/1451
f 1050/2368/4 1051/2369/4 1048/2370/4
f 1051/2371/955 1050/2367/956 1033/2337/955
f 1046/2360/1452 1044/2358/1453 1033/2337/1454
f 1044/2358/957 1036/2338/957 1033/2337/957
f 1050/2367/1455 1049/2366/1456 1046/2360/1457
f 1046/2362/1458 1049/2372/1017 1047/2363/1459
f 1051/2371/1202 1033/2337/1202 1052/2373/1202
f 1053/2374/4 1048/2370/4 1051/2369/4
f 1045/2359/1460 1048/2364/1461 1052/2373/1462
f 1043/2357/1463 1045/2359/1464 1052/2373/1465
f 1041/2375/1466 1055/2376/1466 1054/2377/1466
f 1056/2378/1164 1019/2320/1435 1057/2379/26
f 1058/2380/1467 1060/2381/1184 1059/2382/1468
f 1061/2383/47 1063/2384/47 1062/2385/47
f 1064/2386/1383 1063/2387/1383 1058/2380/1383
f 1014/2314/1383 1058/2380/1383 1065/2388/1469
f 1016/2389/1470 1014/2314/1471 1065/2388/1472
f 1065/2388/1383 1019/2390/1383 1016/2389/1383
f 1012/2391/4 1013/2392/4 1066/2393/4
f 1067/2394/1473 1013/2395/1315 1022/2396/1474
f 1022/2396/955 1011/2397/956 1068/2398/955
f 1017/2399/955 1068/2398/955 1015/2400/956
f 1069/2401/1240 1070/2402/1241 1062/2403/1240
f 1071/2404/1475 1062/2403/1475 1070/2402/1476
f 1071/2404/1240 1072/2405/1240 1062/2403/1240
f 1073/2406/1240 1062/2403/1240 1072/2405/1240
f 1074/2407/1240 1062/2403/1250 1073/2406/1476
f 1062/2403/1477 1074/2407/1478 1075/2408/1401
f 1074/2407/1401 1076/2409/1479 1075/2408/1480
f 1077/2410/47 1076/2411/47 1078/2412/47
f 1074/2407/1481 1080/2413/1482 1079/2414/1483
f 1080/2413/1250 1081/2415/1240 1082/2416/1240
f 1080/2417/47 1074/2418/47 1081/2419/47
f 1081/2419/47 1074/2418/47 1073/2420/47
f 1081/2421/1218 1073/2422/1215 1083/2423/1484
f 1084/2424/1308 1085/2425/1218 1073/2422/1485
f 1083/2423/1128 1086/2426/1435 1079/2427/1486
f 1082/2428/1337 1083/2423/1301 1079/2427/1301
f 1081/2415/1240 1083/2429/1241 1082/2416/1249
f 1078/2430/1487 1079/2427/1488 1086/2426/1489
f 1086/2426/1490 1087/2431/1491 1078/2430/1492
f 1087/2431/1493 1088/2432/1494 1078/2430/1495
f 1089/2433/4 1088/2434/4 1087/2435/4
f 1090/2436/4 1089/2437/4 1087/2431/4
f 1091/2438/1496 1089/2439/1310 1090/2440/1311
f 1092/2441/1250 1091/2438/1240 1090/2440/1240
f 1072/2442/47 1091/2443/47 1092/2444/47
f 1071/2445/47 1091/2443/47 1072/2442/47
f 1091/2446/1497 1071/2447/1498 1089/2437/1499
f 1088/2432/1499 1089/2437/1498 1071/2447/1497
f 1093/2448/1499 1088/2432/1498 1071/2447/1497
f 1094/2449/47 1095/2450/47 1093/2451/47
f 1088/2434/47 1093/2451/47 1095/2450/47
f 1078/2430/1500 1088/2432/1501 1095/2452/1502
f 1096/2453/1240 1078/2454/1250 1095/2455/1240
f 1097/2456/1250 1096/2453/1250 1095/2455/1250
f 1097/2457/47 1098/2458/47 1096/2459/47
f 1099/2460/1503 1096/2459/1504 1098/2458/1295
f 1100/2461/47 1099/2460/47 1098/2458/47
f 1101/2462/47 1098/2458/47 1097/2457/47
f 1102/2463/47 1103/2464/47 1097/2457/47
f 1104/2465/47 1102/2463/47 1097/2457/47
f 1101/2462/47 1097/2457/47 1103/2464/47
f 1101/2466/1505 1106/2467/1310 1105/2468/1506
f 1099/2469/1250 1100/2470/1240 1107/2471/1241
f 1099/2469/1398 1107/2471/1507 1108/2472/1508
f 1109/2473/1476 1108/2472/1476 1107/2471/1509
f 1110/2474/1510 1108/2472/1511 1109/2473/1512
f 1104/2475/1250 1110/2474/1241 1109/2473/1250
f 1111/2476/1250 1104/2475/1240 1109/2473/1240
f 1102/2463/47 1104/2465/47 1111/2477/47
f 1102/2478/1513 1111/2476/1514 1109/2473/1149
f 1102/2478/1250 1113/2479/1241 1112/2480/1240
f 1112/2480/1250 1103/2481/1250 1102/2478/1250
f 1114/2482/1515 1103/2483/1127 1112/2484/1125
f 1112/2484/1125 1115/2485/1127 1114/2482/1124
f 1115/2486/1516 1116/2487/1517 1114/2488/1518
f 1117/2489/1516 1114/2488/1517 1116/2487/1518
f 1114/2490/47 1117/2491/47 1101/2462/47
f 1116/2487/1149 1106/2467/1148 1101/2466/1150
f 1114/2490/47 1101/2462/47 1103/2464/47
f 1107/2492/1519 1116/2493/1520 1115/2485/1521
f 1109/2494/47 1115/2495/47 1112/2496/47
f 1112/2496/47 1113/2497/47 1109/2494/47
f 1107/2498/1522 1115/2495/1523 1109/2494/1524
f 1116/2499/47 1107/2498/47 1105/2500/47
f 1110/2501/47 1119/2502/47 1118/2503/47
f 1108/2504/1280 1110/2501/1525 1118/2503/1526
f 1118/2503/47 1120/2505/47 1108/2504/47
f 1118/2503/1527 1121/2506/1504 1120/2505/1295
f 1120/2507/1250 1121/2508/1240 1122/2509/1240
f 1123/2510/1241 1122/2509/1240 1121/2508/1240
f 1123/2511/47 1124/2512/47 1122/2513/47
f 1119/2514/1528 1126/2515/1529 1125/2516/1530
f 1125/2517/1531 1126/2518/1525 1127/2519/1532
f 1124/2520/1533 1125/2521/1534 1128/2522/1535
f 1129/2523/1177 1130/2524/1536 1124/2520/1536
f 1128/2522/1177 1129/2523/1177 1124/2520/1537
f 1127/2519/47 1128/2525/47 1125/2517/47
f 1129/2526/1164 1131/2527/1538 1130/2528/1486
f 1132/2529/4 1130/2528/4 1131/2527/4
f 1133/2530/872 1132/2531/1539 1131/2532/1540
f 1133/2530/877 1131/2532/877 1127/2533/877
f 1127/2533/1541 1126/2534/1051 1133/2530/1542
f 1134/2535/223 1133/2536/900 1135/2537/899
f 1135/2537/47 1136/2538/47 1134/2535/47
f 1137/2539/1240 1136/2540/1241 1135/2541/1240
f 1138/2542/1250 1137/2539/1240 1135/2541/1240
f 1138/2543/47 1119/2502/47 1137/2544/47
f 1137/2544/47 1119/2502/47 1110/2501/47
f 1126/2534/877 1138/2545/877 1135/2546/877
f 1139/2547/1451 1133/2530/1243 1134/2548/1451
f 1140/2549/1202 1139/2547/1451 1134/2548/1451
f 1140/2550/1525 1141/2551/1532 1139/2552/1543
f 1139/2552/1532 1141/2551/940 1142/2553/1544
f 1141/2551/1545 1132/2554/1525 1142/2553/1279
f 1142/2555/47 1132/2556/47 1143/2557/47
f 1130/2558/1256 1143/2557/674 1132/2556/954
f 1144/2559/1546 1143/2560/1547 1130/2561/1548
f 1144/2562/47 1130/2563/47 1145/2564/47
f 1130/2563/47 1146/2565/47 1145/2564/47
f 1146/2566/1243 1130/2567/1451 1147/2568/1202
f 1148/2569/1202 1147/2568/1451 1141/2570/1451
f 1132/2571/1549 1141/2570/1451 1147/2568/1550
f 1130/2567/1551 1132/2571/1203 1147/2568/1551
f 1147/2572/4 1148/2573/4 1149/2574/4
f 1150/2575/4 1149/2574/4 1148/2573/4
f 1149/2576/1552 1150/2577/1553 1151/2578/1554
f 1152/2579/47 1153/2580/47 1151/2581/47
f 1154/2582/47 1151/2581/47 1153/2580/47
f 1041/2583/1555 1155/2584/1556 1156/2585/1557
f 1156/2585/1558 1038/2340/1559 1041/2583/1560
f 1153/2586/47 1152/2587/47 1157/2588/47
f 1158/2589/1561 1157/2590/1562 1152/2591/1563
f 1150/2577/1161 1158/2589/1160 1152/2591/1564
f 1158/2592/4 1150/2593/4 1148/2594/4
f 1150/2577/1202 1152/2591/1202 1151/2578/1451
f 1124/2520/1451 1144/2559/1202 1145/2595/1451
f 1159/2596/1565 1124/2520/1566 1145/2595/1567
f 1124/2512/47 1159/2597/47 1122/2513/47
f 1124/2520/1177 1123/2598/1536 1125/2521/1177
f 1123/2598/1177 1121/2599/1178 1125/2521/1177
f 1142/2555/47 1143/2557/47 1144/2600/47
f 1133/2530/1568 1139/2547/1569 1142/2601/872
f 1072/2405/1481 1092/2441/1430 1087/2602/1483
f 1160/2603/1140 1072/2405/1570 1087/2602/1571
f 1161/2604/1311 1160/2603/1479 1084/2605/1572
f 1161/2604/1275 1072/2405/1573 1160/2603/1570
f 1073/2422/4 1072/2606/4 1084/2424/4
f 1162/2607/876 1164/2608/876 1163/2609/876
f 1165/2610/1574 1019/2611/1575 1056/2612/1576
f 1166/2613/1577 1165/2610/1578 1056/2612/1579
f 1056/2612/1580 1052/2373/1581 1166/2613/1582
f 1165/2614/1164 1018/2321/1538 1019/2320/1486
f 1167/2615/4 1168/2616/4 1169/2617/4
f 1023/2618/1583 1170/2619/1241 1168/2620/1240
f 1170/2621/1538 1169/2617/1162 1168/2616/1486
f 1023/2618/955 1018/2622/957 1170/2619/1584
f 1023/2325/4 1172/2623/4 1171/2624/4
f 1173/2625/1203 1024/2626/1585 1171/2627/1203
f 1174/2628/1486 1175/2629/1164 1173/2630/1538
f 1176/2631/4 1173/2630/4 1175/2629/4
f 1025/2632/1586 1024/2626/1084 1176/2633/1587
f 1175/2634/1512 1177/2635/1479 1025/2632/1401
f 1025/2327/4 1177/2636/4 1026/2328/4
f 1026/2328/1446 1177/2636/1446 1178/2637/1588
f 1179/2638/4 1180/2639/4 1181/2640/4
f 1182/2641/4 1181/2640/4 1180/2639/4
f 1027/2642/1476 1181/2643/1241 1182/2644/1240
f 1182/2644/1240 1183/2645/1250 1027/2642/1240
f 1027/2329/4 1183/2646/4 1184/2647/4
f 1185/2648/1446 1187/2649/1445 1186/2650/1446
f 1188/2651/4 1185/2648/4 1186/2650/4
f 1189/2652/4 1191/2653/4 1190/2654/4
f 1192/2655/4 1189/2652/4 1190/2654/4
f 1029/2656/1240 1189/2657/1241 1192/2658/1249
f 1193/2659/1589 1195/2660/1446 1194/2661/1590
f 1196/2662/4 1193/2659/4 1194/2661/4
f 1193/2663/955 1196/2664/955 1030/2665/955
f 1031/2333/4 1198/2666/4 1197/2667/4
f 1199/2668/1591 1200/2669/1592 1197/2670/1566
f 1199/2671/4 1201/2672/4 1202/2673/4
f 1201/2672/4 1203/2674/4 1202/2673/4
f 1032/2675/1476 1202/2676/1241 1203/2677/1240
f 1203/2677/1250 1166/2613/1250 1032/2675/1250
f 1032/2334/4 1166/2678/4 1052/2679/4
f 1033/2335/4 1032/2334/4 1052/2679/4
f 1197/2670/1593 1166/2613/1594 1203/2677/1595
f 1203/2677/1593 1201/2680/1596 1197/2670/1595
f 1197/2670/1597 1198/2681/1598 1166/2613/1599
f 1194/2682/1383 1195/2683/1469 1204/2684/1600
f 1204/2684/1601 1195/2683/1243 1193/2663/1451
f 1204/2684/1602 1165/2610/1603 1166/2613/1604
f 1205/2685/1605 1165/2610/1606 1204/2684/1607
f 1205/2685/1608 1204/2684/1609 1206/2686/1610
f 1206/2686/1611 1207/2687/1612 1205/2685/1613
f 1165/2610/1614 1205/2685/1615 1183/2645/1616
f 1183/2645/1617 1171/2627/1618 1172/2688/1619
f 1188/2689/1383 1186/2690/1620 1184/2691/1621
f 1165/2610/1383 1172/2688/1383 1168/2620/1383
f 1182/2644/1383 1180/2692/1383 1178/2693/1383
f 1171/2627/1622 1178/2693/1623 1177/2635/1624
f 1171/2627/1383 1177/2635/1383 1175/2634/1383
f 1171/2627/1202 1174/2694/1202 1173/2625/1202
f 1192/2658/1593 1190/2695/1596 1207/2687/1595
f 1207/2687/1203 1190/2695/1585 1191/2696/1203
f 1032/2675/1625 1200/2669/955 1202/2676/955
f 1191/2696/1626 1189/2657/1627 1208/2697/1628
f 1027/2642/1626 1026/2698/1627 1181/2643/1628
f 1047/2365/1383 1048/2364/1383 1045/2359/1383
f 1052/2373/1591 1053/2699/1629 1051/2371/1404
f 1015/2700/1479 1016/2389/1401 1017/2701/1512
f 1019/2390/1250 1017/2701/1240 1016/2389/1240
f 1068/2702/4 1020/2322/4 1022/2324/4
f 1017/2319/4 1020/2322/4 1068/2702/4
f 1023/2325/1003 1020/2322/752 1018/2321/522
f 1025/2327/4 1020/2322/4 1024/2326/4
f 1027/2329/4 1020/2322/4 1026/2328/4
f 1209/2703/4 1020/2322/4 1028/2330/4
f 1208/2704/4 1020/2322/4 1209/2703/4
f 1029/2331/4 1020/2322/4 1208/2704/4
f 1200/2705/4 1020/2322/4 1031/2333/4
f 1032/2334/1630 1020/2322/4 1200/2705/1630
f 1035/2339/955 1036/2338/955 1037/2341/955
f 1037/2348/1064 1034/2347/1064 1035/2706/1064
f 1034/2336/1128 1033/2335/1435 1035/2707/1003
f 1046/2360/1631 1033/2337/958 1050/2367/1631
f 1053/2699/1383 1052/2373/1383 1048/2364/1383
f 1043/2357/1632 1052/2373/1633 1042/2708/1633
f 1052/2373/1620 1056/2612/1383 1042/2708/1620
f 1055/2709/1634 1042/2708/1635 1056/2612/1636
f 1042/2708/1383 1055/2709/1383 1041/2583/1383
f 1054/2377/1637 1055/2376/1637 1210/2710/1466
f 1056/2711/1268 1210/2712/1268 1055/2713/1268
f 1210/2712/1638 1056/2711/1268 1211/2714/1305
f 1056/2378/4 1057/2379/4 1211/2715/4
f 1058/2716/4 1057/2379/4 1019/2320/4
f 1063/2387/1168 1059/2382/1385 1060/2381/1168
f 1062/2385/47 1063/2384/47 1064/2717/47
f 1060/2718/46 1058/2719/46 1063/2720/46
f 1064/2386/1639 1058/2380/1640 1066/2721/1641
f 1066/2721/1383 1058/2380/1600 1012/2313/1383
f 1012/2313/1383 1058/2380/1600 1014/2314/1383
f 1058/2719/1642 1019/2611/1643 1065/2722/1644
f 1066/2393/4 1013/2392/4 1067/2723/4
f 1212/2724/955 1022/2396/955 1164/2725/955
f 1067/2394/1316 1022/2396/1645 1212/2724/1646
f 1011/2397/1647 1022/2396/1648 1013/2395/1649
f 1015/2400/1627 1068/2398/1650 1011/2397/1651
f 1212/2726/1241 1064/2386/1240 1067/2727/1240
f 1066/2721/1250 1067/2727/1240 1064/2386/1249
f 1069/2728/47 1064/2717/47 1212/2729/47
f 1064/2717/47 1069/2728/47 1062/2385/47
f 1074/2407/1150 1079/2414/1150 1076/2409/1150
f 1079/2414/1140 1080/2413/1652 1082/2416/1275
f 1086/2426/1127 1073/2422/1124 1085/2425/1125
f 1083/2423/1126 1073/2422/1124 1086/2426/1653
f 1098/2730/1654 1105/2731/1196 1100/2732/1515
f 1098/2733/1310 1101/2466/1311 1105/2468/1505
f 1106/2734/47 1116/2499/47 1105/2500/47
f 1107/2492/1192 1100/2732/1124 1105/2731/1125
f 1113/2479/1148 1102/2478/1150 1109/2473/1149
f 1117/2489/1148 1116/2487/1149 1101/2466/1513
f 1118/2735/1655 1125/2521/1656 1121/2599/1657
f 1118/2736/1250 1119/2514/1417 1125/2516/1250
f 1143/2737/1537 1124/2520/1177 1130/2524/1177
f 1124/2520/1177 1143/2737/1177 1144/2559/1177
f 1128/2738/1202 1127/2739/1202 1129/2740/1202
f 1131/2741/1202 1129/2740/1451 1127/2739/1451
f 1135/2546/877 1133/2530/877 1126/2534/877
f 1119/2742/877 1138/2545/877 1126/2534/877
f 1142/2601/1658 1132/2531/1542 1133/2530/878
f 1071/2404/1250 1094/2743/1241 1093/2744/1249
f 1094/2743/1250 1071/2404/1250 1070/2402/1417
f 1087/2602/1140 1092/2441/1652 1090/2440/1275
f 1087/2435/47 1085/2745/47 1160/2746/47
f 1085/2745/47 1087/2435/47 1086/2747/47
f 1084/2605/1310 1160/2603/1659 1085/2748/1311
f 1084/2749/4 1072/2750/4 1161/2751/4
f 1078/2412/900 1076/2411/504 1079/2752/1227
f 1075/2408/1250 1076/2409/1241 1077/2753/1240
f 1069/2728/1660 1212/2729/1661 1162/2754/1662
f 1212/2724/1315 1164/2725/1474 1162/2755/1316
f 1069/2728/47 1162/2754/47 1163/2756/47
f 1021/2757/1663 1164/2608/1664 1022/2758/1665
f 1163/2609/1666 1164/2608/1667 1021/2757/1664
f 1059/2382/1668 1063/2387/1168 1061/2759/1168
f 1057/2379/4 1058/2716/4 1059/2760/4
f 1018/2622/1629 1165/2610/1591 1169/2761/1591
f 1167/2762/1202 1169/2761/1202 1165/2610/1202
f 1167/2762/1383 1165/2610/1621 1168/2620/1383
f 1172/2688/1250 1023/2618/1240 1168/2620/1240
f 1170/2619/956 1018/2622/955 1169/2761/955
f 1176/2633/956 1024/2626/955 1173/2625/1584
f 1176/2633/1241 1175/2634/1249 1025/2632/1240
f 1026/2698/1585 1178/2693/1203 1179/2763/1203
f 1180/2692/1585 1179/2763/1203 1178/2693/1203
f 1028/2764/1202 1184/2691/1451 1187/2765/1244
f 1186/2690/1629 1187/2765/1591 1184/2691/1591
f 1185/2766/1241 1188/2689/1240 1209/2767/1476
f 1205/2685/1250 1209/2767/1240 1188/2689/1249
f 1208/2697/1204 1207/2687/1203 1191/2696/1669
f 1206/2686/1250 1029/2656/1240 1192/2658/1249
f 1206/2768/1670 1030/2332/1671 1029/2331/1010
f 1030/2665/1202 1204/2684/1601 1193/2663/1451
f 1196/2664/1241 1194/2682/1240 1031/2769/1476
f 1198/2681/1250 1031/2769/1240 1194/2682/1249
f 1201/2680/1629 1199/2668/1591 1197/2670/1566
f 1198/2681/1383 1194/2682/1600 1204/2684/1383
f 1166/2613/1672 1198/2681/1673 1204/2684/1674
f 1205/2770/4 1207/2771/4 1209/2703/4
f 1209/2703/4 1207/2771/4 1208/2704/4
f 1206/2768/1446 1204/2772/1588 1030/2332/1446
f 1023/2325/1162 1171/2624/1486 1024/2326/1538
f 1165/2610/1675 1183/2645/1676 1172/2688/1677
f 1205/2685/1469 1188/2689/1621 1184/2691/1383
f 1183/2645/1678 1205/2685/1679 1184/2691/1680
f 1027/2329/4 1184/2647/4 1028/2330/4
f 1183/2645/1471 1182/2644/1681 1178/2693/1682
f 1171/2627/1683 1183/2645/1684 1178/2693/1685
f 1174/2694/1383 1171/2627/1621 1175/2634/1383
f 1206/2686/1594 1192/2658/1686 1207/2687/1593
f 1031/2333/1162 1197/2667/1486 1200/2705/1538
f 1202/2676/1687 1200/2669/1688 1199/2668/1626
f 1030/2665/955 1196/2664/955 1031/2769/1625
f 1208/2697/1687 1189/2657/1628 1029/2656/1626
f 1028/2764/955 1185/2766/955 1209/2767/955
f 1185/2766/955 1028/2764/955 1187/2765/1584
f 1181/2643/1689 1026/2698/1688 1179/2763/1626
f 1213/2773/1690 1215/2774/1691 1214/2775/1690
f 1216/2776/1692 1213/2773/1693 1214/2775/1694
f 1217/2777/4 1213/2778/4 1216/2779/4
f 1218/2780/4 1217/2777/4 1216/2779/4
f 1219/2781/4 1221/2782/4 1220/2783/4
f 1219/2781/4 1220/2783/4 1222/2784/4
f 1223/2785/4 1224/2786/4 1222/2784/4
f 1225/2787/4 1226/2788/4 1222/2784/4
f 1227/2789/1164 1228/2790/1164 1222/2784/1162
f 1229/2791/1313 1230/2792/1695 1222/2784/1313
f 1231/2793/4 1232/2794/4 1222/2784/4
f 1232/2794/4 1233/2795/4 1222/2784/4
f 1234/2796/1696 1235/2797/1588 1222/2784/1696
f 1222/2784/1697 1235/2797/1698 1236/2798/1699
f 1235/2799/1177 1238/2800/1537 1237/2801/1177
f 1238/2800/1700 1240/2802/1701 1239/2803/1702
f 1240/2804/1466 1241/2805/1466 1239/2806/1466
f 1242/2807/1466 1239/2806/1466 1241/2805/1466
f 1242/2808/1268 1236/2809/1268 1239/2810/1268
f 1243/2811/1703 1240/2812/1704 1244/2813/1705
f 1240/2812/1704 1238/2814/1704 1244/2813/1704
f 1245/2815/4 1244/2816/4 1238/2817/4
f 1246/2818/1435 1245/2815/177 1238/2817/1706
f 1245/2819/1690 1246/2820/1690 1247/2821/1690
f 1248/2822/1691 1247/2821/1690 1246/2820/1690
f 1247/2823/4 1248/2824/4 1249/2825/4
f 1250/2826/1704 1249/2827/1703 1251/2828/1704
f 1252/2829/1707 1250/2826/1704 1251/2828/1708
f 1252/2830/4 1253/2831/4 1250/2832/4
f 1253/2833/1709 1252/2829/1537 1235/2799/1177
f 1248/2822/1710 1246/2820/1701 1235/2799/1711
f 1246/2820/1711 1238/2800/1712 1235/2799/1711
f 1252/2829/1713 1251/2828/1656 1248/2822/1714
f 1248/2824/4 1251/2834/4 1249/2825/4
f 1253/2833/1715 1235/2799/1704 1254/2835/1704
f 1255/2836/4 1250/2832/4 1253/2831/4
f 1247/2821/17 1250/2826/1716 1254/2835/1717
f 1245/2819/17 1247/2821/17 1254/2835/17
f 1243/2837/1718 1257/2838/1719 1256/2839/1720
f 1258/2840/27 1221/2782/1721 1259/2841/284
f 1260/2842/127 1262/2843/128 1261/2844/128
f 1263/2845/47 1265/2846/47 1264/2847/47
f 1266/2848/1722 1265/2849/17 1260/2842/18
f 1216/2776/1723 1260/2842/1724 1267/2850/1725
f 1218/2851/17 1216/2776/17 1267/2850/17
f 1267/2850/17 1221/2852/17 1218/2851/18
f 1214/2853/1726 1215/2854/1727 1268/2855/1174
f 1269/2856/1728 1215/2857/1177 1224/2858/1177
f 1224/2858/1536 1213/2859/1177 1270/2860/1177
f 1219/2861/1729 1270/2860/1535 1217/2862/1730
f 1271/2863/1693 1272/2864/1692 1264/2865/1693
f 1273/2866/1690 1264/2865/1690 1272/2864/1731
f 1273/2866/1732 1274/2867/1733 1264/2865/1732
f 1275/2868/1734 1264/2865/1731 1274/2867/1731
f 1276/2869/1693 1264/2865/1735 1275/2868/1693
f 1264/2865/1691 1276/2869/1690 1277/2870/1690
f 1276/2869/1690 1278/2871/1691 1277/2870/1690
f 1279/2872/47 1278/2873/47 1280/2874/47
f 1276/2869/1736 1282/2875/1737 1281/2876/1738
f 1282/2875/1690 1283/2877/1690 1284/2878/1690
f 1282/2879/47 1276/2880/47 1283/2881/47
f 1283/2881/47 1276/2880/47 1275/2882/47
f 1283/2883/1739 1275/2884/1740 1285/2885/1741
f 1286/2886/1742 1287/2887/1740 1275/2884/1740
f 1285/2885/4 1288/2888/4 1281/2889/4
f 1284/2890/4 1285/2885/4 1281/2889/4
f 1283/2877/1690 1285/2891/1691 1284/2878/1690
f 1280/2892/1743 1281/2889/1744 1288/2888/1745
f 1288/2888/1746 1289/2893/1747 1280/2892/1748
f 1289/2893/1749 1290/2894/1750 1280/2892/1751
f 1291/2895/4 1290/2896/4 1289/2897/4
f 1292/2898/27 1291/2899/1706 1289/2893/1486
f 1293/2900/1690 1291/2901/1691 1292/2902/1690
f 1294/2903/1691 1293/2900/1690 1292/2902/1690
f 1274/2904/47 1293/2905/47 1294/2906/47
f 1273/2907/47 1293/2905/47 1274/2904/47
f 1293/2908/1752 1273/2909/1753 1291/2899/1754
f 1290/2894/1755 1291/2899/1756 1273/2909/1752
f 1295/2910/1752 1290/2894/1752 1273/2909/1752
f 1296/2911/47 1297/2912/47 1295/2913/47
f 1290/2896/336 1295/2913/1757 1297/2912/950
f 1280/2892/1758 1290/2894/1759 1297/2914/1760
f 1298/2915/1690 1280/2916/1691 1297/2917/1690
f 1299/2918/1761 1298/2915/1762 1297/2917/1763
f 1299/2919/47 1300/2920/47 1298/2921/47
f 1301/2922/47 1298/2921/47 1300/2920/47
f 1302/2923/47 1301/2922/47 1300/2920/47
f 1303/2924/336 1300/2920/336 1299/2919/504
f 1304/2925/47 1305/2926/47 1299/2919/47
f 1306/2927/47 1304/2925/47 1299/2919/47
f 1303/2924/47 1299/2919/47 1305/2926/47
f 1303/2928/1690 1308/2929/1691 1307/2930/1690
f 1301/2931/1764 1302/2932/1762 1309/2933/1761
f 1301/2931/1765 1309/2933/1766 1310/2934/1694
f 1311/2935/1693 1310/2934/1767 1309/2933/1694
f 1312/2936/1768 1310/2934/1769 1311/2935/1769
f 1306/2937/1770 1312/2936/1771 1311/2935/1772
f 1313/2938/1761 1306/2937/1762 1311/2935/1773
f 1304/2925/47 1306/2927/47 1313/2939/47
f 1304/2940/1774 1313/2938/1774 1311/2935/1774
f 1304/2940/1690 1315/2941/1691 1314/2942/1690
f 1314/2942/1690 1305/2943/1690 1304/2940/1690
f 1316/2944/1740 1305/2945/1740 1314/2946/1740
f 1314/2946/1775 1317/2947/1740 1316/2944/1775
f 1317/2948/1761 1318/2949/1762 1316/2950/1776
f 1319/2951/1761 1316/2950/1762 1318/2949/1776
f 1316/2952/47 1319/2953/47 1303/2924/47
f 1318/2949/1777 1308/2929/1774 1303/2928/1777
f 1316/2952/47 1303/2924/47 1305/2926/47
f 1309/2954/1778 1318/2955/1779 1317/2947/1780
f 1311/2956/1781 1317/2957/336 1314/2958/1757
f 1314/2958/900 1315/2959/504 1311/2956/223
f 1309/2960/1782 1317/2957/1783 1311/2956/1784
f 1318/2961/1781 1309/2960/336 1307/2962/1757
f 1312/2963/47 1321/2964/47 1320/2965/47
f 1310/2966/47 1312/2963/47 1320/2965/47
f 1320/2965/47 1322/2967/47 1310/2966/47
f 1320/2965/47 1323/2968/47 1322/2967/47
f 1322/2969/1691 1323/2970/1690 1324/2971/1690
f 1325/2972/1692 1324/2971/1785 1323/2970/1763
f 1325/2973/47 1326/2974/47 1324/2975/47
f 1321/2976/1690 1328/2977/1691 1327/2978/1786
f 1327/2979/47 1328/2980/47 1329/2981/47
f 1326/2982/1787 1327/2983/1788 1330/2984/1789
f 1331/2985/1790 1332/2986/1791 1326/2982/1791
f 1330/2984/1791 1331/2985/1792 1326/2982/1791
f 1329/2981/47 1330/2987/47 1327/2979/47
f 1331/2988/1793 1333/2989/1794 1332/2990/1422
f 1334/2991/4 1332/2990/4 1333/2989/4
f 1335/2992/1795 1334/2993/1795 1333/2994/1795
f 1335/2992/1383 1333/2994/1383 1329/2995/1383
f 1329/2995/1796 1328/2996/1797 1335/2992/1594
f 1336/2997/47 1335/2998/47 1337/2999/47
f 1337/2999/47 1338/3000/47 1336/2997/47
f 1339/3001/1690 1338/3002/1691 1337/3003/1690
f 1340/3004/1692 1339/3001/1693 1337/3003/1694
f 1340/3005/336 1321/2964/1397 1339/3006/1781
f 1339/3006/47 1321/2964/47 1312/2963/47
f 1328/2996/1383 1340/3007/1383 1337/3008/1798
f 1341/3009/1799 1335/2992/1800 1336/3010/1801
f 1342/3011/1800 1341/3009/1802 1336/3010/1799
f 1342/3012/47 1343/3013/47 1341/3014/47
f 1341/3014/47 1343/3013/47 1344/3015/47
f 1343/3013/47 1334/3016/47 1344/3015/47
f 1344/3017/47 1334/3018/47 1345/3019/47
f 1332/3020/1803 1345/3019/1804 1334/3018/1805
f 1346/3021/1806 1345/3022/1807 1332/3023/1808
f 1346/3024/47 1332/3025/47 1347/3026/47
f 1332/3025/47 1348/3027/47 1347/3026/47
f 1348/3028/1809 1332/3029/1802 1349/3030/1810
f 1350/3031/1704 1349/3030/1704 1343/3032/1704
f 1334/3033/1704 1343/3032/1704 1349/3030/1704
f 1332/3029/1810 1334/3033/1811 1349/3030/1799
f 1349/3034/4 1350/3035/4 1351/3036/4
f 1352/3037/4 1351/3036/4 1350/3035/4
f 1351/3038/1812 1352/3039/1704 1353/3040/1813
f 1354/3041/47 1355/3042/47 1353/3043/47
f 1356/3044/47 1353/3043/47 1355/3042/47
f 1243/3045/1814 1357/3046/1815 1358/3047/1816
f 1358/3047/1817 1240/2802/1818 1243/3045/1819
f 1355/3048/47 1354/3049/47 1359/3050/47
f 1360/3051/1638 1359/3052/1268 1354/3053/1268
f 1352/3039/1412 1360/3051/1413 1354/3053/1820
f 1360/3054/4 1352/3055/4 1350/3056/4
f 1352/3039/1704 1354/3053/1704 1353/3040/1704
f 1326/2982/1799 1346/3021/1821 1347/3057/1822
f 1361/3058/1703 1326/2982/1704 1347/3057/1704
f 1326/2974/383 1361/3059/1823 1324/2975/1824
f 1326/2982/1789 1325/3060/1825 1327/2983/1826
f 1325/3060/1791 1323/3061/1792 1327/2983/1791
f 1344/3017/47 1345/3019/47 1346/3062/47
f 1335/2992/1827 1341/3009/1634 1344/3063/1828
f 1274/2867/1829 1294/2903/1830 1289/3064/1831
f 1362/3065/1832 1274/2867/1833 1289/3064/1834
f 1363/3066/1785 1362/3065/1692 1286/3067/1835
f 1363/3066/1836 1274/2867/1832 1362/3065/1833
f 1275/2884/4 1274/3068/4 1286/2886/4
f 1364/3069/1169 1366/3070/1376 1365/3071/1837
f 1367/3072/1838 1221/3073/1839 1258/3074/1840
f 1368/3075/1841 1367/3072/1842 1258/3074/1843
f 1258/3074/1844 1254/2835/1845 1368/3075/1846
f 1367/3076/1726 1220/2783/1727 1221/2782/1174
f 1369/3077/1794 1370/3078/1793 1371/3079/1794
f 1225/3080/1690 1372/3081/1691 1370/3082/1690
f 1372/3083/4 1371/3079/4 1370/3078/4
f 1225/3080/1847 1220/3084/1848 1372/3081/1849
f 1225/2787/4 1374/3085/4 1373/3086/4
f 1375/3087/1704 1226/3088/1704 1373/3089/1704
f 1376/3090/4 1377/3091/4 1375/3092/4
f 1378/3093/1727 1375/3092/1590 1377/3091/1727
f 1227/3094/1729 1226/3088/1536 1378/3095/1177
f 1377/3096/1690 1379/3097/1690 1227/3094/1690
f 1227/2789/4 1379/3098/4 1228/2790/4
f 1228/2790/4 1379/3098/4 1380/3099/4
f 1381/3100/4 1382/3101/4 1383/3102/4
f 1384/3103/27 1383/3102/1706 1382/3101/177
f 1229/3104/1690 1383/3105/1691 1384/3106/1690
f 1384/3106/1690 1385/3107/1691 1229/3104/1690
f 1229/2791/4 1385/3108/4 1386/3109/4
f 1387/3110/4 1389/3111/4 1388/3112/4
f 1390/3113/4 1387/3110/4 1388/3112/4
f 1391/3114/1850 1393/3115/1588 1392/3116/1851
f 1394/3117/4 1391/3114/4 1392/3116/4
f 1231/3118/1690 1391/3119/1691 1394/3120/1731
f 1395/3121/4 1397/3122/4 1396/3123/4
f 1398/3124/4 1395/3121/4 1396/3123/4
f 1395/3125/1177 1398/3126/1537 1232/3127/1177
f 1233/2795/1794 1400/3128/1794 1399/3129/1793
f 1401/3130/1704 1402/3131/1704 1399/3132/1852
f 1401/3133/1435 1403/3134/177 1404/3135/1706
f 1403/3134/4 1405/3136/4 1404/3135/4
f 1234/3137/1763 1404/3138/1761 1405/3139/1733
f 1405/3139/1690 1368/3075/1691 1234/3137/1690
f 1234/2796/4 1368/3140/4 1254/3141/4
f 1235/2797/4 1234/2796/4 1254/3141/4
f 1399/3132/18 1368/3075/17 1405/3139/18
f 1405/3139/17 1403/3142/17 1399/3132/18
f 1399/3132/42 1400/3143/1853 1368/3075/1854
f 1396/3144/17 1397/3145/17 1406/3146/18
f 1406/3146/1704 1397/3145/1703 1395/3125/1704
f 1406/3146/1855 1367/3072/1856 1368/3075/1857
f 1407/3147/1858 1367/3072/1859 1406/3146/1860
f 1407/3147/1861 1406/3146/1862 1408/3148/1863
f 1408/3148/1864 1409/3149/1865 1407/3147/1866
f 1367/3072/1867 1407/3147/1868 1385/3107/1869
f 1385/3107/1870 1373/3089/1871 1374/3150/1872
f 1390/3151/18 1388/3152/1716 1386/3153/18
f 1367/3072/17 1374/3150/17 1370/3082/18
f 1384/3106/18 1382/3154/17 1380/3155/18
f 1373/3089/1873 1380/3155/1874 1379/3097/1875
f 1373/3089/18 1379/3097/17 1377/3096/18
f 1373/3089/1704 1376/3156/1703 1375/3087/1704
f 1394/3120/17 1392/3157/17 1409/3149/18
f 1409/3149/1876 1392/3157/1821 1393/3158/1876
f 1234/3137/1178 1402/3131/1537 1404/3138/1178
f 1393/3158/1709 1391/3119/1177 1410/3159/1177
f 1229/3104/1729 1228/3160/1536 1383/3105/1177
f 1249/2827/17 1250/2826/18 1247/2821/17
f 1254/2835/1704 1255/3161/1703 1253/2833/1704
f 1217/3162/1691 1218/2851/1690 1219/3163/1690
f 1221/2852/1691 1219/3163/1690 1218/2851/1690
f 1270/3164/1423 1222/2784/1794 1224/2786/249
f 1219/2781/4 1222/2784/4 1270/3164/4
f 1225/2787/4 1222/2784/4 1220/2783/4
f 1227/2789/1164 1222/2784/1162 1226/2788/1003
f 1229/2791/4 1222/2784/4 1228/2790/4
f 1411/3165/4 1222/2784/256 1230/2792/4
f 1410/3166/255 1222/2784/4 1411/3165/255
f 1231/2793/4 1222/2784/4 1410/3166/4
f 1402/3167/4 1222/2784/4 1233/2795/4
f 1234/2796/4 1222/2784/4 1402/3167/4
f 1237/2801/1656 1238/2800/1877 1239/2803/1878
f 1239/2810/1268 1236/2809/1268 1237/3168/1268
f 1236/2798/4 1235/2797/4 1237/3169/4
f 1248/2822/1879 1235/2799/1710 1252/2829/1710
f 1255/3161/17 1254/2835/18 1250/2826/17
f 1245/2819/1880 1254/2835/1881 1244/3170/1882
f 1254/2835/1883 1258/3074/1725 1244/3170/1723
f 1257/3171/17 1244/3170/18 1258/3074/17
f 1244/3170/204 1257/3171/1884 1243/3045/1885
f 1256/2839/1719 1257/2838/1720 1412/3172/1886
f 1258/3173/11 1412/3174/11 1257/3175/9
f 1412/3174/11 1258/3173/11 1413/3176/9
f 1258/2840/4 1259/2841/4 1413/3177/4
f 1260/3178/4 1259/2841/4 1221/2782/4
f 1265/2849/128 1261/2844/128 1262/2843/128
f 1264/2847/47 1265/2846/47 1266/3179/47
f 1262/3180/46 1260/3181/46 1265/3182/46
f 1266/2848/17 1260/2842/17 1268/3183/17
f 1268/3183/17 1260/2842/17 1214/2775/1887
f 1214/2775/18 1260/2842/18 1216/2776/17
f 1260/3181/1888 1221/3073/1889 1267/3184/1890
f 1268/2855/4 1215/2854/4 1269/3185/4
f 1414/3186/1177 1224/2858/1178 1366/3187/1177
f 1269/2856/1701 1224/2858/1891 1414/3186/1891
f 1213/2859/1177 1224/2858/1177 1215/2857/1177
f 1217/2862/1177 1270/2860/1177 1213/2859/1536
f 1414/3188/1692 1266/2848/1733 1269/3189/1767
f 1268/3183/1692 1269/3189/1733 1266/2848/1763
f 1271/3190/1892 1266/3179/1893 1414/3191/1893
f 1266/3179/47 1271/3190/47 1264/2847/47
f 1276/2869/1774 1281/2876/1777 1278/2871/1774
f 1281/2876/1894 1282/2875/1895 1284/2878/1836
f 1288/2888/1740 1275/2884/1740 1287/2887/1896
f 1285/2885/1897 1275/2884/1740 1288/2888/1775
f 1300/3192/1740 1307/3193/1775 1302/3194/1775
f 1300/3195/1692 1303/2928/1693 1307/2930/1898
f 1308/3196/47 1318/2961/47 1307/2962/47
f 1309/2954/1740 1302/3194/1775 1307/3193/1740
f 1315/2941/1774 1304/2940/1774 1311/2935/1777
f 1319/2951/1774 1318/2949/1777 1303/2928/1774
f 1320/3197/1791 1327/2983/1791 1323/3061/1899
f 1320/3198/1900 1321/2976/1901 1327/2978/1902
f 1345/3199/1903 1326/2982/1791 1332/2986/1791
f 1326/2982/1791 1345/3199/1791 1346/3021/1791
f 1330/3200/1703 1329/3201/1704 1331/3202/1704
f 1333/3203/1703 1331/3202/1852 1329/3201/1704
f 1337/3008/1904 1335/2992/1905 1328/2996/1906
f 1321/3204/1383 1340/3007/1383 1328/2996/1383
f 1344/3063/1383 1334/2993/1383 1335/2992/1620
f 1273/2866/1690 1296/3205/1690 1295/3206/1690
f 1296/3205/1691 1273/2866/1690 1272/2864/1690
f 1289/3064/1907 1294/2903/1774 1292/2902/1774
f 1289/2897/47 1287/3207/47 1362/3208/47
f 1287/3207/1908 1289/2897/1545 1288/3209/1823
f 1286/3067/1692 1362/3065/1835 1287/3210/1693
f 1286/3211/1727 1274/3212/1175 1363/3213/1909
f 1280/2874/47 1278/2873/47 1281/3214/47
f 1277/2870/1690 1278/2871/1690 1279/3215/1690
f 1271/3190/614 1414/3191/612 1364/3216/1397
f 1414/3186/1537 1366/3187/1177 1364/3217/1177
f 1271/3190/47 1364/3216/47 1365/3218/47
f 1223/3219/1168 1366/3070/1168 1224/3220/1385
f 1365/3071/1171 1366/3070/1168 1223/3219/1168
f 1261/2844/128 1265/2849/128 1263/3221/127
f 1259/2841/4 1260/3178/4 1261/3222/4
f 1220/3084/1704 1367/3072/1704 1371/3223/1704
f 1369/3224/1703 1371/3223/1704 1367/3072/1704
f 1369/3224/17 1367/3072/18 1370/3082/18
f 1374/3150/1690 1225/3080/1690 1370/3082/1690
f 1372/3081/1910 1220/3084/1911 1371/3223/1847
f 1378/3095/1177 1226/3088/1177 1375/3087/1177
f 1378/3095/1691 1377/3096/1690 1227/3094/1690
f 1228/3160/1703 1380/3155/1704 1381/3225/1704
f 1382/3154/1703 1381/3225/1704 1380/3155/1704
f 1230/3226/1707 1386/3153/1704 1389/3227/1715
f 1388/3152/1703 1389/3227/1704 1386/3153/1813
f 1387/3228/1691 1390/3151/1690 1411/3229/1912
f 1407/3147/1691 1411/3229/1690 1390/3151/1690
f 1410/3159/1703 1409/3149/1704 1393/3158/1715
f 1408/3148/1913 1231/3118/1690 1394/3120/1786
f 1408/3230/1727 1232/2794/1174 1231/2793/1590
f 1232/3127/1703 1406/3146/1852 1395/3125/1704
f 1398/3126/1691 1396/3144/1731 1233/3231/1690
f 1400/3143/1913 1233/3231/1690 1396/3144/1786
f 1403/3142/1703 1401/3130/1704 1399/3132/1704
f 1400/3143/17 1396/3144/17 1406/3146/18
f 1368/3075/1914 1400/3143/1915 1406/3146/1916
f 1407/3232/4 1409/3233/4 1411/3165/4
f 1411/3165/1588 1409/3233/1917 1410/3166/1850
f 1408/3230/4 1406/3234/4 1232/2794/4
f 1225/2787/4 1373/3086/4 1226/2788/4
f 1367/3072/1918 1385/3107/1919 1374/3150/1920
f 1407/3147/1921 1390/3151/1722 1386/3153/17
f 1385/3107/1922 1407/3147/1923 1386/3153/1924
f 1229/2791/1435 1386/3109/177 1230/2792/1706
f 1385/3107/17 1384/3106/17 1380/3155/18
f 1373/3089/1925 1385/3107/1926 1380/3155/1927
f 1376/3156/17 1373/3089/18 1377/3096/17
f 1408/3148/17 1394/3120/1722 1409/3149/18
f 1233/2795/1697 1399/3129/1928 1402/3167/1928
f 1404/3138/1177 1402/3131/1177 1401/3130/1177
f 1232/3127/1537 1398/3126/1177 1233/3231/1177
f 1410/3159/1929 1391/3119/1849 1231/3118/1847
f 1230/3226/1537 1387/3228/1177 1411/3229/1177
f 1387/3228/1537 1230/3226/1177 1389/3227/1178
f 1383/3105/1537 1228/3160/1177 1381/3225/1177
f 1415/3235/1930 1417/3236/1931 1416/3237/1932
f 1418/3238/1775 1415/3235/1740 1416/3237/1740
f 1419/3239/1423 1415/3240/1422 1418/3241/1933
f 1420/3242/4 1419/3239/4 1418/3241/4
f 1421/3243/1486 1423/3244/27 1422/3245/1721
f 1421/3243/4 1422/3245/4 1424/3246/4
f 1425/3247/4 1426/3248/4 1424/3246/4
f 1427/3249/4 1428/3250/4 1424/3246/4
f 1429/3251/4 1430/3252/4 1424/3246/4
f 1431/3253/4 1432/3254/4 1424/3246/4
f 1433/3255/4 1434/3256/199 1424/3246/4
f 1434/3256/4 1435/3257/4 1424/3246/4
f 1436/3258/4 1437/3259/4 1424/3246/4
f 1424/3246/4 1437/3259/4 1438/3260/4
f 1437/3261/1305 1440/3262/1268 1439/3263/1268
f 1440/3262/1268 1442/3264/1268 1441/3265/1268
f 1442/3266/1172 1443/3267/1172 1441/3268/1934
f 1444/3269/1935 1441/3268/1936 1443/3267/1172
f 1444/3270/1382 1438/3271/1380 1441/3272/1937
f 1445/3273/1938 1442/3274/1939 1446/3275/1940
f 1442/3274/1941 1440/3276/1942 1446/3275/1943
f 1447/3277/4 1446/3278/4 1440/3279/4
f 1448/3280/4 1447/3277/4 1440/3279/4
f 1447/3281/1740 1448/3282/1740 1449/3283/1740
f 1450/3284/1775 1449/3283/1740 1448/3282/1740
f 1449/3285/4 1450/3286/4 1451/3287/4
f 1452/3288/1944 1451/3289/1945 1453/3290/1939
f 1454/3291/1946 1452/3288/1947 1453/3290/1948
f 1454/3292/4 1455/3293/4 1452/3294/4
f 1455/3295/1268 1454/3291/1268 1437/3261/1305
f 1450/3284/1268 1448/3282/1268 1437/3261/1268
f 1448/3282/1268 1440/3262/1268 1437/3261/1268
f 1454/3291/1268 1453/3290/1268 1450/3284/1268
f 1450/3286/4 1453/3296/4 1451/3287/4
f 1455/3295/1774 1437/3261/1774 1456/3297/1907
f 1457/3298/4 1452/3294/4 1455/3293/4
f 1449/3283/1949 1452/3288/1950 1456/3297/1951
f 1447/3281/127 1449/3283/1952 1456/3297/127
f 1445/3299/12 1459/3300/13 1458/3301/12
f 1460/3302/4 1423/3244/4 1461/3303/4
f 1462/3304/1953 1464/3305/1954 1463/3306/1955
f 1465/3307/47 1467/3308/47 1466/3309/47
f 1468/3310/127 1467/3311/127 1462/3304/128
f 1418/3238/127 1462/3304/127 1469/3312/127
f 1420/3313/127 1418/3238/129 1469/3312/127
f 1469/3312/127 1423/3314/127 1420/3313/128
f 1416/3315/200 1417/3316/1956 1470/3317/1695
f 1471/3318/1957 1417/3319/1263 1426/3320/1958
f 1426/3320/1305 1415/3321/1268 1472/3322/1268
f 1421/3323/1959 1472/3322/1960 1419/3324/1961
f 1473/3325/1932 1474/3326/1962 1466/3327/1963
f 1475/3328/1964 1466/3327/1965 1474/3326/1964
f 1475/3328/1966 1476/3329/1966 1466/3327/1966
f 1477/3330/1897 1466/3327/1897 1476/3329/1740
f 1478/3331/1967 1466/3327/1968 1477/3330/1969
f 1466/3327/1740 1478/3331/1740 1479/3332/1740
f 1478/3331/1740 1480/3333/1775 1479/3332/1740
f 1481/3334/47 1480/3335/47 1482/3336/47
f 1478/3331/1970 1484/3337/1769 1483/3338/1971
f 1484/3337/1972 1485/3339/1973 1486/3340/1974
f 1484/3341/47 1478/3342/47 1485/3343/47
f 1485/3343/47 1478/3342/47 1477/3344/47
f 1485/3345/1707 1477/3346/1704 1487/3347/1975
f 1488/3348/1801 1489/3349/1976 1477/3346/1977
f 1487/3347/1695 1490/3350/1851 1483/3351/1956
f 1486/3352/4 1487/3347/4 1483/3351/4
f 1485/3339/1974 1487/3353/1972 1486/3340/1967
f 1482/3354/1978 1483/3351/1979 1490/3350/1980
f 1490/3350/1981 1491/3355/1982 1482/3354/1983
f 1491/3355/1984 1492/3356/1985 1482/3354/1986
f 1493/3357/4 1492/3358/4 1491/3359/4
f 1494/3360/4 1493/3361/4 1491/3355/4
f 1495/3362/1974 1493/3363/1972 1494/3364/1973
f 1496/3365/1775 1495/3362/1740 1494/3364/1740
f 1476/3366/1987 1495/3367/1504 1496/3368/1988
f 1475/3369/47 1495/3367/47 1476/3366/47
f 1495/3370/1989 1475/3371/1990 1493/3361/1991
f 1492/3356/1992 1493/3361/1993 1475/3371/1994
f 1497/3372/1993 1492/3356/1993 1475/3371/1993
f 1498/3373/1995 1499/3374/1996 1497/3375/1997
f 1492/3358/1908 1497/3375/1893 1499/3374/1997
f 1482/3354/1998 1492/3356/1999 1499/3376/2000
f 1500/3377/1740 1482/3378/1740 1499/3379/1740
f 1501/3380/1775 1500/3377/1740 1499/3379/1740
f 1501/3381/47 1502/3382/47 1500/3383/47
f 1503/3384/223 1500/3383/336 1502/3382/1397
f 1504/3385/47 1503/3384/47 1502/3382/47
f 1505/3386/47 1502/3382/47 1501/3381/89
f 1506/3387/47 1507/3388/47 1501/3381/47
f 1508/3389/47 1506/3387/47 1501/3381/47
f 1505/3386/47 1501/3381/47 1507/3388/47
f 1505/3390/2001 1510/3391/1972 1509/3392/1964
f 1503/3393/1740 1504/3394/1740 1511/3395/1775
f 1503/3393/2002 1511/3395/2003 1512/3396/1740
f 1513/3397/1742 1512/3396/1740 1511/3395/1742
f 1514/3398/1742 1512/3396/1742 1513/3397/2004
f 1508/3399/2005 1514/3398/1972 1513/3397/2006
f 1515/3400/1775 1508/3399/1740 1513/3397/1740
f 1506/3387/1823 1508/3389/1273 1515/3401/1908
f 1506/3402/2007 1515/3400/2008 1513/3397/2009
f 1506/3402/1740 1517/3403/1775 1516/3404/1740
f 1516/3404/1740 1507/3405/1740 1506/3402/1740
f 1518/3406/1703 1507/3407/1704 1516/3408/1704
f 1516/3408/1703 1519/3409/1704 1518/3406/1703
f 1519/3410/1775 1520/3411/1740 1518/3412/1740
f 1521/3413/1775 1518/3412/1740 1520/3411/1740
f 1518/3414/1757 1521/3415/223 1505/3386/336
f 1520/3411/1691 1510/3391/1690 1505/3390/1691
f 1518/3414/47 1505/3386/47 1507/3388/47
f 1511/3416/2010 1520/3417/2011 1519/3409/2012
f 1513/3418/47 1519/3419/47 1516/3420/47
f 1516/3420/1227 1517/3421/1757 1513/3418/504
f 1511/3422/2013 1519/3419/2014 1513/3418/2015
f 1520/3423/47 1511/3422/47 1509/3424/47
f 1514/3425/47 1523/3426/47 1522/3427/47
f 1512/3428/47 1514/3425/47 1522/3427/47
f 1522/3427/47 1524/3429/47 1512/3428/47
f 1522/3427/47 1525/3430/47 1524/3429/47
f 1524/3431/1740 1525/3432/1740 1526/3433/1740
f 1527/3434/1775 1526/3433/1740 1525/3432/1740
f 1527/3435/47 1528/3436/47 1526/3437/47
f 1523/3438/1974 1530/3439/1972 1529/3440/1964
f 1529/3441/47 1530/3442/47 1531/3443/47
f 1528/3444/9 1529/3445/9 1532/3446/10
f 1533/3447/183 1534/3448/10 1528/3444/10
f 1532/3446/10 1533/3447/11 1528/3444/10
f 1531/3443/2016 1532/3449/1908 1529/3441/132
f 1533/3450/1706 1535/3451/1721 1534/3452/1164
f 1536/3453/4 1534/3452/4 1535/3451/4
f 1537/3454/2017 1536/3455/1168 1535/3456/1169
f 1537/3454/2018 1535/3456/2019 1531/3457/1181
f 1531/3457/1169 1530/3458/1169 1537/3454/1168
f 1538/3459/391 1537/3460/83 1539/3461/1805
f 1539/3461/47 1540/3462/47 1538/3459/47
f 1541/3463/2020 1540/3464/2021 1539/3465/2022
f 1542/3466/2021 1541/3463/2023 1539/3465/2020
f 1542/3467/47 1523/3426/47 1541/3468/47
f 1541/3468/47 1523/3426/47 1514/3425/47
f 1530/3458/1168 1542/3469/1168 1539/3470/1168
f 1543/3471/2024 1537/3454/1945 1538/3472/1830
f 1544/3473/1774 1543/3471/1774 1538/3472/1774
f 1544/3474/47 1545/3475/47 1543/3476/47
f 1543/3476/47 1545/3475/47 1546/3477/47
f 1545/3475/47 1536/3478/47 1546/3477/47
f 1546/3479/1757 1536/3480/1781 1547/3481/1227
f 1534/3482/47 1547/3481/47 1536/3480/47
f 1548/3483/2025 1547/3484/2026 1534/3485/2027
f 1548/3486/47 1534/3487/47 1549/3488/47
f 1534/3487/47 1550/3489/47 1549/3488/47
f 1550/3490/1777 1534/3491/1774 1551/3492/1774
f 1552/3493/1945 1551/3492/1939 1545/3494/2028
f 1536/3495/2029 1545/3494/2029 1551/3492/2030
f 1534/3491/1774 1536/3495/1774 1551/3492/1907
f 1551/3496/4 1552/3497/4 1553/3498/4
f 1554/3499/4 1553/3498/4 1552/3497/4
f 1553/3500/1945 1554/3501/1830 1555/3502/2024
f 1556/3503/1757 1557/3504/504 1555/3505/1227
f 1558/3506/47 1555/3505/47 1557/3504/47
f 1445/3507/2031 1559/3508/2032 1560/3509/2033
f 1560/3509/2034 1442/3264/2035 1445/3507/2036
f 1557/3510/47 1556/3511/47 1561/3512/47
f 1562/3513/2037 1561/3514/2038 1556/3515/1471
f 1554/3501/2039 1562/3513/2040 1556/3515/2041
f 1562/3516/4 1554/3517/4 1552/3518/4
f 1554/3501/1774 1556/3515/1774 1555/3502/1907
f 1528/3444/1948 1548/3483/1946 1549/3519/1774
f 1563/3520/1945 1528/3444/1830 1549/3519/2024
f 1528/3436/47 1563/3521/47 1526/3437/47
f 1528/3444/183 1527/3522/183 1529/3445/10
f 1527/3522/10 1525/3523/11 1529/3445/10
f 1546/3479/47 1547/3481/47 1548/3524/47
f 1537/3454/1168 1543/3471/1168 1546/3525/1168
f 1476/3329/1690 1496/3365/1690 1491/3526/2042
f 1564/3527/1731 1476/3329/1690 1491/3526/1691
f 1565/3528/2004 1564/3527/2043 1488/3529/1740
f 1565/3528/1692 1476/3329/2008 1564/3527/2044
f 1477/3346/4 1476/3530/4 1488/3348/4
f 1566/3531/1537 1568/3532/1177 1567/3533/1177
f 1569/3534/2045 1423/3535/2046 1460/3536/2047
f 1570/3537/2048 1569/3534/2049 1460/3536/2050
f 1460/3536/2051 1456/3297/2052 1570/3537/2053
f 1569/3538/4 1422/3245/4 1423/3244/4
f 1571/3539/1699 1572/3540/2054 1573/3541/1699
f 1427/3542/1740 1574/3543/1775 1572/3544/1740
f 1574/3545/4 1573/3541/4 1572/3540/4
f 1427/3542/1268 1422/3546/1268 1574/3543/1268
f 1427/3249/4 1576/3547/4 1575/3548/4
f 1577/3549/1774 1428/3550/1946 1575/3551/1774
f 1578/3552/4 1579/3553/4 1577/3554/4
f 1580/3555/4 1577/3554/4 1579/3553/4
f 1429/3556/2055 1428/3550/1305 1580/3557/1268
f 1579/3558/1740 1581/3559/1740 1429/3556/1740
f 1429/3251/4 1581/3560/4 1430/3252/4
f 1430/3252/1721 1581/3560/27 1582/3561/1706
f 1583/3562/1336 1584/3563/1699 1585/3564/1699
f 1586/3565/1706 1585/3564/1721 1584/3563/27
f 1431/3566/1973 1585/3567/1972 1586/3568/1964
f 1586/3568/1740 1587/3569/1740 1431/3566/1740
f 1431/3253/4 1587/3570/4 1588/3571/4
f 1589/3572/1695 1591/3573/1175 1590/3574/1956
f 1592/3575/4 1589/3572/4 1590/3574/4
f 1593/3576/4 1595/3577/4 1594/3578/4
f 1596/3579/200 1593/3576/1956 1594/3578/1695
f 1433/3580/1897 1593/3581/1775 1596/3582/1897
f 1597/3583/4 1599/3584/4 1598/3585/4
f 1600/3586/1721 1597/3583/1486 1598/3585/27
f 1597/3587/2055 1600/3588/1305 1434/3589/1268
f 1435/3257/1699 1602/3590/1699 1601/3591/2054
f 1603/3592/1774 1604/3593/1774 1601/3594/1774
f 1603/3595/4 1605/3596/4 1606/3597/4
f 1605/3596/4 1607/3598/4 1606/3597/4
f 1436/3599/1897 1606/3600/1775 1607/3601/1897
f 1607/3601/2004 1570/3537/2056 1436/3599/1740
f 1436/3258/1699 1570/3602/1699 1456/3603/2054
f 1437/3259/1721 1436/3258/1486 1456/3603/27
f 1601/3594/128 1570/3537/127 1607/3601/128
f 1607/3601/127 1605/3604/127 1601/3594/127
f 1601/3594/2057 1602/3605/2058 1570/3537/2059
f 1598/3606/128 1599/3607/127 1608/3608/128
f 1608/3608/1774 1599/3607/1777 1597/3587/1774
f 1608/3608/2060 1569/3534/2061 1570/3537/2062
f 1609/3609/2063 1569/3534/2064 1608/3608/2065
f 1609/3609/2066 1608/3608/2067 1610/3610/2068
f 1610/3610/122 1611/3611/122 1609/3609/122
f 1569/3534/2069 1609/3609/2070 1587/3569/2071
f 1587/3569/2072 1575/3551/2073 1576/3612/2074
f 1592/3613/127 1590/3614/127 1588/3615/128
f 1569/3534/127 1576/3612/2075 1572/3544/128
f 1586/3568/127 1584/3616/127 1582/3617/128
f 1575/3551/47 1582/3617/47 1581/3559/47
f 1575/3551/128 1581/3559/127 1579/3558/127
f 1575/3551/1947 1578/3618/1777 1577/3549/1948
f 1596/3582/128 1594/3619/127 1611/3611/128
f 1611/3611/1774 1594/3619/1777 1595/3620/1774
f 1436/3599/1268 1604/3593/1305 1606/3600/1268
f 1595/3620/2055 1593/3581/1305 1612/3621/1268
f 1431/3566/1268 1430/3622/1268 1585/3567/1638
f 1451/3289/2076 1452/3288/128 1449/3283/127
f 1456/3297/1774 1457/3623/1777 1455/3295/1774
f 1419/3624/1972 1420/3313/1973 1421/3625/1973
f 1423/3314/1740 1421/3625/1740 1420/3313/1740
f 1472/3626/1422 1424/3246/1933 1426/3248/141
f 1421/3243/4 1424/3246/4 1472/3626/4
f 1427/3249/4 1424/3246/4 1422/3245/4
f 1429/3251/4 1424/3246/4 1428/3250/4
f 1431/3253/4 1424/3246/4 1430/3252/4
f 1613/3627/4 1424/3246/4 1432/3254/4
f 1612/3628/4 1424/3246/4 1613/3627/4
f 1433/3255/4 1424/3246/4 1612/3628/4
f 1604/3629/4 1424/3246/8 1435/3257/4
f 1436/3258/199 1424/3246/4 1604/3629/199
f 1439/3263/1268 1440/3262/1268 1441/3265/1638
f 1441/3272/1380 1438/3271/1381 1439/3630/1382
f 1438/3260/4 1437/3259/4 1439/3631/4
f 1450/3284/2077 1437/3261/2078 1454/3291/1305
f 1457/3623/2079 1456/3297/2080 1452/3288/2081
f 1447/3281/127 1456/3297/127 1446/3632/2082
f 1456/3297/2083 1460/3536/2084 1446/3632/2085
f 1459/3633/128 1446/3632/128 1460/3536/127
f 1446/3632/2086 1459/3633/2087 1445/3507/2088
f 1458/3301/12 1459/3300/13 1614/3634/13
f 1460/3635/18 1614/3636/17 1459/3637/17
f 1614/3636/18 1460/3635/18 1615/3638/17
f 1460/3302/4 1461/3303/4 1615/3639/4
f 1462/3640/247 1461/3303/1459 1423/3244/427
f 1467/3311/239 1463/3306/2089 1464/3305/2090
f 1466/3309/47 1467/3308/47 1468/3641/47
f 1464/3642/212 1462/3643/212 1467/3644/213
f 1468/3310/128 1462/3304/128 1470/3645/128
f 1470/3645/127 1462/3304/128 1416/3237/128
f 1416/3237/2091 1462/3304/2092 1418/3238/2093
f 1462/3643/2094 1423/3535/2095 1469/3646/2096
f 1470/3317/4 1417/3316/4 1471/3647/4
f 1616/3648/2097 1426/3320/1268 1568/3649/2098
f 1471/3318/2055 1426/3320/2055 1616/3648/2055
f 1415/3321/2099 1426/3320/2100 1417/3319/2101
f 1419/3324/1960 1472/3322/2102 1415/3321/2103
f 1616/3650/1775 1468/3310/1740 1471/3651/1740
f 1470/3645/1740 1471/3651/1740 1468/3310/1897
f 1473/3652/47 1468/3641/47 1616/3653/47
f 1468/3641/47 1473/3652/47 1466/3309/47
f 1478/3331/1690 1483/3338/1690 1480/3333/1690
f 1483/3338/1690 1484/3337/1690 1486/3340/1690
f 1490/3350/1811 1477/3346/2104 1489/3349/2105
f 1487/3347/1704 1477/3346/1704 1490/3350/1703
f 1502/3654/1704 1509/3655/1704 1504/3656/1703
f 1502/3657/1775 1505/3390/1740 1509/3392/1740
f 1510/3658/47 1520/3423/47 1509/3424/47
f 1511/3416/1704 1504/3656/1704 1509/3655/1704
f 1517/3403/2106 1506/3402/2107 1513/3397/2007
f 1521/3413/1690 1520/3411/1691 1505/3390/1690
f 1522/3659/10 1529/3445/10 1525/3523/2108
f 1522/3660/1972 1523/3438/1973 1529/3440/1974
f 1547/3661/2109 1528/3444/2110 1534/3448/2111
f 1528/3444/2112 1547/3661/2113 1548/3483/2114
f 1532/3662/1938 1531/3663/1939 1533/3664/1940
f 1535/3665/1945 1533/3664/1830 1531/3663/2024
f 1539/3470/1168 1537/3454/1168 1530/3458/1168
f 1523/3666/1168 1542/3469/1442 1530/3458/1168
f 1546/3525/1168 1536/3455/1442 1537/3454/2115
f 1475/3328/1972 1498/3667/2116 1497/3668/1973
f 1498/3667/1972 1475/3328/2116 1474/3326/1973
f 1491/3526/1785 1496/3365/2117 1494/3364/1761
f 1491/3359/1893 1489/3669/1997 1564/3670/1995
f 1489/3669/47 1491/3359/47 1490/3671/47
f 1488/3529/1775 1564/3527/1740 1489/3672/1740
f 1488/3673/4 1476/3674/4 1565/3675/4
f 1482/3336/47 1480/3335/47 1483/3676/47
f 1479/3332/1972 1480/3333/2116 1481/3677/1973
f 1473/3652/47 1616/3653/47 1566/3678/47
f 1616/3648/2118 1568/3649/2119 1566/3679/2120
f 1473/3652/47 1566/3678/47 1567/3680/47
f 1425/3681/1177 1568/3532/1177 1426/3682/1177
f 1567/3533/1709 1568/3532/1177 1425/3681/1177
f 1463/3306/166 1467/3311/2121 1465/3683/1825
f 1461/3303/4 1462/3640/4 1463/3684/4
f 1422/3546/2122 1569/3534/1939 1573/3685/2028
f 1571/3686/1945 1573/3685/1830 1569/3534/1944
f 1571/3686/129 1569/3534/128 1572/3544/128
f 1576/3612/1775 1427/3542/1740 1572/3544/1740
f 1574/3543/1305 1422/3546/1268 1573/3685/1268
f 1580/3557/1268 1428/3550/1268 1577/3549/1268
f 1580/3557/1775 1579/3558/1740 1429/3556/1740
f 1430/3622/1946 1582/3617/1907 1583/3687/1774
f 1584/3616/1777 1583/3687/1774 1582/3617/1774
f 1432/3688/1777 1588/3615/1907 1591/3689/1774
f 1590/3614/1777 1591/3689/1774 1588/3615/1774
f 1589/3690/2123 1592/3613/1967 1613/3691/2124
f 1609/3609/2056 1613/3691/1740 1592/3613/1740
f 1612/3621/1774 1611/3611/1774 1595/3620/1774
f 1610/3610/1972 1433/3580/1967 1596/3582/2124
f 1610/3692/4 1434/3256/4 1433/3255/4
f 1434/3589/1946 1608/3608/1774 1597/3587/1774
f 1600/3588/2043 1598/3606/1897 1435/3693/2125
f 1602/3605/1740 1435/3693/1740 1598/3606/1740
f 1605/3604/1774 1603/3592/1774 1601/3594/1774
f 1602/3605/127 1598/3606/128 1608/3608/128
f 1570/3537/2126 1602/3605/2127 1608/3608/2128
f 1609/3694/4 1611/3695/4 1613/3627/4
f 1613/3627/4 1611/3695/4 1612/3628/4
f 1610/3692/4 1608/3696/4 1434/3256/4
f 1427/3249/1486 1575/3548/27 1428/3250/1721
f 1569/3534/2129 1587/3569/2130 1576/3612/2131
f 1609/3609/127 1592/3613/128 1588/3615/127
f 1587/3569/2132 1609/3609/2133 1588/3615/2134
f 1431/3253/4 1588/3571/4 1432/3254/4
f 1587/3569/127 1586/3568/127 1582/3617/127
f 1575/3551/2135 1587/3569/2136 1582/3617/2137
f 1578/3618/127 1575/3551/128 1579/3558/127
f 1610/3610/127 1596/3582/128 1611/3611/128
f 1435/3257/4 1601/3591/4 1604/3629/4
f 1606/3600/1305 1604/3593/1305 1603/3592/1268
f 1434/3589/1305 1600/3588/1268 1435/3693/2055
f 1612/3621/1305 1593/3581/1268 1433/3580/2055
f 1432/3688/2138 1589/3690/2139 1613/3691/2140
f 1589/3690/1268 1432/3688/1268 1591/3689/1638
f 1585/3567/1268 1430/3622/1268 1583/3687/1638
f 1617/3697/2141 1619/3698/2142 1618/3699/2143
f 1620/3700/2144 1617/3697/2145 1618/3699/2146
f 1621/3701/4 1617/3702/4 1620/3703/4
f 1622/3704/4 1621/3701/4 1620/3703/4
f 1623/3705/294 1625/3706/689 1624/3707/689
f 1623/3705/255 1624/3707/4 1626/3708/4
f 1627/3709/4 1628/3710/4 1626/3708/4
f 1629/3711/4 1630/3712/4 1626/3708/4
f 1631/3713/4 1632/3714/4 1626/3708/256
f 1633/3715/4 1634/3716/4 1626/3708/256
f 1635/3717/2147 1636/3718/432 1626/3708/2147
f 1636/3718/314 1637/3719/294 1626/3708/314
f 1638/3720/4 1639/3721/4 1626/3708/4
f 1626/3708/4 1639/3721/4 1640/3722/4
f 1639/3723/366 1642/3724/365 1641/3725/367
f 1642/3724/494 1644/3726/494 1643/3727/494
f 1644/3728/2148 1645/3729/2149 1643/3730/2149
f 1646/3731/2148 1643/3730/2149 1645/3729/2149
f 1646/3732/650 1640/3733/474 1643/3734/474
f 1647/3735/583 1644/3736/584 1648/3737/584
f 1644/3736/584 1642/3738/583 1648/3737/584
f 1649/3739/4 1648/3740/4 1642/3741/4
f 1650/3742/432 1649/3739/805 1642/3741/805
f 1649/3743/586 1650/3744/587 1651/3745/587
f 1652/3746/587 1651/3745/587 1650/3744/587
f 1651/3747/2150 1652/3748/2151 1653/3749/427
f 1654/3750/2152 1653/3751/2153 1655/3752/584
f 1656/3753/583 1654/3750/584 1655/3752/584
f 1656/3754/4 1657/3755/4 1654/3756/4
f 1657/3757/406 1656/3753/2154 1639/3723/2155
f 1652/3746/365 1650/3744/494 1639/3723/365
f 1650/3744/2156 1642/3724/2157 1639/3723/2156
f 1656/3753/365 1655/3752/494 1652/3746/365
f 1652/3748/779 1655/3758/294 1653/3749/689
f 1657/3757/584 1639/3723/583 1658/3759/584
f 1659/3760/4 1654/3756/4 1657/3755/4
f 1651/3745/2158 1654/3750/770 1658/3759/770
f 1649/3743/770 1651/3745/770 1658/3759/770
f 1647/3761/2159 1661/3762/2160 1660/3763/2161
f 1662/3764/4 1625/3706/4 1663/3765/4
f 1664/3766/647 1666/3767/647 1665/3768/647
f 1667/3769/47 1669/3770/47 1668/3771/47
f 1670/3772/770 1669/3773/2158 1664/3766/770
f 1620/3700/2162 1664/3766/2163 1671/3774/2164
f 1622/3775/770 1620/3700/770 1671/3774/770
f 1671/3774/2165 1625/3776/2166 1622/3775/2167
f 1618/3777/812 1619/3778/599 1672/3779/839
f 1673/3780/494 1619/3781/672 1628/3782/365
f 1628/3782/365 1617/3783/365 1674/3784/365
f 1623/3785/365 1674/3784/365 1621/3786/365
f 1675/3787/587 1676/3788/586 1668/3789/587
f 1677/3790/2168 1668/3789/792 1676/3788/792
f 1677/3790/2169 1678/3791/2170 1668/3789/2169
f 1679/3792/587 1668/3789/587 1678/3791/587
f 1680/3793/587 1668/3789/587 1679/3792/2171
f 1668/3789/790 1680/3793/2172 1681/3794/792
f 1680/3793/587 1682/3795/587 1681/3794/587
f 1683/3796/47 1682/3797/47 1684/3798/47
f 1680/3793/2173 1686/3799/525 1685/3800/2174
f 1686/3799/586 1687/3801/587 1688/3802/587
f 1686/3803/47 1680/3804/47 1687/3805/47
f 1687/3805/47 1680/3804/47 1679/3806/47
f 1687/3807/706 1679/3808/2175 1689/3809/2176
f 1690/3810/2177 1691/3811/2178 1679/3808/2179
f 1689/3809/4 1692/3812/4 1685/3813/4
f 1688/3814/4 1689/3809/4 1685/3813/4
f 1687/3801/587 1689/3815/586 1688/3802/587
f 1684/3816/2180 1685/3813/2181 1692/3812/2182
f 1692/3812/2183 1693/3817/2184 1684/3816/2185
f 1693/3817/2186 1694/3818/2187 1684/3816/2188
f 1695/3819/4 1694/3820/4 1693/3821/4
f 1696/3822/4 1695/3823/4 1693/3817/4
f 1697/3824/2189 1695/3825/2190 1696/3826/2191
f 1698/3827/586 1697/3824/587 1696/3826/587
f 1678/3828/47 1697/3829/47 1698/3830/47
f 1677/3831/47 1697/3829/47 1678/3828/47
f 1697/3832/2192 1677/3833/2193 1695/3823/2194
f 1694/3818/2195 1695/3823/2196 1677/3833/2196
f 1699/3834/2192 1694/3818/2197 1677/3833/2198
f 1700/3835/47 1701/3836/47 1699/3837/47
f 1694/3820/635 1699/3837/634 1701/3836/2199
f 1684/3816/2200 1694/3818/2201 1701/3838/2202
f 1702/3839/2189 1684/3840/2190 1701/3841/2145
f 1703/3842/587 1702/3839/587 1701/3841/587
f 1703/3843/47 1704/3844/47 1702/3845/47
f 1705/3846/307 1702/3845/612 1704/3844/342
f 1706/3847/614 1705/3846/341 1704/3844/613
f 1707/3848/152 1704/3844/152 1703/3843/47
f 1708/3849/47 1709/3850/47 1703/3843/47
f 1710/3851/2203 1708/3849/363 1703/3843/2204
f 1707/3848/47 1703/3843/47 1709/3850/47
f 1707/3852/587 1712/3853/586 1711/3854/587
f 1705/3855/587 1706/3856/587 1713/3857/587
f 1705/3855/586 1713/3857/587 1714/3858/587
f 1715/3859/588 1714/3858/587 1713/3857/587
f 1716/3860/587 1714/3858/587 1715/3859/2205
f 1710/3861/587 1716/3860/587 1715/3859/587
f 1717/3862/586 1710/3861/587 1715/3859/587
f 1708/3849/306 1710/3851/342 1717/3863/341
f 1708/3864/526 1717/3862/527 1715/3859/526
f 1708/3864/587 1719/3865/586 1718/3866/587
f 1718/3866/587 1709/3867/586 1708/3864/587
f 1720/3868/541 1709/3869/540 1718/3870/541
f 1718/3870/541 1721/3871/540 1720/3868/541
f 1721/3872/587 1722/3873/587 1720/3874/587
f 1723/3875/586 1720/3874/587 1722/3873/587
f 1720/3876/47 1723/3877/47 1707/3848/47
f 1722/3873/527 1712/3853/527 1707/3852/527
f 1720/3876/614 1707/3848/341 1709/3850/342
f 1713/3878/2206 1722/3879/2207 1721/3871/2208
f 1715/3880/342 1721/3881/341 1718/3882/306
f 1718/3882/341 1719/3883/342 1715/3880/614
f 1713/3884/2209 1721/3881/2210 1715/3880/2211
f 1722/3885/47 1713/3884/47 1711/3886/47
f 1716/3887/47 1725/3888/47 1724/3889/47
f 1714/3890/47 1716/3887/47 1724/3889/47
f 1724/3889/47 1726/3891/47 1714/3890/47
f 1724/3889/2212 1727/3892/2213 1726/3891/2214
f 1726/3893/586 1727/3894/587 1728/3895/587
f 1729/3896/587 1728/3895/587 1727/3894/587
f 1729/3897/47 1730/3898/47 1728/3899/47
f 1725/3900/2215 1732/3901/790 1731/3902/2168
f 1731/3903/1256 1732/3904/2216 1733/3905/62
f 1730/3906/2217 1731/3907/2218 1734/3908/2219
f 1735/3909/2220 1736/3910/764 1730/3906/764
f 1734/3908/2217 1735/3909/2221 1730/3906/2222
f 1733/3905/47 1734/3911/47 1731/3903/47
f 1735/3912/923 1737/3913/689 1736/3914/2223
f 1738/3915/432 1736/3914/2151 1737/3913/816
f 1739/3916/276 1738/3917/276 1737/3918/292
f 1739/3916/468 1737/3918/2224 1733/3919/2225
f 1733/3919/2226 1732/3920/2227 1739/3916/2224
f 1740/3921/47 1739/3922/47 1741/3923/47
f 1741/3923/47 1742/3924/47 1740/3921/47
f 1743/3925/587 1742/3926/587 1741/3927/587
f 1744/3928/586 1743/3925/587 1741/3927/587
f 1744/3929/2214 1725/3888/2203 1743/3930/362
f 1743/3930/47 1725/3888/47 1716/3887/47
f 1732/3920/276 1744/3931/276 1741/3932/293
f 1745/3933/2228 1739/3916/2229 1740/3934/2230
f 1746/3935/584 1745/3933/584 1740/3934/584
f 1746/3936/130 1747/3937/383 1745/3938/2016
f 1745/3938/47 1747/3937/47 1748/3939/47
f 1747/3937/47 1738/3940/47 1748/3939/47
f 1748/3941/47 1738/3942/47 1749/3943/47
f 1736/3944/2214 1749/3943/2213 1738/3942/362
f 1750/3945/2231 1749/3946/2232 1736/3947/2233
f 1750/3948/47 1736/3949/47 1751/3950/47
f 1736/3949/47 1752/3951/47 1751/3950/47
f 1752/3952/687 1736/3953/684 1753/3954/2234
f 1754/3955/2229 1753/3954/2230 1747/3956/2235
f 1738/3957/584 1747/3956/584 1753/3954/584
f 1736/3953/584 1738/3957/584 1753/3954/584
f 1753/3958/4 1754/3959/4 1755/3960/4
f 1756/3961/4 1755/3960/4 1754/3959/4
f 1755/3962/584 1756/3963/584 1757/3964/584
f 1758/3965/47 1759/3966/47 1757/3967/47
f 1760/3968/47 1757/3967/47 1759/3966/47
f 1647/3969/2236 1761/3970/2237 1762/3971/2238
f 1762/3971/2239 1644/3726/2240 1647/3969/2241
f 1759/3972/47 1758/3973/47 1763/3974/47
f 1764/3975/2242 1763/3976/2243 1758/3977/2244
f 1756/3963/2243 1764/3975/2244 1758/3977/2245
f 1764/3978/4 1756/3979/4 1754/3980/4
f 1756/3963/584 1758/3977/583 1757/3964/584
f 1730/3906/2246 1750/3945/2247 1751/3981/2248
f 1765/3982/2153 1730/3906/584 1751/3981/2152
f 1730/3898/47 1765/3983/47 1728/3899/47
f 1730/3906/764 1729/3984/764 1731/3907/2249
f 1729/3984/764 1727/3985/2250 1731/3907/764
f 1748/3941/47 1749/3943/47 1750/3986/47
f 1739/3916/2251 1745/3933/2252 1748/3987/2253
f 1678/3791/526 1698/3827/574 1693/3988/526
f 1766/3989/577 1678/3791/526 1693/3988/527
f 1767/3990/792 1766/3989/790 1690/3991/2172
f 1767/3990/578 1678/3791/580 1766/3989/2254
f 1679/3808/4 1678/3992/4 1690/3810/4
f 1768/3993/815 1770/3994/701 1769/3995/2255
f 1771/3996/2256 1625/3997/2257 1662/3998/2258
f 1772/3999/2259 1771/3996/2260 1662/3998/2261
f 1662/3998/2262 1658/3759/2263 1772/3999/2264
f 1771/4000/4 1624/3707/4 1625/3706/4
f 1773/4001/805 1774/4002/2265 1775/4003/805
f 1629/4004/587 1776/4005/2142 1774/4006/587
f 1776/4007/4 1775/4003/4 1774/4002/4
f 1629/4004/494 1624/4008/365 1776/4005/494
f 1629/3711/4 1778/4009/4 1777/4010/4
f 1779/4011/584 1630/4012/583 1777/4013/584
f 1780/4014/4 1781/4015/4 1779/4016/4
f 1782/4017/4 1779/4016/4 1781/4015/4
f 1631/4018/370 1630/4012/2266 1782/4019/2267
f 1781/4020/792 1783/4021/790 1631/4018/2168
f 1631/3713/284 1783/4022/522 1632/3714/598
f 1632/3714/4 1783/4022/4 1784/4023/4
f 1785/4024/4 1786/4025/4 1787/4026/4
f 1788/4027/1004 1787/4026/598 1786/4025/522
f 1633/4028/587 1787/4029/587 1788/4030/587
f 1788/4030/587 1789/4031/586 1633/4028/587
f 1633/3715/4 1789/4032/4 1790/4033/4
f 1791/4034/4 1793/4035/4 1792/4036/4
f 1794/4037/923 1791/4034/689 1792/4036/689
f 1795/4038/4 1797/4039/4 1796/4040/4
f 1798/4041/4 1795/4038/4 1796/4040/4
f 1635/4042/2205 1795/4043/2142 1798/4044/587
f 1799/4045/4 1801/4046/4 1800/4047/4
f 1802/4048/689 1799/4045/294 1800/4047/2268
f 1799/4049/494 1802/4050/365 1636/4051/494
f 1637/3719/4 1804/4052/4 1803/4053/4
f 1805/4054/2269 1806/4055/687 1803/4056/684
f 1805/4057/294 1807/4058/689 1808/4059/689
f 1807/4058/522 1809/4060/1004 1808/4059/598
f 1638/4061/792 1808/4062/790 1809/4063/2168
f 1809/4063/587 1772/3999/586 1638/4061/588
f 1638/3720/4 1772/4064/4 1658/4065/4
f 1639/3721/4 1638/3720/4 1658/4065/4
f 1803/4056/2270 1772/3999/2271 1809/4063/2272
f 1809/4063/2270 1807/4066/2273 1803/4056/2272
f 1803/4056/2274 1804/4067/2275 1772/3999/2276
f 1800/4068/770 1801/4069/1095 1810/4070/770
f 1810/4070/2277 1801/4069/584 1799/4049/584
f 1810/4070/2278 1771/3996/2279 1772/3999/2280
f 1811/4071/2281 1771/3996/2282 1810/4070/2283
f 1811/4071/2284 1810/4070/2285 1812/4072/2286
f 1812/4072/2287 1813/4073/2288 1811/4071/2289
f 1771/3996/2290 1811/4071/2291 1789/4031/2292
f 1789/4031/2293 1777/4013/2294 1778/4074/2295
f 1794/4075/770 1792/4076/770 1790/4077/2296
f 1771/3996/770 1778/4074/2158 1774/4006/2297
f 1788/4030/770 1786/4078/1095 1784/4079/770
f 1777/4013/2298 1784/4079/2299 1783/4021/2300
f 1777/4013/770 1783/4021/770 1781/4020/770
f 1777/4013/584 1780/4080/584 1779/4011/584
f 1798/4044/770 1796/4081/1095 1813/4073/770
f 1813/4073/2277 1796/4081/584 1797/4082/584
f 1638/4061/494 1806/4055/365 1808/4062/494
f 1797/4082/406 1795/4043/404 1814/4083/2301
f 1633/4028/494 1632/4084/365 1787/4029/494
f 1653/3751/770 1654/3750/770 1651/3745/770
f 1658/3759/584 1659/4085/2302 1657/3757/2303
f 1621/4086/2304 1622/3775/2143 1623/4087/792
f 1625/3776/2304 1623/4087/2168 1622/3775/2189
f 1674/4088/4 1626/3708/4 1628/3710/4
f 1623/3705/432 1626/3708/2305 1674/4088/805
f 1629/3711/4 1626/3708/256 1624/3707/4
f 1631/3713/255 1626/3708/4 1630/3712/255
f 1633/3715/283 1626/3708/26 1632/3714/176
f 1815/4089/255 1626/3708/4 1634/3716/255
f 1814/4090/255 1626/3708/4 1815/4089/255
f 1635/3717/4 1626/3708/256 1814/4090/4
f 1806/4091/4 1626/3708/256 1637/3719/4
f 1638/3720/255 1626/3708/4 1806/4091/255
f 1641/3725/671 1642/3724/367 1643/3727/494
f 1643/3734/474 1640/3733/474 1641/4092/650
f 1640/3722/4 1639/3721/4 1641/4093/4
f 1652/3746/672 1639/3723/672 1656/3753/672
f 1659/4085/770 1658/3759/2306 1654/3750/770
f 1649/3743/2307 1658/3759/2308 1648/4094/2309
f 1658/3759/770 1662/3998/2158 1648/4094/770
f 1661/4095/770 1648/4094/770 1662/3998/770
f 1648/4094/808 1661/4095/809 1647/3969/2310
f 1660/3763/2161 1661/3762/2159 1816/4096/2311
f 1662/4097/557 1816/4098/2312 1661/4099/557
f 1816/4098/557 1662/4097/557 1817/4100/565
f 1662/3764/4 1663/3765/4 1817/4101/4
f 1664/4102/2150 1663/3765/403 1625/3706/2313
f 1669/3773/647 1665/3768/1079 1666/3767/647
f 1668/3771/1255 1669/3770/2314 1670/4103/2213
f 1666/4104/46 1664/4105/46 1669/4106/46
f 1670/3772/770 1664/3766/770 1672/4107/770
f 1672/4107/770 1664/3766/2296 1618/3699/770
f 1618/3699/770 1664/3766/770 1620/3700/770
f 1664/4105/2315 1625/3997/2316 1671/4108/2317
f 1672/3779/4 1619/3778/4 1673/4109/4
f 1818/4110/494 1628/3782/365 1770/4111/494
f 1673/3780/365 1628/3782/365 1818/4110/365
f 1617/3783/365 1628/3782/365 1619/3781/494
f 1621/3786/672 1674/3784/672 1617/3783/365
f 1818/4112/2142 1670/3772/587 1673/4113/2171
f 1672/4107/586 1673/4113/587 1670/3772/2318
f 1675/4114/2319 1670/4103/2214 1818/4115/2214
f 1670/4103/47 1675/4114/47 1668/3771/47
f 1680/3793/526 1685/3800/2320 1682/3795/571
f 1685/3800/577 1686/3799/526 1688/3802/527
f 1692/3812/2321 1679/3808/2322 1691/3811/2323
f 1689/3809/751 1679/3808/2324 1692/3812/2325
f 1704/4116/2326 1711/4117/540 1706/4118/540
f 1704/4119/586 1707/3852/587 1711/3854/587
f 1712/4120/47 1722/3885/47 1711/3886/47
f 1713/3878/2326 1706/4118/540 1711/4117/540
f 1719/3865/527 1708/3864/526 1715/3859/526
f 1723/3875/527 1722/3873/527 1707/3852/527
f 1724/4121/2327 1731/3907/2221 1727/3985/2328
f 1724/4122/586 1725/3900/587 1731/3902/587
f 1749/4123/764 1730/3906/764 1736/3910/764
f 1730/3906/2221 1749/4123/2329 1750/3945/2330
f 1734/4124/584 1733/4125/584 1735/4126/584
f 1737/4127/583 1735/4126/2277 1733/4125/584
f 1741/3932/276 1739/3916/276 1732/3920/276
f 1725/4128/276 1744/3931/276 1732/3920/2331
f 1748/3987/2332 1738/3917/2332 1739/3916/2332
f 1677/3790/790 1700/4129/2333 1699/4130/2145
f 1700/4129/587 1677/3790/587 1676/3788/587
f 1693/3988/527 1698/3827/527 1696/3826/527
f 1693/3821/47 1691/4131/47 1766/4132/47
f 1691/4131/47 1693/3821/47 1692/4133/47
f 1690/3991/790 1766/3989/2172 1691/4134/2191
f 1690/4135/689 1678/4136/779 1767/4137/600
f 1684/3798/47 1682/3797/47 1685/4138/47
f 1681/3794/586 1682/3795/587 1683/4139/587
f 1675/4114/47 1818/4115/47 1768/4140/47
f 1818/4110/672 1770/4111/2334 1768/4141/494
f 1675/4114/47 1768/4140/47 1769/4142/47
f 1627/4143/702 1770/3994/2335 1628/4144/701
f 1769/3995/534 1770/3994/534 1627/4143/534
f 1665/3768/647 1669/3773/647 1667/4145/647
f 1663/3765/4 1664/4102/4 1665/4146/4
f 1624/4008/583 1771/3996/584 1775/4147/584
f 1773/4148/584 1775/4147/584 1771/3996/584
f 1773/4148/770 1771/3996/770 1774/4006/770
f 1778/4074/2336 1629/4004/587 1774/4006/2143
f 1776/4005/365 1624/4008/494 1775/4147/494
f 1782/4019/2266 1630/4012/2267 1779/4011/370
f 1782/4019/790 1781/4020/792 1631/4018/792
f 1632/4084/583 1784/4079/584 1785/4149/584
f 1786/4078/584 1785/4149/584 1784/4079/584
f 1634/4150/2229 1790/4077/2230 1793/4151/682
f 1792/4076/584 1793/4151/584 1790/4077/2277
f 1791/4152/790 1794/4075/2145 1815/4153/2189
f 1811/4071/586 1815/4153/587 1794/4075/587
f 1814/4083/583 1813/4073/584 1797/4082/584
f 1812/4072/586 1635/4042/588 1798/4044/587
f 1812/4154/4 1636/3718/4 1635/3717/4
f 1636/4051/583 1810/4070/584 1799/4049/584
f 1802/4050/586 1800/4068/587 1637/4155/587
f 1804/4067/586 1637/4155/587 1800/4068/587
f 1807/4066/2302 1805/4054/584 1803/4056/584
f 1804/4067/770 1800/4068/770 1810/4070/2337
f 1772/3999/2338 1804/4067/2339 1810/4070/2340
f 1811/4156/522 1813/4157/1004 1815/4089/598
f 1815/4089/4 1813/4157/4 1814/4090/4
f 1812/4154/522 1810/4158/1004 1636/3718/598
f 1629/3711/294 1777/4010/2268 1630/3712/689
f 1771/3996/2341 1789/4031/2342 1778/4074/2343
f 1811/4071/2158 1794/4075/770 1790/4077/770
f 1789/4031/2344 1811/4071/2345 1790/4077/2346
f 1633/3715/4 1790/4033/4 1634/3716/4
f 1789/4031/770 1788/4030/770 1784/4079/770
f 1777/4013/2347 1789/4031/2348 1784/4079/2349
f 1780/4080/1095 1777/4013/770 1781/4020/770
f 1812/4072/2158 1798/4044/770 1813/4073/770
f 1637/3719/4 1803/4053/4 1806/4091/4
f 1808/4062/672 1806/4055/365 1805/4054/494
f 1636/4051/365 1802/4050/365 1637/4155/494
f 1814/4083/2154 1795/4043/2301 1635/4042/406
f 1634/4150/365 1791/4152/494 1815/4153/365
f 1791/4152/365 1634/4150/365 1793/4151/494
f 1787/4029/672 1632/4084/365 1785/4149/494
f 1819/4159/906 1821/4160/907 1820/4161/906
f 1822/4162/2350 1819/4159/908 1820/4161/2351
f 1823/4163/4 1819/4164/4 1822/4165/4
f 1824/4166/1128 1823/4163/752 1822/4165/707
f 1825/4167/2265 1827/4168/841 1826/4169/841
f 1825/4167/255 1826/4169/4 1828/4170/4
f 1829/4171/4 1830/4172/4 1828/4170/4
f 1831/4173/255 1832/4174/4 1828/4170/4
f 1833/4175/283 1834/4176/1004 1828/4170/284
f 1835/4177/4 1836/4178/4 1828/4170/256
f 1837/4179/4 1838/4180/4 1828/4170/4
f 1838/4180/255 1839/4181/255 1828/4170/4
f 1840/4182/283 1841/4183/1004 1828/4170/284
f 1828/4170/4 1841/4183/4 1842/4184/4
f 1841/4185/765 1844/4186/764 1843/4187/764
f 1844/4186/764 1846/4188/764 1845/4189/2352
f 1846/4190/2353 1847/4191/2354 1845/4192/2355
f 1848/4193/2159 1845/4192/2159 1847/4191/2160
f 1848/4194/814 1842/4195/737 1845/4196/2356
f 1849/4197/2357 1846/4198/2358 1850/4199/2359
f 1846/4198/2360 1844/4200/2357 1850/4199/2361
f 1851/4201/4 1850/4202/4 1844/4203/4
f 1852/4204/923 1851/4201/1314 1844/4203/2362
f 1851/4205/907 1852/4206/907 1853/4207/907
f 1854/4208/907 1853/4207/907 1852/4206/907
f 1853/4209/1128 1854/4210/752 1855/4211/707
f 1856/4212/2363 1855/4213/2364 1857/4214/2365
f 1858/4215/901 1856/4212/902 1857/4214/902
f 1858/4216/4 1859/4217/4 1856/4218/4
f 1859/4219/764 1858/4215/764 1841/4185/764
f 1854/4208/2366 1852/4206/2221 1841/4185/2367
f 1852/4206/764 1844/4186/764 1841/4185/2368
f 1858/4215/764 1857/4214/2369 1854/4208/764
f 1854/4210/4 1857/4220/4 1855/4211/4
f 1859/4219/902 1841/4185/901 1860/4221/990
f 1861/4222/4 1856/4218/4 1859/4217/4
f 1853/4207/2370 1856/4212/2371 1860/4221/876
f 1851/4205/876 1853/4207/876 1860/4221/876
f 1849/4223/2372 1863/4224/2373 1862/4225/2374
f 1864/4226/4 1827/4168/4 1865/4227/4
f 1866/4228/1084 1868/4229/2375 1867/4230/2376
f 1869/4231/47 1871/4232/47 1870/4233/47
f 1872/4234/2377 1871/4235/1271 1866/4228/2378
f 1822/4162/876 1866/4228/876 1873/4236/876
f 1824/4237/876 1822/4162/2379 1873/4236/2380
f 1873/4236/2379 1827/4238/876 1824/4237/876
f 1820/4239/1128 1821/4240/752 1874/4241/707
f 1875/4242/2381 1821/4243/2382 1830/4244/2383
f 1830/4244/765 1819/4245/764 1876/4246/764
f 1825/4247/764 1876/4246/764 1823/4248/764
f 1877/4249/906 1878/4250/907 1870/4251/906
f 1879/4252/2384 1870/4251/2385 1878/4250/2386
f 1879/4252/2387 1880/4253/906 1870/4251/906
f 1881/4254/2388 1870/4251/1083 1880/4253/1083
f 1882/4255/907 1870/4251/2389 1881/4254/2389
f 1870/4251/2390 1882/4255/907 1883/4256/2391
f 1882/4255/2384 1884/4257/2392 1883/4256/2393
f 1885/4258/937 1884/4259/613 1886/4260/1227
f 1882/4255/2394 1888/4261/896 1887/4262/2395
f 1888/4261/2392 1889/4263/2384 1890/4264/2384
f 1888/4265/47 1882/4266/47 1889/4267/47
f 1889/4267/47 1882/4266/47 1881/4268/47
f 1889/4269/2396 1881/4270/2397 1891/4271/2398
f 1892/4272/857 1893/4273/857 1881/4270/857
f 1891/4271/752 1894/4274/285 1887/4275/707
f 1890/4276/925 1891/4271/1314 1887/4275/705
f 1889/4263/2399 1891/4277/907 1890/4264/2391
f 1886/4278/2400 1887/4275/2401 1894/4274/2402
f 1894/4274/2403 1895/4279/2404 1886/4278/2405
f 1895/4279/2406 1896/4280/2407 1886/4278/2408
f 1897/4281/4 1896/4282/4 1895/4283/4
f 1898/4284/837 1897/4285/926 1895/4279/811
f 1899/4286/906 1897/4287/907 1898/4288/906
f 1900/4289/905 1899/4286/906 1898/4288/907
f 1880/4290/47 1899/4291/47 1900/4292/47
f 1879/4293/47 1899/4291/47 1880/4290/47
f 1899/4294/2409 1879/4295/2410 1897/4285/2411
f 1896/4280/2412 1897/4285/2413 1879/4295/2414
f 1901/4296/2415 1896/4280/2416 1879/4295/2415
f 1902/4297/47 1903/4298/47 1901/4299/47
f 1896/4282/47 1901/4299/47 1903/4298/47
f 1886/4278/2417 1896/4280/2418 1903/4300/2419
f 1904/4301/908 1886/4302/2350 1903/4303/908
f 1905/4304/907 1904/4301/906 1903/4303/2420
f 1905/4305/47 1906/4306/47 1904/4307/47
f 1907/4308/2421 1904/4307/937 1906/4306/613
f 1908/4309/954 1907/4308/2422 1906/4306/2422
f 1909/4310/47 1906/4306/47 1905/4305/47
f 1910/4311/47 1911/4312/47 1905/4305/47
f 1912/4313/47 1910/4311/47 1905/4305/47
f 1909/4310/47 1905/4305/47 1911/4312/47
f 1909/4314/2423 1914/4315/2392 1913/4316/2384
f 1907/4317/906 1908/4318/906 1915/4319/907
f 1907/4317/2424 1915/4319/2425 1916/4320/2384
f 1917/4321/2386 1916/4320/2384 1915/4319/2426
f 1918/4322/2389 1916/4320/907 1917/4321/907
f 1912/4323/905 1918/4322/907 1917/4321/906
f 1919/4324/905 1912/4323/906 1917/4321/907
f 1910/4311/941 1912/4313/2427 1919/4325/939
f 1910/4326/833 1919/4324/832 1917/4321/833
f 1910/4326/2428 1921/4327/909 1920/4328/908
f 1920/4328/2429 1911/4329/909 1910/4326/2430
f 1922/4330/858 1911/4331/2431 1920/4332/857
f 1920/4332/2432 1923/4333/856 1922/4330/858
f 1923/4334/2392 1924/4335/2433 1922/4336/2434
f 1925/4337/2392 1922/4336/2433 1924/4335/2435
f 1922/4338/2436 1925/4339/2437 1909/4310/941
f 1924/4335/2438 1914/4315/860 1909/4314/897
f 1922/4338/2439 1909/4310/649 1911/4312/2422
f 1915/4340/2440 1924/4341/2441 1923/4333/2442
f 1917/4342/2443 1923/4343/2422 1920/4344/2439
f 1920/4344/638 1921/4345/2437 1917/4342/967
f 1915/4346/2444 1923/4343/2445 1917/4342/2446
f 1924/4347/2204 1915/4346/1254 1913/4348/2439
f 1918/4349/47 1927/4350/47 1926/4351/47
f 1916/4352/47 1918/4349/47 1926/4351/47
f 1926/4351/47 1928/4353/47 1916/4352/47
f 1926/4351/47 1929/4354/47 1928/4353/47
f 1928/4355/907 1929/4356/907 1930/4357/907
f 1931/4358/907 1930/4357/907 1929/4356/907
f 1931/4359/47 1932/4360/47 1930/4361/47
f 1927/4362/1083 1934/4363/907 1933/4364/1083
f 1933/4365/47 1934/4366/47 1935/4367/47
f 1932/4368/2447 1933/4369/1156 1936/4370/1160
f 1937/4371/2448 1938/4372/1156 1932/4368/2449
f 1936/4370/1064 1937/4371/1064 1932/4368/1064
f 1935/4367/47 1936/4373/47 1933/4365/47
f 1937/4374/1129 1939/4375/1314 1938/4376/705
f 1940/4377/4 1938/4376/4 1939/4375/4
f 1941/4378/2450 1940/4379/2451 1939/4380/2307
f 1941/4378/1095 1939/4380/770 1935/4381/770
f 1935/4381/2452 1934/4382/2453 1941/4378/2454
f 1942/4383/47 1941/4384/47 1943/4385/47
f 1943/4385/336 1944/4386/613 1942/4383/372
f 1945/4387/906 1944/4388/907 1943/4389/906
f 1946/4390/905 1945/4387/906 1943/4389/906
f 1946/4391/47 1927/4350/47 1945/4392/47
f 1945/4392/47 1927/4350/47 1918/4349/47
f 1934/4382/770 1946/4393/770 1943/4394/770
f 1947/4395/903 1941/4378/903 1942/4396/903
f 1948/4397/903 1947/4395/902 1942/4396/902
f 1948/4398/2422 1949/4399/2455 1947/4400/118
f 1947/4400/47 1949/4399/47 1950/4401/47
f 1949/4399/47 1940/4402/47 1950/4401/47
f 1950/4403/2437 1940/4404/637 1951/4405/638
f 1938/4406/47 1951/4405/47 1940/4404/47
f 1952/4407/2456 1951/4408/2457 1938/4409/2458
f 1952/4410/47 1938/4411/47 1953/4412/47
f 1938/4411/47 1954/4413/47 1953/4412/47
f 1954/4414/2459 1938/4415/2460 1955/4416/2461
f 1956/4417/901 1955/4416/902 1949/4418/902
f 1940/4419/2462 1949/4418/2463 1955/4416/2463
f 1938/4415/903 1940/4419/902 1955/4416/990
f 1955/4420/4 1956/4421/4 1957/4422/4
f 1958/4423/4 1957/4422/4 1956/4421/4
f 1957/4424/903 1958/4425/942 1959/4426/903
f 1960/4427/47 1961/4428/47 1959/4429/47
f 1962/4430/47 1959/4429/47 1961/4428/47
f 1849/4431/2464 1963/4432/2465 1964/4433/2466
f 1964/4433/2467 1846/4188/2468 1849/4431/2469
f 1961/4434/47 1960/4435/47 1965/4436/47
f 1966/4437/564 1965/4438/564 1960/4439/557
f 1958/4425/737 1966/4437/814 1960/4439/2470
f 1966/4440/4 1958/4441/4 1956/4442/4
f 1958/4425/2463 1960/4439/2471 1959/4426/2358
f 1932/4368/2472 1952/4407/2473 1953/4443/2474
f 1967/4444/903 1932/4368/902 1953/4443/902
f 1932/4360/47 1967/4445/47 1930/4361/47
f 1932/4368/1563 1931/4446/2475 1933/4369/2476
f 1931/4446/1064 1929/4447/1064 1933/4369/1064
f 1950/4403/47 1951/4405/47 1952/4448/47
f 1941/4378/770 1947/4395/2306 1950/4449/770
f 1880/4253/2477 1900/4289/860 1895/4450/2478
f 1968/4451/953 1880/4253/2479 1895/4450/2480
f 1969/4452/906 1968/4451/907 1892/4453/905
f 1969/4452/895 1880/4253/832 1968/4451/833
f 1881/4270/4 1880/4454/4 1892/4272/4
f 1970/4455/647 1972/4456/1049 1971/4457/647
f 1973/4458/2481 1827/4459/2482 1864/4460/2483
f 1974/4461/2484 1973/4458/2485 1864/4460/2486
f 1864/4460/2487 1860/4221/2488 1974/4461/2489
f 1973/4462/4 1826/4169/4 1827/4168/4
f 1975/4463/4 1976/4464/4 1977/4465/4
f 1831/4466/907 1978/4467/907 1976/4468/907
f 1978/4469/4 1977/4465/4 1976/4464/4
f 1831/4466/764 1826/4470/765 1978/4467/764
f 1831/4173/2490 1980/4471/841 1979/4472/1369
f 1981/4473/902 1832/4474/901 1979/4475/902
f 1982/4476/4 1983/4477/4 1981/4478/4
f 1984/4479/4 1981/4478/4 1983/4477/4
f 1833/4480/2250 1832/4474/764 1984/4481/764
f 1983/4482/1082 1985/4483/905 1833/4480/906
f 1833/4175/285 1985/4484/707 1834/4176/752
f 1834/4176/4 1985/4484/4 1986/4485/4
f 1987/4486/4 1988/4487/4 1989/4488/4
f 1990/4489/1129 1989/4488/1314 1988/4487/2362
f 1835/4490/2384 1989/4491/2392 1990/4492/2384
f 1990/4492/2433 1991/4493/2392 1835/4490/2384
f 1835/4177/4 1991/4494/4 1992/4495/4
f 1993/4496/4 1995/4497/4 1994/4498/4
f 1996/4499/4 1993/4496/4 1994/4498/4
f 1997/4500/4 1999/4501/4 1998/4502/4
f 2000/4503/4 1997/4500/4 1998/4502/4
f 1837/4504/2491 1997/4505/2492 2000/4506/2386
f 2001/4507/4 2003/4508/4 2002/4509/4
f 2004/4510/1314 2001/4507/923 2002/4509/1314
f 2001/4511/2493 2004/4512/764 1838/4513/764
f 1839/4181/4 2006/4514/4 2005/4515/4
f 2007/4516/2494 2008/4517/2459 2005/4518/2494
f 2007/4519/4 2009/4520/4 2010/4521/4
f 2009/4520/707 2011/4522/1128 2010/4521/752
f 1840/4523/906 2010/4524/907 2011/4525/906
f 2011/4525/908 1974/4461/2350 1840/4523/908
f 1840/4182/752 1974/4526/707 1860/4527/1128
f 1841/4183/752 1840/4182/285 1860/4527/707
f 2005/4518/2495 1974/4461/1271 2011/4525/2496
f 2011/4525/876 2009/4528/876 2005/4518/876
f 2005/4518/2497 2006/4529/2498 1974/4461/2499
f 2002/4530/876 2003/4531/2500 2012/4532/2501
f 2012/4532/903 2003/4531/903 2001/4511/903
f 2012/4532/2502 1973/4458/2503 1974/4461/2504
f 2013/4533/2505 1973/4458/2506 2012/4532/2507
f 2013/4533/2508 2012/4532/2509 2014/4534/2510
f 2014/4534/2511 2015/4535/2512 2013/4533/2513
f 1973/4458/2514 2013/4533/2515 1991/4493/2516
f 1991/4493/2517 1979/4475/2518 1980/4536/2519
f 1996/4537/876 1994/4538/876 1992/4539/876
f 1973/4458/876 1980/4536/876 1976/4468/876
f 1990/4492/876 1988/4540/876 1986/4541/876
f 1979/4475/2520 1986/4541/2521 1985/4483/2522
f 1979/4475/2523 1985/4483/1271 1983/4482/2377
f 1979/4475/903 1982/4542/903 1981/4473/903
f 2000/4506/876 1998/4543/876 2015/4535/876
f 2015/4535/2494 1998/4543/2459 1999/4544/992
f 1840/4523/2250 2008/4517/764 2010/4524/764
f 1999/4544/764 1997/4505/764 2016/4545/764
f 1835/4490/853 1834/4546/2524 1989/4491/2525
f 1855/4213/2526 1856/4212/2527 1853/4207/2528
f 1860/4221/903 1861/4547/903 1859/4219/903
f 1823/4548/907 1824/4237/907 1825/4549/907
f 1827/4238/905 1825/4549/906 1824/4237/906
f 1876/4550/4 1828/4170/4 1830/4172/4
f 1825/4167/4 1828/4170/4 1876/4550/4
f 1831/4173/4 1828/4170/256 1826/4169/4
f 1833/4175/4 1828/4170/4 1832/4174/4
f 1835/4177/2150 1828/4170/428 1834/4176/428
f 2017/4551/4 1828/4170/4 1836/4178/255
f 2016/4552/4 1828/4170/256 2017/4551/4
f 1837/4179/255 1828/4170/4 2016/4552/255
f 2008/4553/4 1828/4170/4 1839/4181/4
f 1840/4182/4 1828/4170/256 2008/4553/4
f 1843/4187/2529 1844/4186/2530 1845/4189/2531
f 1845/4196/737 1842/4195/2532 1843/4554/814
f 1842/4184/4 1841/4183/4 1843/4555/4
f 1854/4208/764 1841/4185/764 1858/4215/764
f 1861/4547/876 1860/4221/876 1856/4212/876
f 1851/4205/2533 1860/4221/2533 1850/4556/2534
f 1860/4221/876 1864/4460/2500 1850/4556/876
f 1863/4557/2535 1850/4556/2536 1864/4460/1414
f 1850/4556/876 1863/4557/876 1849/4431/876
f 1862/4225/2537 1863/4224/2373 2018/4558/2538
f 1864/4559/877 2018/4560/877 1863/4561/877
f 2018/4560/877 1864/4559/877 2019/4562/878
f 1864/4226/4 1865/4227/4 2019/4563/4
f 1866/4564/4 1865/4227/4 1827/4168/4
f 1871/4235/955 1867/4230/1625 1868/4229/955
f 1870/4233/47 1871/4232/47 1872/4565/47
f 1868/4566/212 1866/4567/212 1871/4568/213
f 1872/4234/1307 1866/4228/1307 1874/4569/2539
f 1874/4569/876 1866/4228/876 1820/4161/2540
f 1820/4161/876 1866/4228/876 1822/4162/876
f 1866/4567/2541 1827/4459/2542 1873/4570/2543
f 1874/4241/4 1821/4240/4 1875/4571/4
f 2020/4572/2493 1830/4244/764 1972/4573/2493
f 1875/4242/2544 1830/4244/2544 2020/4572/764
f 1819/4245/2221 1830/4244/2545 1821/4243/2546
f 1823/4248/764 1876/4246/765 1819/4245/764
f 2020/4574/907 1872/4234/1082 1875/4575/906
f 1874/4569/905 1875/4575/906 1872/4234/906
f 1877/4576/47 1872/4565/47 2020/4577/47
f 1872/4565/47 1877/4576/47 1870/4233/47
f 1882/4255/895 1887/4262/833 1884/4257/2547
f 1887/4262/860 1888/4261/2478 1890/4264/897
f 1894/4274/1053 1881/4270/2548 1893/4273/2549
f 1891/4271/857 1881/4270/2550 1894/4274/857
f 1906/4578/858 1913/4579/857 1908/4580/858
f 1906/4581/905 1909/4314/906 1913/4316/907
f 1914/4582/1254 1924/4347/954 1913/4348/2204
f 1915/4340/857 1908/4580/857 1913/4579/857
f 1921/4327/953 1910/4326/1008 1917/4321/2480
f 1925/4337/904 1924/4335/912 1909/4314/2438
f 1926/4583/1064 1933/4369/1064 1929/4447/1064
f 1926/4584/2392 1927/4362/2433 1933/4364/2384
f 1951/4585/2551 1932/4368/2552 1938/4372/2552
f 1932/4368/2553 1951/4585/2449 1952/4407/2554
f 1936/4586/2555 1935/4587/2556 1937/4588/2557
f 1939/4589/901 1937/4588/902 1935/4587/903
f 1943/4394/770 1941/4378/770 1934/4382/1095
f 1927/4590/2272 1946/4393/2558 1934/4382/2559
f 1950/4449/2560 1940/4379/2307 1941/4378/2561
f 1879/4252/2390 1902/4591/2562 1901/4592/2391
f 1902/4591/2392 1879/4252/2563 1878/4250/2384
f 1895/4450/953 1900/4289/2564 1898/4288/2565
f 1895/4283/954 1893/4593/118 1968/4594/2422
f 1893/4593/954 1895/4283/118 1894/4595/2422
f 1892/4453/2392 1968/4451/2425 1893/4596/2566
f 1892/4597/4 1880/4598/4 1969/4599/4
f 1886/4260/47 1884/4259/47 1887/4600/47
f 1883/4256/2390 1884/4257/2562 1885/4601/2391
f 1877/4576/47 2020/4577/47 1970/4602/47
f 2020/4572/764 1972/4573/764 1970/4603/2493
f 1877/4576/47 1970/4602/47 1971/4604/47
f 1829/4605/647 1972/4456/647 1830/4606/647
f 1971/4457/2567 1972/4456/2568 1829/4605/2569
f 1867/4230/955 1871/4235/955 1869/4607/955
f 1865/4227/4 1866/4564/4 1867/4608/4
f 1826/4470/903 1973/4458/903 1977/4609/903
f 1975/4610/2364 1977/4609/2556 1973/4458/2570
f 1975/4610/2571 1973/4458/2572 1976/4468/876
f 1980/4536/905 1831/4466/906 1976/4468/906
f 1978/4467/2220 1826/4470/764 1977/4609/764
f 1984/4481/764 1832/4474/764 1981/4473/764
f 1984/4481/2573 1983/4482/2574 1833/4480/2574
f 1834/4546/903 1986/4541/942 1987/4611/903
f 1988/4540/903 1987/4611/903 1986/4541/903
f 1836/4612/901 1992/4539/990 1995/4613/902
f 1994/4538/903 1995/4613/942 1992/4539/903
f 1993/4614/2575 1996/4537/2433 2017/4615/2433
f 2013/4533/2575 2017/4615/2433 1996/4537/2433
f 2016/4545/991 2015/4535/992 1999/4544/2576
f 2014/4534/2492 1837/4504/2491 2000/4506/2491
f 2014/4616/1314 1838/4180/2362 1837/4179/812
f 1838/4513/903 2012/4532/942 2001/4511/903
f 2004/4512/907 2002/4530/906 1839/4617/2387
f 2006/4529/905 1839/4617/906 2002/4530/906
f 2009/4528/903 2007/4516/902 2005/4518/990
f 2006/4529/2500 2002/4530/2540 2012/4532/876
f 1974/4461/2577 2006/4529/2578 2012/4532/2579
f 2013/4618/4 2015/4619/4 2017/4551/4
f 2017/4551/4 2015/4619/4 2016/4552/4
f 2014/4616/2362 2012/4620/1129 1838/4180/1314
f 1831/4173/4 1979/4472/4 1832/4174/4
f 1973/4458/2580 1991/4493/2581 1980/4536/2582
f 2013/4533/876 1996/4537/876 1992/4539/876
f 1991/4493/2583 2013/4533/2584 1992/4539/2585
f 1835/4177/285 1992/4495/707 1836/4178/752
f 1991/4493/876 1990/4492/876 1986/4541/876
f 1979/4475/2586 1991/4493/2587 1986/4541/2588
f 1982/4542/1271 1979/4475/1307 1983/4482/2495
f 2014/4534/876 2000/4506/876 2015/4535/876
f 1839/4181/4 2005/4515/4 2008/4553/4
f 2010/4524/764 2008/4517/764 2007/4516/764
f 1838/4513/764 2004/4512/764 1839/4617/764
f 2016/4545/764 1997/4505/764 1837/4504/764
f 1836/4612/765 1993/4614/764 2017/4615/764
f 1993/4614/2524 1836/4612/2525 1995/4613/2589
f 1989/4491/765 1834/4546/764 1987/4611/764
f 2021/4621/2590 2023/4622/162 2022/4623/2591
f 2024/4624/2592 2021/4621/224 2022/4623/2593
f 2025/4625/4 2021/4626/4 2024/4627/4
f 2026/4628/4 2025/4625/4 2024/4627/4
f 2027/4629/4 2029/4630/4 2028/4631/4
f 2027/4629/4 2028/4631/4 2030/4632/4
f 2031/4633/4 2032/4634/4 2030/4632/4
f 2033/4635/4 2034/4636/4 2030/4632/4
f 2035/4637/4 2036/4638/255 2030/4632/4
f 2037/4639/4 2038/4640/255 2030/4632/4
f 2039/4641/4 2040/4642/4 2030/4632/256
f 2040/4642/255 2041/4643/255 2030/4632/4
f 2042/4644/255 2043/4645/255 2030/4632/4
f 2030/4632/4 2043/4645/4 2044/4646/4
f 2043/4647/1791 2046/4648/1791 2045/4649/1791
f 2046/4648/1792 2048/4650/1792 2047/4651/1792
f 2048/4652/2594 2049/4653/2595 2047/4654/2596
f 2050/4655/2597 2047/4654/2598 2049/4653/2599
f 2050/4656/10 2044/4657/11 2047/4658/10
f 2051/4659/106 2048/4660/67 2052/4661/2600
f 2048/4660/67 2046/4662/66 2052/4661/2601
f 2053/4663/4 2052/4664/4 2046/4665/4
f 2054/4666/4 2053/4663/4 2046/4665/4
f 2053/4667/228 2054/4668/2602 2055/4669/161
f 2056/4670/218 2055/4669/2603 2054/4668/2602
f 2055/4671/4 2056/4672/4 2057/4673/4
f 2058/4674/2604 2057/4675/2605 2059/4676/2606
f 2060/4677/66 2058/4674/67 2059/4676/67
f 2060/4678/25 2061/4679/1721 2058/4680/315
f 2061/4681/1791 2060/4677/1791 2043/4647/1953
f 2056/4670/1791 2054/4668/1792 2043/4647/1791
f 2054/4668/2607 2046/4648/1825 2043/4647/2607
f 2060/4677/1791 2059/4676/1792 2056/4670/1791
f 2056/4672/2054 2059/4682/1793 2057/4673/2608
f 2061/4681/2609 2043/4647/2610 2062/4683/2611
f 2063/4684/4 2058/4680/4 2061/4679/4
f 2055/4669/209 2058/4674/209 2062/4683/209
f 2053/4667/209 2055/4669/209 2062/4683/209
f 2051/4685/2612 2065/4686/2612 2064/4687/2613
f 2066/4688/4 2029/4630/4 2067/4689/4
f 2068/4690/42 2070/4691/42 2069/4692/42
f 2071/4693/47 2073/4694/47 2072/4695/47
f 2074/4696/209 2073/4697/209 2068/4690/209
f 2024/4624/209 2068/4690/209 2075/4698/209
f 2026/4699/209 2024/4624/209 2075/4698/209
f 2075/4698/209 2029/4700/209 2026/4699/209
f 2022/4701/4 2023/4702/4 2076/4703/4
f 2077/4704/1954 2023/4705/1825 2032/4706/2614
f 2032/4706/2615 2021/4707/2616 2078/4708/2617
f 2027/4709/1792 2078/4708/1791 2025/4710/1791
f 2079/4711/161 2080/4712/218 2072/4713/161
f 2081/4714/2618 2072/4713/2618 2080/4712/2619
f 2081/4714/2620 2082/4715/2621 2072/4713/2622
f 2083/4716/2623 2072/4713/2623 2082/4715/2624
f 2084/4717/161 2072/4713/161 2083/4716/161
f 2072/4713/110 2084/4717/161 2085/4718/2624
f 2084/4717/161 2086/4719/218 2085/4718/160
f 2087/4720/378 2086/4721/2319 2088/4722/362
f 2084/4717/19 2090/4723/20 2089/4724/20
f 2090/4723/160 2091/4725/161 2092/4726/161
f 2090/4727/47 2084/4728/47 2091/4729/47
f 2091/4729/47 2084/4728/47 2083/4730/47
f 2091/4731/3 2083/4732/1 2093/4733/1
f 2094/4734/1 2095/4735/2 2083/4732/24
f 2093/4733/4 2096/4736/4 2089/4737/4
f 2092/4738/4 2093/4733/4 2089/4737/4
f 2091/4725/161 2093/4739/218 2092/4726/161
f 2088/4740/2625 2089/4737/2626 2096/4736/2627
f 2096/4736/2628 2097/4741/2629 2088/4740/2630
f 2097/4741/2631 2098/4742/2632 2088/4740/2633
f 2099/4743/4 2098/4744/4 2097/4745/4
f 2100/4746/4 2099/4747/4 2097/4741/4
f 2101/4748/161 2099/4749/160 2100/4750/161
f 2102/4751/160 2101/4748/161 2100/4750/161
f 2082/4752/47 2101/4753/47 2102/4754/47
f 2081/4755/222 2101/4753/223 2082/4752/336
f 2101/4756/2634 2081/4757/2635 2099/4747/2636
f 2098/4742/2637 2099/4747/2638 2081/4757/2637
f 2103/4758/2638 2098/4742/2638 2081/4757/2637
f 2104/4759/47 2105/4760/47 2103/4761/47
f 2098/4744/152 2103/4761/47 2105/4760/47
f 2088/4740/2639 2098/4742/2640 2105/4762/2641
f 2106/4763/161 2088/4764/160 2105/4765/161
f 2107/4766/2642 2106/4763/2643 2105/4765/2590
f 2107/4767/47 2108/4768/47 2106/4769/47
f 2109/4770/47 2106/4769/47 2108/4768/47
f 2110/4771/61 2109/4770/2644 2108/4768/60
f 2111/4772/152 2108/4768/152 2107/4767/47
f 2112/4773/152 2113/4774/152 2107/4767/47
f 2114/4775/223 2112/4773/336 2107/4767/222
f 2111/4772/47 2107/4767/47 2113/4774/47
f 2111/4776/2645 2116/4777/2646 2115/4778/2647
f 2109/4779/161 2110/4780/161 2117/4781/160
f 2109/4779/160 2117/4781/161 2118/4782/161
f 2119/4783/2648 2118/4782/2649 2117/4781/2650
f 2120/4784/2624 2118/4782/161 2119/4783/161
f 2114/4785/161 2120/4784/218 2119/4783/161
f 2121/4786/160 2114/4785/161 2119/4783/161
f 2112/4773/47 2114/4775/47 2121/4787/47
f 2112/4788/19 2121/4786/20 2119/4783/135
f 2112/4788/2651 2123/4789/218 2122/4790/161
f 2122/4790/2652 2113/4791/228 2112/4788/161
f 2124/4792/2653 2113/4793/52 2122/4794/2654
f 2122/4794/2653 2125/4795/52 2124/4792/53
f 2125/4796/2592 2126/4797/2655 2124/4798/2593
f 2127/4799/2592 2124/4798/2655 2126/4797/2593
f 2124/4800/47 2127/4801/47 2111/4772/47
f 2126/4797/2656 2116/4777/30 2111/4776/2657
f 2124/4800/47 2111/4772/47 2113/4774/47
f 2117/4802/2658 2126/4803/2659 2125/4795/2660
f 2119/4804/47 2125/4805/47 2122/4806/47
f 2122/4806/47 2123/4807/47 2119/4804/47
f 2117/4808/2661 2125/4805/2662 2119/4804/2663
f 2126/4809/47 2117/4808/47 2115/4810/47
f 2120/4811/47 2129/4812/47 2128/4813/47
f 2118/4814/47 2120/4811/47 2128/4813/47
f 2128/4813/47 2130/4815/47 2118/4814/47
f 2128/4813/47 2131/4816/47 2130/4815/47
f 2130/4817/160 2131/4818/161 2132/4819/161
f 2133/4820/218 2132/4819/161 2131/4818/161
f 2133/4821/2664 2134/4822/2665 2132/4823/637
f 2129/4824/161 2136/4825/160 2135/4826/161
f 2135/4827/47 2136/4828/47 2137/4829/47
f 2134/4830/46 2135/4831/46 2138/4832/46
f 2139/4833/46 2140/4834/46 2134/4830/46
f 2138/4832/2666 2139/4833/482 2134/4830/2667
f 2137/4829/47 2138/4835/47 2135/4827/47
f 2139/4836/4 2141/4837/4 2140/4838/4
f 2142/4839/2668 2140/4838/1176 2141/4837/200
f 2143/4840/1921 2142/4841/1921 2141/4842/1921
f 2143/4840/2669 2141/4842/2670 2137/4843/204
f 2137/4843/2671 2136/4844/2672 2143/4840/2672
f 2144/4845/47 2143/4846/47 2145/4847/47
f 2145/4847/47 2146/4848/47 2144/4845/47
f 2147/4849/161 2146/4850/160 2145/4851/161
f 2148/4852/2642 2147/4849/109 2145/4851/227
f 2148/4853/329 2129/4812/1757 2147/4854/504
f 2147/4854/1824 2129/4812/132 2120/4811/2016
f 2136/4844/2673 2148/4855/2674 2145/4856/204
f 2149/4857/2675 2143/4840/2676 2144/4858/2675
f 2150/4859/66 2149/4857/67 2144/4858/67
f 2150/4860/47 2151/4861/47 2149/4862/47
f 2149/4862/47 2151/4861/47 2152/4863/47
f 2151/4861/47 2142/4864/47 2152/4863/47
f 2152/4865/47 2142/4866/47 2153/4867/47
f 2140/4868/47 2153/4867/47 2142/4866/47
f 2154/4869/2677 2153/4870/2678 2140/4871/2678
f 2154/4872/47 2140/4873/47 2155/4874/47
f 2140/4873/47 2156/4875/47 2155/4874/47
f 2156/4876/2605 2140/4877/2606 2157/4878/2679
f 2158/4879/2605 2157/4878/2606 2151/4880/2606
f 2142/4881/67 2151/4880/67 2157/4878/2601
f 2140/4877/219 2142/4881/219 2157/4878/2600
f 2157/4882/6 2158/4883/141 2159/4884/528
f 2160/4885/4 2159/4884/4 2158/4883/4
f 2159/4886/66 2160/4887/67 2161/4888/67
f 2162/4889/47 2163/4890/47 2161/4891/47
f 2164/4892/2644 2161/4891/61 2163/4890/82
f 2051/4893/2680 2165/4894/2681 2166/4895/2682
f 2166/4895/2683 2048/4650/2684 2051/4893/2685
f 2163/4896/47 2162/4897/47 2167/4898/47
f 2168/4899/11 2167/4900/11 2162/4901/10
f 2160/4887/11 2168/4899/10 2162/4901/11
f 2168/4902/4 2160/4903/4 2158/4904/4
f 2160/4887/2686 2162/4901/2687 2161/4888/2609
f 2134/4830/2688 2154/4869/2676 2155/4905/2675
f 2169/4906/2676 2134/4830/2675 2155/4905/2675
f 2134/4822/47 2169/4907/47 2132/4823/47
f 2134/4830/46 2133/4908/46 2135/4831/46
f 2133/4908/46 2131/4909/242 2135/4831/46
f 2152/4865/47 2153/4867/47 2154/4910/47
f 2143/4840/17 2149/4857/18 2152/4911/17
f 2082/4715/2689 2102/4751/137 2097/4912/2690
f 2170/4913/20 2082/4715/19 2097/4912/19
f 2171/4914/161 2170/4913/218 2094/4915/161
f 2171/4914/19 2082/4715/20 2170/4913/20
f 2083/4732/4 2082/4916/4 2094/4734/4
f 2172/4917/2691 2174/4918/2692 2173/4919/2693
f 2175/4920/46 2029/4921/46 2066/4922/46
f 2176/4923/46 2175/4920/46 2066/4922/46
f 2066/4922/2694 2062/4683/296 2176/4923/296
f 2175/4924/274 2028/4631/2608 2029/4630/2695
f 2177/4925/2608 2178/4926/274 2179/4927/2608
f 2033/4928/163 2180/4929/2642 2178/4930/102
f 2180/4931/4 2179/4927/4 2178/4926/4
f 2033/4928/1792 2028/4932/1791 2180/4929/1792
f 2033/4635/4 2182/4933/4 2181/4934/4
f 2183/4935/2696 2034/4936/2697 2181/4937/67
f 2184/4938/4 2185/4939/4 2183/4940/4
f 2186/4941/2698 2183/4940/1726 2185/4939/2698
f 2035/4942/1792 2034/4936/1903 2186/4943/1791
f 2185/4944/2618 2187/4945/2699 2035/4942/64
f 2035/4637/1726 2187/4946/2698 2036/4638/2698
f 2036/4638/4 2187/4946/4 2188/4947/4
f 2189/4948/4 2190/4949/4 2191/4950/4
f 2192/4951/426 2191/4950/2698 2190/4949/2698
f 2037/4952/161 2191/4953/218 2192/4954/161
f 2192/4954/161 2193/4955/160 2037/4952/161
f 2037/4639/141 2193/4956/141 2194/4957/2700
f 2195/4958/2695 2197/4959/1793 2196/4960/2608
f 2198/4961/34 2195/4958/1176 2196/4960/1176
f 2199/4962/4 2201/4963/4 2200/4964/4
f 2202/4965/4 2199/4962/4 2200/4964/4
f 2039/4966/161 2199/4967/218 2202/4968/161
f 2203/4969/4 2205/4970/4 2204/4971/4
f 2206/4972/4 2203/4969/4 2204/4971/8
f 2203/4973/2701 2206/4974/1790 2040/4975/1792
f 2041/4643/2608 2208/4976/2608 2207/4977/274
f 2209/4978/67 2210/4979/66 2207/4980/67
f 2209/4981/1726 2211/4982/2698 2212/4983/2698
f 2211/4982/4 2213/4984/4 2212/4983/4
f 2042/4985/161 2212/4986/218 2213/4987/161
f 2213/4987/2619 2176/4923/228 2042/4985/2602
f 2042/4644/4 2176/4988/4 2062/4989/4
f 2043/4645/4 2042/4644/4 2062/4989/8
f 2207/4980/209 2176/4923/209 2213/4987/209
f 2213/4987/209 2211/4990/209 2207/4980/209
f 2207/4980/246 2208/4991/246 2176/4923/246
f 2204/4992/209 2205/4993/209 2214/4994/209
f 2214/4994/67 2205/4993/106 2203/4973/67
f 2214/4994/46 2175/4920/46 2176/4923/46
f 2215/4995/46 2175/4920/46 2214/4994/46
f 2215/4995/46 2214/4994/46 2216/4996/46
f 2216/4996/46 2217/4997/46 2215/4995/46
f 2175/4920/209 2215/4995/209 2193/4955/209
f 2193/4955/209 2181/4937/209 2182/4998/209
f 2198/4999/209 2196/5000/209 2194/5001/209
f 2175/4920/209 2182/4998/209 2178/4930/209
f 2192/4954/209 2190/5002/209 2188/5003/209
f 2181/4937/209 2188/5003/209 2187/4945/209
f 2181/4937/209 2187/4945/209 2185/4944/209
f 2181/4937/67 2184/5004/106 2183/4935/67
f 2202/4968/209 2200/5005/209 2217/4997/209
f 2217/4997/2606 2200/5005/2605 2201/5006/2606
f 2042/4985/1792 2210/4979/1791 2212/4986/1792
f 2201/5006/1791 2199/4967/1792 2218/5007/1792
f 2037/4952/1792 2036/5008/1791 2191/4953/1791
f 2057/4675/209 2058/4674/209 2055/4669/209
f 2062/4683/67 2063/5009/106 2061/4681/67
f 2025/5010/160 2026/4699/161 2027/5011/161
f 2029/4700/160 2027/5011/161 2026/4699/161
f 2078/5012/4 2030/4632/4 2032/4634/4
f 2027/4629/4 2030/4632/4 2078/5012/4
f 2033/4635/255 2030/4632/4 2028/4631/4
f 2035/4637/4 2030/4632/4 2034/4636/4
f 2037/4639/4 2030/4632/256 2036/4638/4
f 2219/5013/4 2030/4632/256 2038/4640/4
f 2218/5014/255 2030/4632/4 2219/5013/255
f 2039/4641/27 2030/4632/1721 2218/5014/27
f 2210/5015/4 2030/4632/4 2041/4643/4
f 2042/4644/4 2030/4632/4 2210/5015/4
f 2045/4649/166 2046/4648/1826 2047/4651/2614
f 2047/4658/10 2044/4657/2702 2045/5016/9
f 2044/4646/33 2043/4645/178 2045/5017/2668
f 2056/4670/2703 2043/4647/2704 2060/4677/1791
f 2063/5009/209 2062/4683/209 2058/4674/209
f 2053/4667/209 2062/4683/209 2052/5018/209
f 2062/4683/209 2066/4922/209 2052/5018/209
f 2065/5019/209 2052/5018/209 2066/4922/209
f 2052/5018/212 2065/5019/2705 2051/4893/2706
f 2064/4687/2613 2065/4686/2612 2220/5020/2613
f 2066/5021/122 2220/5022/122 2065/5023/122
f 2220/5022/122 2066/5021/122 2221/5024/123
f 2066/4688/4 2067/4689/4 2221/5025/4
f 2068/5026/4 2067/4689/4 2029/4630/4
f 2073/4697/42 2069/4692/414 2070/4691/42
f 2072/4695/47 2073/4694/47 2074/5027/47
f 2070/5028/46 2068/5029/46 2073/5030/46
f 2074/4696/209 2068/4690/209 2076/5031/209
f 2076/5031/209 2068/4690/209 2022/4623/209
f 2022/4623/213 2068/4690/2707 2024/4624/2708
f 2068/5029/46 2029/4921/46 2075/5032/46
f 2076/4703/315 2023/4702/1706 2077/5033/1721
f 2222/5034/1792 2032/4706/1792 2174/5035/1792
f 2077/4704/2709 2032/4706/2710 2222/5034/2711
f 2021/4707/239 2032/4706/2712 2023/4705/2713
f 2025/4710/2714 2078/4708/2715 2021/4707/1826
f 2222/5036/2699 2074/4696/64 2077/5037/2716
f 2076/5031/2699 2077/5037/64 2074/4696/2716
f 2079/5038/47 2074/5027/152 2222/5039/47
f 2074/5027/47 2079/5038/47 2072/4695/47
f 2084/4717/19 2089/4724/135 2086/4719/20
f 2089/4724/20 2090/4723/19 2092/4726/135
f 2096/4736/59 2083/4732/24 2095/4735/24
f 2093/4733/55 2083/4732/91 2096/4736/2717
f 2108/5040/133 2115/5041/180 2110/5042/2718
f 2108/5043/2642 2111/4776/2602 2115/4778/2652
f 2116/5044/47 2126/4809/47 2115/4810/47
f 2117/4802/1 2110/5042/24 2115/5041/2719
f 2123/4789/20 2112/4788/19 2119/4783/2720
f 2127/4799/31 2126/4797/2657 2111/4776/2656
f 2128/5045/46 2135/4831/46 2131/4909/46
f 2128/5046/160 2129/4824/2624 2135/4826/161
f 2153/5047/46 2134/4830/46 2140/4834/46
f 2134/4830/46 2153/5047/46 2154/4869/46
f 2138/5048/2605 2137/5049/2606 2139/5050/2679
f 2141/5051/2605 2139/5050/2606 2137/5049/2679
f 2145/4856/1921 2143/4840/1921 2136/4844/1921
f 2129/5052/18 2148/4855/17 2136/4844/17
f 2152/4911/17 2142/4841/2721 2143/4840/17
f 2081/4714/228 2104/5053/2722 2103/5054/161
f 2104/5053/218 2081/4714/2723 2080/4712/161
f 2097/4912/30 2102/4751/2724 2100/4750/175
f 2097/4745/47 2095/5055/47 2170/5056/47
f 2095/5055/47 2097/4745/47 2096/5057/47
f 2094/4915/160 2170/4913/161 2095/5058/161
f 2094/5059/8 2082/5060/4 2171/5061/4
f 2088/4722/152 2086/4721/47 2089/5062/47
f 2085/4718/228 2086/4719/161 2087/5063/161
f 2079/5038/47 2222/5039/47 2172/5064/47
f 2222/5034/1791 2174/5035/2725 2172/5065/1791
f 2079/5038/1804 2172/5064/2213 2173/5066/2726
f 2031/5067/2727 2174/4918/2728 2032/5068/2080
f 2173/4919/1952 2174/4918/127 2031/5067/128
f 2069/4692/42 2073/4697/42 2071/5069/48
f 2067/4689/4 2068/5026/4 2069/5070/4
f 2028/4932/66 2175/4920/67 2179/5071/67
f 2177/5072/106 2179/5071/67 2175/4920/67
f 2177/5072/209 2175/4920/209 2178/4930/209
f 2182/4998/160 2033/4928/161 2178/4930/161
f 2180/4929/1791 2028/4932/1791 2179/5071/1792
f 2186/4943/1903 2034/4936/1792 2183/4935/1792
f 2186/4943/2699 2185/4944/64 2035/4942/2618
f 2036/5008/2605 2188/5003/2606 2189/5073/2606
f 2190/5002/2605 2189/5073/2606 2188/5003/2606
f 2038/5074/66 2194/5001/67 2197/5075/67
f 2196/5000/2687 2197/5075/2609 2194/5001/2729
f 2195/5076/162 2198/4999/102 2219/5077/163
f 2215/4995/162 2219/5077/102 2198/4999/163
f 2218/5007/2605 2217/4997/2606 2201/5006/2606
f 2216/4996/160 2039/4966/161 2202/4968/161
f 2216/5078/4 2040/4642/4 2039/4641/4
f 2040/4975/2605 2214/4994/2606 2203/4973/2606
f 2206/4974/160 2204/4992/161 2041/5079/161
f 2208/4991/160 2041/5079/161 2204/4992/161
f 2211/4990/106 2209/4978/67 2207/4980/67
f 2208/4991/209 2204/4992/209 2214/4994/209
f 2176/4923/2694 2208/4991/296 2214/4994/296
f 2215/5080/315 2217/5081/176 2219/5013/25
f 2219/5013/4 2217/5081/8 2218/5014/4
f 2216/5078/4 2214/5082/4 2040/4642/4
f 2033/4635/1721 2181/4934/315 2034/4636/25
f 2175/4920/46 2193/4955/46 2182/4998/46
f 2215/4995/209 2198/4999/209 2194/5001/209
f 2193/4955/46 2215/4995/46 2194/5001/46
f 2037/4639/1793 2194/4957/2608 2038/4640/2608
f 2193/4955/209 2192/4954/209 2188/5003/209
f 2181/4937/46 2193/4955/46 2188/5003/46
f 2184/5004/209 2181/4937/209 2185/4944/209
f 2216/4996/209 2202/4968/209 2217/4997/209
f 2041/4643/1726 2207/4977/2698 2210/5015/2698
f 2212/4986/1791 2210/4979/1791 2209/4978/1792
f 2040/4975/1903 2206/4974/1791 2041/5079/1792
f 2218/5007/1792 2199/4967/1791 2039/4966/1792
f 2038/5074/1903 2195/5076/1791 2219/5077/1792
f 2195/5076/1791 2038/5074/1792 2197/5075/1792
f 2191/4953/1791 2036/5008/1792 2189/5073/1791
f 2223/5083/2600 2225/5084/2605 2224/5085/2730
f 2226/5086/2605 2223/5083/2604 2224/5085/2600
f 2227/5087/4 2223/5088/4 2226/5089/4
f 2228/5090/2700 2227/5087/141 2226/5089/2054
f 2229/5091/4 2231/5092/4 2230/5093/4
f 2229/5091/4 2230/5093/4 2232/5094/4
f 2233/5095/4 2234/5096/4 2232/5094/4
f 2235/5097/4 2236/5098/4 2232/5094/4
f 2237/5099/4 2238/5100/4 2232/5094/4
f 2239/5101/256 2240/5102/256 2232/5094/4
f 2241/5103/4 2242/5104/4 2232/5094/4
f 2242/5104/1721 2243/5105/2731 2232/5094/27
f 2244/5106/4 2245/5107/4 2232/5094/4
f 2232/5094/4 2245/5107/4 2246/5108/4
f 2245/5109/1921 2248/5110/1921 2247/5111/17
f 2248/5110/2732 2250/5112/1722 2249/5113/2733
f 2250/5114/2734 2251/5115/2735 2249/5116/2734
f 2252/5117/2734 2249/5116/2735 2251/5115/2734
f 2252/5118/127 2246/5119/128 2249/5120/127
f 2253/5121/160 2250/5122/2624 2254/5123/161
f 2250/5122/161 2248/5124/160 2254/5123/161
f 2255/5125/4 2254/5126/4 2248/5127/4
f 2256/5128/4 2255/5125/4 2248/5127/4
f 2255/5129/66 2256/5130/67 2257/5131/67
f 2258/5132/66 2257/5131/67 2256/5130/67
f 2257/5133/4 2258/5134/4 2259/5135/4
f 2260/5136/2590 2259/5137/162 2261/5138/102
f 2262/5139/162 2260/5136/163 2261/5138/163
f 2262/5140/4 2263/5141/4 2260/5142/4
f 2263/5143/1722 2262/5139/17 2245/5109/2736
f 2258/5132/2737 2256/5130/2738 2245/5109/2739
f 2256/5130/17 2248/5110/155 2245/5109/2740
f 2262/5139/17 2261/5138/18 2258/5132/17
f 2258/5134/4 2261/5144/4 2259/5135/4
f 2263/5143/2621 2245/5109/2646 2264/5145/2647
f 2265/5146/4 2260/5142/4 2263/5141/4
f 2257/5131/2741 2260/5136/46 2264/5145/46
f 2255/5129/2742 2257/5131/482 2264/5145/2743
f 2253/5147/2744 2267/5148/2745 2266/5149/2746
f 2268/5150/4 2231/5092/4 2269/5151/4
f 2270/5152/122 2272/5153/401 2271/5154/122
f 2273/5155/47 2275/5156/47 2274/5157/47
f 2276/5158/46 2275/5159/46 2270/5152/46
f 2226/5086/46 2270/5152/46 2277/5160/46
f 2228/5161/46 2226/5086/46 2277/5160/46
f 2277/5160/46 2231/5162/46 2228/5161/46
f 2224/5163/4 2225/5164/4 2278/5165/4
f 2279/5166/17 2225/5167/17 2234/5168/17
f 2234/5168/2672 2223/5169/2747 2280/5170/2748
f 2229/5171/18 2280/5170/17 2227/5172/17
f 2281/5173/2606 2282/5174/2605 2274/5175/2730
f 2283/5176/2749 2274/5175/2749 2282/5174/2749
f 2283/5176/2750 2284/5177/2751 2274/5175/2749
f 2285/5178/2752 2274/5175/2752 2284/5177/219
f 2286/5179/219 2274/5175/219 2285/5178/67
f 2274/5175/66 2286/5179/2601 2287/5180/67
f 2286/5179/2601 2288/5181/106 2287/5180/67
f 2289/5182/47 2288/5183/47 2290/5184/47
f 2286/5179/2718 2292/5185/59 2291/5186/2753
f 2292/5185/66 2293/5187/67 2294/5188/67
f 2292/5189/47 2286/5190/47 2293/5191/47
f 2293/5191/47 2286/5190/47 2285/5192/47
f 2293/5193/19 2285/5194/20 2295/5195/19
f 2296/5196/20 2297/5197/20 2285/5194/19
f 2295/5195/4 2298/5198/4 2291/5199/4
f 2294/5200/4 2295/5195/4 2291/5199/4
f 2293/5187/67 2295/5201/106 2294/5188/67
f 2290/5202/2754 2291/5199/2755 2298/5198/2756
f 2298/5198/2757 2299/5203/2758 2290/5202/2759
f 2299/5203/2760 2300/5204/2761 2290/5202/2762
f 2301/5205/4 2300/5206/4 2299/5207/4
f 2302/5208/4 2301/5209/4 2299/5203/4
f 2303/5210/2763 2301/5211/2605 2302/5212/2730
f 2304/5213/2605 2303/5210/2606 2302/5212/2763
f 2284/5214/47 2303/5215/47 2304/5216/47
f 2283/5217/47 2303/5215/47 2284/5214/47
f 2303/5218/2764 2283/5219/2765 2301/5209/2766
f 2300/5204/2767 2301/5209/2768 2283/5219/2769
f 2305/5220/2764 2300/5204/2770 2283/5219/2771
f 2306/5221/47 2307/5222/47 2305/5223/47
f 2300/5206/2319 2305/5223/1804 2307/5222/2772
f 2290/5202/2773 2300/5204/2774 2307/5224/2775
f 2308/5225/2606 2290/5226/2605 2307/5227/2606
f 2309/5228/2605 2308/5225/2730 2307/5227/2606
f 2309/5229/47 2310/5230/47 2308/5231/47
f 2311/5232/47 2308/5231/47 2310/5230/47
f 2312/5233/47 2311/5232/47 2310/5230/47
f 2313/5234/47 2310/5230/47 2309/5229/47
f 2314/5235/47 2315/5236/47 2309/5229/47
f 2316/5237/2776 2314/5235/2777 2309/5229/400
f 2313/5234/2319 2309/5229/2644 2315/5236/2319
f 2313/5238/2778 2318/5239/106 2317/5240/67
f 2311/5241/2779 2312/5242/2780 2319/5243/2687
f 2311/5241/2687 2319/5243/2781 2320/5244/2782
f 2321/5245/2601 2320/5244/2601 2319/5243/2601
f 2322/5246/67 2320/5244/67 2321/5245/67
f 2316/5247/2783 2322/5246/2605 2321/5245/2784
f 2323/5248/2785 2316/5247/2675 2321/5245/2786
f 2314/5235/47 2316/5237/47 2323/5249/47
f 2314/5250/24 2323/5248/1 2321/5245/1
f 2314/5250/67 2325/5251/106 2324/5252/67
f 2324/5252/67 2315/5253/66 2314/5250/67
f 2326/5254/2787 2315/5255/2788 2324/5256/136
f 2324/5256/2720 2327/5257/2789 2326/5254/19
f 2327/5258/2785 2328/5259/2790 2326/5260/2791
f 2329/5261/2697 2326/5260/67 2328/5259/67
f 2326/5262/47 2329/5263/47 2313/5234/47
f 2328/5259/2719 2318/5239/1 2313/5238/24
f 2326/5262/2792 2313/5234/2726 2315/5236/2644
f 2319/5264/2793 2328/5265/2794 2327/5257/2795
f 2321/5266/47 2327/5267/47 2324/5268/47
f 2324/5268/47 2325/5269/47 2321/5266/47
f 2319/5270/2796 2327/5267/2797 2321/5266/2798
f 2328/5271/47 2319/5270/47 2317/5272/47
f 2322/5273/2799 2331/5274/2800 2330/5275/2801
f 2320/5276/47 2322/5273/47 2330/5275/47
f 2330/5275/47 2332/5277/47 2320/5276/47
f 2330/5275/47 2333/5278/47 2332/5277/47
f 2332/5279/66 2333/5280/67 2334/5281/67
f 2335/5282/66 2334/5281/67 2333/5280/67
f 2335/5283/2664 2336/5284/2665 2334/5285/2802
f 2331/5286/2782 2338/5287/2687 2337/5288/2609
f 2337/5289/47 2338/5290/47 2339/5291/47
f 2336/5292/2803 2337/5293/2678 2340/5294/2678
f 2341/5295/209 2342/5296/209 2336/5292/209
f 2340/5294/209 2341/5295/209 2336/5292/209
f 2339/5291/47 2340/5297/47 2337/5289/47
f 2341/5298/4 2343/5299/4 2342/5300/4
f 2344/5301/27 2342/5300/25 2343/5299/177
f 2345/5302/2804 2344/5303/2805 2343/5304/2714
f 2345/5302/1791 2343/5304/1791 2339/5305/2701
f 2339/5305/2806 2338/5306/2807 2345/5302/2607
f 2346/5307/47 2345/5308/47 2347/5309/47
f 2347/5309/634 2348/5310/2664 2346/5307/2776
f 2349/5311/2808 2348/5312/2610 2347/5313/2611
f 2350/5314/2610 2349/5311/2780 2347/5313/2808
f 2350/5315/47 2331/5274/47 2349/5316/47
f 2349/5316/2776 2331/5274/2809 2322/5273/2016
f 2338/5306/1791 2350/5317/1792 2347/5318/1792
f 2351/5319/2810 2345/5302/2592 2346/5320/224
f 2352/5321/2592 2351/5319/2810 2346/5320/2810
f 2352/5322/47 2353/5323/47 2351/5324/47
f 2351/5324/223 2353/5323/900 2354/5325/504
f 2353/5323/47 2344/5326/47 2354/5325/47
f 2354/5327/329 2344/5328/1757 2355/5329/504
f 2342/5330/47 2355/5329/47 2344/5328/47
f 2356/5331/209 2355/5332/209 2342/5333/209
f 2356/5334/47 2342/5335/47 2357/5336/47
f 2342/5335/47 2358/5337/47 2357/5336/47
f 2358/5338/218 2342/5339/161 2359/5340/2650
f 2360/5341/162 2359/5340/163 2353/5342/163
f 2344/5343/161 2353/5342/2603 2359/5340/2649
f 2342/5339/2811 2344/5343/2812 2359/5340/2716
f 2359/5344/4 2360/5345/4 2361/5346/4
f 2362/5347/4 2361/5346/4 2360/5345/4
f 2361/5348/160 2362/5349/161 2363/5350/161
f 2364/5351/47 2365/5352/47 2363/5353/47
f 2366/5354/47 2363/5353/47 2365/5352/47
f 2253/5355/42 2367/5356/2813 2368/5357/2814
f 2368/5357/2815 2250/5112/222 2253/5355/222
f 2365/5358/47 2364/5359/47 2369/5360/47
f 2370/5361/128 2369/5362/128 2364/5363/127
f 2362/5349/128 2370/5361/127 2364/5363/128
f 2370/5364/4 2362/5365/4 2360/5366/4
f 2362/5349/161 2364/5363/160 2363/5350/161
f 2336/5292/163 2356/5331/162 2357/5367/163
f 2371/5368/162 2336/5292/102 2357/5367/163
f 2336/5284/47 2371/5369/47 2334/5285/47
f 2336/5292/2816 2335/5370/209 2337/5293/209
f 2335/5370/209 2333/5371/209 2337/5293/209
f 2354/5327/47 2355/5329/47 2356/5372/47
f 2345/5302/1791 2351/5319/1792 2354/5373/1791
f 2284/5177/24 2304/5213/1 2299/5374/1
f 2372/5375/1 2284/5177/24 2299/5374/24
f 2373/5376/67 2372/5375/66 2296/5377/67
f 2373/5376/24 2284/5177/1 2372/5375/1
f 2285/5194/26 2284/5378/315 2296/5196/1706
f 2374/5379/235 2376/5380/2112 2375/5381/2817
f 2377/5382/46 2231/5383/46 2268/5384/46
f 2378/5385/209 2377/5382/209 2268/5384/209
f 2268/5384/209 2264/5145/209 2378/5385/209
f 2377/5386/4 2230/5093/4 2231/5092/4
f 2379/5387/2608 2380/5388/2700 2381/5389/141
f 2235/5390/67 2382/5391/66 2380/5392/67
f 2382/5393/4 2381/5389/4 2380/5388/4
f 2235/5390/18 2230/5394/17 2382/5391/18
f 2235/5097/4 2384/5395/4 2383/5396/4
f 2385/5397/161 2236/5398/160 2383/5399/161
f 2386/5400/25 2387/5401/26 2385/5402/315
f 2388/5403/315 2385/5402/27 2387/5401/25
f 2237/5404/18 2236/5398/1921 2388/5405/17
f 2387/5406/67 2389/5407/66 2237/5404/67
f 2237/5099/1726 2389/5408/2698 2238/5100/2698
f 2238/5100/4 2389/5408/4 2390/5409/4
f 2391/5410/4 2392/5411/4 2393/5412/4
f 2394/5413/26 2393/5412/315 2392/5411/1706
f 2239/5414/2609 2393/5415/2610 2394/5416/2611
f 2394/5416/2609 2395/5417/2610 2239/5414/2611
f 2239/5101/8 2395/5418/4 2396/5419/4
f 2397/5420/4 2399/5421/4 2398/5422/4
f 2400/5423/4 2397/5420/4 2398/5422/4
f 2401/5424/4 2403/5425/4 2402/5426/4
f 2404/5427/4 2401/5424/4 2402/5426/4
f 2241/5428/67 2401/5429/106 2404/5430/67
f 2405/5431/141 2407/5432/2608 2406/5433/2700
f 2408/5434/4 2405/5431/4 2406/5433/4
f 2405/5435/18 2408/5436/17 2242/5437/17
f 2243/5105/4 2410/5438/4 2409/5439/4
f 2411/5440/161 2412/5441/160 2409/5442/161
f 2411/5443/4 2413/5444/4 2414/5445/4
f 2413/5444/4 2415/5446/4 2414/5445/4
f 2244/5447/67 2414/5448/66 2415/5449/67
f 2415/5449/67 2378/5385/66 2244/5447/67
f 2244/5106/4 2378/5450/4 2264/5451/4
f 2245/5107/4 2244/5106/4 2264/5451/4
f 2409/5442/46 2378/5385/46 2415/5449/46
f 2415/5449/46 2413/5452/46 2409/5442/46
f 2409/5442/46 2410/5453/46 2378/5385/46
f 2406/5454/46 2407/5455/46 2416/5456/46
f 2416/5456/161 2407/5455/160 2405/5435/161
f 2416/5456/209 2377/5382/209 2378/5385/209
f 2417/5457/209 2377/5382/209 2416/5456/209
f 2417/5457/46 2416/5456/46 2418/5458/46
f 2418/5458/209 2419/5459/209 2417/5457/209
f 2377/5382/46 2417/5457/46 2395/5417/46
f 2395/5417/46 2383/5399/46 2384/5460/46
f 2400/5461/46 2398/5462/46 2396/5463/46
f 2377/5382/46 2384/5460/46 2380/5392/46
f 2394/5416/46 2392/5464/46 2390/5465/46
f 2383/5399/209 2390/5465/209 2389/5407/209
f 2383/5399/46 2389/5407/46 2387/5406/46
f 2383/5399/161 2386/5466/218 2385/5397/161
f 2404/5430/46 2402/5467/46 2419/5459/46
f 2419/5459/161 2402/5467/160 2403/5468/161
f 2244/5447/18 2412/5441/1921 2414/5448/17
f 2403/5468/17 2401/5429/17 2420/5469/18
f 2239/5414/154 2238/5470/2818 2393/5415/2819
f 2259/5137/46 2260/5136/46 2257/5131/46
f 2264/5145/2820 2265/5471/2646 2263/5143/2821
f 2227/5472/2610 2228/5161/2611 2229/5473/2609
f 2231/5162/66 2229/5473/67 2228/5161/67
f 2280/5474/4 2232/5094/4 2234/5096/4
f 2229/5091/4 2232/5094/4 2280/5474/4
f 2235/5097/4 2232/5094/4 2230/5093/4
f 2237/5099/256 2232/5094/4 2236/5098/4
f 2239/5101/4 2232/5094/4 2238/5100/4
f 2421/5475/256 2232/5094/4 2240/5102/4
f 2420/5476/4 2232/5094/255 2421/5475/4
f 2241/5103/1721 2232/5094/27 2420/5476/1721
f 2412/5477/1726 2232/5094/1956 2243/5105/1956
f 2244/5106/4 2232/5094/255 2412/5477/4
f 2247/5111/18 2248/5110/17 2249/5113/18
f 2249/5120/127 2246/5119/128 2247/5478/127
f 2246/5108/4 2245/5107/4 2247/5479/4
f 2258/5132/17 2245/5109/2822 2262/5139/2721
f 2265/5471/46 2264/5145/242 2260/5136/46
f 2255/5129/2741 2264/5145/2741 2254/5480/2823
f 2264/5145/46 2268/5384/46 2254/5480/46
f 2267/5481/46 2254/5480/46 2268/5384/46
f 2254/5480/46 2267/5481/46 2253/5355/46
f 2266/5149/2744 2267/5148/2744 2422/5482/2746
f 2268/5483/42 2422/5484/42 2267/5485/42
f 2422/5484/42 2268/5483/42 2423/5486/42
f 2268/5150/5 2269/5151/2824 2423/5487/2700
f 2270/5488/4 2269/5151/4 2231/5092/4
f 2275/5159/122 2271/5154/402 2272/5153/122
f 2274/5157/47 2275/5156/47 2276/5489/47
f 2272/5490/209 2270/5491/209 2275/5492/209
f 2276/5158/46 2270/5152/46 2278/5493/46
f 2278/5493/46 2270/5152/46 2224/5085/46
f 2224/5085/2825 2270/5152/2826 2226/5086/2827
f 2270/5491/2694 2231/5383/296 2277/5494/2694
f 2278/5165/4 2225/5164/4 2279/5495/4
f 2424/5496/18 2234/5168/18 2376/5497/18
f 2279/5166/2828 2234/5168/2829 2424/5496/2829
f 2223/5169/18 2234/5168/17 2225/5167/17
f 2227/5172/1880 2280/5170/2830 2223/5169/2831
f 2424/5498/2605 2276/5158/2606 2279/5499/2606
f 2278/5493/2605 2279/5499/2606 2276/5158/2606
f 2281/5500/1526 2276/5489/2777 2424/5501/2664
f 2276/5489/47 2281/5500/47 2274/5157/47
f 2286/5179/24 2291/5186/2 2288/5181/1
f 2291/5186/2832 2292/5185/2833 2294/5188/2834
f 2298/5198/31 2285/5194/2835 2297/5197/2656
f 2295/5195/174 2285/5194/2836 2298/5198/2837
f 2310/5502/2788 2317/5503/2838 2312/5504/2787
f 2310/5505/66 2313/5238/67 2317/5240/67
f 2318/5506/47 2328/5271/47 2317/5272/47
f 2319/5264/2839 2312/5504/2838 2317/5503/2787
f 2325/5251/1 2314/5250/24 2321/5245/2719
f 2329/5261/1 2328/5259/2 2313/5238/24
f 2330/5507/209 2337/5293/209 2333/5371/209
f 2330/5508/2687 2331/5286/2840 2337/5288/2782
f 2355/5509/209 2336/5292/209 2342/5296/209
f 2336/5292/213 2355/5509/2841 2356/5331/2678
f 2340/5510/160 2339/5511/161 2341/5512/161
f 2343/5513/160 2341/5512/161 2339/5511/161
f 2347/5318/2842 2345/5302/2843 2338/5306/2615
f 2331/5514/1792 2350/5317/1791 2338/5306/1791
f 2354/5373/2844 2344/5303/2845 2345/5302/2846
f 2283/5176/66 2306/5515/67 2305/5516/67
f 2306/5515/66 2283/5176/67 2282/5174/67
f 2299/5374/1 2304/5213/2847 2302/5212/2
f 2299/5207/2848 2297/5517/1996 2372/5518/2664
f 2297/5517/47 2299/5207/47 2298/5519/47
f 2296/5377/66 2372/5375/67 2297/5520/67
f 2296/5521/4 2284/5522/4 2373/5523/4
f 2290/5184/47 2288/5183/47 2291/5524/47
f 2287/5180/2849 2288/5181/2850 2289/5525/2851
f 2281/5500/47 2424/5501/47 2374/5526/47
f 2424/5496/17 2376/5497/2732 2374/5527/1722
f 2281/5500/47 2374/5526/47 2375/5528/47
f 2233/5529/2114 2376/5380/2852 2234/5530/2853
f 2375/5381/237 2376/5380/2817 2233/5529/2852
f 2271/5154/122 2275/5159/122 2273/5531/229
f 2269/5151/4 2270/5488/4 2271/5532/4
f 2230/5394/2854 2377/5382/163 2381/5533/2855
f 2379/5534/2854 2381/5533/2591 2377/5382/2855
f 2379/5534/46 2377/5382/46 2380/5392/46
f 2384/5460/66 2235/5390/67 2380/5392/67
f 2382/5391/17 2230/5394/17 2381/5533/18
f 2388/5405/1716 2236/5398/18 2385/5397/17
f 2388/5405/2687 2387/5406/2856 2237/5404/2729
f 2238/5470/162 2390/5465/163 2391/5535/163
f 2392/5464/162 2391/5535/109 2390/5465/163
f 2240/5536/160 2396/5463/161 2399/5537/161
f 2398/5462/218 2399/5537/161 2396/5463/161
f 2397/5538/66 2400/5461/67 2421/5539/67
f 2417/5457/2605 2421/5539/2730 2400/5461/2606
f 2420/5469/160 2419/5459/161 2403/5468/161
f 2418/5458/66 2241/5428/67 2404/5430/67
f 2418/5540/4 2242/5104/4 2241/5103/4
f 2242/5437/160 2416/5456/161 2405/5435/161
f 2408/5436/106 2406/5454/67 2243/5541/67
f 2410/5453/66 2243/5541/67 2406/5454/67
f 2413/5452/218 2411/5440/161 2409/5442/161
f 2410/5453/46 2406/5454/46 2416/5456/46
f 2378/5385/209 2410/5453/209 2416/5456/209
f 2417/5542/4 2419/5543/4 2421/5475/4
f 2421/5475/4 2419/5543/4 2420/5476/4
f 2418/5540/2695 2416/5544/274 2242/5104/2608
f 2235/5097/4 2383/5396/4 2236/5098/4
f 2377/5382/209 2395/5417/209 2384/5460/209
f 2417/5457/46 2400/5461/46 2396/5463/46
f 2395/5417/209 2417/5457/209 2396/5463/209
f 2239/5101/4 2396/5419/4 2240/5102/4
f 2395/5417/46 2394/5416/46 2390/5465/46
f 2383/5399/209 2395/5417/209 2390/5465/209
f 2386/5466/46 2383/5399/46 2387/5406/46
f 2418/5458/46 2404/5430/46 2419/5459/46
f 2243/5105/4 2409/5439/4 2412/5477/4
f 2414/5448/17 2412/5441/18 2411/5440/17
f 2242/5437/17 2408/5436/17 2243/5541/18
f 2420/5469/17 2401/5429/17 2241/5428/18
f 2240/5536/1880 2397/5538/2857 2421/5539/2738
f 2397/5538/17 2240/5536/17 2399/5537/17
f 2393/5415/155 2238/5470/2819 2391/5535/154
f 2425/5545/903 2427/5546/903 2426/5547/903
f 2428/5548/903 2425/5545/903 2426/5547/903
f 2429/5549/4 2425/5550/4 2428/5551/4
f 2430/5552/4 2429/5549/4 2428/5551/4
f 2431/5553/923 2433/5554/1314 2432/5555/924
f 2431/5553/4 2432/5555/4 2434/5556/4
f 2435/5557/4 2436/5558/4 2434/5556/4
f 2437/5559/4 2438/5560/4 2434/5556/4
f 2439/5561/4 2440/5562/4 2434/5556/4
f 2441/5563/256 2442/5564/4 2434/5556/4
f 2443/5565/4 2444/5566/4 2434/5556/4
f 2444/5566/4 2445/5567/4 2434/5556/4
f 2446/5568/4 2447/5569/4 2434/5556/4
f 2434/5556/923 2447/5569/709 2448/5570/838
f 2447/5571/2158 2450/5572/770 2449/5573/770
f 2450/5572/770 2452/5574/770 2451/5575/770
f 2452/5576/2858 2453/5577/2859 2451/5578/2859
f 2454/5579/2859 2451/5578/2859 2453/5577/2859
f 2454/5580/647 2448/5581/1049 2451/5582/647
f 2455/5583/907 2452/5584/906 2456/5585/906
f 2452/5584/907 2450/5586/907 2456/5585/907
f 2457/5587/4 2456/5588/4 2450/5589/4
f 2458/5590/4 2457/5587/4 2450/5589/4
f 2457/5591/901 2458/5592/902 2459/5593/902
f 2460/5594/903 2459/5593/902 2458/5592/902
f 2459/5595/1163 2460/5596/707 2461/5597/752
f 2462/5598/906 2461/5599/907 2463/5600/906
f 2464/5601/2492 2462/5598/2574 2463/5600/2491
f 2464/5602/4 2465/5603/4 2462/5604/4
f 2465/5605/770 2464/5601/770 2447/5571/770
f 2460/5594/770 2458/5592/770 2447/5571/770
f 2458/5592/2860 2450/5572/2861 2447/5571/2862
f 2464/5601/2450 2463/5600/808 2460/5594/2863
f 2460/5596/4 2463/5606/4 2461/5597/4
f 2465/5605/906 2447/5571/905 2466/5607/906
f 2467/5608/4 2462/5604/4 2465/5603/4
f 2459/5593/2449 2462/5598/2864 2466/5607/2864
f 2457/5591/1064 2459/5593/1064 2466/5607/1064
f 2455/5609/2865 2469/5610/2866 2468/5611/2867
f 2470/5612/4 2433/5554/4 2471/5613/4
f 2472/5614/870 2474/5615/2868 2473/5616/1074
f 2475/5617/47 2477/5618/47 2476/5619/47
f 2478/5620/1064 2477/5621/1064 2472/5614/1392
f 2428/5548/1064 2472/5614/1064 2479/5622/1064
f 2430/5623/1370 2428/5548/1064 2479/5622/1370
f 2479/5622/2869 2433/5624/1156 2430/5623/1161
f 2426/5625/4 2427/5626/4 2480/5627/4
f 2481/5628/770 2427/5629/1095 2436/5630/2870
f 2436/5630/2158 2425/5631/770 2482/5632/770
f 2431/5633/2306 2482/5632/770 2429/5634/770
f 2483/5635/992 2484/5636/991 2476/5637/992
f 2485/5638/2363 2476/5637/2556 2484/5636/2556
f 2485/5638/902 2486/5639/2871 2476/5637/2871
f 2487/5640/2871 2476/5637/2871 2486/5639/902
f 2488/5641/902 2476/5637/901 2487/5640/990
f 2476/5637/903 2488/5641/903 2489/5642/903
f 2488/5641/902 2490/5643/903 2489/5642/903
f 2491/5644/47 2490/5645/47 2492/5646/47
f 2488/5641/858 2494/5647/1014 2493/5648/857
f 2494/5647/2357 2495/5649/2872 2496/5650/2873
f 2494/5651/47 2488/5652/47 2495/5653/47
f 2495/5653/47 2488/5652/47 2487/5654/47
f 2495/5655/897 2487/5656/896 2497/5657/943
f 2498/5658/833 2499/5659/833 2487/5656/895
f 2497/5657/4 2500/5660/4 2493/5661/4
f 2496/5662/4 2497/5657/4 2493/5661/4
f 2495/5649/2874 2497/5663/2459 2496/5650/992
f 2492/5664/2875 2493/5661/48 2500/5660/2876
f 2500/5660/2877 2501/5665/2878 2492/5664/2879
f 2501/5665/2880 2502/5666/2881 2492/5664/2882
f 2503/5667/4 2502/5668/4 2501/5669/4
f 2504/5670/4 2503/5671/4 2501/5665/4
f 2505/5672/902 2503/5673/903 2504/5674/902
f 2506/5675/901 2505/5672/990 2504/5674/902
f 2486/5676/47 2505/5677/47 2506/5678/47
f 2485/5679/47 2505/5677/47 2486/5676/47
f 2505/5680/2883 2485/5681/2884 2503/5671/2884
f 2502/5666/2885 2503/5671/2886 2485/5681/2887
f 2507/5682/2888 2502/5666/2884 2485/5681/2883
f 2508/5683/2422 2509/5684/2455 2507/5685/363
f 2502/5668/47 2507/5685/47 2509/5684/47
f 2492/5664/2889 2502/5666/2890 2509/5686/2891
f 2510/5687/902 2492/5688/901 2509/5689/902
f 2511/5690/903 2510/5687/902 2509/5689/902
f 2511/5691/47 2512/5692/47 2510/5693/47
f 2513/5694/1254 2510/5693/2892 2512/5692/649
f 2514/5695/47 2513/5694/47 2512/5692/47
f 2515/5696/47 2512/5692/47 2511/5691/47
f 2516/5697/899 2517/5698/613 2511/5691/307
f 2518/5699/47 2516/5697/47 2511/5691/47
f 2515/5696/47 2511/5691/47 2517/5698/47
f 2515/5700/2893 2520/5701/2357 2519/5702/2365
f 2513/5703/902 2514/5704/902 2521/5705/903
f 2513/5703/901 2521/5705/903 2522/5706/903
f 2523/5707/990 2522/5706/902 2521/5705/990
f 2524/5708/990 2522/5706/902 2523/5707/990
f 2518/5709/903 2524/5708/903 2523/5707/903
f 2525/5710/2364 2518/5709/2363 2523/5707/2894
f 2516/5697/47 2518/5699/47 2525/5711/47
f 2516/5712/2895 2525/5710/858 2523/5707/857
f 2516/5712/903 2527/5713/903 2526/5714/903
f 2526/5714/903 2517/5715/903 2516/5712/903
f 2528/5716/895 2517/5717/832 2526/5718/833
f 2526/5718/833 2529/5719/832 2528/5716/895
f 2529/5720/903 2530/5721/903 2528/5722/903
f 2531/5723/901 2528/5722/902 2530/5721/2896
f 2528/5724/47 2531/5725/47 2515/5696/47
f 2530/5721/857 2520/5701/857 2515/5700/857
f 2528/5724/47 2515/5696/47 2517/5698/47
f 2521/5726/2897 2530/5727/2898 2529/5719/2899
f 2523/5728/47 2529/5729/47 2526/5730/47
f 2526/5730/47 2527/5731/47 2523/5728/47
f 2521/5732/2900 2529/5729/2901 2523/5728/2902
f 2530/5733/47 2521/5732/47 2519/5734/47
f 2524/5735/47 2533/5736/47 2532/5737/47
f 2522/5738/47 2524/5735/47 2532/5737/47
f 2532/5737/638 2534/5739/1997 2522/5738/1544
f 2532/5737/47 2535/5740/47 2534/5739/47
f 2534/5741/903 2535/5742/902 2536/5743/902
f 2537/5744/903 2536/5743/902 2535/5742/903
f 2537/5745/47 2538/5746/47 2536/5747/47
f 2533/5748/902 2540/5749/903 2539/5750/902
f 2539/5751/504 2540/5752/307 2541/5753/612
f 2538/5754/876 2539/5755/876 2542/5756/876
f 2543/5757/2500 2544/5758/2903 2538/5754/2903
f 2542/5756/1269 2543/5757/1307 2538/5754/2904
f 2541/5753/2772 2542/5759/1254 2539/5751/2892
f 2543/5760/1328 2545/5761/926 2544/5762/705
f 2546/5763/2265 2544/5762/841 2545/5761/2905
f 2547/5764/2906 2546/5765/2906 2545/5766/2907
f 2547/5764/764 2545/5766/764 2541/5767/764
f 2541/5767/764 2540/5768/764 2547/5764/764
f 2548/5769/47 2547/5770/47 2549/5771/47
f 2549/5771/47 2550/5772/47 2548/5769/47
f 2551/5773/903 2550/5774/903 2549/5775/902
f 2552/5776/903 2551/5773/902 2549/5775/902
f 2552/5777/47 2533/5736/47 2551/5778/47
f 2551/5778/47 2533/5736/47 2524/5735/47
f 2540/5768/764 2552/5779/764 2549/5780/764
f 2553/5781/907 2547/5764/907 2548/5782/906
f 2554/5783/909 2553/5781/2908 2548/5782/2351
f 2554/5784/47 2555/5785/47 2553/5786/47
f 2553/5786/47 2555/5785/47 2556/5787/47
f 2555/5785/47 2546/5788/47 2556/5787/47
f 2556/5789/307 2546/5790/612 2557/5791/613
f 2544/5792/47 2557/5791/47 2546/5790/47
f 2558/5793/2909 2557/5794/2910 2544/5795/2911
f 2558/5796/2422 2544/5797/1226 2559/5798/363
f 2544/5797/47 2560/5799/47 2559/5798/47
f 2560/5800/907 2544/5801/906 2561/5802/906
f 2562/5803/907 2561/5802/906 2555/5804/907
f 2546/5805/1082 2555/5804/1082 2561/5802/2420
f 2544/5801/2435 2546/5805/2385 2561/5802/2912
f 2561/5806/4 2562/5807/4 2563/5808/4
f 2564/5809/4 2563/5808/4 2562/5807/4
f 2563/5810/907 2564/5811/906 2565/5812/906
f 2566/5813/47 2567/5814/47 2565/5815/47
f 2568/5816/47 2565/5815/47 2567/5814/47
f 2455/5817/2913 2569/5818/2914 2570/5819/2915
f 2570/5819/2916 2452/5574/2917 2455/5817/2918
f 2567/5820/47 2566/5821/47 2571/5822/47
f 2572/5823/647 2571/5824/1079 2566/5825/647
f 2564/5811/647 2572/5823/647 2566/5825/1079
f 2572/5826/4 2564/5827/4 2562/5828/4
f 2564/5811/906 2566/5825/905 2565/5812/906
f 2538/5754/906 2558/5793/907 2559/5829/906
f 2573/5830/907 2538/5754/906 2559/5829/906
f 2538/5746/47 2573/5831/47 2536/5747/47
f 2538/5754/876 2537/5832/2500 2539/5755/876
f 2537/5832/2919 2535/5833/2920 2539/5755/2921
f 2556/5789/341 2557/5791/613 2558/5834/950
f 2547/5764/2922 2553/5781/2221 2556/5835/2923
f 2486/5639/858 2506/5675/1014 2501/5836/857
f 2574/5837/857 2486/5639/858 2501/5836/857
f 2575/5838/2556 2574/5837/2357 2498/5839/2924
f 2575/5838/858 2486/5639/2431 2574/5837/857
f 2487/5656/4 2486/5840/4 2498/5658/4
f 2576/5841/557 2578/5842/773 2577/5843/557
f 2579/5844/2925 2433/5845/2925 2470/5846/2925
f 2580/5847/122 2579/5844/2926 2470/5846/2926
f 2470/5846/2927 2466/5607/2928 2580/5847/2929
f 2579/5848/4 2432/5555/4 2433/5554/4
f 2581/5849/841 2582/5850/1391 2583/5851/2930
f 2437/5852/902 2584/5853/903 2582/5854/902
f 2584/5855/4 2583/5851/4 2582/5850/4
f 2437/5852/2306 2432/5856/770 2584/5853/770
f 2437/5559/4 2586/5857/4 2585/5858/4
f 2587/5859/906 2438/5860/905 2585/5861/906
f 2588/5862/4 2589/5863/4 2587/5864/4
f 2590/5865/4 2587/5864/4 2589/5863/4
f 2439/5866/2167 2438/5860/2931 2590/5867/2932
f 2589/5868/903 2591/5869/903 2439/5866/903
f 2439/5561/923 2591/5870/1314 2440/5562/924
f 2440/5562/4 2591/5870/4 2592/5871/4
f 2593/5872/4 2594/5873/4 2595/5874/4
f 2596/5875/4 2595/5874/4 2594/5873/4
f 2441/5876/990 2595/5877/903 2596/5878/902
f 2596/5878/902 2597/5879/901 2441/5876/990
f 2441/5563/4 2597/5880/4 2598/5881/4
f 2599/5882/4 2601/5883/4 2600/5884/4
f 2602/5885/4 2599/5882/4 2600/5884/4
f 2603/5886/707 2605/5887/1004 2604/5888/752
f 2606/5889/4 2603/5886/4 2604/5888/4
f 2443/5890/902 2603/5891/903 2606/5892/902
f 2607/5893/4 2609/5894/4 2608/5895/4
f 2610/5896/4 2607/5893/4 2608/5895/4
f 2607/5897/770 2610/5898/1095 2444/5899/2296
f 2445/5567/4 2612/5900/4 2611/5901/4
f 2613/5902/2574 2614/5903/2392 2611/5904/2384
f 2613/5905/4 2615/5906/4 2616/5907/4
f 2615/5906/4 2617/5908/4 2616/5907/4
f 2446/5909/2933 2616/5910/2934 2617/5911/2935
f 2617/5911/2463 2580/5847/2555 2446/5909/2936
f 2446/5568/2930 2580/5912/841 2466/5913/1391
f 2447/5569/707 2446/5568/1004 2466/5913/752
f 2611/5904/2937 2580/5847/1156 2617/5911/1161
f 2617/5911/2938 2615/5914/1158 2611/5904/2939
f 2611/5904/42 2612/5915/42 2580/5847/42
f 2608/5916/1429 2609/5917/1064 2618/5918/2940
f 2618/5918/907 2609/5917/907 2607/5897/907
f 2618/5918/2941 2579/5844/2942 2580/5847/2943
f 2619/5919/122 2579/5844/2926 2618/5918/2944
f 2619/5919/2945 2618/5918/2946 2620/5920/2947
f 2620/5920/2948 2621/5921/2949 2619/5919/2950
f 2579/5844/2951 2619/5919/2951 2597/5879/2951
f 2597/5879/2952 2585/5861/2952 2586/5922/2952
f 2602/5923/2953 2600/5924/2551 2598/5925/2954
f 2579/5844/2955 2586/5922/1563 2582/5854/2956
f 2596/5878/2957 2594/5926/1160 2592/5927/1155
f 2585/5861/2958 2592/5927/2959 2591/5869/2960
f 2585/5861/2937 2591/5869/1156 2589/5868/1161
f 2585/5861/906 2588/5928/907 2587/5859/906
f 2606/5892/1064 2604/5929/1065 2621/5921/1429
f 2621/5921/906 2604/5929/907 2605/5930/906
f 2446/5909/2296 2614/5903/770 2616/5910/770
f 2605/5930/562 2603/5891/2961 2622/5931/2962
f 2441/5876/2167 2440/5932/2963 2595/5877/2964
f 2461/5599/1064 2462/5598/1064 2459/5593/1064
f 2466/5607/906 2467/5933/907 2465/5605/1082
f 2429/5934/2555 2430/5623/2365 2431/5935/2363
f 2433/5624/2555 2431/5935/2363 2430/5623/2363
f 2482/5936/4 2434/5556/4 2436/5558/4
f 2431/5553/4 2434/5556/4 2482/5936/4
f 2437/5559/4 2434/5556/4 2432/5555/4
f 2439/5561/4 2434/5556/4 2438/5560/4
f 2441/5563/812 2434/5556/601 2440/5562/2965
f 2623/5937/4 2434/5556/4 2442/5564/4
f 2622/5938/4 2434/5556/4 2623/5937/4
f 2443/5565/4 2434/5556/4 2622/5938/4
f 2614/5939/4 2434/5556/4 2445/5567/4
f 2446/5568/4 2434/5556/4 2614/5939/4
f 2449/5573/2966 2450/5572/2967 2451/5575/2968
f 2451/5582/647 2448/5581/647 2449/5940/647
f 2448/5570/4 2447/5569/4 2449/5941/4
f 2460/5594/770 2447/5571/2158 2464/5601/770
f 2467/5933/1064 2466/5607/1064 2462/5598/1064
f 2457/5591/1158 2466/5607/1158 2456/5942/2969
f 2466/5607/1064 2470/5846/1370 2456/5942/1064
f 2469/5943/2970 2456/5942/2971 2470/5846/2972
f 2456/5942/1155 2469/5943/2973 2455/5817/2974
f 2468/5611/2975 2469/5610/2976 2624/5944/2977
f 2470/5945/2978 2624/5946/2979 2469/5947/2980
f 2624/5946/1456 2470/5945/2981 2625/5948/1687
f 2470/5612/4 2471/5613/4 2625/5949/4
f 2472/5950/1369 2471/5613/546 2433/5554/1794
f 2477/5621/2868 2473/5616/1074 2474/5615/1073
f 2476/5619/47 2477/5618/47 2478/5951/47
f 2474/5952/209 2472/5953/209 2477/5954/209
f 2478/5620/1338 2472/5614/2982 2480/5955/2982
f 2480/5955/1160 2472/5614/2983 2426/5547/2984
f 2426/5547/2985 2472/5614/2986 2428/5548/2987
f 2472/5953/2988 2433/5845/2988 2479/5956/2988
f 2480/5627/4 2427/5626/4 2481/5957/4
f 2626/5958/770 2436/5630/2306 2578/5959/2989
f 2481/5628/2990 2436/5630/2990 2626/5958/2990
f 2425/5631/2991 2436/5630/2992 2427/5629/2993
f 2429/5634/2994 2482/5632/2995 2425/5631/2996
f 2626/5960/903 2478/5620/902 2481/5961/903
f 2480/5955/901 2481/5961/902 2478/5620/902
f 2483/5962/47 2478/5951/47 2626/5963/47
f 2478/5951/47 2483/5962/47 2476/5619/47
f 2488/5641/2997 2493/5648/2998 2490/5643/2999
f 2493/5648/3000 2494/5647/3001 2496/5650/1101
f 2500/5660/1011 2487/5656/895 2499/5659/833
f 2497/5657/832 2487/5656/3002 2500/5660/833
f 2512/5964/833 2519/5965/833 2514/5966/833
f 2512/5967/2357 2515/5700/2463 2519/5702/2893
f 2520/5968/47 2530/5733/47 2519/5734/47
f 2521/5726/833 2514/5966/833 2519/5965/833
f 2527/5713/856 2516/5712/979 2523/5707/3003
f 2531/5723/856 2530/5721/857 2515/5700/858
f 2532/5969/2500 2539/5755/876 2535/5833/876
f 2532/5970/901 2533/5748/902 2539/5750/902
f 2557/5971/3004 2538/5754/3005 2544/5758/3005
f 2538/5754/876 2557/5971/876 2558/5793/876
f 2542/5972/907 2541/5973/906 2543/5974/906
f 2545/5975/905 2543/5974/906 2541/5973/907
f 2549/5780/764 2547/5764/764 2540/5768/764
f 2533/5976/2250 2552/5779/764 2540/5768/764
f 2556/5835/2220 2546/5765/2220 2547/5764/2220
f 2485/5638/903 2508/5977/903 2507/5978/903
f 2508/5977/903 2485/5638/903 2484/5636/903
f 2501/5836/858 2506/5675/858 2504/5674/857
f 2501/5669/612 2499/5979/342 2574/5980/307
f 2499/5979/372 2501/5669/341 2500/5981/613
f 2498/5839/2357 2574/5837/2924 2499/5982/2365
f 2498/5983/752 2486/5984/707 2575/5985/1004
f 2492/5646/47 2490/5645/47 2493/5986/47
f 2489/5642/903 2490/5643/903 2491/5987/902
f 2483/5962/47 2626/5963/47 2576/5988/47
f 2626/5958/770 2578/5959/770 2576/5989/2989
f 2483/5962/47 2576/5988/47 2577/5990/47
f 2435/5991/557 2578/5842/773 2436/5992/773
f 2577/5843/760 2578/5842/3006 2435/5991/773
f 2473/5616/1298 2477/5621/1073 2475/5993/1051
f 2471/5613/4 2472/5950/4 2473/5994/4
f 2432/5856/2424 2579/5844/2433 2583/5995/2433
f 2581/5996/2424 2583/5995/3007 2579/5844/2433
f 2581/5996/2551 2579/5844/1562 2582/5854/3008
f 2586/5922/901 2437/5852/990 2582/5854/3009
f 2584/5853/770 2432/5856/770 2583/5995/770
f 2590/5867/770 2438/5860/770 2587/5859/769
f 2590/5867/903 2589/5868/903 2439/5866/903
f 2440/5932/907 2592/5927/907 2593/5997/907
f 2594/5926/907 2593/5997/907 2592/5927/907
f 2442/5998/2390 2598/5925/906 2601/5999/3010
f 2600/5924/907 2601/5999/907 2598/5925/907
f 2599/6000/903 2602/5923/902 2623/6001/902
f 2619/5919/901 2623/6001/902 2602/5923/902
f 2622/5931/905 2621/5921/906 2605/5930/1082
f 2620/5920/901 2443/5890/902 2606/5892/902
f 2620/6002/4 2444/5566/4 2443/5565/4
f 2444/5899/905 2618/5918/906 2607/5897/906
f 2610/5898/903 2608/5916/942 2445/6003/903
f 2612/5915/901 2445/6003/902 2608/5916/902
f 2615/5914/3011 2613/5902/1082 2611/5904/3012
f 2612/5915/3013 2608/5916/2954 2618/5918/2953
f 2580/5847/3014 2612/5915/3015 2618/5918/3014
f 2619/6004/4 2621/6005/4 2623/5937/4
f 2623/5937/1004 2621/6005/752 2622/5938/707
f 2620/6002/4 2618/6006/4 2444/5566/4
f 2437/5559/923 2585/5858/1314 2438/5560/926
f 2579/5844/42 2597/5879/42 2586/5922/42
f 2619/5919/3013 2602/5923/2954 2598/5925/2953
f 2597/5879/3016 2619/5919/3017 2598/5925/3018
f 2441/5563/4 2598/5881/4 2442/5564/4
f 2597/5879/3019 2596/5878/1131 2592/5927/3020
f 2585/5861/3021 2597/5879/3022 2592/5927/3023
f 2588/5928/1160 2585/5861/1330 2589/5868/3024
f 2620/5920/1064 2606/5892/1064 2621/5921/1064
f 2445/5567/4 2611/5901/4 2614/5939/4
f 2616/5910/770 2614/5903/2306 2613/5902/770
f 2444/5899/770 2610/5898/1095 2445/6003/770
f 2622/5931/2273 2603/5891/2932 2443/5890/562
f 2442/5998/2158 2599/6000/770 2623/6001/770
f 2599/6000/2963 2442/5998/2932 2601/5999/2167
f 2595/5877/2273 2440/5932/2932 2593/5997/2272
f 2627/6007/3025 2629/6008/2229 2628/6009/682
f 2630/6010/583 2627/6007/584 2628/6009/584
f 2631/6011/4 2627/6012/4 2630/6013/4
f 2632/6014/4 2631/6011/4 2630/6013/4
f 2633/6015/294 2635/6016/689 2634/6017/599
f 2633/6015/4 2634/6017/4 2636/6018/4
f 2637/6019/4 2638/6020/4 2636/6018/4
f 2639/6021/256 2640/6022/256 2636/6018/4
f 2641/6023/4 2642/6024/4 2636/6018/4
f 2643/6025/4 2644/6026/4 2636/6018/4
f 2645/6027/4 2646/6028/4 2636/6018/4
f 2646/6028/4 2647/6029/4 2636/6018/4
f 2648/6030/4 2649/6031/4 2636/6018/4
f 2636/6018/4 2649/6031/4 2650/6032/4
f 2649/6033/276 2652/6034/2332 2651/6035/276
f 2652/6034/276 2654/6036/293 2653/6037/276
f 2654/6038/3026 2655/6039/3027 2653/6040/3028
f 2656/6041/3029 2653/6040/3030 2655/6039/3031
f 2656/6042/815 2650/6043/701 2653/6044/3032
f 2657/6045/2142 2654/6046/587 2658/6047/587
f 2654/6046/3033 2652/6048/586 2658/6047/587
f 2659/6049/4 2658/6050/4 2652/6051/4
f 2660/6052/4 2659/6049/4 2652/6051/4
f 2659/6053/3034 2660/6054/3035 2661/6055/3036
f 2662/6056/3034 2661/6055/3037 2660/6054/3036
f 2661/6057/4 2662/6058/4 2663/6059/4
f 2664/6060/587 2663/6061/587 2665/6062/587
f 2666/6063/586 2664/6060/2171 2665/6062/2171
f 2666/6064/2151 2667/6065/432 2664/6066/711
f 2667/6067/464 2666/6063/3038 2649/6033/3039
f 2662/6056/276 2660/6054/276 2649/6033/276
f 2660/6054/3040 2652/6034/3040 2649/6033/2332
f 2666/6063/292 2665/6062/293 2662/6056/276
f 2662/6058/4 2665/6068/4 2663/6059/4
f 2667/6067/2189 2649/6033/2190 2668/6069/3041
f 2669/6070/4 2664/6066/4 2667/6065/4
f 2661/6055/764 2664/6060/764 2668/6069/764
f 2659/6053/764 2661/6055/764 2668/6069/764
f 2657/6071/3042 2671/6072/3043 2670/6073/3044
f 2672/6074/1016 2635/6016/2265 2673/6075/3045
f 2674/6076/557 2676/6077/557 2675/6078/557
f 2677/6079/47 2679/6080/47 2678/6081/47
f 2680/6082/764 2679/6083/2220 2674/6076/764
f 2630/6010/764 2674/6076/764 2681/6084/765
f 2632/6085/764 2630/6010/2220 2681/6084/764
f 2681/6084/764 2635/6086/764 2632/6085/764
f 2628/6087/812 2629/6088/599 2682/6089/2223
f 2683/6090/293 2629/6091/276 2638/6092/3046
f 2638/6092/3047 2627/6093/3048 2684/6094/3049
f 2633/6095/293 2684/6094/276 2631/6096/276
f 2685/6097/682 2686/6098/2229 2678/6099/2230
f 2687/6100/584 2678/6099/626 2686/6098/584
f 2687/6100/3050 2688/6101/3050 2678/6099/3050
f 2689/6102/2230 2678/6099/3051 2688/6101/2230
f 2690/6103/3052 2678/6099/3053 2689/6102/3051
f 2678/6099/583 2690/6103/584 2691/6104/584
f 2690/6103/584 2692/6105/584 2691/6104/584
f 2693/6106/47 2692/6107/47 2694/6108/47
f 2690/6103/540 2696/6109/2326 2695/6110/540
f 2696/6109/583 2697/6111/584 2698/6112/584
f 2696/6113/47 2690/6114/47 2697/6115/47
f 2697/6115/47 2690/6114/47 2689/6116/47
f 2697/6117/524 2689/6118/525 2699/6119/3054
f 2700/6120/527 2701/6121/526 2689/6118/526
f 2699/6119/4 2702/6122/4 2695/6123/4
f 2698/6124/546 2699/6119/2151 2695/6123/816
f 2697/6111/584 2699/6125/584 2698/6112/584
f 2694/6126/3055 2695/6123/3056 2702/6122/3057
f 2702/6122/3058 2703/6127/3059 2694/6126/3060
f 2703/6127/122 2704/6128/3061 2694/6126/3062
f 2705/6129/4 2704/6130/4 2703/6131/4
f 2706/6132/4 2705/6133/4 2703/6127/4
f 2707/6134/2246 2705/6135/687 2706/6136/3063
f 2708/6137/687 2707/6134/684 2706/6136/2269
f 2688/6138/47 2707/6139/47 2708/6140/47
f 2687/6141/47 2707/6139/47 2688/6138/47
f 2707/6142/3064 2687/6143/3064 2705/6133/3065
f 2704/6128/3066 2705/6133/3067 2687/6143/3068
f 2709/6144/3069 2704/6128/3070 2687/6143/3071
f 2710/6145/47 2711/6146/47 2709/6147/47
f 2704/6130/47 2709/6147/47 2711/6146/47
f 2694/6126/3072 2704/6128/3073 2711/6148/3074
f 2712/6149/3075 2694/6150/2229 2711/6151/2230
f 2713/6152/2229 2712/6149/682 2711/6151/3075
f 2713/6153/47 2714/6154/47 2712/6155/47
f 2715/6156/47 2712/6155/47 2714/6154/47
f 2716/6157/47 2715/6156/47 2714/6154/47
f 2717/6158/47 2714/6154/47 2713/6153/47
f 2718/6159/2204 2719/6160/2214 2713/6153/2443
f 2720/6161/62 2718/6159/363 2713/6153/2443
f 2717/6158/47 2713/6153/47 2719/6160/47
f 2717/6162/3076 2722/6163/2229 2721/6164/682
f 2715/6165/584 2716/6166/584 2723/6167/584
f 2715/6165/3077 2723/6167/3078 2724/6168/2269
f 2725/6169/584 2724/6168/584 2723/6167/584
f 2726/6170/626 2724/6168/626 2725/6169/584
f 2720/6171/584 2726/6170/584 2725/6169/584
f 2727/6172/583 2720/6171/584 2725/6169/584
f 2718/6159/47 2720/6161/47 2727/6173/47
f 2718/6174/3079 2727/6172/3080 2725/6169/3081
f 2718/6174/3082 2729/6175/2153 2728/6176/584
f 2728/6176/584 2719/6177/583 2718/6174/584
f 2730/6178/527 2719/6179/527 2728/6180/527
f 2728/6180/527 2731/6181/527 2730/6178/527
f 2731/6182/584 2732/6183/584 2730/6184/584
f 2733/6185/583 2730/6184/584 2732/6183/584
f 2730/6186/341 2733/6187/342 2717/6158/614
f 2732/6183/540 2722/6163/540 2717/6162/540
f 2730/6186/3083 2717/6158/363 2719/6160/2216
f 2723/6188/3062 2732/6189/122 2731/6181/3061
f 2725/6190/47 2731/6191/47 2728/6192/47
f 2728/6192/47 2729/6193/47 2725/6190/47
f 2723/6194/3084 2731/6191/3085 2725/6190/3086
f 2732/6195/47 2723/6194/47 2721/6196/47
f 2726/6197/47 2735/6198/47 2734/6199/47
f 2724/6200/3087 2726/6197/130 2734/6199/3088
f 2734/6199/47 2736/6201/47 2724/6200/47
f 2734/6199/649 2737/6202/2455 2736/6201/2214
f 2736/6203/583 2737/6204/584 2738/6205/584
f 2739/6206/583 2738/6205/584 2737/6204/584
f 2739/6207/47 2740/6208/47 2738/6209/47
f 2735/6210/2269 2742/6211/2229 2741/6212/3052
f 2741/6213/47 2742/6214/47 2743/6215/47
f 2740/6216/3089 2741/6217/3090 2744/6218/2273
f 2745/6219/2862 2746/6220/1095 2740/6216/1095
f 2744/6218/770 2745/6219/770 2740/6216/770
f 2743/6215/1545 2744/6221/635 2741/6213/2802
f 2745/6222/4 2747/6223/4 2746/6224/4
f 2748/6225/432 2746/6224/805 2747/6223/529
f 2749/6226/3091 2748/6227/3092 2747/6228/3093
f 2749/6226/3094 2747/6228/3095 2743/6229/494
f 2743/6229/365 2742/6230/672 2749/6226/365
f 2750/6231/47 2749/6232/47 2751/6233/47
f 2751/6233/1781 2752/6234/341 2750/6231/306
f 2753/6235/2152 2752/6236/584 2751/6237/584
f 2754/6238/583 2753/6235/584 2751/6237/584
f 2754/6239/47 2735/6198/47 2753/6240/47
f 2753/6240/47 2735/6198/47 2726/6197/47
f 2742/6230/365 2754/6241/365 2751/6242/494
f 2755/6243/587 2749/6226/586 2750/6244/587
f 2756/6245/586 2755/6243/587 2750/6244/587
f 2756/6246/47 2757/6247/47 2755/6248/47
f 2755/6248/47 2757/6247/47 2758/6249/47
f 2757/6247/47 2748/6250/47 2758/6249/47
f 2758/6251/47 2748/6252/47 2759/6253/47
f 2746/6254/2214 2759/6253/2213 2748/6252/615
f 2760/6255/3096 2759/6256/3097 2746/6257/3096
f 2760/6258/47 2746/6259/47 2761/6260/47
f 2746/6259/47 2762/6261/47 2761/6260/47
f 2762/6262/586 2746/6263/2171 2763/6264/2171
f 2764/6265/586 2763/6264/587 2757/6266/587
f 2748/6267/588 2757/6266/588 2763/6264/587
f 2746/6263/587 2748/6267/587 2763/6264/587
f 2763/6268/4 2764/6269/4 2765/6270/4
f 2766/6271/4 2765/6270/4 2764/6269/4
f 2765/6272/790 2766/6273/792 2767/6274/2215
f 2768/6275/47 2769/6276/47 2767/6277/47
f 2770/6278/47 2767/6277/47 2769/6276/47
f 2657/6279/179 2771/6280/3098 2772/6281/3098
f 2772/6281/3099 2654/6036/3100 2657/6279/3101
f 2769/6282/47 2768/6283/47 2773/6284/47
f 2774/6285/534 2773/6286/534 2768/6287/476
f 2766/6273/534 2774/6285/476 2768/6287/534
f 2774/6288/4 2766/6289/4 2764/6290/4
f 2766/6273/2215 2768/6287/790 2767/6274/789
f 2740/6216/587 2760/6255/586 2761/6291/587
f 2775/6292/586 2740/6216/587 2761/6291/587
f 2740/6208/47 2775/6293/47 2738/6209/47
f 2740/6216/2158 2739/6294/770 2741/6217/2158
f 2739/6294/3102 2737/6295/3103 2741/6217/3104
f 2758/6251/47 2759/6253/47 2760/6296/47
f 2749/6226/365 2755/6243/365 2758/6297/365
f 2688/6101/541 2708/6137/660 2703/6298/541
f 2776/6299/660 2688/6101/541 2703/6298/541
f 2777/6300/2230 2776/6299/2229 2700/6301/3105
f 2777/6300/541 2688/6101/540 2776/6299/541
f 2689/6118/710 2688/6302/599 2700/6120/779
f 2778/6303/475 2780/6304/475 2779/6305/475
f 2781/6306/42 2635/6307/3106 2672/6308/3107
f 2782/6309/3108 2781/6306/3109 2672/6308/3110
f 2672/6308/3111 2668/6069/3112 2782/6309/3113
f 2781/6310/4 2634/6017/4 2635/6016/4
f 2783/6311/4 2784/6312/4 2785/6313/4
f 2639/6314/584 2786/6315/584 2784/6316/584
f 2786/6317/599 2785/6313/294 2784/6312/2268
f 2639/6314/276 2634/6318/276 2786/6315/293
f 2639/6021/4 2788/6319/4 2787/6320/4
f 2789/6321/587 2640/6322/586 2787/6323/587
f 2790/6324/4 2791/6325/4 2789/6326/4
f 2792/6327/4 2789/6326/4 2791/6325/4
f 2641/6328/293 2640/6322/276 2792/6329/276
f 2791/6330/584 2793/6331/583 2641/6328/584
f 2641/6023/283 2793/6332/598 2642/6024/522
f 2642/6024/4 2793/6332/4 2794/6333/4
f 2795/6334/294 2796/6335/689 2797/6336/599
f 2798/6337/4 2797/6336/4 2796/6335/4
f 2643/6338/584 2797/6339/583 2798/6340/584
f 2798/6340/584 2799/6341/583 2643/6338/584
f 2643/6025/4 2799/6342/4 2800/6343/4
f 2801/6344/4 2803/6345/4 2802/6346/4
f 2804/6347/4 2801/6344/4 2802/6346/4
f 2805/6348/522 2807/6349/283 2806/6350/598
f 2808/6351/285 2805/6348/522 2806/6350/598
f 2645/6352/584 2805/6353/584 2808/6354/584
f 2809/6355/4 2811/6356/4 2810/6357/4
f 2812/6358/4 2809/6355/4 2810/6357/4
f 2809/6359/293 2812/6360/276 2646/6361/276
f 2647/6029/4 2814/6362/4 2813/6363/4
f 2815/6364/587 2816/6365/586 2813/6366/587
f 2815/6367/294 2817/6368/689 2818/6369/599
f 2817/6368/805 2819/6370/2150 2818/6369/2151
f 2648/6371/584 2818/6372/584 2819/6373/584
f 2819/6373/584 2782/6309/583 2648/6371/584
f 2648/6030/4 2782/6374/4 2668/6375/4
f 2649/6031/522 2648/6030/283 2668/6375/598
f 2813/6366/3114 2782/6309/3115 2819/6373/3116
f 2819/6373/3117 2817/6376/3118 2813/6366/3116
f 2813/6366/47 2814/6377/47 2782/6309/47
f 2810/6378/3114 2811/6379/3119 2820/6380/3120
f 2820/6380/587 2811/6379/587 2809/6359/587
f 2820/6380/122 2781/6306/3121 2782/6309/3122
f 2821/6381/3123 2781/6306/3124 2820/6380/3125
f 2821/6381/3126 2820/6380/3127 2822/6382/3128
f 2822/6382/3129 2823/6383/3130 2821/6381/3131
f 2781/6306/3132 2821/6381/3133 2799/6341/3134
f 2799/6341/3135 2787/6323/3136 2788/6384/3137
f 2804/6385/3114 2802/6386/3138 2800/6387/2221
f 2781/6306/3114 2788/6384/3115 2784/6316/3116
f 2798/6340/764 2796/6388/764 2794/6389/764
f 2787/6323/4 2794/6389/4 2793/6331/4
f 2787/6323/3114 2793/6331/3115 2791/6330/3116
f 2787/6323/587 2790/6390/586 2789/6321/587
f 2808/6354/764 2806/6391/764 2823/6383/2250
f 2823/6383/587 2806/6391/587 2807/6392/587
f 2648/6371/293 2816/6365/276 2818/6372/276
f 2807/6392/293 2805/6353/2332 2824/6393/276
f 2643/6338/276 2642/6394/276 2797/6339/293
f 2663/6061/3139 2664/6060/3140 2661/6055/3141
f 2668/6069/3142 2669/6395/2190 2667/6067/2145
f 2631/6396/584 2632/6085/584 2633/6397/584
f 2635/6086/583 2633/6397/584 2632/6085/584
f 2684/6398/4 2636/6018/4 2638/6020/4
f 2633/6015/4 2636/6018/4 2684/6398/4
f 2639/6021/4 2636/6018/4 2634/6017/4
f 2641/6023/4 2636/6018/4 2640/6022/4
f 2643/6025/4 2636/6018/4 2642/6024/4
f 2825/6399/4 2636/6018/4 2644/6026/4
f 2824/6400/4 2636/6018/4 2825/6399/4
f 2645/6027/4 2636/6018/255 2824/6400/4
f 2816/6401/256 2636/6018/4 2647/6029/256
f 2648/6030/4 2636/6018/4 2816/6401/4
f 2651/6035/293 2652/6034/276 2653/6037/293
f 2653/6044/534 2650/6043/534 2651/6402/476
f 2650/6032/4 2649/6031/4 2651/6403/4
f 2662/6056/2332 2649/6033/2332 2666/6063/2332
f 2669/6395/764 2668/6069/764 2664/6060/764
f 2659/6053/3143 2668/6069/3143 2658/6404/3144
f 2668/6069/764 2672/6308/765 2658/6404/764
f 2671/6405/3116 2658/6404/3145 2672/6308/3146
f 2658/6404/764 2671/6405/764 2657/6279/764
f 2670/6073/3147 2671/6072/3148 2826/6406/3149
f 2672/6407/1079 2826/6408/647 2671/6409/865
f 2826/6408/647 2672/6407/647 2827/6410/647
f 2672/6074/4 2673/6075/4 2827/6411/4
f 2674/6412/4 2673/6075/4 2635/6016/4
f 2679/6083/557 2675/6078/557 2676/6077/557
f 2678/6081/47 2679/6080/47 2680/6413/47
f 2676/6414/209 2674/6415/209 2679/6416/209
f 2680/6082/3150 2674/6076/3151 2682/6417/3152
f 2682/6417/764 2674/6076/2544 2628/6009/764
f 2628/6009/764 2674/6076/2250 2630/6010/764
f 2674/6415/3153 2635/6307/3154 2681/6418/3155
f 2682/6089/4 2629/6088/4 2683/6419/4
f 2828/6420/293 2638/6092/293 2780/6421/293
f 2683/6090/293 2638/6092/293 2828/6420/293
f 2627/6093/293 2638/6092/276 2629/6091/293
f 2631/6096/290 2684/6094/3156 2627/6093/3049
f 2828/6422/583 2680/6082/584 2683/6423/584
f 2682/6417/583 2683/6423/584 2680/6082/584
f 2685/6424/47 2680/6413/47 2828/6425/47
f 2680/6413/47 2685/6424/47 2678/6081/47
f 2690/6103/2178 2695/6110/2179 2692/6105/3157
f 2695/6110/2326 2696/6109/541 2698/6112/3158
f 2702/6122/3159 2689/6118/2254 2701/6121/3160
f 2699/6119/527 2689/6118/527 2702/6122/526
f 2714/6426/525 2721/6427/3161 2716/6428/3162
f 2714/6429/3163 2717/6162/3164 2721/6164/3165
f 2722/6430/341 2732/6195/306 2721/6196/342
f 2723/6188/575 2716/6428/3161 2721/6427/3162
f 2729/6175/540 2718/6174/540 2725/6169/540
f 2733/6185/540 2732/6183/540 2717/6162/540
f 2734/6431/3166 2741/6217/3103 2737/6295/3104
f 2734/6432/2229 2735/6210/684 2741/6212/2269
f 2759/6433/2309 2740/6216/3167 2746/6220/3168
f 2740/6216/562 2759/6433/2165 2760/6255/2273
f 2744/6434/790 2743/6435/792 2745/6436/2215
f 2747/6437/790 2745/6436/789 2743/6435/3169
f 2751/6242/365 2749/6226/365 2742/6230/365
f 2735/6438/365 2754/6241/366 2742/6230/494
f 2758/6297/3170 2748/6227/500 2749/6226/3092
f 2687/6100/583 2710/6439/584 2709/6440/584
f 2710/6439/584 2687/6100/584 2686/6098/584
f 2703/6298/663 2708/6137/3171 2706/6136/3172
f 2703/6131/306 2701/6441/222 2776/6442/341
f 2701/6441/656 2703/6131/391 2702/6443/2214
f 2700/6301/2229 2776/6299/3105 2701/6444/682
f 2700/6445/805 2688/6446/427 2777/6447/803
f 2694/6108/342 2692/6107/307 2695/6448/306
f 2691/6104/583 2692/6105/584 2693/6449/584
f 2685/6424/47 2828/6425/340 2778/6450/47
f 2828/6420/276 2780/6421/276 2778/6451/293
f 2685/6424/306 2778/6450/504 2779/6452/341
f 2637/6453/654 2780/6304/3173 2638/6454/3174
f 2779/6305/474 2780/6304/475 2637/6453/474
f 2675/6078/557 2679/6083/557 2677/6455/3175
f 2673/6075/4 2674/6412/4 2675/6456/4
f 2634/6318/586 2781/6306/587 2785/6457/587
f 2783/6458/587 2785/6457/587 2781/6306/587
f 2783/6458/3118 2781/6306/3116 2784/6316/3117
f 2788/6384/583 2639/6314/584 2784/6316/584
f 2786/6315/2332 2634/6318/276 2785/6457/293
f 2792/6329/276 2640/6322/293 2789/6321/293
f 2792/6329/584 2791/6330/584 2641/6328/584
f 2642/6394/586 2794/6389/587 2795/6459/587
f 2796/6388/587 2795/6459/587 2794/6389/587
f 2644/6460/2304 2800/6387/3176 2803/6461/2143
f 2802/6386/587 2803/6461/587 2800/6387/2171
f 2801/6462/584 2804/6385/584 2825/6463/584
f 2821/6381/583 2825/6463/2277 2804/6385/2277
f 2824/6393/586 2823/6383/587 2807/6392/587
f 2822/6382/583 2645/6352/584 2808/6354/584
f 2822/6464/4 2646/6028/4 2645/6027/4
f 2646/6361/586 2820/6380/587 2809/6359/587
f 2812/6360/687 2810/6378/3052 2647/6465/2246
f 2814/6377/687 2647/6465/684 2810/6378/2246
f 2817/6376/587 2815/6364/587 2813/6366/587
f 2814/6377/2330 2810/6378/3120 2820/6380/3114
f 2782/6309/3177 2814/6377/3178 2820/6380/3179
f 2821/6466/4 2823/6467/4 2825/6399/4
f 2825/6399/294 2823/6467/2268 2824/6400/599
f 2822/6464/4 2820/6468/4 2646/6028/4
f 2639/6021/283 2787/6320/598 2640/6022/522
f 2781/6306/4 2799/6341/4 2788/6384/4
f 2821/6381/765 2804/6385/764 2800/6387/764
f 2799/6341/3180 2821/6381/3181 2800/6387/3182
f 2643/6025/4 2800/6343/4 2644/6026/4
f 2799/6341/764 2798/6340/764 2794/6389/764
f 2787/6323/3183 2799/6341/3184 2794/6389/3185
f 2790/6390/3118 2787/6323/3116 2791/6330/3117
f 2822/6382/764 2808/6354/764 2823/6383/764
f 2647/6029/432 2813/6363/805 2816/6401/2151
f 2818/6372/276 2816/6365/293 2815/6364/293
f 2646/6361/276 2812/6360/293 2647/6465/276
f 2824/6393/276 2805/6353/276 2645/6352/293
f 2644/6460/276 2801/6462/293 2825/6463/276
f 2801/6462/276 2644/6460/276 2803/6461/293
f 2797/6339/276 2642/6394/276 2795/6459/293
f 2829/6469/3186 2831/6470/1945 2830/6471/1944
f 2832/6472/3187 2829/6469/3188 2830/6471/2024
f 2833/6473/1588 2829/6474/1175 2832/6475/1956
f 2834/6476/4 2833/6473/4 2832/6475/4
f 2835/6477/1538 2837/6478/1721 2836/6479/27
f 2835/6477/4 2836/6479/4 2838/6480/4
f 2839/6481/1336 2840/6482/1697 2838/6480/141
f 2841/6483/4 2842/6484/4 2838/6480/4
f 2843/6485/4 2844/6486/4 2838/6480/4
f 2845/6487/4 2846/6488/4 2838/6480/4
f 2847/6489/4 2848/6490/4 2838/6480/4
f 2848/6490/4 2849/6491/4 2838/6480/4
f 2850/6492/4 2851/6493/4 2838/6480/4
f 2838/6480/4 2851/6493/4 2852/6494/4
f 2851/6495/1467 2854/6496/3189 2853/6497/3190
f 2854/6496/1168 2856/6498/1168 2855/6499/1168
f 2856/6500/3191 2857/6501/3192 2855/6502/3193
f 2858/6503/3194 2855/6502/3195 2857/6501/3196
f 2858/6504/3197 2852/6505/1656 2855/6506/3198
f 2859/6507/1962 2856/6508/3199 2860/6509/3200
f 2856/6508/3200 2854/6510/1962 2860/6509/3201
f 2861/6511/4 2860/6512/4 2854/6513/4
f 2862/6514/1175 2861/6511/1909 2854/6513/3202
f 2861/6515/1774 2862/6516/1774 2863/6517/1774
f 2864/6518/1777 2863/6517/1774 2862/6516/1774
f 2863/6519/4 2864/6520/4 2865/6521/4
f 2866/6522/1740 2865/6523/1775 2867/6524/1740
f 2868/6525/1740 2866/6522/1740 2867/6524/2004
f 2868/6526/4 2869/6527/4 2866/6528/4
f 2869/6529/1168 2868/6525/1168 2851/6495/1168
f 2864/6518/1168 2862/6516/1168 2851/6495/1168
f 2862/6516/3203 2854/6496/2017 2851/6495/1169
f 2868/6525/3189 2867/6524/1184 2864/6518/3204
f 2864/6520/4 2867/6530/4 2865/6521/4
f 2869/6529/1740 2851/6495/1775 2870/6531/1740
f 2871/6532/4 2866/6528/4 2869/6527/4
f 2863/6517/10 2866/6522/10 2870/6531/10
f 2861/6515/3205 2863/6517/3206 2870/6531/3207
f 2859/6533/3208 2873/6534/3209 2872/6535/3208
f 2874/6536/4 2837/6478/4 2875/6537/4
f 2876/6538/17 2878/6539/18 2877/6540/18
f 2879/6541/47 2881/6542/47 2880/6543/47
f 2882/6544/215 2881/6545/10 2876/6538/10
f 2832/6472/10 2876/6538/3207 2883/6546/10
f 2834/6547/9 2832/6472/10 2883/6546/10
f 2883/6546/3210 2837/6548/2114 2834/6547/2112
f 2830/6549/177 2831/6550/27 2884/6551/1721
f 2885/6552/1168 2831/6553/1169 2840/6554/1168
f 2840/6554/1442 2829/6555/1168 2886/6556/1168
f 2835/6557/1168 2886/6556/1168 2833/6558/1168
f 2887/6559/1774 2888/6560/1777 2880/6561/1774
f 2889/6562/1774 2880/6561/1948 2888/6560/1907
f 2889/6562/1774 2890/6563/2029 2880/6561/2029
f 2891/6564/3211 2880/6561/3212 2890/6563/3212
f 2892/6565/2029 2880/6561/1774 2891/6564/1774
f 2880/6561/1777 2892/6565/1774 2893/6566/1774
f 2892/6565/1774 2894/6567/1777 2893/6566/1777
f 2895/6568/47 2894/6569/47 2896/6570/47
f 2892/6565/3213 2898/6571/3214 2897/6572/3215
f 2898/6571/1774 2899/6573/1774 2900/6574/1774
f 2898/6575/47 2892/6576/47 2899/6577/47
f 2899/6577/47 2892/6576/47 2891/6578/47
f 2899/6579/1691 2891/6580/1690 2901/6581/1690
f 2902/6582/1733 2903/6583/1761 2891/6580/3216
f 2901/6581/4 2904/6584/4 2897/6585/4
f 2900/6586/4 2901/6581/4 2897/6585/4
f 2899/6573/1774 2901/6587/1777 2900/6574/1774
f 2896/6588/3217 2897/6585/3218 2904/6584/3219
f 2904/6584/3220 2905/6589/3221 2896/6588/3222
f 2905/6589/3223 2906/6590/3224 2896/6588/3225
f 2907/6591/3202 2906/6592/1174 2905/6593/1956
f 2908/6594/4 2907/6595/4 2905/6589/4
f 2909/6596/1774 2907/6597/1777 2908/6598/1907
f 2910/6599/1938 2909/6596/3211 2908/6598/2028
f 2890/6600/47 2909/6601/47 2910/6602/47
f 2889/6603/47 2909/6601/47 2890/6600/47
f 2909/6604/3226 2889/6605/3227 2907/6595/3228
f 2906/6590/3226 2907/6595/3228 2889/6605/3227
f 2911/6606/3229 2906/6590/3230 2889/6605/3231
f 2912/6607/47 2913/6608/47 2911/6609/47
f 2906/6592/1757 2911/6609/504 2913/6608/1227
f 2896/6588/3232 2906/6590/3233 2913/6610/3234
f 2914/6611/1774 2896/6612/1946 2913/6613/1774
f 2915/6614/1777 2914/6611/1774 2913/6613/1774
f 2915/6615/47 2916/6616/47 2914/6617/47
f 2917/6618/2314 2914/6617/2726 2916/6616/83
f 2918/6619/47 2917/6618/47 2916/6616/47
f 2919/6620/47 2916/6616/47 2915/6615/47
f 2920/6621/47 2921/6622/47 2915/6615/47
f 2922/6623/47 2920/6621/47 2915/6615/47
f 2919/6620/47 2915/6615/47 2921/6622/47
f 2919/6624/3235 2924/6625/1945 2923/6626/1830
f 2917/6627/1774 2918/6628/1774 2925/6629/1777
f 2917/6627/1938 2925/6629/3236 2926/6630/2028
f 2927/6631/1737 2926/6630/3237 2925/6629/2028
f 2928/6632/1774 2926/6630/2029 2927/6631/1774
f 2922/6633/3238 2928/6632/1938 2927/6631/3239
f 2929/6634/1774 2922/6633/1774 2927/6631/1774
f 2920/6621/47 2922/6623/47 2929/6635/47
f 2920/6636/3240 2929/6634/1876 2927/6631/3241
f 2920/6636/3242 2931/6637/1945 2930/6638/1830
f 2930/6638/3242 2921/6639/1945 2920/6636/1944
f 2932/6640/3243 2921/6641/3244 2930/6642/3245
f 2930/6642/3246 2933/6643/1767 2932/6640/1692
f 2933/6644/1938 2934/6645/3211 2932/6646/1940
f 2935/6647/1942 2932/6646/1943 2934/6645/3247
f 2932/6648/47 2935/6649/47 2919/6620/47
f 2934/6645/3248 2924/6625/3249 2919/6624/3250
f 2932/6648/47 2919/6620/47 2921/6622/47
f 2925/6650/3251 2934/6651/42 2933/6643/3251
f 2927/6652/3252 2933/6653/1995 2930/6654/1893
f 2930/6654/3253 2931/6655/1908 2927/6652/1823
f 2925/6656/3254 2933/6653/3255 2927/6652/3256
f 2934/6657/47 2925/6656/47 2923/6658/47
f 2928/6659/47 2937/6660/47 2936/6661/47
f 2926/6662/47 2928/6659/47 2936/6661/47
f 2936/6661/47 2938/6663/47 2926/6662/47
f 2936/6661/47 2939/6664/47 2938/6663/47
f 2938/6665/1774 2939/6666/1774 2940/6667/1774
f 2941/6668/1777 2940/6667/1774 2939/6666/1774
f 2941/6669/47 2942/6670/47 2940/6671/47
f 2937/6672/2028 2944/6673/1938 2943/6674/1939
f 2943/6675/47 2944/6676/47 2945/6677/47
f 2942/6678/3257 2943/6679/2727 2946/6680/3258
f 2947/6681/2075 2948/6682/3259 2942/6678/3260
f 2946/6680/127 2947/6681/128 2942/6678/127
f 2945/6677/47 2946/6683/47 2943/6675/47
f 2947/6684/33 2949/6685/1909 2948/6686/1695
f 2950/6687/1175 2948/6686/1956 2949/6685/3202
f 2951/6688/1268 2950/6689/1305 2949/6690/1305
f 2951/6688/3261 2949/6690/3262 2945/6691/1268
f 2945/6691/1268 2944/6692/1305 2951/6688/1305
f 2952/6693/47 2951/6694/47 2953/6695/47
f 2953/6695/47 2954/6696/47 2952/6693/47
f 2955/6697/1774 2954/6698/1777 2953/6699/1774
f 2956/6700/1777 2955/6697/1774 2953/6699/1774
f 2956/6701/47 2937/6660/47 2955/6702/47
f 2955/6702/47 2937/6660/47 2928/6659/47
f 2944/6692/1268 2956/6703/1268 2953/6704/1268
f 2957/6705/1742 2951/6688/1775 2952/6706/1740
f 2958/6707/1775 2957/6705/1740 2952/6706/1740
f 2958/6708/47 2959/6709/47 2957/6710/47
f 2957/6710/1781 2959/6709/1227 2960/6711/1397
f 2959/6709/47 2950/6712/47 2960/6711/47
f 2960/6713/223 2950/6714/900 2961/6715/1397
f 2948/6716/47 2961/6715/47 2950/6714/47
f 2962/6717/3263 2961/6718/3264 2948/6719/3265
f 2962/6720/47 2948/6721/47 2963/6722/47
f 2948/6721/47 2964/6723/47 2963/6722/47
f 2964/6724/1775 2948/6725/1740 2965/6726/1740
f 2966/6727/1740 2965/6726/1740 2959/6728/1740
f 2950/6729/1897 2959/6728/1897 2965/6726/1740
f 2948/6725/1740 2950/6729/2004 2965/6726/1742
f 2965/6730/4 2966/6731/4 2967/6732/4
f 2968/6733/4 2967/6732/4 2966/6731/4
f 2967/6734/1972 2968/6735/1964 2969/6736/1974
f 2970/6737/47 2971/6738/47 2969/6739/47
f 2972/6740/47 2969/6739/47 2971/6738/47
f 2859/6741/3266 2973/6742/3267 2974/6743/3268
f 2974/6743/3269 2856/6498/3270 2859/6741/3271
f 2971/6744/47 2970/6745/47 2975/6746/47
f 2976/6747/1177 2975/6748/1178 2970/6749/1177
f 2968/6735/1728 2976/6747/1177 2970/6749/1177
f 2976/6750/4 2968/6751/4 2966/6752/4
f 2968/6735/1974 2970/6749/1972 2969/6736/1973
f 2942/6678/1740 2962/6717/1775 2963/6753/1740
f 2977/6754/1775 2942/6678/1740 2963/6753/1740
f 2942/6670/47 2977/6755/47 2940/6671/47
f 2942/6678/127 2941/6756/2075 2943/6679/127
f 2941/6756/127 2939/6757/128 2943/6679/127
f 2960/6713/47 2961/6715/47 2962/6758/47
f 2951/6688/3272 2957/6705/1412 2960/6759/3273
f 2890/6563/1703 2910/6599/1715 2905/6760/1703
f 2978/6761/3274 2890/6563/3275 2905/6760/1977
f 2979/6762/1944 2978/6761/1945 2902/6763/3276
f 2979/6762/1703 2890/6563/1852 2978/6761/1703
f 2891/6580/1851 2890/6764/1909 2902/6582/1590
f 2980/6765/1469 2982/6766/1600 2981/6767/1383
f 2983/6768/3277 2837/6769/3278 2874/6770/3279
f 2984/6771/3280 2983/6768/3281 2874/6770/3282
f 2874/6770/3283 2870/6531/3284 2984/6771/3285
f 2983/6772/4 2836/6479/4 2837/6478/4
f 2985/6773/1909 2986/6774/200 2987/6775/1909
f 2841/6776/1907 2988/6777/1777 2986/6778/1774
f 2988/6779/4 2987/6775/4 2986/6774/4
f 2841/6776/1168 2836/6780/1169 2988/6777/1168
f 2841/6483/1909 2990/6781/1956 2989/6782/33
f 2991/6783/1897 2842/6784/2056 2989/6785/1740
f 2992/6786/4 2993/6787/4 2991/6788/4
f 2994/6789/1956 2991/6788/3286 2993/6787/1956
f 2843/6790/3287 2842/6784/3288 2994/6791/3289
f 2993/6792/1774 2995/6793/1777 2843/6790/1774
f 2843/6485/4 2995/6794/4 2844/6486/4
f 2844/6486/1933 2995/6794/1699 2996/6795/247
f 2997/6796/4 2998/6797/4 2999/6798/4
f 3000/6799/200 2999/6798/1956 2998/6797/1695
f 2845/6800/3290 2999/6801/2122 3000/6802/3211
f 3000/6802/2028 3001/6803/2122 2845/6800/3211
f 2845/6487/4 3001/6804/4 3002/6805/4
f 3003/6806/3202 3005/6807/3286 3004/6808/1909
f 3006/6809/4 3003/6806/4 3004/6808/4
f 3007/6810/3202 3009/6811/1175 3008/6812/1909
f 3010/6813/177 3007/6810/27 3008/6812/1721
f 2847/6814/1774 3007/6815/1777 3010/6816/1774
f 3011/6817/4 3013/6818/4 3012/6819/4
f 3014/6820/1956 3011/6817/3286 3012/6819/1956
f 3011/6821/1168 3014/6822/1169 2848/6823/1168
f 2849/6491/4 3016/6824/4 3015/6825/4
f 3017/6826/2124 3018/6827/2021 3015/6828/1967
f 3017/6829/1538 3019/6830/1721 3020/6831/27
f 3019/6830/4 3021/6832/4 3020/6831/4
f 2850/6833/1774 3020/6834/1777 3021/6835/1774
f 3021/6835/1774 2984/6771/1774 2850/6833/1774
f 2850/6492/4 2984/6836/4 2870/6837/4
f 2851/6493/4 2850/6492/4 2870/6837/4
f 3015/6828/11 2984/6771/10 3021/6835/10
f 3021/6835/10 3019/6838/10 3015/6828/11
f 3015/6828/505 3016/6839/3291 2984/6771/3292
f 3012/6840/3293 3013/6841/235 3022/6842/3294
f 3022/6842/3199 3013/6841/1962 3011/6821/3199
f 3022/6842/3295 2983/6768/3296 2984/6771/3297
f 3023/6843/3298 2983/6768/3299 3022/6842/3300
f 3023/6843/3301 3022/6842/3302 3024/6844/3303
f 3024/6844/3304 3025/6845/3304 3023/6843/3304
f 2983/6768/3305 3023/6843/3306 3001/6803/3307
f 3001/6803/3308 2989/6785/3309 2990/6846/3310
f 3006/6847/183 3004/6848/183 3002/6849/11
f 2983/6768/11 2990/6846/10 2986/6778/10
f 3000/6802/10 2998/6850/10 2996/6851/11
f 2989/6785/4 2996/6851/4 2995/6793/4
f 2989/6785/11 2995/6793/10 2993/6792/10
f 2989/6785/3311 2992/6852/1972 2991/6783/1964
f 3010/6816/10 3008/6853/10 3025/6845/11
f 3025/6845/1740 3008/6853/1775 3009/6854/1740
f 2850/6833/1385 3018/6827/1168 3020/6834/1168
f 3009/6854/3287 3007/6815/3312 3026/6855/3313
f 2845/6800/1168 2844/6856/1168 2999/6801/3314
f 2865/6523/235 2866/6522/2112 2863/6517/3315
f 2870/6531/1740 2871/6857/1775 2869/6529/1740
f 2833/6858/1777 2834/6547/1774 2835/6859/1774
f 2837/6548/1774 2835/6859/1774 2834/6547/1774
f 2886/6860/4 2838/6480/4 2840/6482/4
f 2835/6477/4 2838/6480/4 2886/6860/4
f 2841/6483/4 2838/6480/4 2836/6479/4
f 2843/6485/4 2838/6480/4 2842/6484/4
f 2845/6487/3286 2838/6480/1446 2844/6486/1301
f 3027/6861/4 2838/6480/4 2846/6488/4
f 3026/6862/4 2838/6480/4 3027/6861/4
f 2847/6489/4 2838/6480/4 3026/6862/4
f 3018/6863/4 2838/6480/4 2849/6491/4
f 2850/6492/4 2838/6480/4 3018/6863/4
f 2853/6497/3287 2854/6496/3316 2855/6499/3317
f 2855/6506/1656 2852/6505/3318 2853/6864/1714
f 2852/6494/4 2851/6493/4 2853/6865/4
f 2864/6518/1168 2851/6495/1442 2868/6525/1168
f 2871/6857/10 2870/6531/11 2866/6522/10
f 2861/6515/183 2870/6531/183 2860/6866/183
f 2870/6531/3315 2874/6770/235 2860/6866/3319
f 2873/6867/2112 2860/6866/3320 2874/6770/3319
f 2860/6866/2112 2873/6867/3320 2859/6741/3321
f 2872/6535/3208 2873/6534/3209 3028/6868/3208
f 2874/6869/1792 3028/6870/1792 2873/6871/1791
f 3028/6870/1792 2874/6869/1792 3029/6872/1791
f 2874/6536/4 2875/6537/4 3029/6873/4
f 2876/6874/4 2875/6537/4 2837/6478/4
f 2881/6545/3322 2877/6540/3323 2878/6539/3324
f 2880/6543/47 2881/6542/47 2882/6875/47
f 2878/6876/3325 2876/6877/3326 2881/6878/3325
f 2882/6544/3294 2876/6538/3327 2884/6879/3328
f 2884/6879/10 2876/6538/11 2830/6471/3329
f 2830/6471/215 2876/6538/11 2832/6472/10
f 2876/6877/3330 2837/6769/3330 2883/6880/3331
f 2884/6551/4 2831/6550/4 2885/6881/4
f 3030/6882/1168 2840/6554/1168 2982/6883/1171
f 2885/6552/1385 2840/6554/3332 3030/6882/3333
f 2829/6555/1168 2840/6554/1168 2831/6553/1168
f 2833/6558/3334 2886/6556/3335 2829/6555/3336
f 3030/6884/1777 2882/6544/1774 2885/6885/1774
f 2884/6879/1774 2885/6885/1774 2882/6544/1774
f 2887/6886/47 2882/6875/47 3030/6887/47
f 2882/6875/47 2887/6886/47 2880/6543/47
f 2892/6565/1704 2897/6572/1703 2894/6567/1704
f 2897/6572/1715 2898/6571/1704 2900/6574/1704
f 2904/6584/3337 2891/6580/2044 2903/6583/3338
f 2901/6581/1690 2891/6580/1690 2904/6584/1690
f 2916/6888/3244 2923/6889/3245 2918/6890/3339
f 2916/6891/1945 2919/6624/1944 2923/6626/3235
f 2924/6892/47 2934/6657/47 2923/6658/47
f 2925/6650/1767 2918/6890/1692 2923/6889/3340
f 2931/6637/3341 2920/6636/1821 2927/6631/3342
f 2935/6647/3343 2934/6645/3250 2919/6624/3248
f 2936/6893/127 2943/6679/127 2939/6757/128
f 2936/6894/1938 2937/6672/3211 2943/6674/2028
f 2961/6895/3344 2942/6678/3345 2948/6682/3346
f 2942/6678/1952 2961/6895/127 2962/6717/127
f 2946/6896/1775 2945/6897/1740 2947/6898/1740
f 2949/6899/2056 2947/6898/1742 2945/6897/1740
f 2953/6704/1268 2951/6688/1268 2944/6692/1268
f 2937/6900/1268 2956/6703/1268 2944/6692/1268
f 2960/6759/1268 2950/6689/3262 2951/6688/3347
f 2889/6562/1774 2912/6901/1774 2911/6902/1774
f 2912/6901/1777 2889/6562/1907 2888/6560/1907
f 2905/6760/1704 2910/6599/1704 2908/6598/1703
f 2905/6593/47 2903/6903/47 2978/6904/47
f 2903/6903/47 2905/6593/47 2904/6905/47
f 2902/6763/1945 2978/6761/3276 2903/6906/1830
f 2902/6907/4 2890/6908/4 2979/6909/4
f 2896/6570/47 2894/6569/47 2897/6910/47
f 2893/6566/1777 2894/6567/1774 2895/6911/2029
f 2887/6886/47 3030/6887/47 2980/6912/47
f 3030/6882/1180 2982/6883/3348 2980/6913/1181
f 2887/6886/47 2980/6912/47 2981/6914/47
f 2839/6915/3349 2982/6766/3350 2840/6916/1380
f 2981/6767/3351 2982/6766/1383 2839/6915/1383
f 2877/6540/18 2881/6545/18 2879/6917/17
f 2875/6537/4 2876/6874/4 2877/6918/4
f 2836/6780/1962 2983/6768/3201 2987/6919/3199
f 2985/6920/1962 2987/6919/3199 2983/6768/3199
f 2985/6920/10 2983/6768/11 2986/6778/10
f 2990/6846/1945 2841/6776/1944 2986/6778/1944
f 2988/6777/3352 2836/6780/3353 2987/6919/3287
f 2994/6791/1180 2842/6784/3353 2991/6783/3287
f 2994/6791/1777 2993/6792/1774 2843/6790/1774
f 2844/6856/1740 2996/6851/1740 2997/6921/1740
f 2998/6850/1775 2997/6921/1740 2996/6851/1740
f 2846/6922/1972 3002/6849/1973 3005/6923/1973
f 3004/6848/1972 3005/6923/1964 3002/6849/1973
f 3003/6924/1777 3006/6847/1774 3027/6925/1947
f 3023/6843/1836 3027/6925/3354 3006/6847/1832
f 3026/6855/1740 3025/6845/1740 3009/6854/1740
f 3024/6844/1774 2847/6814/1774 3010/6816/1774
f 3024/6926/4 2848/6490/4 2847/6489/4
f 2848/6823/1740 3022/6842/1740 3011/6821/1897
f 3014/6822/1777 3012/6840/1907 2849/6927/1774
f 3016/6839/1938 2849/6927/3211 3012/6840/3237
f 3019/6838/1962 3017/6826/1932 3015/6828/3199
f 3016/6839/10 3012/6840/10 3022/6842/3355
f 2984/6771/3356 3016/6839/3357 3022/6842/3358
f 3023/6928/1956 3025/6929/33 3027/6861/1909
f 3027/6861/1175 3025/6929/1956 3026/6862/1909
f 3024/6926/1699 3022/6930/247 2848/6490/1933
f 2841/6483/4 2989/6782/4 2842/6484/4
f 2983/6768/3359 3001/6803/3360 2990/6846/3361
f 3023/6843/10 3006/6847/215 3002/6849/2108
f 3001/6803/3362 3023/6843/3363 3002/6849/3364
f 2845/6487/1538 3002/6805/1721 2846/6488/27
f 3001/6803/10 3000/6802/11 2996/6851/10
f 2989/6785/3365 3001/6803/3366 2996/6851/3367
f 2992/6852/10 2989/6785/11 2993/6792/10
f 3024/6844/10 3010/6816/10 3025/6845/11
f 2849/6491/4 3015/6825/4 3018/6863/4
f 3020/6834/1169 3018/6827/1168 3017/6826/1168
f 2848/6823/3368 3014/6822/3369 2849/6927/1366
f 3026/6855/3288 3007/6815/3313 2847/6814/3287
f 2846/6922/1168 3003/6924/1168 3027/6925/1168
f 3003/6924/1169 2846/6922/1168 3005/6923/1171
f 2999/6801/1169 2844/6856/1168 2997/6921/1168
f 3031/6931/3370 3033/6932/1821 3032/6933/3341
f 3034/6934/1821 3031/6931/1876 3032/6933/3370
f 3035/6935/1486 3031/6936/1164 3034/6937/1706
f 3036/6938/4 3035/6935/4 3034/6937/4
f 3037/6939/1164 3039/6940/1706 3038/6941/177
f 3037/6939/4 3038/6941/4 3040/6942/4
f 3041/6943/4 3042/6944/4 3040/6942/4
f 3043/6945/4 3044/6946/4 3040/6942/4
f 3045/6947/4 3046/6948/4 3040/6942/4
f 3047/6949/4 3048/6950/4 3040/6942/4
f 3049/6951/4 3050/6952/4 3040/6942/4
f 3050/6952/4 3051/6953/4 3040/6942/4
f 3052/6954/4 3053/6955/4 3040/6942/4
f 3040/6942/4 3053/6955/4 3054/6956/4
f 3053/6957/1383 3056/6958/1620 3055/6959/1383
f 3056/6958/3371 3058/6960/1634 3057/6961/3372
f 3058/6962/3373 3059/6963/3373 3057/6964/3374
f 3060/6965/3375 3057/6964/3376 3059/6963/3377
f 3060/6966/1168 3054/6967/1168 3057/6968/1168
f 3061/6969/1691 3058/6970/1690 3062/6971/1690
f 3058/6970/1690 3056/6972/1690 3062/6971/1690
f 3063/6973/4 3062/6974/4 3056/6975/4
f 3064/6976/4 3063/6973/4 3056/6975/4
f 3063/6977/1704 3064/6978/1704 3065/6979/1704
f 3066/6980/1703 3065/6979/1704 3064/6978/1704
f 3065/6981/4 3066/6982/4 3067/6983/4
f 3068/6984/1690 3067/6985/1691 3069/6986/1690
f 3070/6987/1913 3068/6984/1690 3069/6986/1786
f 3070/6988/4 3071/6989/4 3068/6990/4
f 3071/6991/1383 3070/6987/1383 3053/6957/1383
f 3066/6980/1383 3064/6978/1383 3053/6957/1383
f 3064/6978/3378 3056/6958/3379 3053/6957/3378
f 3070/6987/3380 3069/6986/1464 3066/6980/1461
f 3066/6982/4 3069/6992/4 3067/6983/4
f 3071/6991/3337 3053/6957/1761 3072/6993/1733
f 3073/6994/4 3068/6990/4 3071/6989/4
f 3065/6979/1903 3068/6984/1791 3072/6993/1791
f 3063/6977/3381 3065/6979/3382 3072/6993/3383
f 3061/6995/3384 3075/6996/3385 3074/6997/3386
f 3076/6998/2305 3039/6940/1793 3077/6999/547
f 3078/7000/235 3080/7001/2853 3079/7002/3387
f 3081/7003/47 3083/7004/47 3082/7005/47
f 3084/7006/1791 3083/7007/1791 3078/7000/1792
f 3034/6934/1791 3078/7000/3388 3085/7008/1791
f 3036/7009/3389 3034/6934/1791 3085/7008/3390
f 3085/7008/1791 3039/7010/1791 3036/7009/1791
f 3032/7011/1726 3033/7012/1851 3086/7013/1174
f 3087/7014/1383 3033/7015/1620 3042/7016/1383
f 3042/7016/1383 3031/7017/1620 3088/7018/1620
f 3037/7019/3391 3088/7018/1905 3035/7020/3392
f 3089/7021/1876 3090/7022/1821 3082/7023/3341
f 3091/7024/1852 3082/7023/1813 3090/7022/1813
f 3091/7024/1704 3092/7025/1715 3082/7023/3393
f 3093/7026/1822 3082/7023/3214 3092/7025/3394
f 3094/7027/1876 3082/7023/3395 3093/7026/3214
f 3082/7023/1976 3094/7027/3396 3095/7028/3397
f 3094/7027/1801 3096/7029/1976 3095/7028/3398
f 3097/7030/47 3096/7031/47 3098/7032/47
f 3094/7027/3399 3100/7033/1965 3099/7034/3400
f 3100/7033/3401 3101/7035/3214 3102/7036/3402
f 3100/7037/47 3094/7038/47 3101/7039/47
f 3101/7039/47 3094/7038/47 3093/7040/47
f 3101/7041/1945 3093/7042/3188 3103/7043/3403
f 3104/7044/1907 3105/7045/1777 3093/7042/1774
f 3103/7043/4 3106/7046/4 3099/7047/4
f 3102/7048/4 3103/7043/4 3099/7047/4
f 3101/7035/3404 3103/7049/1821 3102/7036/1811
f 3098/7050/3405 3099/7047/3406 3106/7046/3407
f 3106/7046/3408 3107/7051/3409 3098/7050/3410
f 3107/7051/3411 3108/7052/3412 3098/7050/3413
f 3109/7053/4 3108/7054/4 3107/7055/4
f 3110/7056/4 3109/7057/4 3107/7051/4
f 3111/7058/1813 3109/7059/1703 3110/7060/1704
f 3112/7061/3414 3111/7058/1704 3110/7060/1704
f 3092/7062/47 3111/7063/47 3112/7064/47
f 3091/7065/1803 3111/7063/3415 3092/7062/1503
f 3111/7066/3416 3091/7067/3417 3109/7057/3418
f 3108/7052/3418 3109/7057/3419 3091/7067/3418
f 3113/7068/3418 3108/7052/3418 3091/7067/3418
f 3114/7069/47 3115/7070/47 3113/7071/47
f 3108/7054/47 3113/7071/47 3115/7070/47
f 3098/7050/3420 3108/7052/3421 3115/7072/3420
f 3116/7073/1704 3098/7074/1703 3115/7075/1704
f 3117/7076/1703 3116/7073/1704 3115/7075/1704
f 3117/7077/47 3118/7078/47 3116/7079/47
f 3119/7080/3422 3116/7079/1804 3118/7078/2772
f 3120/7081/47 3119/7080/47 3118/7078/47
f 3121/7082/47 3118/7078/47 3117/7077/47
f 3122/7083/2809 3123/7084/1893 3117/7077/132
f 3124/7085/3423 3122/7083/1996 3117/7077/132
f 3121/7082/47 3117/7077/47 3123/7084/47
f 3121/7086/1704 3126/7087/1703 3125/7088/1704
f 3119/7089/3424 3120/7090/1802 3127/7091/1809
f 3119/7089/1809 3127/7091/3424 3128/7092/1799
f 3129/7093/1876 3128/7092/1876 3127/7091/3404
f 3130/7094/1852 3128/7092/1704 3129/7093/1852
f 3124/7095/1704 3130/7094/1703 3129/7093/1704
f 3131/7096/1704 3124/7095/1704 3129/7093/1704
f 3122/7083/47 3124/7085/47 3131/7097/47
f 3122/7098/3425 3131/7096/3426 3129/7093/3427
f 3122/7098/1704 3133/7099/1703 3132/7100/1704
f 3132/7100/1704 3123/7101/1703 3122/7098/1704
f 3134/7102/1774 3123/7103/1774 3132/7104/1777
f 3132/7104/1777 3135/7105/1774 3134/7102/1774
f 3135/7106/1703 3136/7107/1704 3134/7108/1704
f 3137/7109/1704 3134/7108/1704 3136/7107/1704
f 3134/7110/47 3137/7111/47 3121/7082/47
f 3136/7107/1740 3126/7087/1740 3121/7086/1740
f 3134/7110/47 3121/7082/47 3123/7084/47
f 3127/7112/3428 3136/7113/3429 3135/7105/3428
f 3129/7114/1526 3135/7115/1893 3132/7116/1908
f 3132/7116/1781 3133/7117/336 3129/7114/1757
f 3127/7118/3430 3135/7115/3431 3129/7114/3430
f 3136/7119/47 3127/7118/47 3125/7120/47
f 3130/7121/47 3139/7122/47 3138/7123/47
f 3128/7124/47 3130/7121/47 3138/7123/47
f 3138/7123/47 3140/7125/47 3128/7124/47
f 3138/7123/47 3141/7126/47 3140/7125/47
f 3140/7127/1703 3141/7128/1704 3142/7129/1704
f 3143/7130/1703 3142/7129/1704 3141/7128/1704
f 3143/7131/1823 3144/7132/2776 3142/7133/3432
f 3139/7134/1704 3146/7135/1703 3145/7136/1704
f 3145/7137/47 3146/7138/47 3147/7139/47
f 3144/7140/17 3145/7141/17 3148/7142/17
f 3149/7143/1716 3150/7144/17 3144/7140/17
f 3148/7142/17 3149/7143/18 3144/7140/17
f 3147/7139/47 3148/7145/47 3145/7137/47
f 3149/7146/1726 3151/7147/1851 3150/7148/1174
f 3152/7149/1164 3150/7148/1706 3151/7147/1486
f 3153/7150/1177 3152/7151/1536 3151/7152/1536
f 3153/7150/3433 3151/7152/1710 3147/7153/1701
f 3147/7153/1177 3146/7154/1537 3153/7150/1537
f 3154/7155/47 3153/7156/47 3155/7157/47
f 3155/7157/3434 3156/7158/1803 3154/7155/1504
f 3157/7159/1704 3156/7160/1703 3155/7161/1704
f 3158/7162/1704 3157/7159/1704 3155/7161/1715
f 3158/7163/504 3139/7122/1227 3157/7164/900
f 3157/7164/3423 3139/7122/1996 3130/7121/384
f 3146/7154/3435 3158/7165/3436 3155/7166/1656
f 3159/7167/1690 3153/7150/1691 3154/7168/1690
f 3160/7169/1690 3159/7167/1690 3154/7168/1690
f 3160/7170/47 3161/7171/47 3159/7172/47
f 3159/7172/47 3161/7171/47 3162/7173/47
f 3161/7171/47 3152/7174/47 3162/7173/47
f 3162/7175/1803 3152/7176/1504 3163/7177/1503
f 3150/7178/47 3163/7177/47 3152/7176/47
f 3164/7179/3437 3163/7180/3438 3150/7181/3439
f 3164/7182/47 3150/7183/47 3165/7184/47
f 3150/7183/47 3166/7185/47 3165/7184/47
f 3166/7186/1691 3150/7187/1690 3167/7188/1690
f 3168/7189/1691 3167/7188/1690 3161/7190/1690
f 3152/7191/1690 3161/7190/1690 3167/7188/1690
f 3150/7187/3440 3152/7191/3441 3167/7188/3442
f 3167/7192/4 3168/7193/4 3169/7194/4
f 3170/7195/4 3169/7194/4 3168/7193/4
f 3169/7196/3443 3170/7197/1762 3171/7198/1763
f 3172/7199/336 3173/7200/1757 3171/7201/504
f 3174/7202/47 3171/7201/47 3173/7200/47
f 3061/7203/3444 3175/7204/3445 3176/7205/3446
f 3176/7205/3447 3058/6960/3448 3061/7203/3447
f 3173/7206/47 3172/7207/47 3177/7208/47
f 3178/7209/1168 3177/7210/1168 3172/7211/1168
f 3170/7197/1168 3178/7209/1168 3172/7211/1168
f 3178/7212/4 3170/7213/4 3168/7214/4
f 3170/7197/1694 3172/7211/1692 3171/7198/1767
f 3144/7140/1690 3164/7179/1691 3165/7215/1690
f 3179/7216/1691 3144/7140/1690 3165/7215/1690
f 3144/7132/47 3179/7217/47 3142/7133/47
f 3144/7140/17 3143/7218/1921 3145/7141/1921
f 3143/7218/17 3141/7219/18 3145/7141/17
f 3162/7175/47 3163/7177/47 3164/7220/47
f 3153/7150/1177 3159/7167/1177 3162/7221/1177
f 3092/7025/1775 3112/7061/1740 3107/7222/1740
f 3180/7223/1742 3092/7025/1775 3107/7222/1775
f 3181/7224/1802 3180/7223/1800 3104/7225/3449
f 3181/7224/1931 3092/7025/1963 3180/7223/3450
f 3093/7042/4 3092/7226/4 3104/7044/4
f 3182/7227/1268 3184/7228/1268 3183/7229/1638
f 3185/7230/3451 3039/7231/3452 3076/7232/3453
f 3186/7233/3454 3185/7230/3455 3076/7232/3456
f 3076/7232/3457 3072/6993/3458 3186/7233/3459
f 3185/7234/1721 3038/6941/177 3039/6940/1706
f 3187/7235/4 3188/7236/4 3189/7237/4
f 3043/7238/1704 3190/7239/1703 3188/7240/1704
f 3190/7241/4 3189/7237/4 3188/7236/4
f 3043/7238/1595 3038/7242/3460 3190/7239/3461
f 3043/6945/4 3192/7243/4 3191/7244/4
f 3193/7245/1690 3044/7246/1690 3191/7247/1690
f 3194/7248/4 3195/7249/4 3193/7250/4
f 3196/7251/4 3193/7250/4 3195/7249/4
f 3045/7252/3462 3044/7246/3463 3196/7253/3461
f 3195/7254/1876 3197/7255/1821 3045/7252/1876
f 3045/6947/4 3197/7256/4 3046/6948/4
f 3046/6948/4 3197/7256/4 3198/7257/4
f 3199/7258/1164 3200/7259/1706 3201/7260/177
f 3202/7261/1726 3201/7260/1851 3200/7259/1174
f 3047/7262/1876 3201/7263/1821 3202/7264/1811
f 3202/7264/1876 3203/7265/1821 3047/7262/1876
f 3047/6949/1851 3203/7266/1727 3204/7267/1726
f 3205/7268/1850 3207/7269/1588 3206/7270/1727
f 3208/7271/1721 3205/7268/177 3206/7270/1706
f 3209/7272/1850 3211/7273/1588 3210/7274/1727
f 3212/7275/4 3209/7272/4 3210/7274/4
f 3049/7276/1704 3209/7277/1703 3212/7278/1704
f 3213/7279/1794 3215/7280/1928 3214/7281/1793
f 3216/7282/177 3213/7279/1164 3214/7281/1706
f 3213/7283/3351 3216/7284/1383 3050/7285/1383
f 3051/6953/4 3218/7286/4 3217/7287/4
f 3219/7288/1690 3220/7289/1691 3217/7290/1690
f 3219/7291/4 3221/7292/4 3222/7293/4
f 3221/7292/4 3223/7294/4 3222/7293/4
f 3052/7295/3464 3222/7296/1800 3223/7297/1811
f 3223/7297/1704 3186/7233/1704 3052/7295/1704
f 3052/6954/4 3186/7298/4 3072/7299/4
f 3053/6955/177 3052/6954/1164 3072/7299/1706
f 3217/7290/1792 3186/7233/1791 3223/7297/1791
f 3223/7297/1791 3221/7300/1791 3217/7290/1792
f 3217/7290/42 3218/7301/42 3186/7233/42
f 3214/7302/167 3215/7303/3465 3224/7304/166
f 3224/7304/1690 3215/7303/1691 3213/7283/1690
f 3224/7304/3466 3185/7230/3467 3186/7233/3468
f 3225/7305/3469 3185/7230/3470 3224/7304/3471
f 3225/7305/3472 3224/7304/3473 3226/7306/3474
f 3226/7306/47 3227/7307/47 3225/7305/47
f 3185/7230/3475 3225/7305/3476 3203/7265/3477
f 3203/7265/47 3191/7247/47 3192/7308/47
f 3208/7309/1791 3206/7310/1791 3204/7311/1792
f 3185/7230/1792 3192/7308/1791 3188/7240/1791
f 3202/7264/1791 3200/7312/1791 3198/7313/1792
f 3191/7247/3478 3198/7313/3479 3197/7255/3480
f 3191/7247/1792 3197/7255/1791 3195/7254/1791
f 3191/7247/1690 3194/7314/1691 3193/7245/1690
f 3212/7278/1791 3210/7315/1791 3227/7307/1792
f 3227/7307/1690 3210/7315/1691 3211/7316/1690
f 3052/7295/1383 3220/7289/1469 3222/7296/1383
f 3211/7316/1383 3209/7277/1620 3228/7317/1383
f 3047/7262/1383 3046/7318/1469 3201/7263/1383
f 3067/6985/1791 3068/6984/1792 3065/6979/1791
f 3072/6993/1763 3073/7319/1761 3071/6991/1762
f 3035/7320/1703 3036/7009/1704 3037/7321/1813
f 3039/7010/1704 3037/7321/1704 3036/7009/1704
f 3088/7322/4 3040/6942/4 3042/6944/4
f 3037/6939/4 3040/6942/4 3088/7322/4
f 3043/6945/4 3040/6942/4 3038/6941/4
f 3045/6947/4 3040/6942/4 3044/6946/4
f 3047/6949/1435 3040/6942/1164 3046/6948/1162
f 3229/7323/4 3040/6942/4 3048/6950/4
f 3228/7324/4 3040/6942/255 3229/7323/4
f 3049/6951/4 3040/6942/4 3228/7324/4
f 3220/7325/4 3040/6942/4 3051/6953/4
f 3052/6954/3202 3040/6942/1313 3220/7325/1313
f 3055/6959/1383 3056/6958/1383 3057/6961/1383
f 3057/6968/1168 3054/6967/1168 3055/7326/1168
f 3054/6956/4 3053/6955/4 3055/7327/4
f 3066/6980/1620 3053/6957/1383 3070/6987/1620
f 3073/7319/3481 3072/6993/3482 3068/6984/3483
f 3063/6977/1791 3072/6993/1791 3062/7328/1903
f 3072/6993/3484 3076/7232/2615 3062/7328/3485
f 3075/7329/1791 3062/7328/1792 3076/7232/1791
f 3062/7328/1792 3075/7329/1791 3061/7203/1791
f 3074/6997/3486 3075/6996/3487 3230/7330/3488
f 3076/7331/128 3230/7332/128 3075/7333/129
f 3230/7332/127 3076/7331/128 3231/7334/127
f 3076/6998/4 3077/6999/4 3231/7335/4
f 3078/7336/4 3077/6999/4 3039/6940/4
f 3083/7007/2853 3079/7002/3489 3080/7001/3490
f 3082/7005/47 3083/7004/47 3084/7337/47
f 3080/7338/46 3078/7339/46 3083/7340/46
f 3084/7006/1791 3078/7000/1792 3086/7341/1791
f 3086/7341/2615 3078/7000/3491 3032/6933/3492
f 3032/6933/3382 3078/7000/3493 3034/6934/3494
f 3078/7339/3495 3039/7231/3495 3085/7342/3495
f 3086/7013/4 3033/7012/4 3087/7343/4
f 3232/7344/3496 3042/7016/3497 3184/7345/1380
f 3087/7014/3498 3042/7016/3499 3232/7344/3391
f 3031/7017/3391 3042/7016/3392 3033/7015/3500
f 3035/7020/3501 3088/7018/3502 3031/7017/3503
f 3232/7346/3401 3084/7006/3214 3087/7347/1813
f 3086/7341/3401 3087/7347/3504 3084/7006/1704
f 3089/7348/47 3084/7337/47 3232/7349/47
f 3084/7337/47 3089/7348/47 3082/7005/47
f 3094/7027/1740 3099/7034/1775 3096/7029/1740
f 3099/7034/1740 3100/7033/1740 3102/7036/1775
f 3106/7046/2029 3093/7042/1774 3105/7045/1774
f 3103/7043/2029 3093/7042/3505 3106/7046/1777
f 3118/7350/1774 3125/7351/1777 3120/7352/1774
f 3118/7353/1704 3121/7086/1704 3125/7088/1704
f 3126/7354/1803 3136/7119/1988 3125/7120/1503
f 3127/7112/1774 3120/7352/1774 3125/7351/1777
f 3133/7099/3506 3122/7098/3427 3129/7093/3425
f 3137/7109/1740 3136/7107/1775 3121/7086/1740
f 3138/7355/17 3145/7141/1722 3141/7219/18
f 3138/7356/1707 3139/7134/1704 3145/7136/1704
f 3163/7357/3507 3144/7140/3508 3150/7144/3509
f 3144/7140/1722 3163/7357/17 3164/7179/17
f 3148/7358/1691 3147/7359/1690 3149/7360/1690
f 3151/7361/1691 3149/7360/1731 3147/7359/1731
f 3155/7166/1536 3153/7150/1536 3146/7154/1177
f 3139/7362/1729 3158/7165/1177 3146/7154/3510
f 3162/7221/3511 3152/7151/3512 3153/7150/1710
f 3091/7024/1703 3114/7363/1703 3113/7364/1704
f 3114/7363/1703 3091/7024/1704 3090/7022/1704
f 3107/7222/1740 3112/7061/1740 3110/7060/1740
f 3107/7055/1988 3105/7365/1295 3180/7366/1803
f 3105/7365/47 3107/7055/47 3106/7367/47
f 3104/7225/1800 3180/7223/3449 3105/7368/1811
f 3104/7369/4 3092/7370/4 3181/7371/4
f 3098/7032/47 3096/7031/47 3099/7372/47
f 3095/7028/1976 3096/7029/3398 3097/7373/3397
f 3089/7348/47 3232/7349/47 3182/7374/47
f 3232/7344/1382 3184/7345/3513 3182/7375/1380
f 3089/7348/47 3182/7374/47 3183/7376/47
f 3041/7377/1268 3184/7228/2098 3042/7378/1268
f 3183/7229/2098 3184/7228/1268 3041/7377/1268
f 3079/7002/237 3083/7007/3514 3081/7379/235
f 3077/6999/4 3078/7336/4 3079/7380/4
f 3038/7242/1691 3185/7230/1690 3189/7381/1690
f 3187/7382/1691 3189/7381/1690 3185/7230/1690
f 3187/7382/1791 3185/7230/1792 3188/7240/1791
f 3192/7308/1707 3043/7238/3504 3188/7240/1704
f 3190/7239/3515 3038/7242/3516 3189/7381/3462
f 3196/7253/3517 3044/7246/3518 3193/7245/3462
f 3196/7253/1821 3195/7254/3341 3045/7252/1876
f 3046/7318/1690 3198/7313/1690 3199/7383/1690
f 3200/7312/3519 3199/7383/1690 3198/7313/3520
f 3048/7384/1692 3204/7311/1693 3207/7385/1767
f 3206/7310/1691 3207/7385/1690 3204/7311/3520
f 3205/7386/1800 3208/7309/1811 3229/7387/1799
f 3225/7305/1704 3229/7387/1704 3208/7309/1704
f 3228/7317/1690 3227/7307/1690 3211/7316/1690
f 3226/7306/1703 3049/7276/1704 3212/7278/1704
f 3226/7388/4 3050/6952/4 3049/6951/4
f 3050/7285/1690 3224/7304/1690 3213/7283/1690
f 3216/7284/1821 3214/7302/3521 3051/7389/3521
f 3218/7301/1704 3051/7389/1704 3214/7302/1704
f 3221/7300/1691 3219/7288/1690 3217/7290/1690
f 3218/7301/165 3214/7302/166 3224/7304/167
f 3186/7233/3522 3218/7301/3523 3224/7304/3524
f 3225/7390/1851 3227/7391/1726 3229/7323/1851
f 3229/7323/1697 3227/7391/1928 3228/7324/1928
f 3226/7388/1794 3224/7392/7 3050/6952/1794
f 3043/6945/4 3191/7244/4 3044/6946/4
f 3185/7230/3525 3203/7265/3526 3192/7308/3527
f 3225/7305/1791 3208/7309/1791 3204/7311/1792
f 3203/7265/3528 3225/7305/3529 3204/7311/3530
f 3047/6949/1588 3204/7267/1727 3048/6950/1851
f 3203/7265/1791 3202/7264/1792 3198/7313/1792
f 3191/7247/3531 3203/7265/3532 3198/7313/3533
f 3194/7314/1791 3191/7247/1792 3195/7254/1791
f 3226/7306/1791 3212/7278/1792 3227/7307/1791
f 3051/6953/4 3217/7287/4 3220/7325/4
f 3222/7296/3517 3220/7289/3534 3219/7288/3462
f 3050/7285/3349 3216/7284/3535 3051/7389/1380
f 3228/7317/1469 3209/7277/1383 3049/7276/1383
f 3048/7384/3536 3205/7386/3461 3229/7387/1595
f 3205/7386/3537 3048/7384/3516 3207/7385/1595
f 3201/7263/1620 3046/7318/1383 3199/7383/1383
f 3233/7393/1202 3235/7394/1243 3234/7395/1451
f 3236/7396/1202 3233/7393/1451 3234/7395/1549
f 3237/7397/4 3233/7398/4 3236/7399/4
f 3238/7400/1590 3237/7397/1301 3236/7399/1129
f 3239/7401/4 3241/7402/4 3240/7403/4
f 3239/7401/4 3240/7403/4 3242/7404/4
f 3243/7405/4 3244/7406/4 3242/7404/4
f 3245/7407/4 3246/7408/4 3242/7404/4
f 3247/7409/4 3248/7410/4 3242/7404/4
f 3249/7411/4 3250/7412/4 3242/7404/4
f 3251/7413/4 3252/7414/4 3242/7404/4
f 3252/7414/199 3253/7415/4 3242/7404/4
f 3254/7416/4 3255/7417/4 3242/7404/4
f 3242/7404/1003 3255/7417/752 3256/7418/1435
f 3255/7419/877 3258/7420/878 3257/7421/878
f 3258/7420/877 3260/7422/877 3259/7423/877
f 3260/7424/3538 3261/7425/3539 3259/7426/3540
f 3262/7427/3541 3259/7426/3542 3261/7425/3541
f 3262/7428/876 3256/7429/876 3259/7430/876
f 3263/7431/1250 3260/7432/1250 3264/7433/1250
f 3260/7432/1240 3258/7434/1250 3264/7433/1476
f 3265/7435/4 3264/7436/4 3258/7437/4
f 3266/7438/4 3265/7435/4 3258/7437/4
f 3265/7439/1202 3266/7440/1451 3267/7441/1451
f 3268/7442/1243 3267/7441/1451 3266/7440/1451
f 3267/7443/4 3268/7444/4 3269/7445/4
f 3270/7446/1240 3269/7447/1241 3271/7448/1240
f 3272/7449/1250 3270/7446/1240 3271/7448/1240
f 3272/7450/4 3273/7451/4 3270/7452/4
f 3273/7453/877 3272/7449/877 3255/7419/877
f 3268/7442/3543 3266/7440/3544 3255/7419/880
f 3266/7440/869 3258/7420/869 3255/7419/3545
f 3272/7449/870 3271/7448/1071 3268/7442/1051
f 3268/7444/4 3271/7454/4 3269/7445/4
f 3273/7453/3546 3255/7419/1398 3274/7455/3546
f 3275/7456/4 3270/7452/4 3273/7451/4
f 3267/7441/1536 3270/7446/1177 3274/7455/1177
f 3265/7439/1534 3267/7441/3547 3274/7455/3548
f 3263/7457/3373 3277/7458/3374 3276/7459/3373
f 3278/7460/4 3241/7402/4 3279/7461/4
f 3280/7462/3549 3282/7463/3550 3281/7464/3551
f 3283/7465/47 3285/7466/47 3284/7467/47
f 3286/7468/1177 3285/7469/1537 3280/7462/1178
f 3236/7396/1177 3280/7462/1177 3287/7470/1536
f 3238/7471/3552 3236/7396/1177 3287/7470/1177
f 3287/7470/1177 3241/7472/1177 3238/7471/1709
f 3234/7473/4 3235/7474/4 3288/7475/4
f 3289/7476/877 3235/7477/877 3244/7478/3553
f 3244/7478/870 3233/7479/3554 3290/7480/3555
f 3239/7481/877 3290/7480/877 3237/7482/877
f 3291/7483/1451 3292/7484/3556 3284/7485/1451
f 3293/7486/3557 3284/7485/3558 3292/7484/3559
f 3293/7486/3560 3294/7487/3560 3284/7485/3560
f 3295/7488/3561 3284/7485/3561 3294/7487/1244
f 3296/7489/1244 3284/7485/3560 3295/7488/1451
f 3284/7485/1202 3296/7489/1243 3297/7490/1451
f 3296/7489/1451 3298/7491/1243 3297/7490/1202
f 3299/7492/674 3298/7493/1256 3300/7494/3422
f 3296/7489/1124 3302/7495/1124 3301/7496/1124
f 3302/7495/1202 3303/7497/1451 3304/7498/1451
f 3302/7499/47 3296/7500/47 3303/7501/47
f 3303/7501/47 3296/7500/47 3295/7502/47
f 3303/7503/1150 3295/7504/1148 3305/7505/1149
f 3306/7506/1148 3307/7507/1149 3295/7504/1150
f 3305/7505/4 3308/7508/4 3301/7509/4
f 3304/7510/4 3305/7505/4 3301/7509/4
f 3303/7497/1202 3305/7511/1243 3304/7498/1451
f 3300/7512/3562 3301/7509/122 3308/7508/3563
f 3308/7508/40 3309/7513/3564 3300/7512/3565
f 3309/7513/2880 3310/7514/3566 3300/7512/3567
f 3311/7515/4 3310/7516/4 3309/7517/4
f 3312/7518/4 3311/7519/4 3309/7513/4
f 3313/7520/1591 3311/7521/1405 3312/7522/1404
f 3314/7523/1405 3313/7520/3568 3312/7522/3569
f 3294/7524/47 3313/7525/47 3314/7526/47
f 3293/7527/47 3313/7525/47 3294/7524/47
f 3313/7528/3570 3293/7529/3571 3311/7519/3572
f 3310/7514/3573 3311/7519/3574 3293/7529/3575
f 3315/7530/3575 3310/7514/3576 3293/7529/3575
f 3316/7531/47 3317/7532/47 3315/7533/47
f 3310/7516/1295 3315/7533/648 3317/7532/2455
f 3300/7512/3577 3310/7514/3578 3317/7534/3579
f 3318/7535/1451 3300/7536/1202 3317/7537/1451
f 3319/7538/1243 3318/7535/1451 3317/7537/1451
f 3319/7539/47 3320/7540/47 3318/7541/47
f 3321/7542/1503 3318/7541/674 3320/7540/1256
f 3322/7543/1255 3321/7542/1295 3320/7540/1805
f 3323/7544/47 3320/7540/47 3319/7539/47
f 3324/7545/47 3325/7546/47 3319/7539/47
f 3326/7547/47 3324/7545/47 3319/7539/47
f 3323/7544/47 3319/7539/47 3325/7546/47
f 3323/7548/1202 3328/7549/1243 3327/7550/1451
f 3321/7551/1202 3322/7552/1451 3329/7553/1243
f 3321/7551/1629 3329/7553/3580 3330/7554/3581
f 3331/7555/1601 3330/7554/1451 3329/7553/1403
f 3332/7556/3582 3330/7554/3583 3331/7555/1404
f 3326/7557/3584 3332/7556/1565 3331/7555/3585
f 3333/7558/3586 3326/7557/3587 3331/7555/3588
f 3324/7545/648 3326/7547/1256 3333/7559/1295
f 3324/7560/1124 3333/7558/1127 3331/7555/1125
f 3324/7560/1202 3335/7561/1202 3334/7562/1202
f 3334/7562/1202 3325/7563/1202 3324/7560/1202
f 3336/7564/1150 3325/7565/1514 3334/7566/1149
f 3334/7566/1149 3337/7567/1148 3336/7564/1150
f 3337/7568/1243 3338/7569/1451 3336/7570/1202
f 3339/7571/1202 3336/7570/1451 3338/7569/1451
f 3336/7572/47 3339/7573/47 3323/7544/47
f 3338/7569/1125 3328/7549/1127 3323/7548/1124
f 3336/7572/47 3323/7544/47 3325/7546/47
f 3329/7574/3589 3338/7575/3590 3337/7567/3591
f 3331/7576/47 3337/7577/47 3334/7578/47
f 3334/7578/47 3335/7579/47 3331/7576/47
f 3329/7580/3592 3337/7577/3593 3331/7576/3594
f 3338/7581/47 3329/7580/47 3327/7582/47
f 3332/7583/47 3341/7584/47 3340/7585/47
f 3330/7586/47 3332/7583/47 3340/7585/47
f 3340/7585/1280 3342/7587/1996 3330/7586/1273
f 3340/7585/47 3343/7588/47 3342/7587/47
f 3342/7589/1629 3343/7590/3595 3344/7591/3596
f 3345/7592/1243 3344/7591/1451 3343/7590/1451
f 3345/7593/900 3346/7594/1397 3344/7595/328
f 3341/7596/1551 3348/7597/1585 3347/7598/1553
f 3347/7599/47 3348/7600/47 3349/7601/47
f 3346/7602/1383 3347/7603/1383 3350/7604/1620
f 3351/7605/1469 3352/7606/1383 3346/7602/1469
f 3350/7604/3380 3351/7605/1634 3346/7602/1465
f 3349/7601/1757 3350/7607/1781 3347/7599/1227
f 3351/7608/4 3353/7609/4 3352/7610/4
f 3354/7611/4 3352/7610/4 3353/7609/4
f 3355/7612/3597 3354/7613/3598 3353/7614/3599
f 3355/7612/955 3353/7614/955 3349/7615/955
f 3349/7615/3600 3348/7616/1627 3355/7612/1687
f 3356/7617/47 3355/7618/47 3357/7619/47
f 3357/7619/47 3358/7620/47 3356/7617/47
f 3359/7621/1551 3358/7622/1585 3357/7623/3601
f 3360/7624/1585 3359/7621/1203 3357/7623/1551
f 3360/7625/47 3341/7584/47 3359/7626/47
f 3359/7626/47 3341/7584/47 3332/7583/47
f 3348/7616/3602 3360/7627/3603 3357/7628/955
f 3361/7629/1508 3355/7612/1398 3356/7630/1400
f 3362/7631/1398 3361/7629/3546 3356/7630/1508
f 3362/7632/47 3363/7633/47 3361/7634/47
f 3361/7634/47 3363/7633/47 3364/7635/47
f 3363/7633/47 3354/7636/47 3364/7635/47
f 3364/7637/47 3354/7638/47 3365/7639/47
f 3352/7640/47 3365/7639/47 3354/7638/47
f 3366/7641/3604 3365/7642/3605 3352/7643/3606
f 3366/7644/47 3352/7645/47 3367/7646/47
f 3352/7645/47 3368/7647/47 3367/7646/47
f 3368/7648/1241 3352/7649/1240 3369/7650/1240
f 3370/7651/1477 3369/7650/3607 3363/7652/3608
f 3354/7653/1240 3363/7652/1240 3369/7650/1240
f 3352/7649/1240 3354/7653/1240 3369/7650/1509
f 3369/7654/4 3370/7655/4 3371/7656/4
f 3372/7657/4 3371/7656/4 3370/7655/4
f 3371/7658/1241 3372/7659/1240 3373/7660/1240
f 3374/7661/47 3375/7662/47 3373/7663/47
f 3376/7664/47 3373/7663/47 3375/7662/47
f 3263/7665/3609 3377/7666/3610 3378/7667/3611
f 3378/7667/3612 3260/7422/2917 3263/7665/3613
f 3375/7668/47 3374/7669/47 3379/7670/47
f 3380/7671/2501 3379/7672/2501 3374/7673/2500
f 3372/7659/3614 3380/7671/2379 3374/7673/3614
f 3380/7674/4 3372/7675/4 3370/7676/4
f 3372/7659/1240 3374/7673/1250 3373/7660/1240
f 3346/7602/3615 3366/7641/3616 3367/7677/3617
f 3381/7678/3616 3346/7602/3618 3367/7677/3615
f 3346/7594/47 3381/7679/47 3344/7595/47
f 3346/7602/1383 3345/7680/1469 3347/7603/1469
f 3345/7680/1383 3343/7681/1383 3347/7603/1383
f 3364/7637/47 3365/7639/47 3366/7682/47
f 3355/7612/3619 3361/7629/1316 3364/7683/1084
f 3294/7487/1124 3314/7523/1194 3309/7684/1125
f 3382/7685/1124 3294/7487/1124 3309/7684/1124
f 3383/7686/1451 3382/7685/1243 3306/7687/1202
f 3383/7686/1124 3294/7487/1127 3382/7685/1125
f 3295/7504/1435 3294/7688/1486 3306/7506/1128
f 3384/7689/2554 3386/7690/2954 3385/7691/3620
f 3387/7692/3621 3241/7693/3622 3278/7694/3623
f 3388/7695/3624 3387/7692/3625 3278/7694/3625
f 3278/7694/3626 3274/7455/3627 3388/7695/3628
f 3387/7696/1435 3240/7403/1486 3241/7402/1538
f 3389/7697/1538 3390/7698/1435 3391/7699/1486
f 3245/7700/1601 3392/7701/1243 3390/7702/1451
f 3392/7703/1301 3391/7699/882 3390/7698/1589
f 3245/7700/1569 3240/7704/3629 3392/7701/3630
f 3245/7407/4 3394/7705/4 3393/7706/4
f 3395/7707/1475 3246/7708/1250 3393/7709/1240
f 3396/7710/4 3397/7711/4 3395/7712/4
f 3398/7713/1459 3395/7712/1017 3397/7711/3045
f 3247/7714/1052 3246/7708/870 3398/7715/3631
f 3397/7716/1451 3399/7717/1202 3247/7714/1451
f 3247/7409/4 3399/7718/4 3248/7410/4
f 3248/7410/4 3399/7718/4 3400/7719/4
f 3401/7720/882 3402/7721/1446 3403/7722/1301
f 3404/7723/4 3403/7722/4 3402/7721/4
f 3249/7724/1202 3403/7725/1202 3404/7726/1202
f 3404/7726/1202 3405/7727/1202 3249/7724/1202
f 3249/7411/1486 3405/7728/1538 3406/7729/1435
f 3407/7730/4 3409/7731/4 3408/7732/4
f 3410/7733/1697 3407/7730/1459 3408/7732/1671
f 3411/7734/1486 3413/7735/1003 3412/7736/1538
f 3414/7737/4 3411/7734/4 3412/7736/4
f 3251/7738/1451 3411/7739/1202 3414/7740/1451
f 3415/7741/4 3417/7742/4 3416/7743/4
f 3418/7744/1301 3415/7741/882 3416/7743/1589
f 3415/7745/871 3418/7746/872 3252/7747/3632
f 3253/7415/3633 3420/7748/1301 3419/7749/1590
f 3421/7750/3546 3422/7751/3634 3419/7752/3546
f 3421/7753/882 3423/7754/1446 3424/7755/1301
f 3423/7754/4 3425/7756/4 3424/7755/4
f 3254/7757/1404 3424/7758/1405 3425/7759/1404
f 3425/7759/1404 3388/7695/1405 3254/7757/3635
f 3254/7416/4 3388/7760/4 3274/7761/4
f 3255/7417/4 3254/7416/4 3274/7761/4
f 3419/7752/1177 3388/7695/1177 3425/7759/1177
f 3425/7759/3636 3423/7762/1177 3419/7752/1177
f 3419/7752/3637 3420/7763/3638 3388/7695/3639
f 3416/7764/3640 3417/7765/1910 3426/7766/1847
f 3426/7766/3641 3417/7765/3634 3415/7745/1400
f 3426/7766/3642 3387/7692/3643 3388/7695/3644
f 3427/7767/122 3387/7692/3645 3426/7766/3646
f 3427/7767/3647 3426/7766/3648 3428/7768/46
f 3428/7768/47 3429/7769/47 3427/7767/47
f 3387/7692/3649 3427/7767/3650 3405/7727/3651
f 3405/7727/3652 3393/7709/3653 3394/7770/3654
f 3410/7771/1709 3408/7772/1177 3406/7773/1177
f 3387/7692/3640 3394/7770/1848 3390/7702/1847
f 3404/7726/1177 3402/7774/1177 3400/7775/1177
f 3393/7709/3655 3400/7775/3656 3399/7717/3657
f 3393/7709/3658 3399/7717/3197 3397/7716/1656
f 3393/7709/1512 3396/7776/1479 3395/7707/1512
f 3414/7740/3659 3412/7777/1177 3429/7769/1177
f 3429/7769/1583 3412/7777/1241 3413/7778/1240
f 3254/7757/1044 3422/7751/3660 3424/7758/3661
f 3413/7778/1023 3411/7739/877 3430/7779/877
f 3249/7724/1044 3248/7780/1115 3403/7725/3662
f 3269/7447/3663 3270/7446/3664 3267/7441/1534
f 3274/7455/3546 3275/7781/1398 3273/7453/3665
f 3237/7782/1202 3238/7471/1202 3239/7783/1202
f 3241/7472/1585 3239/7783/3601 3238/7471/1203
f 3290/7784/4 3242/7404/4 3244/7406/4
f 3239/7401/882 3242/7404/839 3290/7784/1301
f 3245/7407/4 3242/7404/4 3240/7403/4
f 3247/7409/4 3242/7404/4 3246/7408/4
f 3249/7411/4 3242/7404/4 3248/7410/4
f 3431/7785/4 3242/7404/4 3250/7412/4
f 3430/7786/4 3242/7404/4 3431/7785/4
f 3251/7413/4 3242/7404/4 3430/7786/4
f 3422/7787/4 3242/7404/8 3253/7415/4
f 3254/7416/4 3242/7404/4 3422/7787/4
f 3257/7421/3666 3258/7420/3667 3259/7423/3668
f 3259/7430/876 3256/7429/876 3257/7788/876
f 3256/7418/4 3255/7417/4 3257/7789/4
f 3268/7442/877 3255/7419/869 3272/7449/877
f 3275/7781/1177 3274/7455/1177 3270/7446/1177
f 3265/7439/3669 3274/7455/3669 3264/7790/3670
f 3274/7455/1712 3278/7694/3671 3264/7790/3672
f 3277/7791/1847 3264/7790/3673 3278/7694/3674
f 3264/7790/1847 3277/7791/3675 3263/7665/3676
f 3276/7459/3373 3277/7458/3373 3432/7792/3373
f 3278/7793/3677 3432/7794/3678 3277/7795/3679
f 3432/7794/3677 3278/7793/3680 3433/7796/3681
f 3278/7460/4 3279/7461/4 3433/7797/4
f 3280/7798/4 3279/7461/4 3241/7402/4
f 3285/7469/3682 3281/7464/3683 3282/7463/3551
f 3284/7467/47 3285/7466/47 3286/7799/47
f 3282/7800/209 3280/7801/209 3285/7802/209
f 3286/7468/3684 3280/7462/3684 3288/7803/3198
f 3288/7803/1536 3280/7462/1177 3234/7395/1177
f 3234/7395/1177 3280/7462/1177 3236/7396/1177
f 3280/7801/3685 3241/7693/3686 3287/7804/3687
f 3288/7475/1538 3235/7474/1486 3289/7805/1003
f 3434/7806/877 3244/7478/1023 3386/7807/877
f 3289/7476/877 3244/7478/877 3434/7806/1045
f 3233/7479/877 3244/7478/1658 3235/7477/877
f 3237/7482/1051 3290/7480/3688 3233/7479/3689
f 3434/7808/3556 3286/7468/3690 3289/7809/3691
f 3288/7803/1585 3289/7809/1203 3286/7468/1203
f 3291/7810/306 3286/7799/1781 3434/7811/900
f 3286/7799/47 3291/7810/47 3284/7467/47
f 3296/7489/1124 3301/7496/1124 3298/7491/1125
f 3301/7496/1215 3302/7495/3692 3304/7498/1216
f 3308/7508/3693 3295/7504/1150 3307/7507/1150
f 3305/7505/3693 3295/7504/1150 3308/7508/1149
f 3320/7812/1150 3327/7813/1149 3322/7814/1150
f 3320/7815/1202 3323/7548/1451 3327/7550/1243
f 3328/7816/47 3338/7581/47 3327/7582/47
f 3329/7574/1149 3322/7814/1150 3327/7813/1149
f 3335/7561/1125 3324/7560/1124 3331/7555/1125
f 3339/7571/1124 3338/7569/1125 3323/7548/1124
f 3340/7817/1905 3347/7603/3391 3343/7681/3694
f 3340/7818/3586 3341/7596/3635 3347/7598/3569
f 3365/7819/1383 3346/7602/1383 3352/7606/1620
f 3346/7602/1383 3365/7819/1383 3366/7641/1383
f 3350/7820/1241 3349/7821/1240 3351/7822/1250
f 3353/7823/1250 3351/7822/1240 3349/7821/1240
f 3357/7628/3695 3355/7612/1084 3348/7616/1084
f 3341/7824/955 3360/7627/955 3348/7616/955
f 3364/7683/955 3354/7613/955 3355/7612/956
f 3293/7486/1202 3316/7825/1243 3315/7826/3560
f 3316/7825/1405 3293/7486/3696 3292/7484/3697
f 3309/7684/1127 3314/7523/1124 3312/7522/1125
f 3309/7517/1255 3307/7827/2213 3382/7828/1256
f 3307/7827/1227 3309/7517/612 3308/7829/1781
f 3306/7687/1202 3382/7685/1243 3307/7830/1451
f 3306/7831/4 3294/7832/4 3383/7833/4
f 3300/7494/47 3298/7493/47 3301/7834/47
f 3297/7490/1202 3298/7491/1243 3299/7835/1451
f 3291/7810/47 3434/7811/47 3384/7836/47
f 3434/7806/878 3386/7807/1023 3384/7837/877
f 3291/7810/47 3384/7836/47 3385/7838/47
f 3243/7839/1064 3386/7690/1064 3244/7840/1064
f 3385/7691/1064 3386/7690/1064 3243/7839/1064
f 3281/7464/1268 3285/7469/1268 3283/7841/1268
f 3279/7461/1697 3280/7798/3698 3281/7842/1336
f 3240/7704/1250 3387/7692/1240 3391/7843/1240
f 3389/7844/1241 3391/7843/1240 3387/7692/1240
f 3389/7844/1910 3387/7692/1847 3390/7702/3640
f 3394/7770/1202 3245/7700/1451 3390/7702/1451
f 3392/7701/1051 3240/7704/3631 3391/7843/1052
f 3398/7715/1051 3246/7708/3631 3395/7707/1052
f 3398/7715/1243 3397/7716/1451 3247/7714/3691
f 3248/7780/1250 3400/7775/1240 3401/7845/1240
f 3402/7774/1241 3401/7845/1240 3400/7775/1240
f 3250/7846/1250 3406/7773/1240 3409/7847/1240
f 3408/7772/1241 3409/7847/1240 3406/7773/1240
f 3407/7848/1202 3410/7771/1403 3431/7849/1403
f 3427/7767/1202 3431/7849/1403 3410/7771/1403
f 3430/7779/3699 3429/7769/1240 3413/7778/1475
f 3428/7768/1202 3251/7738/1451 3414/7740/1451
f 3428/7850/4 3252/7414/4 3251/7413/4
f 3252/7747/1250 3426/7766/1240 3415/7745/1249
f 3418/7746/1243 3416/7764/1451 3253/7851/1451
f 3420/7763/1202 3253/7851/1451 3416/7764/1451
f 3423/7762/3634 3421/7750/3700 3419/7752/3546
f 3420/7763/1177 3416/7764/1177 3426/7766/1177
f 3388/7695/3701 3420/7763/3702 3426/7766/3703
f 3427/7852/4 3429/7853/4 3431/7785/4
f 3431/7785/4 3429/7853/4 3430/7786/4
f 3428/7850/1538 3426/7854/1435 3252/7414/1486
f 3245/7407/4 3393/7706/4 3246/7408/4
f 3387/7692/3704 3405/7727/3705 3394/7770/3706
f 3427/7767/1177 3410/7771/1177 3406/7773/1537
f 3405/7727/3707 3427/7767/3708 3406/7773/3709
f 3249/7411/4 3406/7729/4 3250/7412/4
f 3405/7727/1177 3404/7726/1177 3400/7775/1177
f 3393/7709/3710 3405/7727/3711 3400/7775/3712
f 3396/7776/1177 3393/7709/1177 3397/7716/1177
f 3428/7768/1177 3414/7740/1709 3429/7769/1177
f 3253/7415/4 3419/7749/4 3422/7787/4
f 3424/7758/3713 3422/7751/3714 3421/7750/3715
f 3252/7747/877 3418/7746/877 3253/7851/877
f 3430/7779/877 3411/7739/1023 3251/7738/3716
f 3250/7846/1043 3407/7848/3717 3431/7849/3718
f 3407/7848/1051 3250/7846/3631 3409/7847/1052
f 3403/7725/3719 3248/7780/3661 3401/7845/1044
f 3435/7855/1150 3437/7856/1149 3436/7857/1148
f 3438/7858/1150 3435/7855/1148 3436/7857/1148
f 3439/7859/4 3435/7860/4 3438/7861/4
f 3440/7862/4 3439/7859/4 3438/7861/4
f 3441/7863/4 3443/7864/4 3442/7865/4
f 3441/7863/4 3442/7865/4 3444/7866/4
f 3445/7867/4 3446/7868/4 3444/7866/4
f 3447/7869/4 3448/7870/4 3444/7866/4
f 3449/7871/4 3450/7872/4 3444/7866/4
f 3451/7873/812 3452/7874/1328 3444/7866/1015
f 3453/7875/838 3454/7876/1328 3444/7866/925
f 3454/7876/4 3455/7877/4 3444/7866/4
f 3456/7878/256 3457/7879/4 3444/7866/4
f 3444/7866/4 3457/7879/4 3458/7880/4
f 3457/7881/3720 3460/7882/2371 3459/7883/3721
f 3460/7882/2501 3462/7884/876 3461/7885/876
f 3462/7886/2975 3463/7887/3722 3461/7888/3723
f 3464/7889/2866 3461/7888/3724 3463/7887/2867
f 3464/7890/955 3458/7891/955 3461/7892/955
f 3465/7893/1216 3462/7894/1232 3466/7895/3725
f 3462/7894/3726 3460/7896/3727 3466/7895/1146
f 3467/7897/4 3466/7898/4 3460/7899/4
f 3468/7900/4 3467/7897/4 3460/7899/4
f 3467/7901/1150 3468/7902/1148 3469/7903/1148
f 3470/7904/1149 3469/7903/1148 3468/7902/1148
f 3469/7905/4 3470/7906/4 3471/7907/4
f 3472/7908/1127 3471/7909/1125 3473/7910/1127
f 3474/7911/1124 3472/7908/1127 3473/7910/1127
f 3474/7912/1313 3475/7913/1328 3472/7914/1590
f 3475/7915/876 3474/7911/876 3457/7881/876
f 3470/7904/3728 3468/7902/3729 3457/7881/3730
f 3468/7902/3004 3460/7882/3004 3457/7881/2371
f 3474/7911/3731 3473/7910/2377 3470/7904/3004
f 3470/7906/4 3473/7916/4 3471/7907/4
f 3475/7915/1215 3457/7881/1216 3476/7917/3732
f 3477/7918/4 3472/7914/4 3475/7913/4
f 3469/7903/1268 3472/7908/1268 3476/7917/3733
f 3467/7901/1268 3469/7903/1268 3476/7917/1268
f 3465/7919/3734 3479/7920/3735 3478/7921/3734
f 3480/7922/4 3443/7864/4 3481/7923/4
f 3482/7924/1905 3484/7925/3498 3483/7926/1381
f 3485/7927/47 3487/7928/47 3486/7929/47
f 3488/7930/1268 3487/7931/1268 3482/7924/2055
f 3438/7858/1268 3482/7924/1268 3489/7932/1305
f 3440/7933/3736 3438/7858/3737 3489/7932/3738
f 3489/7932/1268 3443/7934/1268 3440/7933/1268
f 3436/7935/4 3437/7936/4 3490/7937/4
f 3491/7938/3739 3437/7939/1271 3446/7940/3740
f 3446/7940/876 3435/7941/3741 3492/7942/2379
f 3441/7943/1307 3492/7942/1271 3439/7944/1306
f 3493/7945/3742 3494/7946/3743 3486/7947/3742
f 3495/7948/3742 3486/7947/3744 3494/7946/3744
f 3495/7948/3745 3496/7949/1284 3486/7947/3745
f 3497/7950/1148 3486/7947/1148 3496/7949/1148
f 3498/7951/3746 3486/7947/3693 3497/7950/1148
f 3486/7947/3743 3498/7951/3747 3499/7952/1430
f 3498/7951/1140 3500/7953/1139 3499/7952/3748
f 3501/7954/47 3500/7955/47 3502/7956/47
f 3498/7951/1202 3504/7957/1601 3503/7958/1243
f 3504/7957/1150 3505/7959/1148 3506/7960/1148
f 3504/7961/47 3498/7962/47 3505/7963/47
f 3505/7963/47 3498/7962/47 3497/7964/47
f 3505/7965/1250 3497/7966/1250 3507/7967/1250
f 3508/7968/1240 3509/7969/1241 3497/7966/1250
f 3507/7967/1003 3510/7970/1538 3503/7971/1435
f 3506/7972/4 3507/7967/4 3503/7971/4
f 3505/7959/1288 3507/7973/1149 3506/7960/1148
f 3502/7974/3749 3503/7971/3750 3510/7970/3751
f 3510/7970/3752 3511/7975/3753 3502/7974/3754
f 3511/7975/3755 3512/7976/3756 3502/7974/3757
f 3513/7977/4 3512/7978/4 3511/7979/4
f 3514/7980/4 3513/7981/4 3511/7975/4
f 3515/7982/1150 3513/7983/1149 3514/7984/1148
f 3516/7985/1150 3515/7982/1148 3514/7984/1148
f 3496/7986/47 3515/7987/47 3516/7988/47
f 3495/7989/47 3515/7987/47 3496/7986/47
f 3515/7990/3758 3495/7991/3759 3513/7981/3760
f 3512/7976/3761 3513/7981/3761 3495/7991/3761
f 3517/7992/3762 3512/7976/3761 3495/7991/3761
f 3518/7993/1227 3519/7994/937 3517/7995/613
f 3512/7978/47 3517/7995/47 3519/7994/47
f 3502/7974/3763 3512/7976/3764 3519/7996/3763
f 3520/7997/3765 3502/7998/1150 3519/7999/1148
f 3521/8000/1425 3520/7997/1148 3519/7999/1148
f 3521/8001/47 3522/8002/47 3520/8003/47
f 3523/8004/47 3520/8003/47 3522/8002/47
f 3524/8005/47 3523/8004/47 3522/8002/47
f 3525/8006/47 3522/8002/47 3521/8001/47
f 3526/8007/47 3527/8008/47 3521/8001/47
f 3528/8009/937 3526/8007/899 3521/8001/1227
f 3525/8006/47 3521/8001/47 3527/8008/47
f 3525/8010/1150 3530/8011/1150 3529/8012/1148
f 3523/8013/3693 3524/8014/1148 3531/8015/1149
f 3523/8013/3766 3531/8015/3767 3532/8016/1286
f 3533/8017/1304 3532/8016/3746 3531/8015/1284
f 3534/8018/1148 3532/8016/3746 3533/8017/1148
f 3528/8019/1426 3534/8018/1149 3533/8017/1148
f 3535/8020/1150 3528/8019/1148 3533/8017/1148
f 3526/8007/47 3528/8009/47 3535/8021/47
f 3526/8022/1202 3535/8020/1451 3533/8017/1243
f 3526/8022/3768 3537/8023/3743 3536/8024/1482
f 3536/8024/1150 3527/8025/1150 3526/8022/1150
f 3538/8026/1250 3527/8027/1476 3536/8028/1250
f 3536/8028/1241 3539/8029/1241 3538/8026/1250
f 3539/8030/1149 3540/8031/1148 3538/8032/1150
f 3541/8033/1150 3538/8032/1148 3540/8031/1148
f 3538/8034/47 3541/8035/47 3525/8006/47
f 3540/8031/1243 3530/8011/1451 3525/8010/1202
f 3538/8034/900 3525/8006/1397 3527/8008/1227
f 3531/8036/3769 3540/8037/3770 3539/8029/3771
f 3533/8038/47 3539/8039/47 3536/8040/47
f 3536/8040/47 3537/8041/47 3533/8038/47
f 3531/8042/3772 3539/8039/2809 3533/8038/3773
f 3540/8043/47 3531/8042/47 3529/8044/47
f 3534/8045/47 3543/8046/47 3542/8047/47
f 3532/8048/47 3534/8045/47 3542/8047/47
f 3542/8047/1272 3544/8049/3423 3532/8048/1996
f 3542/8047/47 3545/8050/47 3544/8049/47
f 3544/8051/1150 3545/8052/1148 3546/8053/1148
f 3547/8054/1149 3546/8053/1148 3545/8052/1148
f 3547/8055/1260 3548/8056/3774 3546/8057/3775
f 3543/8058/1274 3550/8059/1143 3549/8060/1430
f 3549/8061/47 3550/8062/47 3551/8063/47
f 3548/8064/1168 3549/8065/1168 3552/8066/1168
f 3553/8067/1168 3554/8068/1168 3548/8064/1442
f 3552/8066/1168 3553/8067/1168 3548/8064/1168
f 3551/8063/336 3552/8069/1397 3549/8061/1781
f 3553/8070/4 3555/8071/4 3554/8072/4
f 3556/8073/1369 3554/8072/3776 3555/8071/1390
f 3557/8074/2969 3556/8075/1157 3555/8076/1157
f 3557/8074/3777 3555/8076/2447 3551/8077/1161
f 3551/8077/1370 3550/8078/2969 3557/8074/1370
f 3558/8079/336 3557/8080/1397 3559/8081/950
f 3559/8081/504 3560/8082/1227 3558/8079/937
f 3561/8083/1148 3560/8084/1149 3559/8085/1148
f 3562/8086/1150 3561/8083/1148 3559/8085/1148
f 3562/8087/47 3543/8046/47 3561/8088/47
f 3561/8088/47 3543/8046/47 3534/8045/47
f 3550/8078/3778 3562/8089/3779 3559/8090/2970
f 3563/8091/1127 3557/8074/1125 3558/8092/1127
f 3564/8093/1145 3563/8091/1146 3558/8092/1234
f 3564/8094/47 3565/8095/47 3563/8096/47
f 3563/8096/950 3565/8095/307 3566/8097/899
f 3565/8095/47 3556/8098/47 3566/8097/47
f 3566/8099/648 3556/8100/954 3567/8101/1254
f 3554/8102/1255 3567/8101/1503 3556/8100/2422
f 3568/8103/3780 3567/8104/3781 3554/8105/3782
f 3568/8106/47 3554/8107/47 3569/8108/47
f 3554/8107/47 3570/8109/47 3569/8108/47
f 3570/8110/1125 3554/8111/1127 3571/8112/1124
f 3572/8113/1124 3571/8112/1124 3565/8114/1124
f 3556/8115/1235 3565/8114/1124 3571/8112/1235
f 3554/8111/1127 3556/8115/1127 3571/8112/1124
f 3571/8116/1301 3572/8117/1337 3573/8118/1313
f 3574/8119/4 3573/8118/4 3572/8117/4
f 3573/8120/1125 3574/8121/1127 3575/8122/1127
f 3576/8123/47 3577/8124/47 3575/8125/47
f 3578/8126/1397 3575/8125/1781 3577/8124/1227
f 3465/8127/3783 3579/8128/3784 3580/8129/3785
f 3580/8129/3786 3462/7884/122 3465/8127/3787
f 3577/8130/47 3576/8131/47 3581/8132/47
f 3582/8133/3788 3581/8134/1626 3576/8135/1457
f 3574/8121/1626 3582/8133/1627 3576/8135/3788
f 3582/8136/4 3574/8137/4 3572/8138/4
f 3574/8121/1127 3576/8135/1124 3575/8122/1127
f 3548/8064/1127 3568/8103/1124 3569/8139/1127
f 3583/8140/1125 3548/8064/1127 3569/8139/1127
f 3548/8056/60 3583/8141/1255 3546/8057/1503
f 3548/8064/1168 3547/8142/1168 3549/8065/1168
f 3547/8142/1168 3545/8143/1168 3549/8065/1168
f 3566/8099/47 3567/8101/47 3568/8144/47
f 3557/8074/3789 3563/8091/1155 3566/8145/1156
f 3496/7949/1202 3516/7985/1202 3511/8146/1202
f 3584/8147/1601 3496/7949/1202 3511/8146/1202
f 3585/8148/1140 3584/8147/1139 3508/8149/3747
f 3585/8148/1202 3496/7949/1451 3584/8147/3790
f 3497/7966/1486 3496/8150/1164 3508/7968/1162
f 3586/8151/870 3588/8152/1052 3587/8153/3791
f 3589/8154/3792 3443/8155/3793 3480/8156/3793
f 3590/8157/3794 3589/8154/3795 3480/8156/3796
f 3480/8156/3797 3476/7917/3798 3590/8157/3799
f 3589/8158/1486 3442/7865/1164 3443/7864/1435
f 3591/8159/1335 3592/8160/1422 3593/8161/1335
f 3447/8162/3800 3594/8163/3801 3592/8164/1285
f 3594/8165/1164 3593/8161/1128 3592/8160/1435
f 3447/8162/3802 3442/8166/1271 3594/8163/3803
f 3447/7869/4 3596/8167/4 3595/8168/4
f 3597/8169/1127 3448/8170/1124 3595/8171/1127
f 3598/8172/1435 3599/8173/1486 3597/8174/1164
f 3600/8175/4 3597/8174/4 3599/8173/4
f 3449/8176/876 3448/8170/876 3600/8177/876
f 3599/8178/1288 3601/8179/1150 3449/8176/1288
f 3449/7871/4 3601/8180/4 3450/7872/4
f 3450/7872/4 3601/8180/4 3602/8181/4
f 3603/8182/1129 3604/8183/1313 3605/8184/1337
f 3606/8185/4 3605/8184/4 3604/8183/4
f 3451/8186/1482 3605/8187/1275 3606/8188/3744
f 3606/8188/1148 3607/8189/1150 3451/8186/1148
f 3451/7873/4 3607/8190/4 3608/8191/4
f 3609/8192/4 3611/8193/4 3610/8194/4
f 3612/8195/4 3609/8192/4 3610/8194/4
f 3613/8196/4 3615/8197/4 3614/8198/4
f 3616/8199/4 3613/8196/4 3614/8198/4
f 3453/8200/1424 3613/8201/1149 3616/8202/1148
f 3617/8203/4 3619/8204/4 3618/8205/4
f 3620/8206/4 3617/8203/4 3618/8205/4
f 3617/8207/2377 3620/8208/3004 3454/8209/3804
f 3455/7877/4 3622/8210/4 3621/8211/4
f 3623/8212/1146 3624/8213/3727 3621/8214/1146
f 3623/8215/1129 3625/8216/1313 3626/8217/1337
f 3625/8216/4 3627/8218/4 3626/8217/4
f 3456/8219/1284 3626/8220/1149 3627/8221/1148
f 3627/8221/1165 3590/8157/1166 3456/8219/1277
f 3456/7878/4 3590/8222/4 3476/8223/4
f 3457/7879/1164 3456/7878/1128 3476/8223/1435
f 3621/8214/1268 3590/8157/1305 3627/8221/1268
f 3627/8221/1268 3625/8224/1268 3621/8214/1268
f 3621/8214/3805 3622/8225/3806 3590/8157/3807
f 3618/8226/3808 3619/8227/3809 3628/8228/3810
f 3628/8228/1127 3619/8227/1125 3617/8207/1127
f 3628/8228/3811 3589/8154/3812 3590/8157/3813
f 3629/8229/3814 3589/8154/3815 3628/8228/3816
f 3629/8229/3817 3628/8228/3818 3630/8230/3819
f 3630/8230/1422 3631/8231/1336 3629/8229/1336
f 3589/8154/3820 3629/8229/3820 3607/8189/3821
f 3607/8189/3822 3595/8171/3823 3596/8232/3824
f 3612/8233/1268 3610/8234/1268 3608/8235/1268
f 3589/8154/3808 3596/8232/1409 3592/8164/2140
f 3606/8188/1268 3604/8236/1268 3602/8237/1268
f 3595/8171/3825 3602/8237/3826 3601/8179/3827
f 3595/8171/1268 3601/8179/1305 3599/8178/1268
f 3595/8171/1127 3598/8238/1125 3597/8169/1127
f 3616/8202/3808 3614/8239/3828 3631/8231/2140
f 3631/8231/1332 3614/8239/1125 3615/8240/1126
f 3456/8219/3829 3624/8213/1415 3626/8220/3830
f 3615/8240/3831 3613/8201/2533 3632/8241/3832
f 3451/8186/876 3450/8242/876 3605/8187/876
f 3471/7909/3833 3472/7908/3834 3469/7903/3835
f 3476/7917/1124 3477/8243/1124 3475/7915/1124
f 3439/8244/1150 3440/7933/1150 3441/8245/1150
f 3443/7934/1150 3441/8245/1148 3440/7933/1148
f 3492/8246/1163 3444/7866/1164 3446/7868/1706
f 3441/7863/1391 3444/7866/803 3492/8246/3776
f 3447/7869/4 3444/7866/4 3442/7865/4
f 3449/7871/4 3444/7866/4 3448/7870/4
f 3451/7873/4 3444/7866/4 3450/7872/4
f 3633/8247/4 3444/7866/4 3452/7874/4
f 3632/8248/1163 3444/7866/1004 3633/8247/285
f 3453/7875/4 3444/7866/4 3632/8248/4
f 3624/8249/1163 3444/7866/1004 3455/7877/285
f 3456/7878/4 3444/7866/4 3624/8249/4
f 3459/7883/876 3460/7882/876 3461/7885/876
f 3461/7892/955 3458/7891/955 3459/8250/955
f 3458/7880/4 3457/7879/4 3459/8251/4
f 3470/7904/876 3457/7881/2500 3474/7911/876
f 3477/8243/1268 3476/7917/3836 3472/7908/1268
f 3467/7901/1268 3476/7917/3733 3466/8252/1268
f 3476/7917/1268 3480/8156/1305 3466/8252/1268
f 3479/8253/1268 3466/8252/1268 3480/8156/1268
f 3466/8252/1268 3479/8253/1268 3465/8127/1268
f 3478/7921/3734 3479/7920/3837 3634/8254/3838
f 3480/8255/1656 3634/8256/3198 3479/8257/1655
f 3634/8256/1656 3480/8255/3318 3635/8258/1714
f 3480/7922/4 3481/7923/4 3635/8259/4
f 3482/8260/1336 3481/7923/1018 3443/7864/273
f 3487/7931/3391 3483/7926/1381 3484/7925/1381
f 3486/7929/47 3487/7928/47 3488/8261/47
f 3484/8262/209 3482/8263/209 3487/8264/209
f 3488/7930/3839 3482/7924/3839 3490/8265/3840
f 3490/8265/1268 3482/7924/2055 3436/7857/3841
f 3436/7857/1268 3482/7924/1268 3438/7858/1268
f 3482/8263/3842 3443/8155/3843 3489/8266/3844
f 3490/7937/4 3437/7936/4 3491/8267/4
f 3636/8268/876 3446/7940/876 3588/8269/876
f 3491/7938/3845 3446/7940/3846 3636/8268/3846
f 3435/7941/876 3446/7940/876 3437/7939/876
f 3439/7944/876 3492/7942/2500 3435/7941/2500
f 3636/8270/1149 3488/7930/1148 3491/8271/1148
f 3490/8265/1150 3491/8271/1148 3488/7930/1148
f 3493/8272/47 3488/8261/47 3636/8273/47
f 3488/8261/47 3493/8272/47 3486/7929/47
f 3498/7951/1202 3503/7958/1243 3500/7953/1202
f 3503/7958/1591 3504/7957/3847 3506/7960/1405
f 3510/7970/1250 3497/7966/1250 3509/7969/1241
f 3507/7967/1249 3497/7966/1250 3510/7970/1241
f 3522/8274/3848 3529/8275/3849 3524/8276/1250
f 3522/8277/1150 3525/8010/3693 3529/8012/1150
f 3530/8278/648 3540/8043/1256 3529/8044/1254
f 3531/8036/3850 3524/8276/1250 3529/8275/1241
f 3537/8023/1451 3526/8022/1202 3533/8017/1243
f 3541/8033/1601 3540/8031/1243 3525/8010/1202
f 3542/8279/3681 3549/8065/3851 3545/8143/3852
f 3542/8280/1143 3543/8058/1140 3549/8060/1274
f 3567/8281/3853 3548/8064/3854 3554/8068/3854
f 3548/8064/3855 3567/8281/3856 3568/8103/3857
f 3552/8282/1125 3551/8283/1127 3553/8284/1124
f 3555/8285/1124 3553/8284/1127 3551/8283/1127
f 3559/8090/1064 3557/8074/1064 3550/8078/1064
f 3543/8286/1064 3562/8089/1064 3550/8078/1064
f 3566/8145/1370 3556/8075/1370 3557/8074/1064
f 3495/7948/3743 3518/8287/3858 3517/8288/1430
f 3518/8287/3743 3495/7948/3748 3494/7946/3744
f 3511/8146/1243 3516/7985/1202 3514/7984/1243
f 3511/7979/47 3509/8289/47 3584/8290/47
f 3509/8289/47 3511/7979/47 3510/8291/47
f 3508/8149/3743 3584/8147/3859 3509/8292/1430
f 3508/8293/4 3496/8294/4 3585/8295/4
f 3502/7956/47 3500/7955/47 3503/8296/47
f 3499/7952/1150 3500/7953/1149 3501/8297/1148
f 3493/8272/47 3636/8273/47 3586/8298/47
f 3636/8268/3004 3588/8269/3860 3586/8299/2377
f 3493/8272/47 3586/8298/47 3587/8300/47
f 3445/8301/1051 3588/8152/1297 3446/8302/1052
f 3587/8153/1045 3588/8152/877 3445/8301/877
f 3483/7926/1383 3487/7931/1383 3485/8303/1620
f 3481/7923/4 3482/8260/4 3483/8304/4
f 3442/8166/1216 3589/8154/3732 3593/8305/1232
f 3591/8306/1216 3593/8305/1232 3589/8154/1232
f 3591/8306/1268 3589/8154/1268 3592/8164/1268
f 3596/8232/1150 3447/8162/1148 3592/8164/1148
f 3594/8163/3004 3442/8166/3803 3593/8305/2377
f 3600/8177/876 3448/8170/876 3597/8169/2540
f 3600/8177/1150 3599/8178/1150 3449/8176/1150
f 3450/8242/1124 3602/8237/1127 3603/8307/1127
f 3604/8236/1125 3603/8307/1127 3602/8237/1127
f 3452/8308/1124 3608/8235/1127 3611/8309/1127
f 3610/8234/1125 3611/8309/1127 3608/8235/1127
f 3609/8310/1149 3612/8233/1148 3633/8311/1148
f 3629/8229/1143 3633/8311/1144 3612/8233/3861
f 3632/8241/1124 3631/8231/1124 3615/8240/1124
f 3630/8230/1150 3453/8200/1148 3616/8202/1148
f 3630/8312/4 3454/7876/4 3453/7875/4
f 3454/8209/1124 3628/8228/1127 3617/8207/1127
f 3620/8208/1149 3618/8226/1148 3455/8313/1148
f 3622/8225/1150 3455/8313/1148 3618/8226/1148
f 3625/8224/3727 3623/8212/3862 3621/8214/1146
f 3622/8225/1268 3618/8226/1268 3628/8228/1268
f 3590/8157/3863 3622/8225/3864 3628/8228/3865
f 3629/8314/4 3631/8315/4 3633/8247/4
f 3633/8247/4 3631/8315/4 3632/8248/4
f 3630/8312/4 3628/8316/4 3454/7876/4
f 3447/7869/4 3595/8168/4 3448/7870/4
f 3589/8154/3866 3607/8189/3867 3596/8232/122
f 3629/8229/3809 3612/8233/3810 3608/8235/3808
f 3607/8189/47 3629/8229/47 3608/8235/47
f 3451/7873/1128 3608/8191/1435 3452/7874/1164
f 3607/8189/1268 3606/8188/1268 3602/8237/1268
f 3595/8171/3868 3607/8189/3869 3602/8237/3870
f 3598/8238/1268 3595/8171/1268 3599/8178/1268
f 3630/8230/3871 3616/8202/3810 3631/8231/3808
f 3455/7877/1129 3621/8211/1329 3624/8249/1337
f 3626/8220/2533 3624/8213/3832 3623/8212/3831
f 3454/8209/1271 3620/8208/3872 3455/8313/1307
f 3632/8241/1271 3613/8201/3803 3453/8200/3802
f 3452/8308/1271 3609/8310/3873 3633/8311/2378
f 3609/8310/3004 3452/8308/3804 3611/8309/2377
f 3605/8187/2379 3450/8242/2501 3603/8307/2501
f 3637/8317/857 3639/8318/857 3638/8319/857
f 3640/8320/857 3637/8317/857 3638/8319/857
f 3641/8321/4 3637/8322/4 3640/8323/4
f 3642/8324/4 3641/8321/4 3640/8323/4
f 3643/8325/707 3645/8326/1004 3644/8327/285
f 3643/8325/4 3644/8327/4 3646/8328/4
f 3647/8329/545 3648/8330/2265 3646/8328/3776
f 3649/8331/4 3650/8332/4 3646/8328/4
f 3651/8333/2223 3652/8334/705 3646/8328/839
f 3653/8335/4 3654/8336/4 3646/8328/4
f 3655/8337/4 3656/8338/4 3646/8328/4
f 3656/8338/4 3657/8339/4 3646/8328/4
f 3658/8340/4 3659/8341/4 3646/8328/4
f 3646/8328/4 3659/8341/4 3660/8342/4
f 3659/8343/742 3662/8344/3874 3661/8345/3875
f 3662/8344/3876 3664/8346/749 3663/8347/3877
f 3664/8348/3878 3665/8349/3879 3663/8350/3879
f 3666/8351/3880 3663/8350/3881 3665/8349/3882
f 3666/8352/770 3660/8353/770 3663/8354/770
f 3667/8355/897 3664/8356/896 3668/8357/3883
f 3664/8356/3884 3662/8358/3885 3668/8357/3886
f 3669/8359/4 3668/8360/4 3662/8361/4
f 3670/8362/4 3669/8359/4 3662/8361/4
f 3669/8363/981 3670/8364/3887 3671/8365/3888
f 3672/8366/981 3671/8365/3889 3670/8364/3888
f 3671/8367/1010 3672/8368/1018 3673/8369/2265
f 3674/8370/904 3673/8371/897 3675/8372/896
f 3676/8373/897 3674/8370/904 3675/8372/3890
f 3676/8374/4 3677/8375/4 3674/8376/4
f 3677/8377/557 3676/8373/3175 3659/8343/557
f 3672/8366/3175 3670/8364/557 3659/8343/3175
f 3670/8364/565 3662/8344/565 3659/8343/565
f 3676/8373/3891 3675/8372/988 3672/8366/3892
f 3672/8368/285 3675/8378/707 3673/8369/1004
f 3677/8377/832 3659/8343/895 3678/8379/832
f 3679/8380/4 3674/8376/4 3677/8375/4
f 3671/8365/3893 3674/8370/3894 3678/8379/3893
f 3669/8363/957 3671/8365/955 3678/8379/3895
f 3667/8381/3896 3681/8382/3897 3680/8383/3898
f 3682/8384/4 3645/8326/4 3683/8385/4
f 3684/8386/1064 3686/8387/1064 3685/8388/1064
f 3687/8389/47 3689/8390/47 3688/8391/47
f 3690/8392/955 3689/8393/955 3684/8386/955
f 3640/8320/3602 3684/8386/955 3691/8394/955
f 3642/8395/955 3640/8320/957 3691/8394/955
f 3691/8394/955 3645/8396/955 3642/8395/955
f 3638/8397/4 3639/8398/4 3692/8399/4
f 3693/8400/564 3639/8401/557 3648/8402/3899
f 3648/8402/1087 3637/8403/3900 3694/8404/3901
f 3643/8405/774 3694/8404/557 3641/8406/557
f 3695/8407/868 3696/8408/3902 3688/8409/868
f 3697/8410/3903 3688/8409/3000 3696/8408/3904
f 3697/8410/856 3698/8411/972 3688/8409/972
f 3699/8412/857 3688/8409/2431 3698/8411/2431
f 3700/8413/857 3688/8409/857 3699/8412/857
f 3688/8409/3905 3700/8413/3906 3701/8414/3907
f 3700/8413/1102 3702/8415/1101 3701/8414/3908
f 3703/8416/47 3702/8417/47 3704/8418/47
f 3700/8413/3909 3706/8419/2384 3705/8420/3910
f 3706/8419/857 3707/8421/857 3708/8422/857
f 3706/8423/47 3700/8424/47 3707/8425/47
f 3707/8425/47 3700/8424/47 3699/8426/47
f 3707/8427/901 3699/8428/902 3709/8429/3911
f 3710/8430/902 3711/8431/903 3699/8428/901
f 3709/8429/285 3712/8432/707 3705/8433/1004
f 3708/8434/1314 3709/8429/837 3705/8433/923
f 3707/8421/857 3709/8435/857 3708/8422/857
f 3704/8436/3912 3705/8433/3913 3712/8432/3914
f 3712/8432/3915 3713/8437/3916 3704/8436/3917
f 3713/8437/3918 3714/8438/3919 3704/8436/3920
f 3715/8439/812 3714/8440/924 3713/8441/925
f 3716/8442/4 3715/8443/4 3713/8437/4
f 3717/8444/856 3715/8445/857 3716/8446/856
f 3718/8447/858 3717/8444/856 3716/8446/857
f 3698/8448/47 3717/8449/47 3718/8450/47
f 3697/8451/47 3717/8449/47 3698/8448/47
f 3717/8452/3921 3697/8453/3921 3715/8443/3921
f 3714/8438/3921 3715/8443/3922 3697/8453/3921
f 3719/8454/3923 3714/8438/3922 3697/8453/3924
f 3720/8455/47 3721/8456/47 3719/8457/47
f 3714/8440/47 3719/8457/47 3721/8456/47
f 3704/8436/3925 3714/8438/3926 3721/8458/3925
f 3722/8459/857 3704/8460/857 3721/8461/857
f 3723/8462/857 3722/8459/857 3721/8461/857
f 3723/8463/47 3724/8464/47 3722/8465/47
f 3725/8466/47 3722/8465/47 3724/8464/47
f 3726/8467/47 3725/8466/47 3724/8464/47
f 3727/8468/47 3724/8464/47 3723/8463/47
f 3728/8469/1892 3729/8470/941 3723/8463/1280
f 3730/8471/613 3728/8469/372 3723/8463/937
f 3727/8468/47 3723/8463/47 3729/8470/47
f 3727/8472/857 3732/8473/857 3731/8474/857
f 3725/8475/857 3726/8476/3927 3733/8477/857
f 3725/8475/858 3733/8477/857 3734/8478/857
f 3735/8479/857 3734/8478/857 3733/8477/857
f 3736/8480/3928 3734/8478/868 3735/8479/866
f 3730/8481/3929 3736/8480/867 3735/8479/3928
f 3737/8482/857 3730/8481/857 3735/8479/857
f 3728/8469/47 3730/8471/47 3737/8483/47
f 3728/8484/3930 3737/8482/2384 3735/8479/2392
f 3728/8484/857 3739/8485/857 3738/8486/857
f 3738/8486/857 3729/8487/857 3728/8484/857
f 3740/8488/903 3729/8489/2896 3738/8490/903
f 3738/8490/903 3741/8491/903 3740/8488/903
f 3741/8492/857 3742/8493/3927 3740/8494/3927
f 3743/8495/858 3740/8494/856 3742/8493/857
f 3740/8496/47 3743/8497/47 3727/8468/47
f 3742/8493/3931 3732/8473/906 3727/8472/905
f 3740/8496/47 3727/8468/47 3729/8470/47
f 3733/8498/3932 3742/8499/3932 3741/8491/3932
f 3735/8500/47 3741/8501/47 3738/8502/47
f 3738/8502/47 3739/8503/47 3735/8500/47
f 3733/8504/3933 3741/8501/3933 3735/8500/3933
f 3742/8505/637 3733/8504/941 3731/8506/2437
f 3736/8507/47 3745/8508/47 3744/8509/47
f 3734/8510/47 3736/8507/47 3744/8509/47
f 3744/8509/47 3746/8511/47 3734/8510/47
f 3744/8509/47 3747/8512/47 3746/8511/47
f 3746/8513/858 3747/8514/856 3748/8515/856
f 3749/8516/857 3748/8515/856 3747/8514/856
f 3749/8517/954 3750/8518/1296 3748/8519/1804
f 3745/8520/857 3752/8521/857 3751/8522/857
f 3751/8523/47 3752/8524/47 3753/8525/47
f 3750/8526/3934 3751/8527/1115 3754/8528/1115
f 3755/8529/3935 3756/8530/1540 3750/8526/3935
f 3754/8528/3936 3755/8529/3937 3750/8526/3938
f 3753/8525/47 3754/8531/47 3751/8523/47
f 3755/8532/4 3757/8533/4 3756/8534/4
f 3758/8535/4 3756/8534/4 3757/8533/4
f 3759/8536/865 3758/8537/647 3757/8538/647
f 3759/8536/647 3757/8538/647 3753/8539/647
f 3753/8539/3939 3752/8540/794 3759/8536/1098
f 3760/8541/47 3759/8542/47 3761/8543/47
f 3761/8543/47 3762/8544/47 3760/8541/47
f 3763/8545/3940 3762/8546/867 3761/8547/866
f 3764/8548/867 3763/8545/868 3761/8547/3940
f 3764/8549/47 3745/8508/47 3763/8550/47
f 3763/8550/47 3745/8508/47 3736/8507/47
f 3752/8540/3941 3764/8551/3942 3761/8552/3943
f 3765/8553/951 3759/8536/1008 3760/8554/1007
f 3766/8555/1008 3765/8553/953 3760/8554/951
f 3766/8556/954 3767/8557/2212 3765/8558/3944
f 3765/8558/307 3767/8557/306 3768/8559/372
f 3767/8557/47 3758/8560/47 3768/8559/47
f 3768/8561/612 3758/8562/613 3769/8563/372
f 3756/8564/941 3769/8563/1532 3758/8562/637
f 3770/8565/3945 3769/8566/3946 3756/8567/3945
f 3770/8568/954 3756/8569/1296 3771/8570/3944
f 3756/8569/47 3772/8571/47 3771/8570/47
f 3772/8572/833 3756/8573/833 3773/8574/833
f 3774/8575/833 3773/8574/833 3767/8576/833
f 3758/8577/1019 3767/8576/1019 3773/8574/832
f 3756/8573/833 3758/8577/894 3773/8574/833
f 3773/8578/4 3774/8579/4 3775/8580/4
f 3776/8581/4 3775/8580/4 3774/8579/4
f 3775/8582/3947 3776/8583/896 3777/8584/904
f 3778/8585/47 3779/8586/47 3777/8587/47
f 3780/8588/47 3777/8587/47 3779/8586/47
f 3667/8589/3948 3781/8590/3949 3782/8591/3950
f 3782/8591/3951 3664/8346/122 3667/8589/3952
f 3779/8592/47 3778/8593/47 3783/8594/47
f 3784/8595/769 3783/8596/770 3778/8597/2158
f 3776/8583/770 3784/8595/1095 3778/8597/2296
f 3784/8598/4 3776/8599/4 3774/8600/4
f 3776/8583/1106 3778/8597/895 3777/8584/832
f 3750/8526/832 3770/8565/833 3771/8601/832
f 3785/8602/833 3750/8526/832 3771/8601/833
f 3750/8518/47 3785/8603/47 3748/8519/47
f 3750/8526/877 3749/8604/869 3751/8527/869
f 3749/8604/877 3747/8605/877 3751/8527/877
f 3768/8561/1661 3769/8563/941 3770/8606/1532
f 3759/8536/3953 3765/8553/3954 3768/8607/842
f 3698/8411/905 3718/8447/2387 3713/8608/907
f 3786/8609/906 3698/8411/905 3713/8608/907
f 3787/8610/856 3786/8609/857 3710/8611/856
f 3787/8610/907 3698/8411/906 3786/8609/907
f 3699/8428/841 3698/8612/1018 3710/8430/2265
f 3788/8613/764 3790/8614/764 3789/8615/764
f 3791/8616/3955 3645/8617/3956 3682/8618/3957
f 3792/8619/42 3791/8616/3958 3682/8618/3958
f 3682/8618/3959 3678/8379/3960 3792/8619/3961
f 3791/8620/4 3644/8327/4 3645/8326/4
f 3793/8621/4 3794/8622/4 3795/8623/4
f 3649/8624/3962 3796/8625/3905 3794/8626/2397
f 3796/8627/837 3795/8623/811 3794/8622/925
f 3649/8624/557 3644/8628/557 3796/8625/557
f 3649/8331/1458 3798/8629/1009 3797/8630/1010
f 3799/8631/832 3650/8632/895 3797/8633/832
f 3800/8634/925 3801/8635/1445 3799/8636/837
f 3802/8637/285 3799/8636/707 3801/8635/1004
f 3651/8638/557 3650/8632/557 3802/8639/557
f 3801/8640/866 3803/8641/867 3651/8638/868
f 3651/8333/4 3803/8642/4 3652/8334/4
f 3652/8334/4 3803/8642/4 3804/8643/4
f 3805/8644/4 3806/8645/4 3807/8646/4
f 3808/8647/1162 3807/8646/285 3806/8645/1004
f 3653/8648/856 3807/8649/857 3808/8650/856
f 3808/8650/856 3809/8651/858 3653/8648/1014
f 3653/8335/4 3809/8652/4 3810/8653/4
f 3811/8654/4 3813/8655/4 3812/8656/4
f 3814/8657/4 3811/8654/4 3812/8656/4
f 3815/8658/285 3817/8659/707 3816/8660/1004
f 3818/8661/4 3815/8658/4 3816/8660/4
f 3655/8662/866 3815/8663/867 3818/8664/866
f 3819/8665/4 3821/8666/4 3820/8667/4
f 3822/8668/4 3819/8665/4 3820/8667/4
f 3819/8669/749 3822/8670/3963 3656/8671/3964
f 3657/8339/4 3824/8672/4 3823/8673/4
f 3825/8674/833 3826/8675/833 3823/8676/833
f 3825/8677/4 3827/8678/4 3828/8679/4
f 3827/8678/4 3829/8680/4 3828/8679/4
f 3658/8681/857 3828/8682/857 3829/8683/857
f 3829/8683/856 3792/8619/858 3658/8681/856
f 3658/8340/4 3792/8684/4 3678/8685/4
f 3659/8341/4 3658/8340/4 3678/8685/4
f 3823/8676/3965 3792/8619/3966 3829/8683/1626
f 3829/8683/3967 3827/8686/1687 3823/8676/1626
f 3823/8676/209 3824/8687/209 3792/8619/209
f 3820/8688/3968 3821/8689/1315 3830/8690/1316
f 3830/8690/1007 3821/8689/1008 3819/8669/953
f 3830/8690/42 3791/8616/3958 3792/8619/3958
f 3831/8691/3969 3791/8616/3970 3830/8690/3971
f 3831/8691/3972 3830/8690/3973 3832/8692/3974
f 3832/8692/47 3833/8693/47 3831/8691/47
f 3791/8616/3975 3831/8691/3976 3809/8651/3977
f 3809/8651/3978 3797/8633/3979 3798/8694/3980
f 3814/8695/3968 3812/8696/1315 3810/8697/1316
f 3791/8616/3968 3798/8694/1084 3794/8626/1316
f 3808/8650/955 3806/8698/955 3804/8699/955
f 3797/8633/4 3804/8699/4 3803/8641/4
f 3797/8633/3968 3803/8641/1084 3801/8640/1316
f 3797/8633/904 3800/8700/897 3799/8631/896
f 3818/8664/3968 3816/8701/1315 3833/8693/1316
f 3833/8693/833 3816/8701/833 3817/8702/833
f 3658/8681/564 3826/8675/565 3828/8682/557
f 3817/8702/564 3815/8663/557 3834/8703/557
f 3653/8648/557 3652/8704/565 3807/8649/557
f 3673/8371/955 3674/8370/955 3671/8365/955
f 3678/8379/832 3679/8705/833 3677/8377/832
f 3641/8706/857 3642/8395/856 3643/8707/980
f 3645/8396/858 3643/8707/856 3642/8395/3981
f 3694/8708/4 3646/8328/4 3648/8330/4
f 3643/8325/4 3646/8328/4 3694/8708/4
f 3649/8331/4 3646/8328/4 3644/8327/4
f 3651/8333/4 3646/8328/4 3650/8332/4
f 3653/8335/4 3646/8328/4 3652/8334/4
f 3835/8709/4 3646/8328/4 3654/8336/4
f 3834/8710/4 3646/8328/4 3835/8709/4
f 3655/8337/4 3646/8328/4 3834/8710/4
f 3826/8711/4 3646/8328/4 3657/8339/4
f 3658/8340/4 3646/8328/4 3826/8711/4
f 3661/8345/3982 3662/8344/3983 3663/8347/3984
f 3663/8354/808 3660/8353/809 3661/8712/3985
f 3660/8342/4 3659/8341/4 3661/8713/4
f 3672/8366/557 3659/8343/565 3676/8373/556
f 3679/8705/955 3678/8379/955 3674/8370/955
f 3669/8363/3895 3678/8379/3895 3668/8714/3895
f 3678/8379/3986 3682/8618/2980 3668/8714/3987
f 3681/8715/3988 3668/8714/3989 3682/8618/3990
f 3668/8714/1316 3681/8715/3991 3667/8589/3992
f 3680/8383/3993 3681/8382/3994 3836/8716/3995
f 3682/8717/876 3836/8718/876 3681/8719/876
f 3836/8718/876 3682/8717/876 3837/8720/876
f 3682/8384/4 3683/8385/4 3837/8721/4
f 3684/8722/4 3683/8385/4 3645/8326/4
f 3689/8393/1392 3685/8388/1392 3686/8387/1064
f 3688/8391/1893 3689/8390/2799 3690/8723/1662
f 3686/8724/209 3684/8725/209 3689/8726/209
f 3690/8392/955 3684/8386/3996 3692/8727/955
f 3692/8727/1315 3684/8386/3997 3638/8319/3998
f 3638/8319/3999 3684/8386/955 3640/8320/955
f 3684/8725/4000 3645/8617/4001 3691/8728/4002
f 3692/8399/4 3639/8398/4 3693/8729/4
f 3838/8730/557 3648/8402/773 3790/8731/557
f 3693/8400/557 3648/8402/557 3838/8730/963
f 3637/8403/737 3648/8402/4003 3639/8401/4004
f 3641/8406/557 3694/8404/762 3637/8403/557
f 3838/8732/4005 3690/8392/982 3693/8733/3888
f 3692/8727/4005 3693/8733/3889 3690/8392/3888
f 3695/8734/306 3690/8723/372 3838/8735/612
f 3690/8723/47 3695/8734/47 3688/8391/47
f 3700/8413/907 3705/8420/907 3702/8415/907
f 3705/8420/907 3706/8419/907 3708/8422/907
f 3712/8432/903 3699/8428/901 3711/8431/903
f 3709/8429/942 3699/8428/903 3712/8432/903
f 3724/8736/903 3731/8737/903 3726/8738/901
f 3724/8739/857 3727/8472/857 3731/8474/857
f 3732/8740/612 3742/8505/613 3731/8506/372
f 3733/8498/2871 3726/8738/901 3731/8737/903
f 3739/8485/3007 3728/8484/2492 3735/8479/4006
f 3743/8495/906 3742/8493/907 3727/8472/905
f 3744/8741/877 3751/8527/877 3747/8605/877
f 3744/8742/858 3745/8520/856 3751/8522/856
f 3769/8743/869 3750/8526/869 3756/8530/4007
f 3750/8526/877 3769/8743/877 3770/8565/877
f 3754/8744/833 3753/8745/832 3755/8746/832
f 3757/8747/1008 3755/8746/953 3753/8745/4008
f 3761/8552/647 3759/8536/647 3752/8540/647
f 3745/8748/647 3764/8551/647 3752/8540/865
f 3768/8607/4009 3758/8537/645 3759/8536/4009
f 3697/8410/3905 3720/8749/4010 3719/8750/3000
f 3720/8749/3905 3697/8410/3908 3696/8408/1102
f 3713/8608/1082 3718/8447/907 3716/8446/907
f 3713/8441/47 3711/8751/47 3786/8752/47
f 3711/8751/47 3713/8441/47 3712/8753/47
f 3710/8611/858 3786/8609/857 3711/8754/856
f 3710/8755/1004 3698/8756/285 3787/8757/707
f 3704/8418/47 3702/8417/47 3705/8758/47
f 3701/8414/3905 3702/8415/4010 3703/8759/3000
f 3695/8734/47 3838/8735/47 3788/8760/47
f 3838/8730/3175 3790/8731/773 3788/8761/557
f 3695/8734/47 3788/8760/47 3789/8762/47
f 3647/8763/4011 3790/8614/4012 3648/8764/4013
f 3789/8615/764 3790/8614/2250 3647/8763/2544
f 3685/8388/1064 3689/8393/1064 3687/8765/1064
f 3683/8385/4 3684/8722/4 3685/8766/4
f 3644/8628/4014 3791/8616/4015 3795/8767/4016
f 3793/8768/833 3795/8767/1019 3791/8616/832
f 3793/8768/1627 3791/8616/1453 3794/8626/4017
f 3798/8694/858 3649/8624/856 3794/8626/856
f 3796/8625/4018 3644/8628/4019 3795/8767/737
f 3802/8639/565 3650/8632/557 3799/8631/557
f 3802/8639/867 3801/8640/866 3651/8638/866
f 3652/8704/4014 3804/8699/4020 3805/8769/4016
f 3806/8698/833 3805/8769/833 3804/8699/833
f 3654/8770/895 3810/8697/832 3813/8771/1019
f 3812/8696/833 3813/8771/832 3810/8697/832
f 3811/8772/4021 3814/8695/4022 3835/8773/4022
f 3831/8691/858 3835/8773/856 3814/8695/856
f 3834/8703/833 3833/8693/833 3817/8702/833
f 3832/8692/858 3655/8662/1014 3818/8664/856
f 3832/8774/4 3656/8338/4 3655/8337/4
f 3656/8671/1008 3830/8690/953 3819/8669/1007
f 3822/8670/857 3820/8688/856 3657/8775/1014
f 3824/8687/3905 3657/8775/3962 3820/8688/3962
f 3827/8686/833 3825/8674/833 3823/8676/833
f 3824/8687/1084 3820/8688/1316 3830/8690/3968
f 3792/8619/4023 3824/8687/4024 3830/8690/4025
f 3831/8776/1004 3833/8777/1162 3835/8709/285
f 3835/8709/4 3833/8777/4 3834/8710/4
f 3832/8774/4 3830/8778/4 3656/8338/4
f 3649/8331/707 3797/8630/1004 3650/8332/285
f 3791/8616/4026 3809/8651/4027 3798/8694/4028
f 3831/8691/1084 3814/8695/1316 3810/8697/3968
f 3809/8651/4029 3831/8691/4030 3810/8697/46
f 3653/8335/4 3810/8653/4 3654/8336/4
f 3809/8651/955 3808/8650/955 3804/8699/956
f 3797/8633/4031 3809/8651/4032 3804/8699/4033
f 3800/8700/1627 3797/8633/1453 3801/8640/4017
f 3832/8692/1627 3818/8664/1453 3833/8693/4034
f 3657/8339/4 3823/8673/4 3826/8711/4
f 3828/8682/3175 3826/8675/557 3825/8674/963
f 3656/8671/565 3822/8670/557 3657/8775/557
f 3834/8703/565 3815/8663/557 3655/8662/557
f 3654/8770/565 3811/8772/557 3835/8773/564
f 3811/8772/557 3654/8770/774 3813/8771/557
f 3807/8649/557 3652/8704/557 3805/8769/564
f 3839/8779/540 3841/8780/540 3840/8781/540
f 3842/8782/541 3839/8779/540 3840/8781/540
f 3843/8783/4 3839/8784/4 3842/8785/4
f 3844/8786/4 3843/8783/4 3842/8785/4
f 3845/8787/4 3847/8788/4 3846/8789/4
f 3845/8787/4 3846/8789/4 3848/8790/4
f 3849/8791/708 3850/8792/294 3848/8790/1314
f 3851/8793/4 3852/8794/4 3848/8790/4
f 3853/8795/4 3854/8796/4 3848/8790/4
f 3855/8797/4035 3856/8798/816 3848/8790/275
f 3857/8799/4 3858/8800/4 3848/8790/4
f 3858/8800/4 3859/8801/4 3848/8790/4
f 3860/8802/4 3861/8803/4 3848/8790/4
f 3848/8790/529 3861/8803/430 3862/8804/805
f 3861/8805/475 3864/8806/4036 3863/8807/4036
f 3864/8806/4037 3866/8808/2243 3865/8809/4038
f 3866/8810/4039 3867/8811/4039 3865/8812/4040
f 3868/8813/4039 3865/8812/4040 3867/8811/4040
f 3868/8814/276 3862/8815/293 3865/8816/293
f 3869/8817/641 3866/8818/527 3870/8819/527
f 3866/8818/4041 3864/8820/526 3870/8819/527
f 3871/8821/283 3870/8822/752 3864/8823/284
f 3872/8824/4 3871/8821/4 3864/8823/4
f 3871/8825/541 3872/8826/540 3873/8827/540
f 3874/8828/541 3873/8827/540 3872/8826/540
f 3873/8829/4 3874/8830/4 3875/8831/4
f 3876/8832/527 3875/8833/527 3877/8834/527
f 3878/8835/526 3876/8832/527 3877/8834/527
f 3878/8836/4 3879/8837/4 3876/8838/4
f 3879/8839/474 3878/8835/475 3861/8805/4042
f 3874/8828/4043 3872/8826/4044 3861/8805/4042
f 3872/8826/4045 3864/8806/4046 3861/8805/4045
f 3878/8835/475 3877/8834/474 3874/8828/475
f 3874/8830/4 3877/8840/4 3875/8831/4
f 3879/8839/527 3861/8805/526 3880/8841/527
f 3881/8842/4 3876/8838/4 3879/8837/4
f 3873/8827/647 3876/8832/647 3880/8841/865
f 3871/8825/4047 3873/8827/3954 3880/8841/4047
f 3869/8843/4048 3883/8844/4049 3882/8845/4050
f 3884/8846/4 3847/8788/4 3885/8847/4
f 3886/8848/764 3888/8849/764 3887/8850/764
f 3889/8851/47 3891/8852/47 3890/8853/47
f 3892/8854/1050 3891/8855/647 3886/8848/647
f 3842/8782/865 3886/8848/865 3893/8856/647
f 3844/8857/647 3842/8782/865 3893/8856/647
f 3893/8856/865 3847/8858/647 3844/8857/647
f 3840/8859/4 3841/8860/4 3894/8861/4
f 3895/8862/4051 3841/8863/4052 3850/8864/4053
f 3850/8864/475 3839/8865/4036 3896/8866/475
f 3845/8867/475 3896/8866/475 3843/8868/475
f 3897/8869/540 3898/8870/540 3890/8871/540
f 3899/8872/4054 3890/8871/662 3898/8870/662
f 3899/8872/660 3900/8873/540 3890/8871/540
f 3901/8874/540 3890/8871/2326 3900/8873/540
f 3902/8875/2326 3890/8871/2326 3901/8874/540
f 3890/8871/541 3902/8875/540 3903/8876/540
f 3902/8875/540 3904/8877/4055 3903/8876/540
f 3905/8878/307 3904/8879/306 3906/8880/372
f 3902/8875/4056 3908/8881/2168 3907/8882/4057
f 3908/8881/541 3909/8883/660 3910/8884/540
f 3908/8885/47 3902/8886/47 3909/8887/47
f 3909/8887/47 3902/8886/47 3901/8888/47
f 3909/8889/583 3901/8890/584 3911/8891/584
f 3912/8892/684 3913/8893/687 3901/8890/4058
f 3911/8891/2965 3914/8894/599 3907/8895/600
f 3910/8896/4 3911/8891/4 3907/8895/4
f 3909/8883/540 3911/8897/541 3910/8884/540
f 3906/8898/4059 3907/8895/122 3914/8894/4059
f 3914/8894/4060 3915/8899/4061 3906/8898/4062
f 3915/8899/4063 3916/8900/4064 3906/8898/4065
f 3917/8901/4 3916/8902/4 3915/8903/4
f 3918/8904/598 3917/8905/284 3915/8899/283
f 3919/8906/540 3917/8907/541 3918/8908/540
f 3920/8909/541 3919/8906/540 3918/8908/540
f 3900/8910/341 3919/8911/306 3920/8912/614
f 3899/8913/47 3919/8911/47 3900/8910/47
f 3919/8914/4066 3899/8915/4067 3917/8905/4066
f 3916/8900/4066 3917/8905/4068 3899/8915/4069
f 3921/8916/4066 3916/8900/4068 3899/8915/4069
f 3922/8917/47 3923/8918/47 3921/8919/47
f 3916/8902/47 3921/8919/47 3923/8918/47
f 3906/8898/4070 3916/8900/4071 3923/8920/4072
f 3924/8921/540 3906/8922/541 3923/8923/2326
f 3925/8924/541 3924/8921/540 3923/8923/540
f 3925/8925/47 3926/8926/47 3924/8927/47
f 3927/8928/47 3924/8927/47 3926/8926/47
f 3928/8929/47 3927/8928/47 3926/8926/47
f 3929/8930/90 3926/8926/90 3925/8925/47
f 3930/8931/47 3931/8932/47 3925/8925/47
f 3932/8933/362 3930/8931/3944 3925/8925/617
f 3929/8930/47 3925/8925/47 3931/8932/47
f 3929/8934/4073 3934/8935/706 3933/8936/663
f 3927/8937/4074 3928/8938/540 3935/8939/3158
f 3927/8937/541 3935/8939/540 3936/8940/540
f 3937/8941/660 3936/8940/540 3935/8939/673
f 3938/8942/540 3936/8940/540 3937/8941/660
f 3932/8943/540 3938/8942/540 3937/8941/540
f 3939/8944/541 3932/8943/540 3937/8941/540
f 3930/8931/341 3932/8933/306 3939/8945/614
f 3930/8946/587 3939/8944/587 3937/8941/586
f 3930/8946/4073 3941/8947/706 3940/8948/663
f 3940/8948/4073 3931/8949/706 3930/8946/4075
f 3942/8950/584 3931/8951/2277 3940/8952/584
f 3940/8952/583 3943/8953/626 3942/8950/583
f 3943/8954/706 3944/8955/663 3942/8956/4076
f 3945/8957/706 3942/8956/4075 3944/8955/4077
f 3942/8958/47 3945/8959/47 3929/8930/47
f 3944/8955/586 3934/8935/587 3929/8934/586
f 3942/8958/47 3929/8930/47 3931/8932/47
f 3935/8960/4078 3944/8961/4079 3943/8953/4080
f 3937/8962/47 3943/8963/47 3940/8964/47
f 3940/8964/47 3941/8965/47 3937/8962/47
f 3935/8966/4081 3943/8963/4082 3937/8962/4083
f 3944/8967/47 3935/8966/47 3933/8968/47
f 3938/8969/47 3947/8970/47 3946/8971/47
f 3936/8972/633 3938/8969/1661 3946/8971/2802
f 3946/8971/47 3948/8973/47 3936/8972/47
f 3946/8971/612 3949/8974/613 3948/8973/614
f 3948/8975/541 3949/8976/540 3950/8977/540
f 3951/8978/540 3950/8977/540 3949/8976/540
f 3951/8979/47 3952/8980/47 3950/8981/47
f 3947/8982/661 3954/8983/706 3953/8984/751
f 3953/8985/648 3954/8986/3083 3955/8987/362
f 3952/8988/557 3953/8989/557 3956/8990/557
f 3957/8991/4084 3958/8992/3175 3952/8988/3175
f 3956/8990/557 3957/8991/557 3952/8988/557
f 3955/8987/47 3956/8993/47 3953/8985/47
f 3957/8994/4 3959/8995/4 3958/8996/4
f 3960/8997/529 3958/8996/803 3959/8995/428
f 3961/8998/4085 3960/8999/4086 3959/9000/286
f 3961/8998/4087 3959/9000/4088 3955/9001/4089
f 3955/9001/476 3954/9002/476 3961/8998/476
f 3962/9003/47 3961/9004/47 3963/9005/47
f 3963/9005/1227 3964/9006/306 3962/9003/342
f 3965/9007/540 3964/9008/540 3963/9009/540
f 3966/9010/541 3965/9007/540 3963/9009/540
f 3966/9011/656 3947/8970/615 3965/9012/62
f 3965/9012/47 3947/8970/47 3938/8969/47
f 3954/9002/476 3966/9013/476 3963/9014/534
f 3967/9015/620 3961/8998/524 3962/9016/621
f 3968/9017/524 3967/9015/525 3962/9016/620
f 3968/9018/47 3969/9019/47 3967/9020/47
f 3967/9020/47 3969/9019/47 3970/9021/47
f 3969/9019/47 3960/9022/47 3970/9021/47
f 3970/9023/47 3960/9024/47 3971/9025/47
f 3958/9026/656 3971/9025/649 3960/9024/62
f 3972/9027/4090 3971/9028/4091 3958/9029/4092
f 3972/9030/47 3958/9031/47 3973/9032/47
f 3958/9031/47 3974/9033/47 3973/9032/47
f 3974/9034/526 3958/9035/527 3975/9036/527
f 3976/9037/526 3975/9036/527 3969/9038/527
f 3960/9039/620 3969/9038/621 3975/9036/621
f 3958/9035/574 3960/9039/527 3975/9036/574
f 3975/9040/4 3976/9041/4 3977/9042/4
f 3978/9043/4 3977/9042/4 3976/9041/4
f 3977/9044/526 3978/9045/577 3979/9046/527
f 3980/9047/47 3981/9048/47 3979/9049/47
f 3982/9050/47 3979/9049/47 3981/9048/47
f 3869/9051/4093 3983/9052/4094 3984/9053/4095
f 3984/9053/4096 3866/8808/4097 3869/9051/4098
f 3981/9054/47 3980/9055/47 3985/9056/47
f 3986/9057/293 3985/9058/293 3980/9059/276
f 3978/9045/293 3986/9057/276 3980/9059/293
f 3986/9060/4 3978/9061/4 3976/9062/4
f 3978/9045/604 3980/9059/618 3979/9046/603
f 3952/8988/527 3972/9027/526 3973/9063/527
f 3987/9064/527 3952/8988/527 3973/9063/527
f 3952/8980/47 3987/9065/47 3950/8981/47
f 3952/8988/557 3951/9066/565 3953/8989/775
f 3951/9066/4099 3949/9067/749 3953/8989/830
f 3970/9023/47 3971/9025/47 3972/9068/47
f 3961/8998/476 3967/9015/534 3970/9069/476
f 3900/8873/4056 3920/8909/3176 3915/9070/4057
f 3988/9071/588 3900/8873/586 3915/9070/586
f 3989/9072/4075 3988/9071/706 3912/9073/4100
f 3989/9072/587 3900/8873/2171 3988/9071/587
f 3901/8890/689 3900/9074/710 3912/8892/294
f 3990/9075/365 3992/9076/494 3991/9077/494
f 3993/9078/4101 3847/9079/4102 3884/9080/4103
f 3994/9081/122 3993/9078/4104 3884/9080/4105
f 3884/9080/4106 3880/8841/4107 3994/9081/4106
f 3993/9082/752 3846/8789/284 3847/8788/283
f 3995/9083/4 3996/9084/4 3997/9085/4
f 3851/9086/540 3998/9087/540 3996/9088/540
f 3998/9089/4 3997/9085/4 3996/9084/4
f 3851/9086/474 3846/9090/475 3998/9087/474
f 3851/8793/4 4000/9091/4 3999/9092/4
f 4001/9093/527 3852/9094/526 3999/9095/527
f 4002/9096/803 4003/9097/545 4001/9098/803
f 4004/9099/4 4001/9098/4 4003/9097/4
f 3853/9100/3174 3852/9094/799 4004/9101/4108
f 4003/9102/663 4005/9103/706 3853/9100/4075
f 3853/8795/4 4005/9104/4 3854/8796/4
f 3854/8796/4 4005/9104/4 4006/9105/4
f 4007/9106/4 4008/9107/4 4009/9108/4
f 4010/9109/4 4009/9108/4 4008/9107/4
f 3855/9110/540 4009/9111/540 4010/9112/540
f 4010/9112/540 4011/9113/541 3855/9110/540
f 3855/8797/4 4011/9114/4 4012/9115/4
f 4013/9116/284 4015/9117/522 4014/9118/283
f 4016/9119/4 4013/9116/4 4014/9118/4
f 4017/9120/284 4019/9121/522 4018/9122/283
f 4020/9123/752 4017/9120/284 4018/9122/283
f 3857/9124/540 4017/9125/541 4020/9126/540
f 4021/9127/704 4023/9128/600 4022/9129/811
f 4024/9130/600 4021/9127/779 4022/9129/704
f 4021/9131/474 4024/9132/475 3858/9133/474
f 3859/8801/284 4026/9134/283 4025/9135/752
f 4027/9136/571 4028/9137/700 4025/9138/525
f 4027/9139/522 4029/9140/283 4030/9141/284
f 4029/9140/4 4031/9142/4 4030/9141/4
f 3860/9143/540 4030/9144/540 4031/9145/540
f 4031/9145/540 3994/9081/541 3860/9143/540
f 3860/8802/4 3994/9146/4 3880/9147/4
f 3861/8803/4 3860/8802/4 3880/9147/4
f 4025/9138/647 3994/9081/4109 4031/9145/4110
f 4031/9145/647 4029/9148/865 4025/9138/1079
f 4025/9138/4111 4026/9149/4112 3994/9081/4113
f 4022/9150/647 4023/9151/647 4032/9152/647
f 4032/9152/604 4023/9151/602 4021/9131/4114
f 4032/9152/4115 3993/9078/4116 3994/9081/4117
f 4033/9153/4118 3993/9078/4119 4032/9152/4120
f 4033/9153/4121 4032/9152/4122 4034/9154/4123
f 4034/9154/4124 4035/9155/4125 4033/9153/4126
f 3993/9078/4127 4033/9153/4128 4011/9113/4129
f 4011/9113/4130 3999/9095/4131 4000/9156/4132
f 4016/9157/647 4014/9158/647 4012/9159/1049
f 3993/9078/647 4000/9156/647 3996/9088/647
f 4010/9112/4133 4008/9160/676 4006/9161/1012
f 3999/9095/4134 4006/9161/4135 4005/9103/4136
f 3999/9095/865 4005/9103/647 4003/9102/647
f 3999/9095/527 4002/9162/641 4001/9093/577
f 4020/9126/647 4018/9163/865 4035/9155/1079
f 4035/9155/604 4018/9163/524 4019/9164/621
f 3860/9143/653 4028/9137/4137 4030/9144/4138
f 4019/9164/474 4017/9125/475 4036/9165/474
f 3855/9110/475 3854/9166/475 4009/9111/474
f 3875/8833/4139 3876/8832/4140 3873/8827/4047
f 3880/8841/4141 3881/9167/578 3879/8839/4142
f 3843/9168/3158 3844/8857/540 3845/9169/540
f 3847/8858/715 3845/9169/751 3844/8857/661
f 3896/9170/4 3848/8790/4 3850/8792/4
f 3845/8787/816 3848/8790/528 3896/9170/803
f 3851/8793/4 3848/8790/4 3846/8789/4
f 3853/8795/4 3848/8790/4 3852/8794/4
f 3855/8797/4 3848/8790/8 3854/8796/4
f 4037/9171/4 3848/8790/4 3856/8798/4
f 4036/9172/4 3848/8790/4 4037/9171/4
f 3857/8799/4 3848/8790/8 4036/9172/4
f 4028/9173/4 3848/8790/4 3859/8801/4
f 3860/8802/4 3848/8790/8 4028/9173/4
f 3863/8807/474 3864/8806/475 3865/8809/474
f 3865/8816/293 3862/8815/293 3863/9174/276
f 3862/8804/4 3861/8803/4 3863/9175/4
f 3874/8828/4036 3861/8805/4036 3878/8835/4036
f 3881/9167/647 3880/8841/647 3876/8832/647
f 3871/8825/864 3880/8841/865 3870/9176/865
f 3880/8841/4047 3884/9080/1005 3870/9176/4143
f 3883/9177/862 3870/9176/4144 3884/9080/4145
f 3870/9176/647 3883/9177/647 3869/9051/647
f 3882/8845/4146 3883/8844/3879 4038/9178/3879
f 3884/9179/808 4038/9180/4147 3883/9181/4148
f 4038/9180/808 3884/9179/809 4039/9182/4148
f 3884/8846/4 3885/8847/4 4039/9183/4
f 3886/9184/4 3885/8847/4 3847/8788/4
f 3891/8855/764 3887/8850/2544 3888/8849/764
f 3890/8853/47 3891/8852/47 3892/9185/47
f 3888/9186/42 3886/9187/42 3891/9188/42
f 3892/8854/1050 3886/8848/4149 3894/9189/4110
f 3894/9189/647 3886/8848/647 3840/8781/647
f 3840/8781/846 3886/8848/4150 3842/8782/795
f 3886/9187/4151 3847/9079/4152 3893/9190/40
f 3894/8861/4 3841/8860/4 3895/9191/4
f 4040/9192/4153 3850/8864/4154 3992/9193/474
f 3895/8862/4155 3850/8864/474 4040/9192/474
f 3839/8865/475 3850/8864/475 3841/8863/474
f 3843/8868/475 3896/8866/4156 3839/8865/4157
f 4040/9194/541 3892/8854/540 3895/9195/540
f 3894/9189/541 3895/9195/540 3892/8854/540
f 3897/9196/221 3892/9185/614 4040/9197/306
f 3892/9185/47 3897/9196/47 3890/8853/47
f 3902/8875/587 3907/8882/4158 3904/8877/2168
f 3907/8882/588 3908/8881/587 3910/8884/587
f 3914/8894/584 3901/8890/583 3913/8893/583
f 3911/8891/584 3901/8890/584 3914/8894/583
f 3926/9198/584 3933/9199/584 3928/9200/584
f 3926/9201/706 3929/8934/4075 3933/8936/4073
f 3934/9202/47 3944/8967/47 3933/8968/47
f 3935/8960/584 3928/9200/583 3933/9199/583
f 3941/8947/588 3930/8946/586 3937/8941/586
f 3945/8957/587 3944/8955/586 3929/8934/586
f 3946/9203/962 3953/8989/988 3949/9067/4159
f 3946/9204/706 3947/8982/2321 3953/8984/661
f 3971/9205/565 3952/8988/565 3958/8992/557
f 3952/8988/749 3971/9205/4160 3972/9027/3874
f 3956/9206/602 3955/9207/4114 3957/9208/4161
f 3959/9209/524 3957/9208/575 3955/9207/523
f 3963/9014/4162 3961/8998/569 3954/9002/4163
f 3947/9210/476 3966/9013/476 3954/9002/4164
f 3970/9069/476 3960/8999/476 3961/8998/476
f 3899/8872/706 3922/9211/4165 3921/9212/663
f 3922/9211/706 3899/8872/4165 3898/8870/4075
f 3915/9070/587 3920/8909/587 3918/8908/586
f 3915/8903/47 3913/9213/47 3988/9214/47
f 3913/9213/47 3915/8903/47 3914/9215/47
f 3912/9073/706 3988/9071/4100 3913/9216/663
f 3912/9217/803 3900/9218/547 3989/9219/2151
f 3906/8880/656 3904/8879/954 3907/9220/2214
f 3903/8876/541 3904/8877/4166 3905/9221/540
f 3897/9196/47 4040/9197/47 3990/9222/47
f 4040/9192/475 3992/9193/474 3990/9223/474
f 3897/9196/47 3990/9222/47 3991/9224/47
f 3849/9225/4167 3992/9076/4168 3850/9226/498
f 3991/9077/498 3992/9076/4169 3849/9225/4168
f 3887/8850/2250 3891/8855/764 3889/9227/764
f 3885/8847/4 3886/9184/4 3887/9228/4
f 3846/9090/618 3993/9078/603 3997/9229/4170
f 3995/9230/618 3997/9229/575 3993/9078/575
f 3995/9230/647 3993/9078/4110 3996/9088/647
f 4000/9156/541 3851/9086/540 3996/9088/540
f 3998/9087/475 3846/9090/474 3997/9229/474
f 4004/9101/475 3852/9094/475 4001/9093/474
f 4004/9101/4171 4003/9102/4172 3853/9100/4173
f 3854/9166/526 4006/9161/527 4007/9231/527
f 4008/9160/527 4007/9231/527 4006/9161/527
f 3856/9232/526 4012/9159/527 4015/9233/527
f 4014/9158/524 4015/9233/525 4012/9159/604
f 4013/9234/540 4016/9157/540 4037/9235/540
f 4033/9153/706 4037/9235/663 4016/9157/663
f 4036/9165/527 4035/9155/527 4019/9164/527
f 4034/9154/706 3857/9124/4075 4020/9126/663
f 4034/9236/4 3858/8800/4 3857/8799/4
f 3858/9133/602 4032/9152/603 4021/9131/604
f 4024/9132/541 4022/9150/540 3859/9237/540
f 4026/9149/706 3859/9237/663 4022/9150/661
f 4029/9148/700 4027/9136/525 4025/9138/575
f 4026/9149/647 4022/9150/1079 4032/9152/865
f 3994/9081/4174 4026/9149/4175 4032/9152/4176
f 4033/9238/4 4035/9239/4 4037/9171/4
f 4037/9171/4 4035/9239/4 4036/9172/4
f 4034/9236/600 4032/9240/705 3858/8800/710
f 3851/8793/4 3999/9092/4 3852/8794/4
f 3993/9078/4177 4011/9113/4178 4000/9156/42
f 4033/9153/647 4016/9157/647 4012/9159/4179
f 4011/9113/4180 4033/9153/4181 4012/9159/4182
f 3855/8797/708 4012/9115/704 3856/8798/710
f 4011/9113/647 4010/9112/4110 4006/9161/647
f 3999/9095/4183 4011/9113/4184 4006/9161/4185
f 4002/9162/865 3999/9095/1079 4003/9102/647
f 4034/9154/647 4020/9126/647 4035/9155/647
f 3859/8801/4 4025/9135/4 4028/9173/4
f 4030/9144/475 4028/9137/475 4027/9136/474
f 3858/9133/475 4024/9132/474 3859/9237/474
f 4036/9165/650 4017/9125/474 3857/9124/474
f 3856/9232/475 4013/9234/474 4037/9235/475
f 4013/9234/475 3856/9232/475 4015/9233/474
f 4009/9111/475 3854/9166/475 4007/9231/474
f 4041/9241/272 4043/9242/271 4042/9243/272
f 4044/9244/501 4041/9241/272 4042/9243/272
f 4045/9245/4 4041/9246/4 4044/9247/4
f 4046/9248/4 4045/9245/4 4044/9247/4
f 4047/9249/4 4049/9250/4 4048/9251/4
f 4047/9249/4 4048/9251/4 4050/9252/4
f 4051/9253/4 4052/9254/4 4050/9252/4
f 4053/9255/256 4054/9256/256 4050/9252/4
f 4055/9257/4 4056/9258/4 4050/9252/4
f 4057/9259/4 4058/9260/4 4050/9252/255
f 4059/9261/4 4060/9262/4 4050/9252/255
f 4060/9262/4 4061/9263/4 4050/9252/4
f 4062/9264/4 4063/9265/4 4050/9252/4
f 4050/9252/274 4063/9265/6 4064/9266/2147
f 4063/9267/4186 4066/9268/209 4065/9269/209
f 4066/9268/4187 4068/9270/209 4067/9271/209
f 4068/9272/2746 4069/9273/2746 4067/9274/2746
f 4070/9275/4188 4067/9274/4189 4069/9273/4190
f 4070/9276/48 4064/9277/42 4067/9278/42
f 4071/9279/268 4068/9280/252 4072/9281/252
f 4068/9280/4191 4066/9282/300 4072/9281/301
f 4073/9283/4 4072/9284/4 4066/9285/4
f 4074/9286/4 4073/9283/4 4066/9285/4
f 4073/9287/271 4074/9288/272 4075/9289/272
f 4076/9290/271 4075/9289/272 4074/9288/272
f 4075/9291/4 4076/9292/4 4077/9293/4
f 4078/9294/252 4077/9295/268 4079/9296/252
f 4080/9297/254 4078/9294/252 4079/9296/252
f 4080/9298/275 4081/9299/274 4078/9300/816
f 4081/9301/209 4080/9297/209 4063/9267/209
f 4076/9290/2803 4074/9288/212 4063/9267/4192
f 4074/9288/4193 4066/9268/4193 4063/9267/2816
f 4080/9297/209 4079/9296/209 4076/9290/209
f 4076/9292/273 4079/9302/274 4077/9293/431
f 4081/9301/252 4063/9267/268 4082/9303/252
f 4083/9304/4 4078/9300/4 4081/9299/4
f 4075/9289/4194 4078/9294/366 4082/9303/366
f 4073/9287/365 4075/9289/494 4082/9303/365
f 4071/9305/3031 4085/9306/3031 4084/9307/3031
f 4086/9308/4 4049/9250/4 4087/9309/4
f 4088/9310/4195 4090/9311/3174 4089/9312/4196
f 4091/9313/47 4093/9314/47 4092/9315/47
f 4094/9316/494 4093/9317/672 4088/9310/365
f 4044/9244/365 4088/9310/366 4095/9318/365
f 4046/9319/365 4044/9244/365 4095/9318/365
f 4095/9318/365 4049/9320/365 4046/9319/494
f 4042/9321/373 4043/9322/374 4096/9323/295
f 4097/9324/209 4043/9325/209 4052/9326/209
f 4052/9326/209 4041/9327/209 4098/9328/209
f 4047/9329/209 4098/9328/209 4045/9330/209
f 4099/9331/272 4100/9332/271 4092/9333/272
f 4101/9334/263 4092/9333/263 4100/9332/263
f 4101/9334/272 4102/9335/272 4092/9333/272
f 4103/9336/386 4092/9333/386 4102/9335/4197
f 4104/9337/4198 4092/9333/4198 4103/9336/272
f 4092/9333/4199 4104/9337/4200 4105/9338/436
f 4104/9337/438 4106/9339/4199 4105/9338/4201
f 4107/9340/47 4106/9341/47 4108/9342/47
f 4104/9337/4202 4110/9343/4203 4109/9344/4204
f 4110/9343/501 4111/9345/272 4112/9346/272
f 4110/9347/47 4104/9348/47 4111/9349/47
f 4111/9349/47 4104/9348/47 4103/9350/47
f 4111/9351/4205 4103/9352/4206 4113/9353/4207
f 4114/9354/350 4115/9355/351 4103/9352/350
f 4113/9353/4 4116/9356/4 4109/9357/4
f 4112/9358/26 4113/9353/315 4109/9357/25
f 4111/9345/272 4113/9359/271 4112/9346/272
f 4108/9360/4208 4109/9357/4209 4116/9356/4210
f 4116/9356/42 4117/9361/4211 4108/9360/4212
f 4117/9361/122 4118/9362/4213 4108/9360/4214
f 4119/9363/4 4118/9364/4 4117/9365/4
f 4120/9366/4 4119/9367/4 4117/9361/4
f 4121/9368/4215 4119/9369/270 4120/9370/377
f 4122/9371/270 4121/9368/267 4120/9370/4216
f 4102/9372/47 4121/9373/47 4122/9374/47
f 4101/9375/47 4121/9373/47 4102/9372/47
f 4121/9376/4217 4101/9377/4217 4119/9367/4217
f 4118/9362/4217 4119/9367/4218 4101/9377/4217
f 4123/9378/4217 4118/9362/4217 4101/9377/4219
f 4124/9379/47 4125/9380/47 4123/9381/47
f 4118/9364/47 4123/9381/47 4125/9380/47
f 4108/9360/4220 4118/9362/4221 4125/9382/4222
f 4126/9383/272 4108/9384/501 4125/9385/272
f 4127/9386/271 4126/9383/272 4125/9385/272
f 4127/9387/47 4128/9388/47 4126/9389/47
f 4129/9390/47 4126/9389/47 4128/9388/47
f 4130/9391/221 4129/9390/222 4128/9388/341
f 4131/9392/47 4128/9388/340 4127/9387/47
f 4132/9393/3087 4133/9394/2199 4127/9387/4223
f 4134/9395/47 4132/9393/47 4127/9387/47
f 4131/9392/47 4127/9387/47 4133/9394/47
f 4131/9396/272 4136/9397/271 4135/9398/272
f 4129/9399/4200 4130/9400/438 4137/9401/437
f 4129/9399/270 4137/9401/4224 4138/9402/4216
f 4139/9403/272 4138/9402/272 4137/9401/272
f 4140/9404/4225 4138/9402/272 4139/9403/272
f 4134/9405/4226 4140/9404/270 4139/9403/4227
f 4141/9406/270 4134/9405/377 4139/9403/4226
f 4132/9393/47 4134/9395/47 4141/9407/47
f 4132/9408/311 4141/9406/312 4139/9403/311
f 4132/9408/272 4143/9409/271 4142/9410/272
f 4142/9410/4228 4133/9411/501 4132/9408/272
f 4144/9412/4229 4133/9413/4206 4142/9414/4205
f 4142/9414/4229 4145/9415/487 4144/9412/4205
f 4145/9416/270 4146/9417/377 4144/9418/4216
f 4147/9419/501 4144/9418/272 4146/9417/502
f 4144/9420/47 4147/9421/47 4131/9392/47
f 4146/9417/4230 4136/9397/4231 4131/9396/4232
f 4144/9420/47 4131/9392/47 4133/9394/47
f 4137/9422/4233 4146/9423/4234 4145/9415/4235
f 4139/9424/60 4145/9425/364 4142/9426/3434
f 4142/9426/47 4143/9427/47 4139/9424/47
f 4137/9428/4236 4145/9425/4237 4139/9424/4238
f 4146/9429/60 4137/9428/364 4135/9430/3434
f 4140/9431/4223 4149/9432/4239 4148/9433/2199
f 4138/9434/47 4140/9431/47 4148/9433/47
f 4148/9433/47 4150/9435/47 4138/9434/47
f 4148/9433/47 4151/9436/47 4150/9435/47
f 4150/9437/271 4151/9438/272 4152/9439/272
f 4153/9440/271 4152/9439/272 4151/9438/272
f 4153/9441/382 4154/9442/383 4152/9443/1544
f 4149/9444/272 4156/9445/271 4155/9446/272
f 4155/9447/47 4156/9448/47 4157/9449/47
f 4154/9450/292 4155/9451/292 4158/9452/276
f 4159/9453/4240 4160/9454/468 4154/9450/4241
f 4158/9452/276 4159/9453/460 4154/9450/276
f 4157/9449/612 4158/9455/222 4155/9447/614
f 4159/9456/4 4161/9457/4 4160/9458/4
f 4162/9459/426 4160/9458/295 4161/9457/374
f 4163/9460/4242 4162/9461/46 4161/9462/46
f 4163/9460/46 4161/9462/46 4157/9463/46
f 4157/9463/2743 4156/9464/4243 4163/9460/4243
f 4164/9465/47 4163/9466/47 4165/9467/47
f 4165/9467/47 4166/9468/47 4164/9465/47
f 4167/9469/272 4166/9470/271 4165/9471/272
f 4168/9472/501 4167/9469/272 4165/9471/272
f 4168/9473/47 4149/9432/47 4167/9474/47
f 4167/9474/47 4149/9432/47 4140/9431/47
f 4156/9464/46 4168/9475/46 4165/9476/46
f 4169/9477/429 4163/9460/326 4164/9478/429
f 4170/9479/326 4169/9477/4244 4164/9478/429
f 4170/9480/47 4171/9481/47 4169/9482/47
f 4169/9482/47 4171/9481/47 4172/9483/47
f 4171/9481/47 4162/9484/47 4172/9483/47
f 4172/9485/47 4162/9486/47 4173/9487/47
f 4160/9488/47 4173/9487/47 4162/9486/47
f 4174/9489/4 4173/9490/4 4160/9491/4
f 4174/9492/47 4160/9493/47 4175/9494/47
f 4160/9493/47 4176/9495/47 4175/9494/47
f 4176/9496/326 4160/9497/429 4177/9498/325
f 4178/9499/326 4177/9498/4244 4171/9500/429
f 4162/9501/252 4171/9500/252 4177/9498/343
f 4160/9497/4245 4162/9501/509 4177/9498/412
f 4177/9502/4 4178/9503/4 4179/9504/4
f 4180/9505/4 4179/9504/4 4178/9503/4
f 4179/9506/326 4180/9507/429 4181/9508/4246
f 4182/9509/47 4183/9510/47 4181/9511/47
f 4184/9512/47 4181/9511/47 4183/9510/47
f 4071/9513/4247 4185/9514/4247 4186/9515/4248
f 4186/9515/4249 4068/9270/4249 4071/9513/4250
f 4183/9516/47 4182/9517/47 4187/9518/47
f 4188/9519/42 4187/9520/42 4182/9521/42
f 4180/9507/42 4188/9519/42 4182/9521/42
f 4188/9522/4 4180/9523/4 4178/9524/4
f 4180/9507/4246 4182/9521/326 4181/9508/4244
f 4154/9450/252 4174/9489/268 4175/9525/252
f 4189/9526/268 4154/9450/252 4175/9525/252
f 4154/9442/1261 4189/9527/2199 4152/9443/3432
f 4154/9450/276 4153/9528/276 4155/9451/276
f 4153/9528/276 4151/9529/293 4155/9451/276
f 4172/9485/2644 4173/9487/364 4174/9530/2203
f 4163/9460/46 4169/9477/242 4172/9531/46
f 4102/9335/4202 4122/9371/4203 4117/9532/4204
f 4190/9533/4203 4102/9335/4251 4117/9532/4252
f 4191/9534/272 4190/9533/271 4114/9535/4253
f 4191/9534/312 4102/9335/312 4190/9533/312
f 4103/9352/4 4102/9536/4 4114/9354/4
f 4192/9537/122 4194/9538/122 4193/9539/122
f 4195/9540/4254 4049/9541/4255 4086/9542/4256
f 4196/9543/4257 4195/9540/4257 4086/9542/4257
f 4086/9542/4258 4082/9303/4259 4196/9543/4260
f 4195/9544/284 4048/9251/315 4049/9250/25
f 4197/9545/295 4198/9546/373 4199/9547/374
f 4053/9548/377 4200/9549/270 4198/9550/269
f 4200/9551/4 4199/9547/4 4198/9546/4
f 4053/9548/209 4048/9552/209 4200/9549/209
f 4053/9255/4 4202/9553/4 4201/9554/4
f 4203/9555/252 4054/9556/254 4201/9557/252
f 4204/9558/295 4205/9559/373 4203/9560/374
f 4206/9561/374 4203/9560/426 4205/9559/295
f 4055/9562/209 4054/9556/209 4206/9563/209
f 4205/9564/272 4207/9565/501 4055/9562/272
f 4055/9257/4 4207/9566/4 4056/9258/4
f 4056/9258/4 4207/9566/4 4208/9567/4
f 4209/9568/4 4210/9569/4 4211/9570/4
f 4212/9571/284 4211/9570/315 4210/9569/25
f 4057/9572/507 4211/9573/262 4212/9574/263
f 4212/9574/507 4213/9575/262 4057/9572/263
f 4057/9259/430 4213/9576/431 4214/9577/428
f 4215/9578/4 4217/9579/4 4216/9580/4
f 4218/9581/4 4215/9578/4 4216/9580/4
f 4219/9582/374 4221/9583/426 4220/9584/295
f 4222/9585/428 4219/9582/275 4220/9584/431
f 4059/9586/272 4219/9587/271 4222/9588/272
f 4223/9589/4 4225/9590/4 4224/9591/4
f 4226/9592/315 4223/9589/176 4224/9591/598
f 4223/9593/209 4226/9594/209 4060/9595/209
f 4061/9263/4 4228/9596/4 4227/9597/4
f 4229/9598/252 4230/9599/268 4227/9600/252
f 4229/9601/176 4231/9602/25 4232/9603/315
f 4231/9602/4 4233/9604/4 4232/9603/4
f 4062/9605/272 4232/9606/271 4233/9607/272
f 4233/9607/272 4196/9543/271 4062/9605/272
f 4062/9264/4 4196/9608/4 4082/9609/4
f 4063/9265/4 4062/9264/4 4082/9609/4
f 4227/9600/365 4196/9543/365 4233/9607/494
f 4233/9607/365 4231/9610/365 4227/9600/494
f 4227/9600/4261 4228/9611/4262 4196/9543/4263
f 4224/9612/494 4225/9613/365 4234/9614/365
f 4234/9614/429 4225/9613/326 4223/9593/429
f 4234/9614/4264 4195/9540/4265 4196/9543/4266
f 4235/9615/4267 4195/9540/4268 4234/9614/4269
f 4235/9615/4270 4234/9614/4271 4236/9616/4272
f 4236/9616/4273 4237/9617/4274 4235/9615/4275
f 4195/9540/4276 4235/9615/4277 4213/9575/4278
f 4213/9575/4279 4201/9557/4280 4202/9618/4281
f 4218/9619/494 4216/9620/365 4214/9621/365
f 4195/9540/365 4202/9618/365 4198/9550/494
f 4212/9574/494 4210/9622/365 4208/9623/365
f 4201/9557/4282 4208/9623/4283 4207/9565/4284
f 4201/9557/365 4207/9565/365 4205/9564/494
f 4201/9557/252 4204/9624/268 4203/9555/252
f 4222/9588/365 4220/9625/365 4237/9617/494
f 4237/9617/252 4220/9625/268 4221/9626/252
f 4062/9605/209 4230/9599/209 4232/9606/209
f 4221/9626/209 4219/9587/209 4238/9627/209
f 4057/9572/209 4056/9628/209 4211/9573/209
f 4077/9295/365 4078/9294/671 4075/9289/4285
f 4082/9303/252 4083/9629/268 4081/9301/252
f 4045/9630/271 4046/9319/272 4047/9631/272
f 4049/9320/271 4047/9631/272 4046/9319/272
f 4098/9632/4 4050/9252/4 4052/9254/4
f 4047/9249/4 4050/9252/4 4098/9632/4
f 4053/9255/4 4050/9252/4 4048/9251/4
f 4055/9257/4 4050/9252/255 4054/9256/4
f 4057/9259/256 4050/9252/4 4056/9258/256
f 4239/9633/4 4050/9252/4 4058/9260/4
f 4238/9634/256 4050/9252/4 4239/9633/256
f 4059/9261/4 4050/9252/255 4238/9634/4
f 4230/9635/256 4050/9252/4 4061/9263/256
f 4062/9264/4 4050/9252/255 4230/9635/4
f 4065/9269/4187 4066/9268/209 4067/9271/209
f 4067/9278/42 4064/9277/42 4065/9636/42
f 4064/9266/4 4063/9265/4 4065/9637/4
f 4076/9290/4286 4063/9267/4286 4080/9297/4287
f 4083/9629/4288 4082/9303/4289 4078/9294/4290
f 4073/9287/366 4082/9303/366 4072/9638/366
f 4082/9303/365 4086/9542/366 4072/9638/4291
f 4085/9639/494 4072/9638/365 4086/9542/365
f 4072/9638/406 4085/9639/539 4071/9513/4292
f 4084/9307/4293 4085/9306/4294 4240/9640/4295
f 4086/9641/4296 4240/9642/476 4085/9643/566
f 4240/9642/701 4086/9641/4297 4241/9644/702
f 4086/9308/4 4087/9309/4 4241/9645/4
f 4088/9646/4 4087/9309/4 4049/9250/4
f 4093/9317/3174 4089/9312/4196 4090/9311/4196
f 4092/9315/47 4093/9314/47 4094/9647/47
f 4090/9648/209 4088/9649/209 4093/9650/209
f 4094/9316/494 4088/9310/365 4096/9651/494
f 4096/9651/4298 4088/9310/4299 4042/9243/4300
f 4042/9243/498 4088/9310/4301 4044/9244/367
f 4088/9649/4302 4049/9541/4303 4095/9652/4304
f 4096/9323/431 4043/9322/530 4097/9653/274
f 4242/9654/4305 4052/9326/4306 4194/9655/213
f 4097/9324/209 4052/9326/209 4242/9654/209
f 4041/9327/212 4052/9326/4307 4043/9325/4308
f 4045/9330/209 4098/9328/209 4041/9327/209
f 4242/9656/271 4094/9316/272 4097/9657/272
f 4096/9651/270 4097/9657/267 4094/9316/377
f 4099/9658/47 4094/9647/47 4242/9659/47
f 4094/9647/47 4099/9658/47 4092/9315/47
f 4104/9337/4309 4109/9344/311 4106/9339/312
f 4109/9344/312 4110/9343/312 4112/9346/311
f 4116/9356/350 4103/9352/351 4115/9355/351
f 4113/9353/4310 4103/9352/351 4116/9356/351
f 4128/9660/4206 4135/9661/4205 4130/9662/4229
f 4128/9663/501 4131/9396/272 4135/9398/4228
f 4136/9664/47 4146/9429/47 4135/9430/47
f 4137/9422/487 4130/9662/4205 4135/9661/4229
f 4143/9409/4231 4132/9408/4232 4139/9403/4230
f 4147/9419/4311 4146/9417/311 4131/9396/312
f 4148/9665/276 4155/9451/293 4151/9529/4312
f 4148/9666/501 4149/9444/272 4155/9446/272
f 4173/9667/469 4154/9450/4313 4160/9454/4241
f 4154/9450/293 4173/9667/4314 4174/9489/276
f 4158/9668/268 4157/9669/252 4159/9670/252
f 4161/9671/254 4159/9670/252 4157/9669/4245
f 4165/9476/46 4163/9460/46 4156/9464/46
f 4149/9672/46 4168/9475/46 4156/9464/46
f 4172/9531/46 4162/9461/46 4163/9460/4242
f 4101/9334/4315 4124/9673/4316 4123/9674/269
f 4124/9673/4315 4101/9334/4316 4100/9332/4317
f 4117/9532/312 4122/9371/312 4120/9370/311
f 4117/9365/47 4115/9675/47 4190/9676/47
f 4115/9675/328 4117/9365/336 4116/9677/222
f 4114/9535/501 4190/9533/272 4115/9678/272
f 4114/9679/431 4102/9680/5 4191/9681/2147
f 4108/9342/47 4106/9341/47 4109/9682/47
f 4105/9338/4199 4106/9339/4201 4107/9683/4318
f 4099/9658/47 4242/9659/47 4192/9684/47
f 4242/9654/209 4194/9655/209 4192/9685/209
f 4099/9658/47 4192/9684/47 4193/9686/47
f 4051/9687/122 4194/9538/122 4052/9688/122
f 4193/9539/122 4194/9538/122 4051/9687/122
f 4089/9312/474 4093/9317/474 4091/9689/475
f 4087/9309/4 4088/9646/4 4089/9690/4
f 4048/9552/268 4195/9540/252 4199/9691/252
f 4197/9692/268 4199/9691/252 4195/9540/252
f 4197/9692/365 4195/9540/365 4198/9550/494
f 4202/9618/270 4053/9548/267 4198/9550/377
f 4200/9549/209 4048/9552/209 4199/9691/209
f 4206/9563/209 4054/9556/209 4203/9555/209
f 4206/9563/271 4205/9564/272 4055/9562/272
f 4056/9628/326 4208/9623/4319 4209/9693/429
f 4210/9622/326 4209/9693/429 4208/9623/429
f 4058/9694/254 4214/9621/252 4217/9695/252
f 4216/9620/268 4217/9695/252 4214/9621/252
f 4215/9696/271 4218/9619/272 4239/9697/272
f 4235/9615/501 4239/9697/272 4218/9619/272
f 4238/9627/254 4237/9617/252 4221/9626/252
f 4236/9616/501 4059/9586/272 4222/9588/272
f 4236/9698/4 4060/9262/8 4059/9261/4
f 4060/9595/326 4234/9614/4244 4223/9593/429
f 4226/9594/461 4224/9612/272 4061/9699/462
f 4228/9611/501 4061/9699/272 4224/9612/272
f 4231/9610/268 4229/9598/252 4227/9600/252
f 4228/9611/365 4224/9612/494 4234/9614/365
f 4196/9543/4320 4228/9611/4321 4234/9614/4322
f 4235/9700/4 4237/9701/4 4239/9633/4
f 4239/9633/4 4237/9701/4 4238/9634/4
f 4236/9698/4 4234/9702/4 4060/9262/4
f 4053/9255/4 4201/9554/4 4054/9256/4
f 4195/9540/4 4213/9575/4 4202/9618/4
f 4235/9615/365 4218/9619/494 4214/9621/365
f 4213/9575/4323 4235/9615/4324 4214/9621/4325
f 4057/9259/4 4214/9577/4 4058/9260/4
f 4213/9575/365 4212/9574/494 4208/9623/365
f 4201/9557/4326 4213/9575/4327 4208/9623/3974
f 4204/9624/365 4201/9557/494 4205/9564/365
f 4236/9616/365 4222/9588/494 4237/9617/365
f 4061/9263/176 4227/9597/598 4230/9635/315
f 4232/9606/209 4230/9599/209 4229/9598/209
f 4060/9595/209 4226/9594/209 4061/9699/209
f 4238/9627/209 4219/9587/209 4059/9586/209
f 4058/9694/209 4215/9696/209 4239/9697/209
f 4215/9696/209 4058/9694/209 4217/9695/209
f 4211/9573/209 4056/9628/209 4209/9693/209
f 4243/9703/350 4245/9704/351 4244/9705/350
f 4246/9706/411 4243/9703/350 4244/9705/350
f 4247/9707/274 4243/9708/4328 4246/9709/403
f 4248/9710/4 4247/9707/4 4246/9709/4
f 4249/9711/4 4251/9712/4 4250/9713/4
f 4249/9711/4 4250/9713/4 4252/9714/4
f 4253/9715/4 4254/9716/4 4252/9714/4
f 4255/9717/4 4256/9718/4 4252/9714/4
f 4257/9719/4 4258/9720/8 4252/9714/4
f 4259/9721/4 4260/9722/4 4252/9714/4
f 4261/9723/4 4262/9724/4 4252/9714/4
f 4262/9724/4 4263/9725/4 4252/9714/4
f 4264/9726/4 4265/9727/4 4252/9714/4
f 4252/9714/4 4265/9727/4 4266/9728/4
f 4265/9729/42 4268/9730/42 4267/9731/42
f 4268/9730/42 4270/9732/42 4269/9733/42
f 4270/9734/4329 4271/9735/4329 4269/9736/4329
f 4272/9737/4329 4269/9736/4329 4271/9735/4329
f 4272/9738/46 4266/9739/46 4269/9740/46
f 4273/9741/311 4270/9742/312 4274/9743/312
f 4270/9742/312 4268/9744/311 4274/9743/312
f 4275/9745/26 4274/9746/522 4268/9747/176
f 4276/9748/4 4275/9745/4 4268/9747/4
f 4275/9749/351 4276/9750/350 4277/9751/350
f 4278/9752/351 4277/9751/350 4276/9750/350
f 4277/9753/529 4278/9754/2147 4279/9755/248
f 4280/9756/312 4279/9757/311 4281/9758/312
f 4282/9759/311 4280/9756/312 4281/9758/312
f 4282/9760/4 4283/9761/4 4280/9762/4
f 4283/9763/42 4282/9759/42 4265/9729/42
f 4278/9752/42 4276/9750/42 4265/9729/42
f 4276/9750/42 4268/9730/42 4265/9729/42
f 4282/9759/42 4281/9758/42 4278/9752/42
f 4278/9754/4 4281/9764/4 4279/9755/4
f 4283/9763/312 4265/9729/4309 4284/9765/312
f 4285/9766/4 4280/9762/4 4283/9761/4
f 4277/9751/475 4280/9756/4036 4284/9765/4036
f 4275/9749/4042 4277/9751/4330 4284/9765/4331
f 4273/9767/4332 4287/9768/4333 4286/9769/4334
f 4288/9770/529 4251/9712/529 4289/9771/2930
f 4290/9772/2224 4292/9773/807 4291/9774/4335
f 4293/9775/47 4295/9776/47 4294/9777/47
f 4296/9778/4336 4295/9779/4046 4290/9772/4337
f 4246/9706/798 4290/9772/475 4297/9780/650
f 4248/9781/4338 4246/9706/4046 4297/9780/4339
f 4297/9780/4036 4251/9782/475 4248/9781/474
f 4244/9783/522 4245/9784/176 4298/9785/26
f 4299/9786/42 4245/9787/42 4254/9788/42
f 4254/9788/42 4243/9789/42 4300/9790/42
f 4249/9791/42 4300/9790/42 4247/9792/42
f 4301/9793/4340 4302/9794/4341 4294/9795/4340
f 4303/9796/4342 4294/9795/4342 4302/9794/4342
f 4303/9796/4343 4304/9797/350 4294/9795/350
f 4305/9798/350 4294/9795/350 4304/9797/4343
f 4306/9799/4310 4294/9795/4310 4305/9798/350
f 4294/9795/4344 4306/9799/4345 4307/9800/4346
f 4306/9799/4347 4308/9801/4348 4307/9800/4349
f 4309/9802/362 4308/9803/3434 4310/9804/617
f 4306/9799/501 4312/9805/272 4311/9806/271
f 4312/9805/411 4313/9807/350 4314/9808/350
f 4312/9809/47 4306/9810/47 4313/9811/47
f 4313/9811/382 4306/9810/2665 4305/9812/4350
f 4313/9813/268 4305/9814/343 4315/9815/252
f 4316/9816/252 4317/9817/268 4305/9814/252
f 4315/9815/4 4318/9818/4 4311/9819/4
f 4314/9820/4 4315/9815/4 4311/9819/4
f 4313/9807/350 4315/9821/351 4314/9808/350
f 4310/9822/4351 4311/9819/4352 4318/9818/4353
f 4318/9818/4354 4319/9823/4355 4310/9822/4356
f 4319/9823/4357 4320/9824/4358 4310/9822/4359
f 4321/9825/4 4320/9826/4 4319/9827/4
f 4322/9828/374 4321/9829/314 4319/9823/34
f 4323/9830/4360 4321/9831/4341 4322/9832/4361
f 4324/9833/4341 4323/9830/4340 4322/9832/4362
f 4304/9834/47 4323/9835/47 4324/9836/47
f 4303/9837/47 4323/9835/47 4304/9834/47
f 4323/9838/4363 4303/9839/4364 4321/9829/4365
f 4320/9824/4366 4321/9829/4367 4303/9839/4368
f 4325/9840/4369 4320/9824/4369 4303/9839/4370
f 4326/9841/47 4327/9842/47 4325/9843/47
f 4320/9826/47 4325/9843/47 4327/9842/47
f 4310/9822/4371 4320/9824/4372 4327/9844/4373
f 4328/9845/350 4310/9846/351 4327/9847/350
f 4329/9848/351 4328/9845/350 4327/9847/350
f 4329/9849/47 4330/9850/47 4328/9851/47
f 4331/9852/47 4328/9851/47 4330/9850/47
f 4332/9853/47 4331/9852/47 4330/9850/47
f 4333/9854/47 4330/9850/47 4329/9849/47
f 4334/9855/47 4335/9856/89 4329/9849/47
f 4336/9857/400 4334/9855/2665 4329/9849/633
f 4333/9854/47 4329/9849/47 4335/9856/47
f 4333/9858/350 4338/9859/351 4337/9860/350
f 4331/9861/4345 4332/9862/4374 4339/9863/4344
f 4331/9861/4341 4339/9863/4375 4340/9864/4362
f 4341/9865/350 4340/9864/350 4339/9863/350
f 4342/9866/4376 4340/9864/491 4341/9865/4377
f 4336/9867/4378 4342/9866/4348 4341/9865/4379
f 4343/9868/4205 4336/9867/309 4341/9865/4380
f 4334/9855/47 4336/9857/47 4343/9869/47
f 4334/9870/501 4343/9868/272 4341/9865/271
f 4334/9870/350 4345/9871/351 4344/9872/4310
f 4344/9872/4381 4335/9873/411 4334/9870/350
f 4346/9874/4382 4335/9875/4319 4344/9876/4383
f 4344/9876/4382 4347/9877/327 4346/9874/253
f 4347/9878/351 4348/9879/350 4346/9880/350
f 4349/9881/411 4346/9880/350 4348/9879/350
f 4346/9882/47 4349/9883/47 4333/9854/47
f 4348/9879/4384 4338/9859/269 4333/9858/4315
f 4346/9882/47 4333/9854/47 4335/9856/47
f 4339/9884/4385 4348/9885/4386 4347/9877/4387
f 4341/9886/47 4347/9887/47 4344/9888/47
f 4344/9888/47 4345/9889/47 4341/9886/47
f 4339/9890/4388 4347/9887/4389 4341/9886/4390
f 4348/9891/47 4339/9890/47 4337/9892/47
f 4342/9893/47 4351/9894/47 4350/9895/47
f 4340/9896/47 4342/9893/47 4350/9895/47
f 4350/9895/47 4352/9897/47 4340/9896/47
f 4350/9895/47 4353/9898/47 4352/9897/47
f 4352/9899/411 4353/9900/350 4354/9901/350
f 4355/9902/351 4354/9901/350 4353/9900/350
f 4355/9903/47 4356/9904/47 4354/9905/47
f 4351/9906/350 4358/9907/351 4357/9908/350
f 4357/9909/47 4358/9910/47 4359/9911/47
f 4356/9912/554 4357/9913/554 4360/9914/476
f 4361/9915/4391 4362/9916/4392 4356/9912/4393
f 4360/9914/476 4361/9915/4296 4356/9912/476
f 4359/9911/4358 4360/9917/392 4357/9909/362
f 4361/9918/4 4363/9919/4 4362/9920/4
f 4364/9921/4 4362/9920/4 4363/9919/4
f 4365/9922/122 4364/9923/122 4363/9924/122
f 4365/9922/122 4363/9924/122 4359/9925/122
f 4359/9925/122 4358/9926/122 4365/9922/122
f 4366/9927/47 4365/9928/47 4367/9929/47
f 4367/9929/2427 4368/9930/4350 4366/9927/400
f 4369/9931/350 4368/9932/351 4367/9933/350
f 4370/9934/411 4369/9931/350 4367/9933/350
f 4370/9935/47 4351/9894/47 4369/9936/47
f 4369/9936/47 4351/9894/47 4342/9893/47
f 4358/9926/122 4370/9937/122 4367/9938/122
f 4371/9939/312 4365/9922/311 4366/9940/312
f 4372/9941/311 4371/9939/312 4366/9940/312
f 4372/9942/47 4373/9943/47 4371/9944/47
f 4371/9944/4394 4373/9943/1804 4374/9945/378
f 4373/9943/47 4364/9946/47 4374/9945/47
f 4374/9947/47 4364/9948/47 4375/9949/47
f 4362/9950/47 4375/9949/47 4364/9948/47
f 4376/9951/4395 4375/9952/4396 4362/9953/4397
f 4376/9954/47 4362/9955/47 4377/9956/47
f 4362/9955/47 4378/9957/47 4377/9956/47
f 4378/9958/311 4362/9959/312 4379/9960/312
f 4380/9961/311 4379/9960/312 4373/9962/312
f 4364/9963/312 4373/9962/312 4379/9960/312
f 4362/9959/4398 4364/9963/4399 4379/9960/4398
f 4379/9964/4 4380/9965/4 4381/9966/4
f 4382/9967/4 4381/9966/4 4380/9965/4
f 4381/9968/4400 4382/9969/4401 4383/9970/4402
f 4384/9971/47 4385/9972/47 4383/9973/47
f 4386/9974/47 4383/9973/47 4385/9972/47
f 4273/9975/4403 4387/9976/4404 4388/9977/4405
f 4388/9977/4406 4270/9732/4407 4273/9975/4408
f 4385/9978/47 4384/9979/47 4389/9980/47
f 4390/9981/46 4389/9982/46 4384/9983/46
f 4382/9969/46 4390/9981/46 4384/9983/46
f 4390/9984/4 4382/9985/4 4380/9986/4
f 4382/9969/312 4384/9983/311 4383/9970/312
f 4356/9912/4409 4376/9951/4232 4377/9987/4410
f 4391/9988/4232 4356/9912/4231 4377/9987/4409
f 4356/9904/1532 4391/9989/399 4354/9905/4239
f 4356/9912/476 4355/9990/476 4357/9913/476
f 4355/9990/476 4353/9991/534 4357/9913/534
f 4374/9947/328 4375/9949/221 4376/9992/342
f 4365/9922/122 4371/9939/122 4374/9993/122
f 4304/9797/271 4324/9833/272 4319/9994/271
f 4392/9995/272 4304/9797/271 4319/9994/271
f 4393/9996/350 4392/9995/4411 4316/9997/350
f 4393/9996/501 4304/9797/272 4392/9995/271
f 4305/9814/4 4304/9998/4 4316/9816/4
f 4394/9999/209 4396/10000/209 4395/10001/209
f 4397/10002/4412 4251/10003/4413 4288/10004/4414
f 4398/10005/4415 4397/10002/4416 4288/10004/4416
f 4288/10004/4417 4284/9765/4418 4398/10005/4419
f 4397/10006/522 4250/9713/176 4251/9712/26
f 4399/10007/387 4400/10008/708 4401/10009/314
f 4255/10010/4361 4402/10011/4341 4400/10012/4361
f 4402/10013/314 4401/10009/313 4400/10008/387
f 4255/10010/42 4250/10014/42 4402/10011/42
f 4255/9717/255 4404/10015/4 4403/10016/4
f 4405/10017/312 4256/10018/4309 4403/10019/312
f 4406/10020/387 4407/10021/708 4405/10022/314
f 4408/10023/314 4405/10022/313 4407/10021/387
f 4257/10024/42 4256/10018/42 4408/10025/42
f 4407/10026/350 4409/10027/411 4257/10024/350
f 4257/9719/4 4409/10028/4 4258/9720/4
f 4258/9720/4 4409/10028/4 4410/10029/4
f 4411/10030/4 4412/10031/4 4413/10032/4
f 4414/10033/4 4413/10032/4 4412/10031/4
f 4259/10034/350 4413/10035/351 4414/10036/350
f 4414/10036/350 4415/10037/411 4259/10034/350
f 4259/9721/4 4415/10038/4 4416/10039/4
f 4417/10040/4 4419/10041/4 4418/10042/4
f 4420/10043/4 4417/10040/4 4418/10042/4
f 4421/10044/176 4423/10045/25 4422/10046/26
f 4424/10047/708 4421/10044/314 4422/10046/387
f 4261/10048/4420 4421/10049/4205 4424/10050/4421
f 4425/10051/4 4427/10052/4 4426/10053/4
f 4428/10054/2147 4425/10051/4328 4426/10053/547
f 4425/10055/42 4428/10056/42 4262/10057/42
f 4263/9725/4 4430/10058/4 4429/10059/4
f 4431/10060/4422 4432/10061/4400 4429/10062/4423
f 4431/10063/4 4433/10064/4 4434/10065/4
f 4433/10064/4 4435/10066/4 4434/10065/4
f 4264/10067/350 4434/10068/351 4435/10069/350
f 4435/10069/350 4398/10005/351 4264/10067/350
f 4264/9726/4 4398/10070/4 4284/10071/4
f 4265/9727/4 4264/9726/4 4284/10071/4
f 4429/10062/4424 4398/10005/4425 4435/10069/4337
f 4435/10069/474 4433/10072/475 4429/10062/474
f 4429/10062/4426 4430/10073/4427 4398/10005/4428
f 4426/10074/474 4427/10075/475 4436/10076/474
f 4436/10076/312 4427/10075/311 4425/10055/312
f 4436/10076/4429 4397/10002/4430 4398/10005/4431
f 4437/10077/4432 4397/10002/4433 4436/10076/4434
f 4437/10077/4435 4436/10076/4436 4438/10078/4437
f 4438/10078/4438 4439/10079/4439 4437/10077/4440
f 4397/10002/4441 4437/10077/4442 4415/10037/4443
f 4415/10037/4444 4403/10019/4445 4404/10080/4446
f 4420/10081/4447 4418/10082/654 4416/10083/3174
f 4397/10002/475 4404/10080/475 4400/10012/474
f 4414/10036/4447 4412/10084/654 4410/10085/3174
f 4403/10019/4448 4410/10085/4448 4409/10027/4449
f 4403/10019/475 4409/10027/475 4407/10026/475
f 4403/10019/312 4406/10086/311 4405/10017/312
f 4424/10050/475 4422/10087/475 4439/10079/475
f 4439/10079/312 4422/10087/311 4423/10088/312
f 4264/10067/42 4432/10061/42 4434/10068/42
f 4423/10088/42 4421/10049/42 4440/10089/42
f 4259/10034/42 4258/10090/42 4413/10035/42
f 4279/9757/475 4280/9756/474 4277/9751/475
f 4284/9765/4450 4285/10091/311 4283/9763/312
f 4247/10092/351 4248/9781/350 4249/10093/350
f 4251/9782/351 4249/10093/350 4248/9781/350
f 4300/10094/4 4252/9714/4 4254/9716/4
f 4249/9711/4 4252/9714/4 4300/10094/4
f 4255/9717/4 4252/9714/4 4250/9713/4
f 4257/9719/4 4252/9714/4 4256/9718/4
f 4259/9721/4 4252/9714/4 4258/9720/4
f 4441/10095/4 4252/9714/4 4260/9722/4
f 4440/10096/8 4252/9714/4 4441/10095/8
f 4261/9723/4 4252/9714/4 4440/10096/4
f 4432/10097/8 4252/9714/4 4263/9725/8
f 4264/9726/4 4252/9714/4 4432/10097/4
f 4267/9731/42 4268/9730/42 4269/9733/42
f 4269/9740/46 4266/9739/46 4267/10098/46
f 4266/9728/4 4265/9727/4 4267/10099/4
f 4278/9752/40 4265/9729/4451 4282/9759/4452
f 4285/10091/475 4284/9765/474 4280/9756/475
f 4275/9749/475 4284/9765/4036 4274/10100/475
f 4284/9765/475 4288/10004/475 4274/10100/798
f 4287/10101/474 4274/10100/474 4288/10004/475
f 4274/10100/4154 4287/10101/4453 4273/9975/4454
f 4286/9769/535 4287/9768/4455 4442/10102/535
f 4288/10103/494 4442/10104/494 4287/10105/365
f 4442/10104/494 4288/10103/494 4443/10106/365
f 4288/9770/4 4289/9771/4 4443/10107/4
f 4290/10108/779 4289/9771/1176 4251/9712/926
f 4295/9779/293 4291/9774/293 4292/9773/293
f 4294/9777/47 4295/9776/47 4296/10109/47
f 4292/10110/209 4290/10111/209 4295/10112/209
f 4296/9778/474 4290/9772/475 4298/10113/474
f 4298/10113/475 4290/9772/475 4244/9705/4453
f 4244/9705/3174 4290/9772/4453 4246/9706/4157
f 4290/10111/4456 4251/10003/4457 4297/10114/4458
f 4298/9785/4 4245/9784/4 4299/10115/4
f 4444/10116/4459 4254/9788/4460 4396/10117/4461
f 4299/9786/42 4254/9788/42 4444/10116/42
f 4243/9789/42 4254/9788/42 4245/9787/42
f 4247/9792/4462 4300/9790/4463 4243/9789/4464
f 4444/10118/351 4296/9778/350 4299/10119/350
f 4298/10113/411 4299/10119/350 4296/9778/350
f 4301/10120/223 4296/10109/221 4444/10121/328
f 4296/10109/47 4301/10120/47 4294/9777/47
f 4306/9799/501 4311/9806/271 4308/9801/272
f 4311/9806/272 4312/9805/272 4314/9808/271
f 4318/9818/429 4305/9814/4465 4317/9817/4466
f 4315/9815/509 4305/9814/4467 4318/9818/4468
f 4330/10122/4319 4337/10123/4383 4332/10124/4382
f 4330/10125/411 4333/9858/350 4337/9860/4381
f 4338/10126/47 4348/9891/47 4337/9892/47
f 4339/9884/4245 4332/10124/253 4337/10123/4382
f 4345/9871/272 4334/9870/501 4341/9865/271
f 4349/9881/4317 4348/9879/4315 4333/9858/4384
f 4350/10127/476 4357/9913/534 4353/9991/4469
f 4350/10128/411 4351/9906/350 4357/9908/350
f 4375/10129/569 4356/9912/4470 4362/9916/4471
f 4356/9912/534 4375/10129/476 4376/9951/476
f 4360/10130/4472 4359/10131/4473 4361/10132/4474
f 4363/10133/4472 4361/10132/4475 4359/10131/4474
f 4367/9938/122 4365/9922/122 4358/9926/229
f 4351/10134/122 4370/9937/122 4358/9926/122
f 4374/9993/122 4364/9923/122 4365/9922/122
f 4303/9796/351 4326/10135/350 4325/10136/350
f 4326/10135/351 4303/9796/350 4302/9794/350
f 4319/9994/377 4324/9833/4476 4322/9832/270
f 4319/9827/329 4317/10137/1757 4392/10138/328
f 4317/10137/47 4319/9827/47 4318/10139/47
f 4316/9997/411 4392/9995/4477 4317/10140/350
f 4316/10141/4 4304/10142/4 4393/10143/4
f 4310/9804/47 4308/9803/47 4311/10144/47
f 4307/9800/4344 4308/9801/4349 4309/10145/4346
f 4301/10120/47 4444/10121/47 4394/10146/47
f 4444/10116/42 4396/10117/42 4394/10147/42
f 4301/10120/47 4394/10146/47 4395/10148/47
f 4253/10149/209 4396/10000/209 4254/10150/209
f 4395/10001/209 4396/10000/209 4253/10149/4187
f 4291/9774/2252 4295/9779/4478 4293/10151/4479
f 4289/9771/4 4290/10108/4 4291/10152/4
f 4250/10014/4400 4397/10002/4423 4401/10153/4401
f 4399/10154/4400 4401/10153/4401 4397/10002/4401
f 4399/10154/475 4397/10002/474 4400/10012/474
f 4404/10080/4341 4255/10010/4361 4400/10012/4361
f 4402/10011/42 4250/10014/42 4401/10153/42
f 4408/10025/42 4256/10018/42 4405/10017/42
f 4408/10025/351 4407/10026/350 4257/10024/350
f 4258/10090/4400 4410/10085/4480 4411/10155/4401
f 4412/10084/4400 4411/10155/4401 4410/10085/4401
f 4260/10156/4309 4416/10083/312 4419/10157/312
f 4418/10082/311 4419/10157/312 4416/10083/312
f 4417/10158/351 4420/10081/350 4441/10159/350
f 4437/10077/351 4441/10159/350 4420/10081/350
f 4440/10089/311 4439/10079/312 4423/10088/312
f 4438/10078/4205 4261/10048/309 4424/10050/4420
f 4438/10160/4 4262/9724/4 4261/9723/4
f 4262/10057/311 4436/10076/312 4425/10055/312
f 4428/10056/489 4426/10074/487 4263/10161/4206
f 4430/10073/489 4263/10161/4206 4426/10074/309
f 4433/10072/4400 4431/10060/4481 4429/10062/4422
f 4430/10073/475 4426/10074/474 4436/10076/475
f 4398/10005/4482 4430/10073/4483 4436/10076/4484
f 4437/10162/4 4439/10163/4 4441/10095/4
f 4441/10095/4 4439/10163/4 4440/10096/4
f 4438/10160/4 4436/10164/4 4262/9724/4
f 4255/9717/4 4403/10016/4 4256/9718/4
f 4397/10002/4485 4415/10037/4486 4404/10080/4487
f 4437/10077/650 4420/10081/474 4416/10083/475
f 4415/10037/4488 4437/10077/4489 4416/10083/4490
f 4259/9721/4 4416/10039/4 4260/9722/4
f 4415/10037/650 4414/10036/474 4410/10085/475
f 4403/10019/4491 4415/10037/4492 4410/10085/4493
f 4406/10086/475 4403/10019/474 4407/10026/474
f 4438/10078/650 4424/10050/474 4439/10079/475
f 4263/9725/4 4429/10059/4 4432/10097/4
f 4434/10068/42 4432/10061/42 4431/10060/42
f 4262/10057/42 4428/10056/42 4263/10161/42
f 4440/10089/42 4421/10049/42 4261/10048/42
f 4260/10156/42 4417/10158/42 4441/10159/42
f 4417/10158/42 4260/10156/42 4419/10157/42
f 4413/10035/42 4258/10090/42 4411/10155/42
f 4445/10165/21 4447/10166/29 4446/10167/30
f 4448/10168/29 4445/10165/28 4446/10167/21
f 4449/10169/4 4445/10170/4 4448/10171/4
f 4450/10172/4 4449/10169/4 4448/10171/4
f 4451/10173/4 4453/10174/4 4452/10175/4
f 4451/10173/4 4452/10175/4 4454/10176/4
f 4455/10177/4 4456/10178/4 4454/10176/4
f 4457/10179/4 4458/10180/8 4454/10176/4
f 4459/10181/4 4460/10182/4 4454/10176/4
f 4461/10183/4 4462/10184/4 4454/10176/4
f 4463/10185/4 4464/10186/4 4454/10176/4
f 4464/10186/4 4465/10187/4 4454/10176/4
f 4466/10188/4 4467/10189/4 4454/10176/4
f 4454/10176/4 4467/10189/4 4468/10190/4
f 4467/10191/2691 4470/10192/4494 4469/10193/4495
f 4470/10192/4496 4472/10194/1952 4471/10195/4497
f 4472/10196/4498 4473/10197/4499 4471/10198/4500
f 4474/10199/3209 4471/10198/3209 4473/10197/3208
f 4474/10200/1791 4468/10201/1792 4471/10202/1792
f 4475/10203/24 4472/10204/1 4476/10205/1
f 4472/10204/1 4470/10206/24 4476/10205/1
f 4477/10207/1721 4476/10208/315 4470/10209/176
f 4478/10210/4 4477/10207/4 4470/10209/4
f 4477/10211/19 4478/10212/20 4479/10213/20
f 4480/10214/19 4479/10213/20 4478/10212/20
f 4479/10215/4 4480/10216/4 4481/10217/4
f 4482/10218/173 4481/10219/53 4483/10220/54
f 4484/10221/53 4482/10218/52 4483/10220/52
f 4484/10222/4 4485/10223/4 4482/10224/4
f 4485/10225/1952 4484/10221/127 4467/10191/4501
f 4480/10214/4502 4478/10212/2091 4467/10191/4503
f 4478/10212/129 4470/10192/129 4467/10191/127
f 4484/10221/127 4483/10220/127 4480/10214/127
f 4480/10216/4 4483/10226/4 4481/10217/4
f 4485/10225/1 4467/10191/24 4486/10227/1
f 4487/10228/4 4482/10224/4 4485/10223/4
f 4479/10213/4504 4482/10218/4505 4486/10227/4506
f 4477/10211/122 4479/10213/122 4486/10227/122
f 4475/10229/4507 4489/10230/4329 4488/10231/4329
f 4490/10232/4 4453/10174/4 4491/10233/4
f 4492/10234/209 4494/10235/209 4493/10236/209
f 4495/10237/47 4497/10238/47 4496/10239/47
f 4498/10240/122 4497/10241/122 4492/10234/122
f 4448/10168/122 4492/10234/122 4499/10242/122
f 4450/10243/4508 4448/10168/4509 4499/10242/4510
f 4499/10242/122 4453/10244/122 4450/10243/122
f 4446/10245/4 4447/10246/4 4500/10247/4
f 4501/10248/127 4447/10249/127 4456/10250/128
f 4456/10250/127 4445/10251/129 4502/10252/4511
f 4451/10253/128 4502/10252/127 4449/10254/127
f 4503/10255/137 4504/10256/2838 4496/10257/137
f 4505/10258/140 4496/10257/140 4504/10256/20
f 4505/10258/140 4506/10259/20 4496/10257/20
f 4507/10260/20 4496/10257/20 4506/10259/2789
f 4508/10261/20 4496/10257/20 4507/10260/140
f 4496/10257/143 4508/10261/4512 4509/10262/4513
f 4508/10261/4514 4510/10263/4515 4509/10262/4516
f 4511/10264/47 4510/10265/47 4512/10266/47
f 4508/10261/66 4514/10267/67 4513/10268/66
f 4514/10267/2838 4515/10269/137 4516/10270/4517
f 4514/10271/47 4508/10272/47 4515/10273/47
f 4515/10273/47 4508/10272/47 4507/10274/47
f 4515/10275/2854 4507/10276/2855 4517/10277/4518
f 4518/10278/161 4519/10279/218 4507/10276/160
f 4517/10277/4 4520/10280/4 4513/10281/4
f 4516/10282/4 4517/10277/4 4513/10281/4
f 4515/10269/4519 4517/10283/2838 4516/10270/4520
f 4512/10284/4521 4513/10281/4522 4520/10280/4523
f 4520/10280/4524 4521/10285/4525 4512/10284/4526
f 4521/10285/3794 4522/10286/4527 4512/10284/4528
f 4523/10287/4 4522/10288/4 4521/10289/4
f 4524/10290/4 4523/10291/4 4521/10285/4
f 4525/10292/4529 4523/10293/29 4524/10294/30
f 4526/10295/29 4525/10292/28 4524/10294/4529
f 4506/10296/47 4525/10297/47 4526/10298/47
f 4505/10299/47 4525/10297/47 4506/10296/47
f 4525/10300/4530 4505/10301/4531 4523/10291/4532
f 4522/10286/4533 4523/10291/4533 4505/10301/4534
f 4527/10302/4533 4522/10286/4533 4505/10301/4534
f 4528/10303/47 4529/10304/47 4527/10305/47
f 4522/10288/47 4527/10305/47 4529/10304/47
f 4512/10284/4535 4522/10286/4536 4529/10306/4537
f 4530/10307/20 4512/10308/19 4529/10309/20
f 4531/10310/135 4530/10307/20 4529/10309/20
f 4531/10311/47 4532/10312/47 4530/10313/47
f 4533/10314/47 4530/10313/47 4532/10312/47
f 4534/10315/47 4533/10314/47 4532/10312/47
f 4535/10316/47 4532/10312/47 4531/10311/47
f 4536/10317/47 4537/10318/47 4531/10311/47
f 4538/10319/47 4536/10317/47 4531/10311/47
f 4535/10316/47 4531/10311/47 4537/10318/47
f 4535/10320/4538 4540/10321/2838 4539/10322/2839
f 4533/10323/4539 4534/10324/4540 4541/10325/143
f 4533/10323/29 4541/10325/4541 4542/10326/4542
f 4543/10327/20 4542/10326/20 4541/10325/20
f 4544/10328/4543 4542/10326/137 4543/10327/4544
f 4538/10329/20 4544/10328/135 4543/10327/20
f 4545/10330/19 4538/10329/20 4543/10327/20
f 4536/10317/2801 4538/10319/1531 4545/10331/2848
f 4536/10332/66 4545/10330/67 4543/10327/67
f 4536/10332/4545 4547/10333/2838 4546/10334/2839
f 4546/10334/4545 4537/10335/2838 4536/10332/2788
f 4548/10336/108 4537/10337/2590 4546/10338/110
f 4546/10338/108 4549/10339/109 4548/10336/110
f 4549/10340/135 4550/10341/20 4548/10342/20
f 4551/10343/19 4548/10342/20 4550/10341/20
f 4548/10344/223 4551/10345/221 4535/10316/222
f 4550/10341/107 4540/10321/67 4535/10320/66
f 4548/10344/47 4535/10316/47 4537/10318/47
f 4541/10346/4 4550/10347/4 4549/10339/4
f 4543/10348/47 4549/10349/47 4546/10350/47
f 4546/10350/47 4547/10351/47 4543/10348/47
f 4541/10352/4546 4549/10349/4547 4543/10348/4548
f 4550/10353/47 4541/10352/89 4539/10354/47
f 4544/10355/47 4553/10356/47 4552/10357/47
f 4542/10358/47 4544/10355/47 4552/10357/47
f 4552/10357/47 4554/10359/47 4542/10358/47
f 4552/10357/47 4555/10360/47 4554/10359/47
f 4554/10361/2838 4555/10362/2788 4556/10363/138
f 4557/10364/2838 4556/10363/2839 4555/10362/138
f 4557/10365/47 4558/10366/47 4556/10367/47
f 4553/10368/4519 4560/10369/136 4559/10370/4520
f 4559/10371/635 4560/10372/131 4561/10373/132
f 4558/10374/4549 4559/10375/4550 4562/10376/4462
f 4563/10377/42 4564/10378/505 4558/10374/505
f 4562/10376/42 4563/10377/42 4558/10374/42
f 4561/10373/130 4562/10379/2848 4559/10371/3775
f 4563/10380/179 4565/10381/32 4564/10382/1726
f 4566/10383/4 4564/10382/4 4565/10381/4
f 4567/10384/4551 4566/10385/4552 4565/10386/4553
f 4567/10384/10 4565/10386/10 4561/10387/215
f 4561/10387/9 4560/10388/10 4567/10384/9
f 4568/10389/47 4567/10390/47 4569/10391/47
f 4569/10391/635 4570/10392/131 4568/10389/132
f 4571/10393/4540 4570/10394/4515 4569/10395/144
f 4572/10396/4515 4571/10393/4540 4569/10395/4540
f 4572/10397/47 4553/10356/47 4571/10398/47
f 4571/10398/47 4553/10356/47 4544/10355/47
f 4560/10388/10 4572/10399/10 4569/10400/11
f 4573/10401/173 4567/10384/53 4568/10402/54
f 4574/10403/53 4573/10401/52 4568/10402/4554
f 4574/10404/47 4575/10405/47 4573/10406/47
f 4573/10406/47 4575/10405/47 4576/10407/47
f 4575/10405/47 4566/10408/47 4576/10407/47
f 4576/10409/47 4566/10410/47 4577/10411/47
f 4564/10412/47 4577/10411/47 4566/10410/47
f 4578/10413/139 4577/10414/139 4564/10415/139
f 4578/10416/47 4564/10417/47 4579/10418/47
f 4564/10417/47 4580/10419/47 4579/10418/47
f 4580/10420/2 4564/10421/1 4581/10422/1
f 4582/10423/53 4581/10422/52 4575/10424/52
f 4566/10425/1 4575/10424/57 4581/10422/1
f 4564/10421/4555 4566/10425/4556 4581/10422/4557
f 4581/10426/4 4582/10427/4 4583/10428/4
f 4584/10429/4 4583/10428/4 4582/10427/4
f 4583/10430/53 4584/10431/58 4585/10432/4554
f 4586/10433/47 4587/10434/47 4585/10435/47
f 4588/10436/47 4585/10435/47 4587/10434/47
f 4475/10437/4558 4589/10438/4559 4590/10439/1128
f 4590/10439/1486 4472/10194/315 4475/10437/4560
f 4587/10440/47 4586/10441/47 4591/10442/47
f 4592/10443/1792 4591/10444/1792 4586/10445/1791
f 4584/10431/1792 4592/10443/1791 4586/10445/1792
f 4592/10446/4 4584/10447/4 4582/10448/4
f 4584/10431/173 4586/10445/53 4585/10432/52
f 4558/10374/4561 4578/10413/92 4579/10449/4562
f 4593/10450/92 4558/10374/105 4579/10449/4561
f 4558/10366/47 4593/10451/47 4556/10367/47
f 4558/10374/4563 4557/10452/4564 4559/10375/4565
f 4557/10452/4566 4555/10453/4567 4559/10375/4568
f 4576/10409/47 4577/10411/47 4578/10454/47
f 4567/10384/10 4573/10401/11 4576/10455/10
f 4506/10259/66 4526/10295/67 4521/10456/66
f 4594/10457/67 4506/10259/66 4521/10456/66
f 4595/10458/20 4594/10457/135 4518/10459/23
f 4595/10458/4569 4506/10259/2600 4594/10457/4570
f 4507/10276/4 4506/10460/4 4518/10278/4
f 4596/10461/4571 4598/10462/4572 4597/10463/4573
f 4599/10464/42 4453/10465/42 4490/10466/42
f 4600/10467/42 4599/10464/42 4490/10466/42
f 4490/10466/4574 4486/10227/4574 4600/10467/4574
f 4599/10468/5 4452/10175/6 4453/10174/2305
f 4601/10469/249 4602/10470/5 4603/10471/6
f 4457/10472/31 4604/10473/29 4602/10474/30
f 4604/10475/4 4603/10471/4 4602/10470/4
f 4457/10472/128 4452/10476/127 4604/10473/127
f 4457/10179/4 4606/10477/4 4605/10478/4
f 4607/10479/55 4458/10480/3 4605/10481/1
f 4608/10482/4 4609/10483/4 4607/10484/4
f 4610/10485/176 4607/10484/1706 4609/10483/26
f 4459/10486/128 4458/10480/127 4610/10487/127
f 4609/10488/20 4611/10489/19 4459/10486/20
f 4459/10181/4 4611/10490/4 4460/10182/4
f 4460/10182/4 4611/10490/4 4612/10491/4
f 4613/10492/4 4614/10493/4 4615/10494/4
f 4616/10495/315 4615/10494/176 4614/10493/1721
f 4461/10496/20 4615/10497/19 4616/10498/20
f 4616/10498/20 4617/10499/19 4461/10496/20
f 4461/10183/4 4617/10500/4 4618/10501/4
f 4619/10502/4 4621/10503/4 4620/10504/4
f 4622/10505/4 4619/10502/4 4620/10504/4
f 4623/10506/4 4625/10507/4 4624/10508/4
f 4626/10509/4 4623/10506/4 4624/10508/4
f 4463/10510/4544 4623/10511/136 4626/10512/4520
f 4627/10513/4 4629/10514/4 4628/10515/4
f 4630/10516/4 4627/10513/4 4628/10515/4
f 4627/10517/127 4630/10518/127 4464/10519/128
f 4465/10187/6 4632/10520/249 4631/10521/5
f 4633/10522/1 4634/10523/24 4631/10524/1
f 4633/10525/4 4635/10526/4 4636/10527/4
f 4635/10526/4 4637/10528/4 4636/10527/4
f 4466/10529/20 4636/10530/19 4637/10531/20
f 4637/10531/20 4600/10467/19 4466/10529/20
f 4466/10188/4 4600/10532/4 4486/10533/4
f 4467/10189/4 4466/10188/4 4486/10533/4
f 4631/10524/122 4600/10467/122 4637/10531/122
f 4637/10531/122 4635/10534/122 4631/10524/122
f 4631/10524/42 4632/10535/42 4600/10467/42
f 4628/10536/122 4629/10537/122 4638/10538/122
f 4638/10538/1 4629/10537/24 4627/10517/1
f 4638/10538/122 4599/10464/122 4600/10467/122
f 4639/10539/122 4599/10464/122 4638/10538/122
f 4639/10539/4575 4638/10538/4575 4640/10540/4575
f 4640/10540/42 4641/10541/42 4639/10539/42
f 4599/10464/42 4639/10539/42 4617/10499/42
f 4617/10499/4576 4605/10481/4576 4606/10542/4576
f 4622/10543/122 4620/10544/122 4618/10545/122
f 4599/10464/122 4606/10542/122 4602/10474/122
f 4616/10498/122 4614/10546/122 4612/10547/122
f 4605/10481/122 4612/10547/122 4611/10489/122
f 4605/10481/122 4611/10489/122 4609/10488/122
f 4605/10481/1 4608/10548/2 4607/10479/1
f 4626/10512/122 4624/10549/122 4641/10541/122
f 4641/10541/1 4624/10549/24 4625/10550/1
f 4466/10529/128 4634/10523/127 4636/10530/127
f 4625/10550/127 4623/10511/127 4642/10551/128
f 4461/10496/127 4460/10552/2075 4615/10497/127
f 4481/10219/122 4482/10218/122 4479/10213/122
f 4486/10227/1 4487/10553/24 4485/10225/1
f 4449/10554/135 4450/10243/20 4451/10555/20
f 4453/10244/19 4451/10555/20 4450/10243/20
f 4502/10556/4 4454/10176/4 4456/10178/4
f 4451/10173/4 4454/10176/4 4502/10556/4
f 4457/10179/4 4454/10176/4 4452/10175/4
f 4459/10181/4 4454/10176/4 4458/10180/4
f 4461/10183/4 4454/10176/4 4460/10182/4
f 4643/10557/33 4454/10176/1174 4462/10184/1850
f 4642/10558/4 4454/10176/4 4643/10557/4
f 4463/10185/177 4454/10176/1706 4642/10558/177
f 4634/10559/33 4454/10176/1727 4465/10187/1851
f 4466/10188/4 4454/10176/4 4634/10559/4
f 4469/10193/128 4470/10192/127 4471/10195/128
f 4471/10202/1792 4468/10201/1792 4469/10560/1791
f 4468/10190/4 4467/10189/4 4469/10561/4
f 4480/10214/4494 4467/10191/4577 4484/10221/4578
f 4487/10553/122 4486/10227/122 4482/10218/122
f 4477/10211/122 4486/10227/122 4476/10562/122
f 4486/10227/122 4490/10466/122 4476/10562/122
f 4489/10563/122 4476/10562/122 4490/10466/122
f 4476/10562/4579 4489/10563/4580 4475/10437/4581
f 4488/10231/4329 4489/10230/4507 4644/10564/4329
f 4490/10565/46 4644/10566/46 4489/10567/46
f 4644/10566/46 4490/10565/46 4645/10568/46
f 4490/10232/4 4491/10233/4 4645/10569/4
f 4492/10570/4 4491/10233/4 4453/10174/4
f 4497/10241/210 4493/10236/209 4494/10235/210
f 4496/10239/47 4497/10238/47 4498/10571/47
f 4494/10572/209 4492/10573/209 4497/10574/209
f 4498/10240/122 4492/10234/122 4500/10575/122
f 4500/10575/122 4492/10234/122 4446/10167/122
f 4446/10167/4582 4492/10234/4583 4448/10168/4584
f 4492/10573/4585 4453/10465/4585 4499/10576/4585
f 4500/10247/178 4447/10246/2668 4501/10577/200
f 4646/10578/127 4456/10250/128 4598/10579/127
f 4501/10248/128 4456/10250/128 4646/10578/127
f 4445/10251/128 4456/10250/4501 4447/10249/127
f 4449/10254/4586 4502/10252/125 4445/10251/4587
f 4646/10580/136 4498/10240/2839 4501/10581/138
f 4500/10575/136 4501/10581/137 4498/10240/138
f 4503/10582/1227 4498/10571/1757 4646/10583/328
f 4498/10571/47 4503/10582/47 4496/10239/47
f 4508/10261/66 4513/10268/106 4510/10263/67
f 4513/10268/2730 4514/10267/4588 4516/10270/2605
f 4520/10280/161 4507/10276/160 4519/10279/160
f 4517/10277/2603 4507/10276/2651 4520/10280/4589
f 4532/10584/161 4539/10585/161 4534/10586/160
f 4532/10587/2838 4535/10320/2788 4539/10322/4545
f 4540/10588/47 4550/10353/47 4539/10354/47
f 4541/10346/161 4534/10586/160 4539/10585/4590
f 4547/10333/67 4536/10332/66 4543/10327/107
f 4551/10343/67 4550/10341/106 4535/10320/66
f 4552/10589/42 4559/10375/42 4555/10453/42
f 4552/10590/136 4553/10368/4591 4559/10370/4519
f 4577/10591/42 4558/10374/42 4564/10378/48
f 4558/10374/42 4577/10591/42 4578/10413/42
f 4562/10592/4592 4561/10593/198 4563/10594/4593
f 4565/10595/4592 4563/10594/4594 4561/10593/4593
f 4569/10400/10 4567/10384/9 4560/10388/10
f 4553/10596/11 4572/10399/10 4560/10388/4595
f 4576/10455/4596 4566/10385/2114 4567/10384/4552
f 4505/10258/19 4528/10597/19 4527/10598/20
f 4528/10597/19 4505/10258/20 4504/10256/140
f 4521/10456/2730 4526/10295/4588 4524/10294/2605
f 4521/10289/2644 4519/10599/3415 4594/10600/61
f 4519/10599/2319 4521/10289/83 4520/10601/2792
f 4518/10459/175 4594/10457/20 4519/10602/20
f 4518/10603/4 4506/10604/4 4595/10605/4
f 4512/10266/47 4510/10265/47 4513/10606/47
f 4509/10262/143 4510/10263/4516 4511/10607/4513
f 4503/10582/47 4646/10583/47 4596/10608/47
f 4646/10578/127 4598/10579/128 4596/10609/127
f 4503/10582/47 4596/10608/47 4597/10610/47
f 4455/10611/17 4598/10462/4597 4456/10612/18
f 4597/10463/18 4598/10462/17 4455/10611/18
f 4493/10236/209 4497/10241/209 4495/10613/209
f 4491/10233/4 4492/10570/4 4493/10614/4
f 4452/10476/24 4599/10464/1 4603/10615/1
f 4601/10616/24 4603/10615/1 4599/10464/1
f 4601/10616/122 4599/10464/122 4602/10474/122
f 4606/10542/29 4457/10472/31 4602/10474/31
f 4604/10473/127 4452/10476/128 4603/10615/127
f 4610/10487/127 4458/10480/128 4607/10479/127
f 4610/10487/135 4609/10488/20 4459/10486/20
f 4460/10552/53 4612/10547/52 4613/10617/52
f 4614/10546/53 4613/10617/58 4612/10547/52
f 4462/10618/24 4618/10545/1 4621/10619/1
f 4620/10544/2 4621/10619/1 4618/10545/1
f 4619/10620/29 4622/10543/30 4643/10621/31
f 4639/10539/29 4643/10621/31 4622/10543/31
f 4642/10551/24 4641/10541/1 4625/10550/1
f 4640/10540/136 4463/10510/137 4626/10512/4544
f 4640/10622/4 4464/10186/4 4463/10185/4
f 4464/10519/24 4638/10538/1 4627/10517/1
f 4630/10518/2838 4628/10536/2839 4465/10623/4520
f 4632/10535/2838 4465/10623/2788 4628/10536/2839
f 4635/10534/2 4633/10522/1 4631/10524/1
f 4632/10535/122 4628/10536/122 4638/10538/122
f 4600/10467/243 4632/10535/243 4638/10538/243
f 4639/10624/4 4641/10625/4 4643/10557/4
f 4643/10557/4 4641/10625/4 4642/10558/4
f 4640/10622/2305 4638/10626/5 4464/10186/6
f 4457/10179/4 4605/10478/4 4458/10180/4
f 4599/10464/122 4617/10499/122 4606/10542/122
f 4639/10539/122 4622/10543/122 4618/10545/122
f 4617/10499/4 4639/10539/4 4618/10545/4
f 4461/10183/200 4618/10501/178 4462/10184/32
f 4617/10499/122 4616/10498/122 4612/10547/122
f 4605/10481/4575 4617/10499/4575 4612/10547/4575
f 4608/10548/122 4605/10481/122 4609/10488/122
f 4640/10540/122 4626/10512/122 4641/10541/122
f 4465/10187/200 4631/10521/178 4634/10559/32
f 4636/10530/127 4634/10523/128 4633/10522/127
f 4464/10519/127 4630/10518/127 4465/10623/128
f 4642/10551/127 4623/10511/127 4463/10510/128
f 4462/10618/127 4619/10620/127 4643/10621/128
f 4619/10620/129 4462/10618/128 4621/10619/128
f 4615/10497/129 4460/10552/4598 4613/10617/1952
f 4647/10627/312 4649/10628/4599 4648/10629/312
f 4650/10630/4309 4647/10627/312 4648/10629/312
f 4651/10631/4 4647/10632/4 4650/10633/4
f 4652/10634/4 4651/10631/4 4650/10633/4
f 4653/10635/179 4655/10636/314 4654/10637/387
f 4653/10635/4 4654/10637/4 4656/10638/4
f 4657/10639/4 4658/10640/4 4656/10638/4
f 4659/10641/4 4660/10642/4 4656/10638/4
f 4661/10643/4 4662/10644/4 4656/10638/4
f 4663/10645/4 4664/10646/4 4656/10638/4
f 4665/10647/4 4666/10648/4 4656/10638/4
f 4666/10648/4 4667/10649/4 4656/10638/4
f 4668/10650/4 4669/10651/4 4656/10638/4
f 4656/10638/5 4669/10651/2608 4670/10652/431
f 4669/10653/123 4672/10654/122 4671/10655/122
f 4672/10654/402 4674/10656/122 4673/10657/122
f 4674/10658/4600 4675/10659/4600 4673/10660/4600
f 4676/10661/207 4673/10660/43 4675/10659/4601
f 4676/10662/209 4670/10663/209 4673/10664/209
f 4677/10665/351 4674/10666/350 4678/10667/350
f 4674/10666/350 4672/10668/351 4678/10667/350
f 4679/10669/4 4678/10670/4 4672/10671/4
f 4680/10672/315 4679/10669/176 4672/10671/26
f 4679/10673/4309 4680/10674/312 4681/10675/312
f 4682/10676/311 4681/10675/312 4680/10674/312
f 4681/10677/4 4682/10678/4 4683/10679/4
f 4684/10680/4343 4683/10681/351 4685/10682/350
f 4686/10683/4341 4684/10680/4361 4685/10682/4361
f 4686/10684/4 4687/10685/4 4684/10686/4
f 4687/10687/122 4686/10683/122 4669/10653/122
f 4682/10676/122 4680/10674/122 4669/10653/122
f 4680/10674/122 4672/10654/122 4669/10653/122
f 4686/10683/122 4685/10682/122 4682/10676/122
f 4682/10678/4 4685/10688/4 4683/10679/4
f 4687/10687/350 4669/10653/351 4688/10689/350
f 4689/10690/4 4684/10686/4 4687/10685/4
f 4681/10675/4602 4684/10680/4603 4688/10689/4604
f 4679/10673/553 4681/10675/4605 4688/10689/4606
f 4677/10691/4039 4691/10692/4607 4690/10693/4608
f 4692/10694/2223 4655/10636/708 4693/10695/926
f 4694/10696/4609 4696/10697/4610 4695/10698/4611
f 4697/10699/47 4699/10700/47 4698/10701/47
f 4700/10702/534 4699/10703/566 4694/10696/534
f 4650/10630/4162 4694/10696/476 4701/10704/554
f 4652/10705/4612 4650/10630/4613 4701/10704/4614
f 4701/10704/476 4655/10706/476 4652/10705/534
f 4648/10707/4 4649/10708/4 4702/10709/4
f 4703/10710/401 4649/10711/122 4658/10712/122
f 4658/10712/123 4647/10713/122 4704/10714/122
f 4653/10715/402 4704/10714/122 4651/10716/122
f 4705/10717/4423 4706/10718/4400 4698/10719/4615
f 4707/10720/4616 4698/10719/4616 4706/10718/4616
f 4707/10720/4311 4708/10721/312 4698/10719/312
f 4709/10722/4617 4698/10719/4617 4708/10721/312
f 4710/10723/4617 4698/10719/4617 4709/10722/4450
f 4698/10719/312 4710/10723/4618 4711/10724/312
f 4710/10723/312 4712/10725/4599 4711/10724/312
f 4713/10726/47 4712/10727/47 4714/10728/47
f 4710/10723/254 4716/10729/343 4715/10730/268
f 4716/10729/4309 4717/10731/312 4718/10732/312
f 4716/10733/47 4710/10734/47 4717/10735/47
f 4717/10735/47 4710/10734/47 4709/10736/47
f 4717/10737/271 4709/10738/272 4719/10739/271
f 4720/10740/272 4721/10741/271 4709/10738/271
f 4719/10739/4 4722/10742/4 4715/10743/4
f 4718/10744/4 4719/10739/4 4715/10743/4
f 4717/10731/312 4719/10745/311 4718/10732/312
f 4714/10746/4619 4715/10743/3775 4722/10742/4620
f 4722/10742/4621 4723/10747/4622 4714/10746/4623
f 4723/10747/4624 4724/10748/4625 4714/10746/4626
f 4725/10749/34 4724/10750/374 4723/10751/314
f 4726/10752/4 4725/10753/4 4723/10747/4
f 4727/10754/312 4725/10755/311 4726/10756/312
f 4728/10757/4309 4727/10754/312 4726/10756/312
f 4708/10758/47 4727/10759/47 4728/10760/47
f 4707/10761/399 4727/10759/2800 4708/10758/4627
f 4727/10762/4628 4707/10763/4629 4725/10753/4629
f 4724/10748/4630 4725/10753/4631 4707/10763/4632
f 4729/10764/4629 4724/10748/4629 4707/10763/4628
f 4730/10765/221 4731/10766/222 4729/10767/223
f 4724/10750/47 4729/10767/47 4731/10766/47
f 4714/10746/4633 4724/10748/4634 4731/10768/4635
f 4732/10769/312 4714/10770/311 4731/10771/312
f 4733/10772/311 4732/10769/312 4731/10771/312
f 4733/10773/47 4734/10774/47 4732/10775/47
f 4735/10776/47 4732/10775/47 4734/10774/47
f 4736/10777/47 4735/10776/47 4734/10774/47
f 4737/10778/47 4734/10774/47 4733/10773/47
f 4738/10779/47 4739/10780/90 4733/10773/47
f 4740/10781/47 4738/10779/47 4733/10773/47
f 4737/10778/3434 4733/10773/392 4739/10780/2203
f 4737/10782/4636 4742/10783/4599 4741/10784/312
f 4735/10785/4637 4736/10786/4638 4743/10787/4639
f 4735/10785/4400 4743/10787/4640 4744/10788/4641
f 4745/10789/312 4744/10788/312 4743/10787/312
f 4746/10790/4642 4744/10788/4643 4745/10789/4399
f 4740/10791/4644 4746/10790/4232 4745/10789/4645
f 4747/10792/4309 4740/10791/312 4745/10789/312
f 4738/10779/47 4740/10781/47 4747/10793/47
f 4738/10794/268 4747/10792/252 4745/10789/268
f 4738/10794/4636 4749/10795/4599 4748/10796/312
f 4748/10796/4646 4739/10797/4309 4738/10794/4311
f 4750/10798/4384 4739/10799/4317 4748/10800/461
f 4748/10800/4384 4751/10801/269 4750/10798/4315
f 4751/10802/311 4752/10803/312 4750/10804/312
f 4753/10805/311 4750/10804/312 4752/10803/312
f 4750/10806/47 4753/10807/47 4737/10778/47
f 4752/10803/4382 4742/10783/327 4737/10782/4383
f 4750/10806/47 4737/10778/47 4739/10780/47
f 4743/10808/4647 4752/10809/4648 4751/10801/4649
f 4745/10810/47 4751/10811/47 4748/10812/47
f 4748/10812/47 4749/10813/47 4745/10810/47
f 4743/10814/4650 4751/10811/4651 4745/10810/4652
f 4752/10815/47 4743/10814/47 4741/10816/47
f 4746/10817/47 4755/10818/47 4754/10819/47
f 4744/10820/4653 4746/10817/399 4754/10819/633
f 4754/10819/47 4756/10821/47 4744/10820/47
f 4754/10819/47 4757/10822/47 4756/10821/47
f 4756/10823/4654 4757/10824/4423 4758/10825/4401
f 4759/10826/4654 4758/10825/4401 4757/10824/4402
f 4759/10827/392 4760/10828/362 4758/10829/968
f 4755/10830/312 4762/10831/311 4761/10832/312
f 4761/10833/47 4762/10834/47 4763/10835/47
f 4760/10836/475 4761/10837/4042 4764/10838/4036
f 4765/10839/4655 4766/10840/4656 4760/10836/4657
f 4764/10838/4658 4765/10839/4659 4760/10836/4660
f 4763/10835/47 4764/10841/47 4761/10833/47
f 4765/10842/4 4767/10843/4 4766/10844/255
f 4768/10845/5 4766/10844/2147 4767/10843/2824
f 4769/10846/42 4768/10847/505 4767/10848/505
f 4769/10846/42 4767/10848/42 4763/10849/42
f 4763/10849/4661 4762/10850/4462 4769/10846/4550
f 4770/10851/47 4769/10852/47 4771/10853/47
f 4771/10853/2436 4772/10854/399 4770/10851/3775
f 4773/10855/312 4772/10856/311 4771/10857/312
f 4774/10858/4309 4773/10855/312 4771/10857/312
f 4774/10859/47 4755/10818/47 4773/10860/47
f 4773/10860/47 4755/10818/47 4746/10817/47
f 4762/10850/42 4774/10861/42 4771/10862/42
f 4775/10863/4360 4769/10846/4662 4770/10864/4361
f 4776/10865/4662 4775/10863/4340 4770/10864/4361
f 4776/10866/47 4777/10867/47 4775/10868/47
f 4775/10868/400 4777/10867/4663 4778/10869/4627
f 4777/10867/47 4768/10870/47 4778/10869/47
f 4778/10871/47 4768/10872/47 4779/10873/47
f 4766/10874/328 4779/10873/341 4768/10872/221
f 4780/10875/4664 4779/10876/4665 4766/10877/4664
f 4780/10878/47 4766/10879/47 4781/10880/47
f 4766/10879/47 4782/10881/47 4781/10880/47
f 4782/10882/351 4766/10883/350 4783/10884/350
f 4784/10885/4341 4783/10884/4340 4777/10886/4361
f 4768/10887/350 4777/10886/4310 4783/10884/350
f 4766/10883/350 4768/10887/350 4783/10884/4666
f 4783/10888/4 4784/10889/4 4785/10890/4
f 4786/10891/275 4785/10890/2147 4784/10889/2824
f 4785/10892/351 4786/10893/350 4787/10894/350
f 4788/10895/399 4789/10896/2199 4787/10897/4667
f 4790/10898/4350 4787/10897/382 4789/10896/1660
f 4677/10899/4668 4791/10900/4669 4792/10901/4670
f 4792/10901/4671 4674/10656/4672 4677/10899/2427
f 4789/10902/2801 4788/10903/382 4793/10904/2665
f 4794/10905/209 4793/10906/209 4788/10907/209
f 4786/10893/209 4794/10905/209 4788/10907/209
f 4794/10908/141 4786/10909/274 4784/10910/431
f 4786/10893/350 4788/10907/351 4787/10894/350
f 4760/10836/4673 4780/10875/4662 4781/10911/4340
f 4795/10912/4662 4760/10836/4361 4781/10911/4673
f 4760/10828/899 4795/10913/328 4758/10829/341
f 4760/10836/475 4759/10914/475 4761/10837/475
f 4759/10914/475 4757/10915/474 4761/10837/474
f 4778/10871/47 4779/10873/47 4780/10916/47
f 4769/10846/42 4775/10863/42 4778/10917/42
f 4708/10721/254 4728/10757/252 4723/10918/268
f 4796/10919/252 4708/10721/268 4723/10918/268
f 4797/10920/312 4796/10919/311 4720/10921/312
f 4797/10920/253 4708/10721/4319 4796/10919/4468
f 4709/10738/4 4708/10922/4 4720/10740/4
f 4798/10923/46 4800/10924/46 4799/10925/46
f 4801/10926/4674 4655/10927/4675 4692/10928/4676
f 4802/10929/191 4801/10926/4677 4692/10928/4678
f 4692/10928/4679 4688/10689/4680 4802/10929/4679
f 4801/10930/816 4654/10637/403 4655/10636/2147
f 4803/10931/2147 4804/10932/529 4805/10933/804
f 4659/10934/312 4806/10935/311 4804/10936/312
f 4806/10937/314 4805/10933/313 4804/10932/314
f 4659/10934/122 4654/10938/122 4806/10935/122
f 4659/10641/4 4808/10939/4 4807/10940/4
f 4809/10941/309 4660/10942/489 4807/10943/4206
f 4810/10944/2147 4811/10945/816 4809/10946/547
f 4812/10947/387 4809/10946/179 4811/10945/314
f 4661/10948/122 4660/10942/122 4812/10949/122
f 4811/10950/312 4813/10951/4309 4661/10948/312
f 4661/10643/4 4813/10952/4 4662/10644/4
f 4662/10644/4 4813/10952/4 4814/10953/4
f 4815/10954/315 4816/10955/176 4817/10956/26
f 4818/10957/4 4817/10956/4 4816/10955/4
f 4663/10958/4475 4817/10959/4232 4818/10960/4231
f 4818/10960/4410 4819/10961/4232 4663/10958/4410
f 4663/10645/4 4819/10962/4 4820/10963/4
f 4821/10964/4 4823/10965/4 4822/10966/4
f 4824/10967/4 4821/10964/4 4822/10966/4
f 4825/10968/4 4827/10969/4 4826/10970/4
f 4828/10971/4 4825/10968/4 4826/10970/4
f 4665/10972/312 4825/10973/311 4828/10974/312
f 4829/10975/4 4831/10976/4 4830/10977/4
f 4832/10978/4 4829/10975/4 4830/10977/4
f 4829/10979/122 4832/10980/122 4666/10981/122
f 4667/10649/4 4834/10982/4 4833/10983/4
f 4835/10984/309 4836/10985/4205 4833/10986/309
f 4835/10987/315 4837/10988/176 4838/10989/26
f 4837/10988/4 4839/10990/4 4838/10989/256
f 4668/10991/4399 4838/10992/4639 4839/10993/4638
f 4839/10993/4681 4802/10929/4400 4668/10991/4423
f 4668/10650/4 4802/10994/4 4688/10995/4
f 4669/10651/4 4668/10650/4 4688/10995/4
f 4833/10986/534 4802/10929/476 4839/10993/534
f 4839/10993/534 4837/10996/476 4833/10986/534
f 4833/10986/47 4834/10997/47 4802/10929/47
f 4830/10998/534 4831/10999/476 4840/11000/476
f 4840/11000/4361 4831/10999/4341 4829/10979/4361
f 4840/11000/4682 4801/10926/4683 4802/10929/4684
f 4841/11001/4685 4801/10926/4686 4840/11000/4687
f 4841/11001/4688 4840/11000/4688 4842/11002/4688
f 4842/11002/209 4843/11003/209 4841/11001/209
f 4801/10926/4689 4841/11001/4689 4819/10961/4690
f 4819/10961/4691 4807/10943/4691 4808/11004/4691
f 4824/11005/476 4822/11006/476 4820/11007/476
f 4801/10926/534 4808/11004/476 4804/10936/534
f 4818/10960/4692 4816/11008/569 4814/11009/701
f 4807/10943/4 4814/11009/4 4813/10951/4
f 4807/10943/534 4813/10951/476 4811/10950/534
f 4807/10943/4206 4810/11010/489 4809/10941/487
f 4828/10974/534 4826/11011/476 4843/11003/534
f 4843/11003/4693 4826/11011/351 4827/11012/350
f 4668/10991/122 4836/10985/122 4838/10992/122
f 4827/11012/122 4825/10973/122 4844/11013/122
f 4663/10958/122 4662/11014/122 4817/10959/122
f 4683/10681/476 4684/10680/4296 4681/10675/4603
f 4688/10689/350 4689/11015/351 4687/10687/350
f 4651/11016/311 4652/10705/312 4653/11017/312
f 4655/10706/4309 4653/11017/312 4652/10705/312
f 4704/11018/4 4656/10638/4 4658/10640/4
f 4653/10635/4 4656/10638/4 4704/11018/4
f 4659/10641/4 4656/10638/4 4654/10637/4
f 4661/10643/4 4656/10638/4 4660/10642/4
f 4663/10645/4 4656/10638/4 4662/10644/4
f 4845/11019/4 4656/10638/4 4664/10646/4
f 4844/11020/4 4656/10638/4 4845/11019/4
f 4665/10647/4 4656/10638/4 4844/11020/4
f 4836/11021/4 4656/10638/8 4667/10649/4
f 4668/10650/4 4656/10638/4 4836/11021/4
f 4671/10655/402 4672/10654/122 4673/10657/122
f 4673/10664/209 4670/10663/209 4671/11022/209
f 4670/10652/4 4669/10651/4 4671/11023/4
f 4682/10676/4694 4669/10653/4695 4686/10683/4696
f 4689/11015/476 4688/10689/476 4684/10680/476
f 4679/10673/476 4688/10689/476 4678/11024/476
f 4688/10689/4604 4692/10928/4697 4678/11024/4698
f 4691/11025/534 4678/11024/534 4692/10928/476
f 4678/11024/548 4691/11025/4699 4677/10899/4700
f 4690/10693/4039 4691/10692/4040 4846/11026/4040
f 4692/11027/807 4846/11028/4335 4691/11029/4701
f 4846/11028/293 4692/11027/276 4847/11030/276
f 4692/10694/428 4693/10695/529 4847/11031/816
f 4694/11032/4 4693/10695/4 4655/10636/4
f 4699/10703/4702 4695/10698/4703 4696/10697/4611
f 4698/10701/47 4699/10700/47 4700/11033/47
f 4696/11034/46 4694/11035/46 4699/11036/46
f 4700/10702/534 4694/10696/4296 4702/11037/534
f 4702/11037/476 4694/10696/476 4648/10629/534
f 4648/10629/534 4694/10696/534 4650/10630/476
f 4694/11035/4704 4655/10927/4705 4701/11038/42
f 4702/10709/4 4649/10708/4 4703/11039/4
f 4848/11040/4706 4658/10712/4707 4800/11041/4582
f 4703/10710/122 4658/10712/122 4848/11040/122
f 4647/10713/122 4658/10712/122 4649/10711/401
f 4651/10716/121 4704/10714/4708 4647/10713/4709
f 4848/11042/4400 4700/10702/4401 4703/11043/4401
f 4702/11037/4400 4703/11043/4423 4700/10702/4401
f 4705/11044/47 4700/11033/47 4848/11045/47
f 4700/11033/47 4705/11044/47 4698/10701/47
f 4710/10723/254 4715/10730/268 4712/10725/252
f 4715/10730/252 4716/10729/252 4718/10732/268
f 4722/10742/272 4709/10738/271 4721/10741/271
f 4719/10739/272 4709/10738/4710 4722/10742/271
f 4734/11046/4317 4741/11047/461 4736/11048/4384
f 4734/11049/4309 4737/10782/4311 4741/10784/4646
f 4742/11050/47 4752/10815/47 4741/10816/47
f 4743/10808/502 4736/11048/4315 4741/11047/4384
f 4749/10795/252 4738/10794/268 4745/10789/268
f 4753/10805/4319 4752/10803/253 4737/10782/4382
f 4754/11051/475 4761/10837/474 4757/10915/4711
f 4754/11052/4309 4755/10830/312 4761/10832/312
f 4779/11053/799 4760/10836/4712 4766/10840/4655
f 4760/10836/474 4779/11053/475 4780/10875/475
f 4764/11054/4713 4763/11055/4714 4765/11056/4715
f 4767/11057/4713 4765/11056/4716 4763/11055/4715
f 4771/10862/42 4769/10846/42 4762/10850/42
f 4755/11058/42 4774/10861/42 4762/10850/42
f 4778/10917/42 4768/10847/42 4769/10846/48
f 4707/10720/311 4730/11059/312 4729/11060/312
f 4730/11059/311 4707/10720/312 4706/10718/4311
f 4723/10918/252 4728/10757/252 4726/10756/268
f 4723/10751/222 4721/11061/223 4796/11062/221
f 4721/11061/329 4723/10751/1757 4722/11063/328
f 4720/10921/4309 4796/10919/4618 4721/11064/312
f 4720/11065/314 4708/11066/34 4797/11067/374
f 4714/10728/47 4712/10727/47 4715/11068/47
f 4711/10724/312 4712/10725/311 4713/11069/312
f 4705/11044/47 4848/11045/47 4798/11070/47
f 4848/11040/122 4800/11041/122 4798/11071/122
f 4705/11044/47 4798/11070/47 4799/11072/47
f 4657/11073/46 4800/10924/46 4658/11074/46
f 4799/10925/211 4800/10924/46 4657/11073/46
f 4695/10698/498 4699/10703/4717 4697/11075/4718
f 4693/10695/816 4694/11032/141 4695/11076/432
f 4654/10938/411 4801/10926/350 4805/11077/350
f 4803/11078/351 4805/11077/350 4801/10926/350
f 4803/11078/476 4801/10926/476 4804/10936/534
f 4808/11004/4639 4659/10934/4638 4804/10936/4399
f 4806/10935/122 4654/10938/122 4805/11077/122
f 4812/10949/122 4660/10942/122 4809/10941/122
f 4812/10949/311 4811/10950/312 4661/10948/312
f 4662/11014/351 4814/11009/350 4815/11079/350
f 4816/11008/351 4815/11079/350 4814/11009/350
f 4664/11080/4341 4820/11007/4340 4823/11081/4361
f 4822/11006/4341 4823/11081/4361 4820/11007/4361
f 4821/11082/4400 4824/11005/4423 4845/11083/4401
f 4841/11001/4400 4845/11083/4423 4824/11005/4401
f 4844/11013/411 4843/11003/350 4827/11012/350
f 4842/11002/4309 4665/10972/312 4828/10974/312
f 4842/11084/4 4666/10648/4 4665/10647/4
f 4666/10981/4341 4840/11000/4376 4829/10979/4361
f 4832/10980/4232 4830/10998/4231 4667/11085/4410
f 4834/10997/4232 4667/11085/4410 4830/10998/4475
f 4837/10996/4205 4835/10984/4421 4833/10986/309
f 4834/10997/476 4830/10998/534 4840/11000/476
f 4802/10929/4719 4834/10997/4720 4840/11000/4721
f 4841/11086/4 4843/11087/4 4845/11019/4
f 4845/11019/4 4843/11087/4 4844/11020/4
f 4842/11084/4 4840/11088/4 4666/10648/4
f 4659/10641/4 4807/10940/4 4660/10642/4
f 4801/10926/4722 4819/10961/4722 4808/11004/4722
f 4841/11001/569 4824/11005/701 4820/11007/4692
f 4819/10961/4723 4841/11001/4724 4820/11007/2068
f 4663/10645/4 4820/10963/4 4664/10646/4
f 4819/10961/554 4818/10960/534 4814/11009/4725
f 4807/10943/3864 4819/10961/3864 4814/11009/3864
f 4810/11010/476 4807/10943/534 4811/10950/534
f 4842/11002/476 4828/10974/534 4843/11003/534
f 4667/10649/315 4833/10983/283 4836/11021/26
f 4838/10992/122 4836/10985/122 4835/10984/122
f 4666/10981/122 4832/10980/122 4667/11085/122
f 4844/11013/122 4825/10973/122 4665/10972/122
f 4664/11080/122 4821/11082/122 4845/11083/122
f 4821/11082/122 4664/11080/122 4823/11081/122
f 4817/10959/122 4662/11014/122 4815/11079/122
f 146/11089/47 29/33/47 28/32/47
f 145/11090/400 31/65/131 44/67/4627
f 144/11091/19 143/11092/20 145/11093/20
f 146/11094/19 145/11093/20 143/11092/20
f 348/11095/47 231/495/47 230/494/47
f 347/11096/47 233/527/47 246/529/152
f 346/11097/270 345/11098/267 347/11099/377
f 348/11100/271 347/11099/272 345/11098/272
f 550/11101/47 433/957/47 432/956/47
f 549/11102/2212 435/989/3083 448/991/2455
f 548/11103/541 547/11104/540 549/11105/540
f 550/11106/541 549/11105/540 547/11104/540
f 752/11107/372 635/1419/307 634/1418/612
f 751/11108/1272 637/1451/967 650/1453/4726
f 750/11109/857 749/11110/856 751/11111/856
f 752/11112/858 751/11111/856 749/11110/856
f 954/11113/47 837/1881/47 836/1880/47
f 953/11114/47 839/1913/47 852/1915/47
f 952/11115/1149 951/11116/1148 953/11117/1148
f 954/11118/1150 953/11117/1148 951/11116/1148
f 1156/11119/47 1039/2343/47 1038/2342/47
f 1155/11120/47 1041/2375/47 1054/2377/47
f 1154/11121/1243 1153/11122/1451 1155/11123/1451
f 1156/11124/1202 1155/11123/1451 1153/11122/1451
f 1358/11125/1987 1241/2805/3415 1240/2804/1503
f 1357/11126/47 1243/2837/47 1256/2839/152
f 1356/11127/1703 1355/11128/1704 1357/11129/1704
f 1358/11130/1704 1357/11129/1704 1355/11128/1704
f 1560/11131/47 1443/3267/47 1442/3266/47
f 1559/11132/82 1445/3299/4727 1458/3301/1804
f 1558/11133/2122 1557/11134/1939 1559/11135/4728
f 1560/11136/1945 1559/11135/1939 1557/11134/2028
f 1762/11137/47 1645/3729/47 1644/3728/152
f 1761/11138/47 1647/3761/47 1660/3763/152
f 1760/11139/2229 1759/11140/2230 1761/11141/4729
f 1762/11142/2229 1761/11141/2230 1759/11140/2235
f 1964/11143/1254 1847/4191/2455 1846/4190/2212
f 1963/11144/1545 1849/4223/939 1862/4225/1662
f 1962/11145/903 1961/11146/902 1963/11147/902
f 1964/11148/901 1963/11147/902 1961/11146/902
f 2166/11149/47 2049/4653/47 2048/4652/152
f 2165/11150/47 2051/4685/47 2064/4687/47
f 2164/11151/66 2163/11152/67 2165/11153/67
f 2166/11154/66 2165/11153/67 2163/11152/67
f 2368/11155/47 2251/5115/47 2250/5114/47
f 2367/11156/47 2253/5147/47 2266/5149/47
f 2366/11157/160 2365/11158/161 2367/11159/161
f 2368/11160/160 2367/11159/161 2365/11158/161
f 2570/11161/307 2453/5577/612 2452/5576/613
f 2569/11162/1544 2455/5609/2437 2468/5611/1662
f 2568/11163/907 2567/11164/906 2569/11165/906
f 2570/11166/905 2569/11165/906 2567/11164/906
f 2772/11167/152 2655/6039/47 2654/6038/47
f 2771/11168/47 2657/6071/152 2670/6073/47
f 2770/11169/586 2769/11170/2171 2771/11171/2171
f 2772/11172/586 2771/11171/587 2769/11170/587
f 2974/11173/47 2857/6501/47 2856/6500/47
f 2973/11174/47 2859/6533/47 2872/6535/47
f 2972/11175/1775 2971/11176/1740 2973/11177/1740
f 2974/11178/1740 2973/11177/1740 2971/11176/1740
f 3176/11179/336 3059/6963/1397 3058/6962/1781
f 3175/11180/47 3061/6995/47 3074/6997/47
f 3174/11181/1691 3173/11182/1690 3175/11183/1690
f 3176/11184/1690 3175/11183/1690 3173/11182/1690
f 3378/11185/47 3261/7425/47 3260/7424/47
f 3377/11186/47 3263/7457/47 3276/7459/47
f 3376/11187/1250 3375/11188/1250 3377/11189/1250
f 3378/11190/1250 3377/11189/1240 3375/11188/1240
f 3580/11191/47 3463/7887/47 3462/7886/47
f 3579/11192/47 3465/7919/47 3478/7921/47
f 3578/11193/1327 3577/11194/1308 3579/11195/4730
f 3580/11196/1124 3579/11195/1127 3577/11194/1127
f 3782/11197/47 3665/8349/47 3664/8348/47
f 3781/11198/47 3667/8381/47 3680/8383/47
f 3780/11199/833 3779/11200/833 3781/11201/833
f 3782/11202/833 3781/11201/833 3779/11200/833
f 3984/11203/47 3867/8811/47 3866/8810/90
f 3983/11204/47 3869/8843/47 3882/8845/47
f 3982/11205/526 3981/11206/527 3983/11207/527
f 3984/11208/526 3983/11207/527 3981/11206/527
f 4186/11209/47 4069/9273/47 4068/9272/47
f 4185/11210/47 4071/9305/47 4084/9307/47
f 4184/11211/326 4183/11212/429 4185/11213/429
f 4186/11214/326 4185/11213/4244 4183/11212/429
f 4388/11215/47 4271/9735/47 4270/9734/47
f 4387/11216/47 4273/9767/47 4286/9769/47
f 4386/11217/311 4385/11218/312 4387/11219/312
f 4388/11220/311 4387/11219/312 4385/11218/312
f 4590/11221/47 4473/10197/47 4472/10196/47
f 4589/11222/47 4475/10229/47 4488/10231/47
f 4588/11223/24 4587/11224/1 4589/11225/1
f 4590/11226/24 4589/11225/1 4587/11224/1
f 4792/11227/47 4675/10659/47 4674/10658/47
f 4791/11228/47 4677/10691/47 4690/10693/47
f 4790/11229/351 4789/11230/350 4791/11231/350
f 4792/11232/351 4791/11231/350 4789/11230/350
