# Blender v2.90.1 OBJ File: 'gateTollan.blend'
# www.blender.org
v 0.364118 4.510785 0.215541
v -0.346007 4.512210 0.215541
v -1.047613 4.402530 0.215541
v -1.723422 4.184445 0.215541
v -2.356795 3.863325 0.215541
v -2.932136 3.447077 0.215541
v -3.435279 2.945950 0.215541
v -3.853833 2.372285 0.215541
v -4.177493 1.740206 0.215541
v -4.398289 1.065277 0.215541
v -4.510785 0.364117 0.215541
v -4.512210 -0.346008 0.215541
v -4.402530 -1.047614 0.215541
v -4.184444 -1.723424 0.215541
v -3.863324 -2.356797 0.215541
v -3.447075 -2.932138 0.215541
v -2.945948 -3.435280 0.215541
v -2.372283 -3.853834 0.215541
v -1.740203 -4.177494 0.215541
v -1.065274 -4.398290 0.215541
v -0.364114 -4.510785 0.215541
v 0.346011 -4.512210 0.215541
v 1.047617 -4.402529 0.215541
v 1.723426 -4.184443 0.215541
v 2.356800 -3.863322 0.215541
v 2.932140 -3.447073 0.215541
v 3.435282 -2.945946 0.215541
v 3.853836 -2.372280 0.215541
v 4.177495 -1.740200 0.215541
v 4.398291 -1.065271 0.215541
v 4.510786 -0.364111 0.215541
v 4.512210 0.346014 0.215541
v 4.402528 1.047620 0.215541
v 4.184442 1.723429 0.215541
v 3.863321 2.356802 0.215541
v 3.447072 2.932142 0.215541
v 2.945944 3.435284 0.215541
v 2.372277 3.853837 0.215541
v 1.740198 4.177496 0.215541
v 1.065268 4.398292 0.215541
v 0.364118 4.510785 -0.167929
v -0.346007 4.512210 -0.167929
v -1.047613 4.402530 -0.167929
v -1.723422 4.184445 -0.167929
v -2.356795 3.863325 -0.167929
v -2.932136 3.447077 -0.167929
v -3.435279 2.945950 -0.167929
v -3.853833 2.372285 -0.167929
v -4.177493 1.740206 -0.167929
v -4.398289 1.065277 -0.167929
v -4.510785 0.364117 -0.167929
v -4.512210 -0.346008 -0.167929
v -4.402530 -1.047614 -0.167929
v -4.184444 -1.723424 -0.167929
v -3.863324 -2.356797 -0.167929
v -3.447075 -2.932138 -0.167929
v -2.945948 -3.435280 -0.167929
v -2.372283 -3.853834 -0.167929
v -1.740203 -4.177494 -0.167929
v -1.065274 -4.398290 -0.167929
v -0.364114 -4.510785 -0.167929
v 0.346011 -4.512210 -0.167929
v 1.047617 -4.402529 -0.167929
v 1.723426 -4.184443 -0.167929
v 2.356800 -3.863322 -0.167929
v 2.932140 -3.447073 -0.167929
v 3.435282 -2.945946 -0.167929
v 3.853836 -2.372280 -0.167929
v 4.177495 -1.740200 -0.167929
v 4.398291 -1.065271 -0.167929
v 4.510786 -0.364111 -0.167929
v 4.512210 0.346014 -0.167929
v 4.402528 1.047620 -0.167929
v 4.184442 1.723429 -0.167929
v 3.863321 2.356802 -0.167929
v 3.447072 2.932142 -0.167929
v 2.945944 3.435284 -0.167929
v 2.372277 3.853837 -0.167929
v 1.740198 4.177496 -0.167929
v 1.065268 4.398292 -0.167929
v 0.388523 4.813120 0.232486
v -0.369199 4.814641 0.232485
v -1.117829 4.697609 0.232485
v -1.838935 4.464908 0.232485
v -2.514759 4.122264 0.232485
v -3.128663 3.678117 0.232485
v -3.665528 3.143402 0.232485
v -4.112136 2.531287 0.232485
v -4.457489 1.856843 0.232485
v -4.693085 1.136677 0.232485
v -4.813120 0.388522 0.232485
v -4.814642 -0.369200 0.232485
v -4.697609 -1.117830 0.232485
v -4.464907 -1.838936 0.232485
v -4.122263 -2.514761 0.232485
v -3.678116 -3.128665 0.232485
v -3.143401 -3.665530 0.232485
v -2.531285 -4.112138 0.232485
v -1.856840 -4.457490 0.232485
v -1.136674 -4.693086 0.232485
v -0.388519 -4.813121 0.232485
v 0.369203 -4.814641 0.232485
v 1.117833 -4.697608 0.232485
v 1.838939 -4.464906 0.232485
v 2.514764 -4.122262 0.232485
v 3.128667 -3.678114 0.232485
v 3.665532 -3.143398 0.232485
v 4.112139 -2.531282 0.232485
v 4.457492 -1.856837 0.232485
v 4.693087 -1.136671 0.232485
v 4.813121 -0.388516 0.232485
v 4.814641 0.369206 0.232485
v 4.697608 1.117836 0.232485
v 4.464904 1.838942 0.232485
v 4.122260 2.514766 0.232485
v 3.678111 3.128669 0.232485
v 3.143396 3.665534 0.232485
v 2.531279 4.112141 0.232485
v 1.856834 4.457493 0.232485
v 1.136668 4.693087 0.232485
v 0.388523 4.813120 0.018720
v -0.369199 4.814641 0.018720
v -1.117829 4.697609 0.018720
v -1.838935 4.464908 0.018720
v -2.514759 4.122264 0.018720
v -3.128663 3.678117 0.018720
v -3.665528 3.143402 0.018720
v -4.112136 2.531287 0.018720
v -4.457489 1.856843 0.018720
v -4.693085 1.136677 0.018720
v -4.813120 0.388522 0.018720
v -4.814642 -0.369200 0.018720
v -4.697609 -1.117830 0.018720
v -4.464907 -1.838936 0.018720
v -4.122263 -2.514761 0.018720
v -3.678116 -3.128665 0.018720
v -3.143401 -3.665530 0.018720
v -2.531285 -4.112138 0.018720
v -1.856840 -4.457490 0.018720
v -1.136674 -4.693086 0.018720
v -0.388519 -4.813121 0.018720
v 0.369203 -4.814641 0.018720
v 1.117833 -4.697608 0.018720
v 1.838939 -4.464906 0.018720
v 2.514764 -4.122262 0.018720
v 3.128667 -3.678114 0.018720
v 3.665532 -3.143398 0.018720
v 4.112139 -2.531282 0.018720
v 4.457492 -1.856837 0.018720
v 4.693087 -1.136671 0.018720
v 4.813121 -0.388516 0.018720
v 4.814641 0.369206 0.018720
v 4.697608 1.117836 0.018720
v 4.464904 1.838942 0.018720
v 4.122260 2.514766 0.018720
v 3.678111 3.128669 0.018720
v 3.143396 3.665534 0.018720
v 2.531279 4.112141 0.018720
v 1.856834 4.457493 0.018720
v 1.136668 4.693087 0.018720
v 0.328525 4.069854 0.213759
v -0.312185 4.071140 0.213759
v -0.945208 3.972181 0.213759
v -1.554957 3.775413 0.213759
v -2.126417 3.485683 0.213758
v -2.645519 3.110123 0.213758
v -3.099479 2.657982 0.213758
v -3.477119 2.140393 0.213758
v -3.769141 1.570100 0.213758
v -3.968355 0.961145 0.213758
v -4.069854 0.328524 0.213758
v -4.071139 -0.312186 0.213758
v -3.972180 -0.945209 0.213758
v -3.775413 -1.554958 0.213758
v -3.485682 -2.126419 0.213758
v -3.110122 -2.645520 0.213758
v -2.657981 -3.099480 0.213758
v -2.140391 -3.477120 0.213758
v -1.570097 -3.769142 0.213758
v -0.961143 -3.968355 0.213758
v -0.328522 -4.069854 0.213758
v 0.312189 -4.071139 0.213758
v 0.945212 -3.972180 0.213758
v 1.554961 -3.775412 0.213758
v 2.126421 -3.485681 0.213758
v 2.645523 -3.110121 0.213758
v 3.099482 -2.657979 0.213758
v 3.477122 -2.140388 0.213758
v 3.769143 -1.570095 0.213758
v 3.968356 -0.961140 0.213758
v 4.069854 -0.328519 0.213758
v 4.071139 0.312191 0.213758
v 3.972179 0.945214 0.213758
v 3.775411 1.554963 0.213758
v 3.485679 2.126423 0.213758
v 3.110119 2.645524 0.213758
v 2.657977 3.099483 0.213758
v 2.140386 3.477123 0.213759
v 1.570092 3.769144 0.213759
v 0.961138 3.968356 0.213759
v 0.328525 4.069854 -0.098425
v -0.312185 4.071140 -0.098425
v -0.945208 3.972181 -0.098425
v -1.554957 3.775413 -0.098425
v -2.126417 3.485683 -0.098425
v -2.645519 3.110123 -0.098425
v -3.099479 2.657982 -0.098425
v -3.477119 2.140393 -0.098425
v -3.769141 1.570100 -0.098425
v -3.968355 0.961145 -0.098425
v -4.069854 0.328524 -0.098425
v -4.071139 -0.312186 -0.098425
v -3.972180 -0.945209 -0.098425
v -3.775413 -1.554958 -0.098425
v -3.485682 -2.126419 -0.098425
v -3.110122 -2.645520 -0.098425
v -2.657981 -3.099480 -0.098425
v -2.140391 -3.477120 -0.098425
v -1.570097 -3.769142 -0.098425
v -0.961143 -3.968355 -0.098425
v -0.328522 -4.069854 -0.098425
v 0.312189 -4.071139 -0.098425
v 0.945212 -3.972180 -0.098425
v 1.554961 -3.775412 -0.098425
v 2.126421 -3.485681 -0.098425
v 2.645523 -3.110121 -0.098425
v 3.099482 -2.657979 -0.098425
v 3.477122 -2.140388 -0.098425
v 3.769143 -1.570095 -0.098425
v 3.968356 -0.961140 -0.098425
v 4.069854 -0.328519 -0.098425
v 4.071139 0.312191 -0.098425
v 3.972179 0.945214 -0.098425
v 3.775411 1.554963 -0.098425
v 3.485679 2.126423 -0.098425
v 3.110119 2.645524 -0.098425
v 2.657977 3.099483 -0.098425
v 2.140386 3.477123 -0.098425
v 1.570092 3.769144 -0.098425
v 0.961138 3.968356 -0.098425
v 0.318244 3.942490 0.210968
v -0.302415 3.943736 0.210968
v -0.915628 3.847874 0.210968
v -1.506296 3.657264 0.210968
v -2.059873 3.376601 0.210968
v -2.562729 3.012794 0.210968
v -3.002482 2.574803 0.210968
v -3.368305 2.073411 0.210968
v -3.651188 1.520965 0.210968
v -3.844167 0.931067 0.210968
v -3.942490 0.318243 0.210968
v -3.943735 -0.302416 0.210968
v -3.847873 -0.915630 0.210968
v -3.657264 -1.506297 0.210968
v -3.376600 -2.059874 0.210968
v -3.012793 -2.562730 0.210968
v -2.574801 -3.002484 0.210968
v -2.073409 -3.368306 0.210967
v -1.520962 -3.651189 0.210967
v -0.931064 -3.844168 0.210967
v -0.318241 -3.942490 0.210967
v 0.302419 -3.943735 0.210967
v 0.915632 -3.847873 0.210967
v 1.506299 -3.657263 0.210967
v 2.059876 -3.376598 0.210968
v 2.562732 -3.012791 0.210968
v 3.002485 -2.574799 0.210968
v 3.368307 -2.073406 0.210968
v 3.651190 -1.520960 0.210968
v 3.844168 -0.931062 0.210968
v 3.942490 -0.318238 0.210968
v 3.943735 0.302421 0.210968
v 3.847872 0.915635 0.210968
v 3.657262 1.506302 0.210968
v 3.376597 2.059878 0.210968
v 3.012789 2.562734 0.210968
v 2.574797 3.002487 0.210968
v 2.073404 3.368309 0.210968
v 1.520958 3.651191 0.210968
v 0.931059 3.844169 0.210968
v 0.318244 3.942490 0.038197
v -0.302415 3.943736 0.038197
v -0.915628 3.847874 0.038197
v -1.506296 3.657264 0.038197
v -2.059873 3.376601 0.038197
v -2.562729 3.012794 0.038197
v -3.002482 2.574803 0.038197
v -3.368305 2.073411 0.038197
v -3.651188 1.520965 0.038197
v -3.844167 0.931067 0.038197
v -3.942490 0.318243 0.038197
v -3.943735 -0.302416 0.038197
v -3.847873 -0.915630 0.038197
v -3.657264 -1.506297 0.038197
v -3.376600 -2.059874 0.038197
v -3.012793 -2.562730 0.038197
v -2.574801 -3.002484 0.038197
v -2.073409 -3.368306 0.038197
v -1.520962 -3.651189 0.038197
v -0.931064 -3.844168 0.038197
v -0.318241 -3.942490 0.038197
v 0.302419 -3.943735 0.038197
v 0.915632 -3.847873 0.038197
v 1.506299 -3.657263 0.038197
v 2.059876 -3.376598 0.038197
v 2.562732 -3.012791 0.038197
v 3.002485 -2.574799 0.038197
v 3.368307 -2.073406 0.038197
v 3.651190 -1.520960 0.038197
v 3.844168 -0.931062 0.038197
v 3.942490 -0.318238 0.038197
v 3.943735 0.302421 0.038197
v 3.847872 0.915635 0.038197
v 3.657262 1.506302 0.038197
v 3.376597 2.059878 0.038197
v 3.012789 2.562734 0.038197
v 2.574797 3.002487 0.038197
v 2.073404 3.368309 0.038197
v 1.520958 3.651191 0.038197
v 0.931059 3.844169 0.038197
v -3.651188 1.520964 0.168589
v -3.651188 1.520964 0.080576
v -3.844167 0.931067 0.080576
v -3.844167 0.931067 0.168589
v 3.012789 2.562734 0.168589
v 3.012789 2.562734 0.080576
v 2.574796 3.002486 0.080576
v 2.574796 3.002486 0.168589
v 0.915632 -3.847872 0.168589
v 0.915632 -3.847872 0.080575
v 1.506299 -3.657262 0.080575
v 1.506299 -3.657262 0.168589
v -3.942490 0.318243 0.080575
v -3.942490 0.318243 0.168589
v 2.073404 3.368308 0.080576
v 2.073404 3.368308 0.168590
v 2.059876 -3.376598 0.080575
v 2.059876 -3.376598 0.168589
v -3.943735 -0.302416 0.080575
v -3.943735 -0.302416 0.168589
v 1.520957 3.651191 0.080576
v 1.520957 3.651191 0.168590
v 2.562732 -3.012791 0.080575
v 2.562732 -3.012791 0.168589
v -3.847873 -0.915629 0.080575
v -3.847873 -0.915629 0.168589
v 0.931059 3.844168 0.080576
v 0.931059 3.844168 0.168590
v 3.002485 -2.574798 0.080575
v 3.002485 -2.574798 0.168589
v -3.657263 -1.506297 0.080575
v -3.657263 -1.506297 0.168589
v 0.318244 3.942490 0.080576
v 0.318244 3.942490 0.168590
v 3.368307 -2.073406 0.080575
v 3.368307 -2.073406 0.168589
v -3.376599 -2.059874 0.080575
v -3.376599 -2.059874 0.168589
v -0.302415 3.943735 0.080576
v -0.302415 3.943735 0.168590
v 3.651189 -1.520959 0.080575
v 3.651189 -1.520959 0.168589
v -3.012792 -2.562730 0.080575
v -3.012792 -2.562730 0.168589
v -0.915628 3.847873 0.080576
v -0.915628 3.847873 0.168590
v 3.844168 -0.931062 0.080575
v 3.844168 -0.931062 0.168589
v -2.574800 -3.002483 0.080575
v -2.574800 -3.002483 0.168589
v -1.506295 3.657264 0.080576
v -1.506295 3.657264 0.168590
v 3.942490 -0.318238 0.080575
v 3.942490 -0.318238 0.168589
v -2.073408 -3.368306 0.080575
v -2.073408 -3.368306 0.168589
v -2.059872 3.376600 0.080576
v -2.059872 3.376600 0.168589
v 3.943735 0.302421 0.080576
v 3.943735 0.302421 0.168589
v -1.520962 -3.651188 0.080575
v -1.520962 -3.651188 0.168589
v -2.562728 3.012793 0.080576
v -2.562728 3.012793 0.168589
v 3.847872 0.915634 0.080576
v 3.847872 0.915634 0.168589
v -0.931064 -3.844167 0.080575
v -0.931064 -3.844167 0.168589
v -3.002482 2.574802 0.080576
v -3.002482 2.574802 0.168589
v 3.657261 1.506301 0.080576
v 3.657261 1.506301 0.168589
v -0.318241 -3.942490 0.080575
v -0.318241 -3.942490 0.168589
v -3.368304 2.073411 0.080576
v -3.368304 2.073411 0.168589
v 3.376597 2.059878 0.080576
v 3.376597 2.059878 0.168589
v 0.302419 -3.943735 0.080575
v 0.302419 -3.943735 0.168589
v -3.632800 1.513304 0.168368
v -3.632800 1.513304 0.080797
v -3.824807 0.926378 0.080797
v -3.824807 0.926378 0.168368
v 2.997616 2.549828 0.168368
v 2.997616 2.549828 0.080797
v 2.561830 2.987365 0.080797
v 2.561830 2.987365 0.168368
v 0.911021 -3.828494 0.168367
v 0.911021 -3.828494 0.080797
v 1.498713 -3.638844 0.080797
v 1.498713 -3.638844 0.168367
v -3.922635 0.316641 0.080797
v -3.922635 0.316641 0.168368
v 2.062962 3.351345 0.080797
v 2.062962 3.351345 0.168368
v 2.049502 -3.359593 0.080797
v 2.049502 -3.359593 0.168367
v -3.923874 -0.300893 0.080797
v -3.923874 -0.300893 0.168368
v 1.513297 3.632803 0.080797
v 1.513297 3.632803 0.168368
v 2.549826 -2.997617 0.080797
v 2.549826 -2.997617 0.168367
v -3.828495 -0.911018 0.080797
v -3.828495 -0.911018 0.168368
v 0.926370 3.824809 0.080797
v 0.926370 3.824809 0.168368
v 2.987364 -2.561831 0.080797
v 2.987364 -2.561831 0.168367
v -3.638845 -1.498711 0.080797
v -3.638845 -1.498711 0.168368
v 0.316641 3.922635 0.080797
v 0.316641 3.922635 0.168368
v 3.351343 -2.062964 0.080797
v 3.351343 -2.062964 0.168368
v -3.359594 -2.049500 0.080797
v -3.359594 -2.049500 0.168367
v -0.300892 3.923874 0.080797
v -0.300892 3.923874 0.168368
v 3.632802 -1.513300 0.080797
v 3.632802 -1.513300 0.168368
v -2.997619 -2.549824 0.080797
v -2.997619 -2.549824 0.168367
v -0.911017 3.828495 0.080797
v -0.911017 3.828495 0.168368
v 3.824808 -0.926373 0.080797
v 3.824808 -0.926373 0.168368
v -2.561833 -2.987362 0.080797
v -2.561833 -2.987362 0.168367
v -1.498709 3.638845 0.080797
v -1.498709 3.638845 0.168368
v 3.922635 -0.316636 0.080797
v 3.922635 -0.316636 0.168368
v -2.062966 -3.351342 0.080797
v -2.062966 -3.351342 0.168367
v -2.049498 3.359595 0.080797
v -2.049498 3.359595 0.168368
v 3.923873 0.300898 0.080797
v 3.923873 0.300898 0.168368
v -1.513302 -3.632801 0.080797
v -1.513302 -3.632801 0.168367
v -2.549822 2.997620 0.080797
v -2.549822 2.997620 0.168368
v 3.828493 0.911023 0.080797
v 3.828493 0.911023 0.168368
v -0.926375 -3.824808 0.080797
v -0.926375 -3.824808 0.168367
v -2.987361 2.561835 0.080797
v -2.987361 2.561835 0.168368
v 3.638843 1.498715 0.080797
v 3.638843 1.498715 0.168368
v -0.316638 -3.922635 0.080797
v -0.316638 -3.922635 0.168367
v -3.351341 2.062968 0.080797
v -3.351341 2.062968 0.168368
v 3.359591 2.049504 0.080797
v 3.359591 2.049504 0.168368
v 0.300896 -3.923873 0.080797
v 0.300896 -3.923873 0.168367
v -3.769141 1.570100 0.067624
v -3.968355 0.961145 0.067624
v 3.110119 2.645524 0.067624
v 2.657977 3.099483 0.067624
v 0.945212 -3.972180 0.067624
v 1.554961 -3.775412 0.067624
v -4.069854 0.328524 0.067624
v 2.140386 3.477123 0.067624
v 2.126421 -3.485681 0.067624
v -4.071139 -0.312186 0.067624
v 1.570092 3.769144 0.067624
v 2.645523 -3.110121 0.067624
v -3.972180 -0.945209 0.067624
v 0.961138 3.968356 0.067624
v 3.099482 -2.657979 0.067624
v -3.775413 -1.554958 0.067624
v 0.328525 4.069854 0.067624
v 3.477122 -2.140388 0.067624
v -3.485682 -2.126419 0.067624
v -0.312185 4.071140 0.067624
v 3.769143 -1.570095 0.067624
v -3.110122 -2.645520 0.067624
v -0.945208 3.972181 0.067624
v 3.968356 -0.961140 0.067624
v -2.657981 -3.099480 0.067624
v -1.554957 3.775413 0.067624
v 4.069854 -0.328519 0.067624
v -2.140391 -3.477120 0.067624
v -2.126417 3.485683 0.067624
v 4.071139 0.312191 0.067624
v -1.570097 -3.769142 0.067624
v -2.645519 3.110123 0.067624
v 3.972179 0.945214 0.067624
v -0.961143 -3.968355 0.067624
v -3.099479 2.657982 0.067624
v 3.775411 1.554963 0.067624
v -0.328522 -4.069854 0.067624
v -3.477119 2.140393 0.067624
v 3.485679 2.126423 0.067624
v 0.312189 -4.071139 0.067624
v 2.932140 -3.447073 0.066212
v 3.435282 -2.945946 0.066212
v -4.402530 -1.047614 0.066212
v -4.184444 -1.723424 0.066212
v 1.065268 4.398292 0.066212
v 0.364118 4.510785 0.066212
v 3.853836 -2.372280 0.066212
v -3.863324 -2.356797 0.066212
v -0.346007 4.512210 0.066212
v 4.177495 -1.740200 0.066212
v -3.447075 -2.932138 0.066212
v -1.047613 4.402530 0.066212
v 4.398291 -1.065271 0.066212
v -2.945948 -3.435280 0.066212
v -1.723422 4.184445 0.066212
v 4.510786 -0.364111 0.066212
v -2.372283 -3.853834 0.066212
v -2.356795 3.863325 0.066212
v 4.512210 0.346014 0.066212
v -1.740203 -4.177494 0.066212
v -2.932136 3.447077 0.066212
v 4.402528 1.047620 0.066212
v -1.065274 -4.398290 0.066212
v -3.435279 2.945950 0.066212
v 4.184442 1.723429 0.066212
v -0.364114 -4.510785 0.066212
v -3.853833 2.372285 0.066212
v 3.863321 2.356802 0.066212
v 0.346011 -4.512210 0.066212
v -4.177493 1.740206 0.066212
v 3.447072 2.932142 0.066212
v 1.047617 -4.402529 0.066212
v -4.398289 1.065277 0.066212
v 2.945944 3.435284 0.066212
v 1.723426 -4.184443 0.066212
v -4.510785 0.364117 0.066212
v 2.372277 3.853837 0.066212
v 2.356800 -3.863322 0.066212
v -4.512210 -0.346008 0.066212
v 1.740198 4.177496 0.066212
v 3.550407 -3.044672 -0.106639
v 3.030404 -3.562594 -0.106639
v 3.982987 -2.451781 -0.106639
v -0.357603 4.663425 -0.106639
v 0.376320 4.661952 -0.106639
v 4.317494 -1.798519 -0.106639
v -1.082721 4.550069 -0.106639
v 4.545689 -1.100971 -0.106639
v -1.781178 4.324676 -0.106639
v 4.661953 -0.376314 -0.106639
v -2.435777 3.992795 -0.106639
v 4.663425 0.357610 -0.106639
v -3.030400 3.562597 -0.106639
v 4.550068 1.082728 -0.106639
v -3.550404 3.044676 -0.106639
v 4.324673 1.781185 -0.106639
v -3.982984 2.451786 -0.106639
v 3.992790 2.435784 -0.106639
v -4.317491 1.798524 -0.106639
v 3.562592 3.030406 -0.106639
v -4.545687 1.100977 -0.106639
v 3.044670 3.550409 -0.106639
v -4.661952 0.376319 -0.106639
v 2.451778 3.982989 -0.106639
v -4.663426 -0.357604 -0.106639
v 1.798516 4.317495 -0.106639
v -4.550069 -1.082722 -0.106639
v 1.100968 4.545689 -0.106639
v -4.324676 -1.781180 -0.106639
v -3.992794 -2.435779 -0.106639
v -3.562596 -3.030401 -0.106639
v -3.044674 -3.550405 -0.106639
v -2.451784 -3.982986 -0.106639
v -1.798521 -4.317492 -0.106639
v -1.100974 -4.545688 -0.106639
v -0.376316 -4.661952 -0.106639
v 0.357607 -4.663425 -0.106639
v 1.082725 -4.550069 -0.106639
v 1.781183 -4.324674 -0.106639
v 2.435782 -3.992792 -0.106639
v -0.322549 4.206293 -0.168108
v -0.976587 4.104049 -0.168108
v -1.606578 3.900749 -0.168108
v -2.197010 3.601400 -0.168108
v -2.733344 3.213372 -0.168108
v -3.202375 2.746222 -0.168108
v -3.592552 2.211449 -0.168108
v -3.894269 1.622224 -0.168108
v -4.100095 0.993053 -0.168108
v -4.204964 0.339431 -0.168108
v -4.206292 -0.322550 -0.168108
v -4.104048 -0.976588 -0.168108
v -3.900748 -1.606580 -0.168108
v -3.601399 -2.197011 -0.168108
v -3.213372 -2.733346 -0.168108
v -2.746220 -3.202376 -0.168108
v -2.211447 -3.592553 -0.168108
v -1.622221 -3.894269 -0.168108
v -0.993051 -4.100096 -0.168108
v -0.339428 -4.204964 -0.168108
v 0.322553 -4.206292 -0.168108
v 0.976591 -4.104048 -0.168108
v 1.606582 -3.900747 -0.168108
v 2.197014 -3.601397 -0.168108
v 2.733348 -3.213370 -0.168108
v 3.202378 -2.746218 -0.168108
v 3.592554 -2.211445 -0.168108
v 3.894270 -1.622219 -0.168108
v 4.100096 -0.993048 -0.168108
v 4.204965 -0.339425 -0.168108
v 4.206292 0.322555 -0.168108
v 4.104046 0.976593 -0.168108
v 3.900746 1.606584 -0.168108
v 3.601396 2.197016 -0.168108
v 3.213368 2.733350 -0.168108
v 2.746215 3.202379 -0.168108
v 2.211442 3.592556 -0.168108
v 1.622216 3.894272 -0.168108
v 0.993045 4.100097 -0.168108
v 0.339431 4.204964 -0.168108
v -1.012100 4.253289 -0.192535
v -1.665000 4.042597 -0.192535
v -2.276902 3.732362 -0.192535
v -2.832740 3.330225 -0.192535
v -3.318827 2.846086 -0.192535
v -3.723192 2.291867 -0.192535
v -4.035881 1.681215 -0.192535
v -4.249192 1.029165 -0.192535
v -4.357875 0.351774 -0.192535
v -4.359251 -0.334279 -0.192535
v -4.253289 -1.012101 -0.192535
v -4.042596 -1.665002 -0.192535
v -3.732362 -2.276904 -0.192535
v -3.330223 -2.832742 -0.192535
v -2.846084 -3.318828 -0.192535
v -2.291865 -3.723194 -0.192535
v -1.681212 -4.035882 -0.192535
v -1.029162 -4.249193 -0.192535
v -0.351771 -4.357874 -0.192535
v 0.334282 -4.359251 -0.192535
v 1.012104 -4.253288 -0.192535
v 1.665004 -4.042595 -0.192535
v 2.276906 -3.732360 -0.192535
v 2.832744 -3.330221 -0.192535
v 3.318830 -2.846082 -0.192535
v 3.723195 -2.291862 -0.192535
v 4.035882 -1.681209 -0.192535
v 4.249193 -1.029160 -0.192535
v 4.357875 -0.351768 -0.192535
v 4.359251 0.334285 -0.192535
v 4.253288 1.012106 -0.192535
v 4.042594 1.665007 -0.192535
v 3.732358 2.276909 -0.192535
v 3.330220 2.832747 -0.192535
v 2.846080 3.318832 -0.192535
v 2.291860 3.723197 -0.192535
v 1.681207 4.035884 -0.192535
v 1.029157 4.249194 -0.192535
v 0.351775 4.357875 -0.192535
v -0.334278 4.359251 -0.192535
v -1.029856 4.327909 -0.182722
v -1.694211 4.113521 -0.182722
v -2.316849 3.797843 -0.182722
v -2.882438 3.388651 -0.182722
v -3.377053 2.896018 -0.182722
v -3.788512 2.332076 -0.182722
v -4.106687 1.710710 -0.182722
v -4.323741 1.047221 -0.182723
v -4.434330 0.357946 -0.182723
v -4.435730 -0.340144 -0.182723
v -4.327909 -1.029857 -0.182723
v -4.113520 -1.694213 -0.182723
v -3.797843 -2.316851 -0.182723
v -3.388649 -2.882440 -0.182723
v -2.896016 -3.377054 -0.182723
v -2.332074 -3.788514 -0.182723
v -1.710707 -4.106688 -0.182723
v -1.047218 -4.323741 -0.182723
v -0.357943 -4.434330 -0.182723
v 0.340147 -4.435730 -0.182723
v 1.029860 -4.327909 -0.182723
v 1.694215 -4.113519 -0.182723
v 2.316853 -3.797841 -0.182723
v 2.882442 -3.388647 -0.182723
v 3.377056 -2.896014 -0.182723
v 3.788516 -2.332071 -0.182723
v 4.106689 -1.710705 -0.182723
v 4.323742 -1.047215 -0.182723
v 4.434330 -0.357940 -0.182723
v 4.435730 0.340149 -0.182723
v 4.327908 1.029863 -0.182722
v 4.113518 1.694218 -0.182722
v 3.797840 2.316855 -0.182722
v 3.388645 2.882444 -0.182722
v 2.896012 3.377058 -0.182722
v 2.332069 3.788517 -0.182722
v 1.710702 4.106690 -0.182722
v 1.047212 4.323742 -0.182722
v 0.357946 4.434330 -0.182722
v -0.340143 4.435731 -0.182722
v -0.328414 4.282772 -0.182812
v -0.994343 4.178669 -0.182812
v -1.635789 3.971673 -0.182812
v -2.236956 3.666881 -0.182812
v -2.783042 3.271798 -0.182812
v -3.260601 2.796154 -0.182812
v -3.657872 2.251658 -0.182812
v -3.965075 1.651719 -0.182812
v -4.174644 1.011109 -0.182812
v -4.281419 0.345602 -0.182812
v -4.282772 -0.328414 -0.182812
v -4.178668 -0.994345 -0.182812
v -3.971673 -1.635791 -0.182812
v -3.666880 -2.236958 -0.182812
v -3.271797 -2.783044 -0.182812
v -2.796152 -3.260602 -0.182812
v -2.251656 -3.657873 -0.182812
v -1.651717 -3.965075 -0.182812
v -1.011106 -4.174644 -0.182812
v -0.345600 -4.281419 -0.182812
v 0.328417 -4.282772 -0.182812
v 0.994347 -4.178668 -0.182812
v 1.635793 -3.971671 -0.182812
v 2.236960 -3.666879 -0.182812
v 2.783046 -3.271796 -0.182812
v 3.260604 -2.796150 -0.182812
v 3.657875 -2.251654 -0.182812
v 3.965077 -1.651714 -0.182812
v 4.174645 -1.011104 -0.182812
v 4.281420 -0.345597 -0.182812
v 4.282772 0.328420 -0.182812
v 4.178667 0.994350 -0.182812
v 3.971670 1.635796 -0.182812
v 3.666877 2.236962 -0.182812
v 3.271794 2.783048 -0.182812
v 2.796147 3.260606 -0.182812
v 2.251651 3.657876 -0.182812
v 1.651711 3.965078 -0.182812
v 1.011101 4.174645 -0.182812
v 0.345603 4.281419 -0.182812
v -0.317367 4.138716 -0.137106
v -0.960897 4.038115 -0.137106
v -1.580768 3.838081 -0.137106
v -2.161714 3.543541 -0.137106
v -2.689431 3.161748 -0.137106
v -3.150927 2.702102 -0.137106
v -3.534835 2.175921 -0.137106
v -3.831705 1.596162 -0.137106
v -4.034225 0.977099 -0.137106
v -4.137409 0.333978 -0.137106
v -4.138716 -0.317368 -0.137106
v -4.038114 -0.960899 -0.137107
v -3.838081 -1.580769 -0.137107
v -3.543541 -2.161715 -0.137107
v -3.161747 -2.689433 -0.137107
v -2.702100 -3.150928 -0.137107
v -2.175919 -3.534837 -0.137107
v -1.596159 -3.831706 -0.137107
v -0.977097 -4.034225 -0.137107
v -0.333975 -4.137409 -0.137107
v 0.317371 -4.138716 -0.137107
v 0.960901 -4.038114 -0.137107
v 1.580771 -3.838079 -0.137107
v 2.161718 -3.543539 -0.137107
v 2.689435 -3.161745 -0.137107
v 3.150930 -2.702098 -0.137107
v 3.534838 -2.175916 -0.137107
v 3.831707 -1.596157 -0.137107
v 4.034226 -0.977094 -0.137106
v 4.137409 -0.333972 -0.137106
v 4.138715 0.317373 -0.137106
v 4.038113 0.960904 -0.137106
v 3.838079 1.580774 -0.137106
v 3.543538 2.161720 -0.137106
v 3.161743 2.689437 -0.137106
v 2.702096 3.150931 -0.137106
v 2.175914 3.534839 -0.137106
v 1.596154 3.831708 -0.137106
v 0.977092 4.034226 -0.137106
v 0.333978 4.137409 -0.137106
v 3.906262 -0.946101 -0.043750
v 3.710166 -1.545527 -0.043750
v -1.530626 3.716339 -0.043750
v -0.930418 3.910027 -0.043750
v 4.006172 -0.323379 -0.043750
v -2.093145 3.431142 -0.043750
v 4.007437 0.307306 -0.043750
v -2.604124 3.061459 -0.043750
v 3.910026 0.930424 -0.043750
v -3.050980 2.616392 -0.043750
v 3.716336 1.530632 -0.043750
v -3.422712 2.106902 -0.043750
v 3.431138 2.093151 -0.043750
v -3.710165 1.545532 -0.043750
v 3.061454 2.604129 -0.043750
v -3.906261 0.946106 -0.043750
v 2.616387 3.050985 -0.043750
v -4.006172 0.323384 -0.043750
v 2.106895 3.422716 -0.043750
v -4.007437 -0.307301 -0.043750
v 1.545525 3.710167 -0.043750
v -3.910027 -0.930419 -0.043750
v 0.946099 3.906262 -0.043750
v -3.716338 -1.530627 -0.043750
v 0.323385 4.006172 -0.043750
v -3.431141 -2.093147 -0.043750
v -3.061458 -2.604125 -0.043750
v -2.616391 -3.050982 -0.043750
v -2.106900 -3.422713 -0.043750
v -1.545530 -3.710166 -0.043750
v -0.946104 -3.906261 -0.043750
v -0.323381 -4.006172 -0.043750
v 0.307304 -4.007437 -0.043750
v 0.930422 -3.910026 -0.043750
v 1.530630 -3.716337 -0.043750
v 2.093149 -3.431139 -0.043750
v 2.604127 -3.061456 -0.043750
v 3.050984 -2.616389 -0.043750
v 3.422714 -2.106897 -0.043750
v -0.307300 4.007438 -0.043750
v 2.981272 -3.504834 -0.141124
v 0.370219 4.586369 -0.141124
v 3.492845 -2.995309 -0.141124
v 3.918412 -2.412031 -0.141124
v -0.351805 4.587818 -0.141124
v 4.247494 -1.769360 -0.141124
v -1.065167 4.476300 -0.141124
v 4.471989 -1.083121 -0.141124
v -1.752300 4.254560 -0.141124
v 4.586369 -0.370212 -0.141124
v -2.396286 3.928059 -0.141124
v 4.587818 0.351812 -0.141124
v -2.981268 3.504837 -0.141124
v 4.476298 1.065174 -0.141124
v -3.492841 2.995313 -0.141124
v 4.254558 1.752307 -0.141124
v -3.918409 2.412035 -0.141124
v 3.928055 2.396293 -0.141124
v -4.247492 1.769365 -0.141124
v 3.504832 2.981274 -0.141124
v -4.471989 1.083127 -0.141124
v 2.995306 3.492846 -0.141124
v -4.586369 0.370218 -0.141124
v 2.412028 3.918413 -0.141124
v -4.587818 -0.351806 -0.141124
v 1.769357 4.247496 -0.141124
v -4.476299 -1.065168 -0.141124
v 1.083118 4.471990 -0.141124
v -4.254560 -1.752302 -0.141124
v -3.928059 -2.396288 -0.141124
v -3.504836 -2.981270 -0.141124
v -2.995311 -3.492843 -0.141124
v -2.412033 -3.918410 -0.141124
v -1.769362 -4.247493 -0.141124
v -1.083124 -4.471989 -0.141124
v -0.370215 -4.586369 -0.141124
v 0.351809 -4.587818 -0.141124
v 1.065171 -4.476299 -0.141124
v 1.752305 -4.254559 -0.141124
v 2.396291 -3.928057 -0.141124
v 3.607970 -3.094035 -0.057596
v 4.047563 -2.491532 -0.057595
v -0.363401 4.739033 -0.057595
v 4.387493 -1.827678 -0.057595
v -1.100275 4.623839 -0.057595
v 4.619388 -1.118821 -0.057595
v -1.810057 4.394792 -0.057595
v 4.737537 -0.382415 -0.057595
v -2.475268 4.057529 -0.057595
v 4.739033 0.363408 -0.057595
v -3.079531 3.620357 -0.057595
v 4.623838 1.100282 -0.057595
v -3.607966 3.094039 -0.057595
v 4.394789 1.810064 -0.057595
v -4.047560 2.491536 -0.057595
v 4.057525 2.475275 -0.057595
v -4.387490 1.827684 -0.057595
v 3.620352 3.079538 -0.057595
v -4.619386 1.118827 -0.057595
v 3.094033 3.607971 -0.057595
v -4.737537 0.382421 -0.057595
v 2.491529 4.047565 -0.057595
v -4.739034 -0.363402 -0.057595
v 1.827675 4.387494 -0.057595
v -4.623839 -1.100276 -0.057595
v 1.118818 4.619389 -0.057595
v -4.394791 -1.810058 -0.057595
v -4.057528 -2.475271 -0.057596
v -3.620356 -3.079533 -0.057596
v -3.094038 -3.607968 -0.057596
v -2.491534 -4.047562 -0.057596
v -1.827681 -4.387491 -0.057596
v -1.118824 -4.619387 -0.057596
v -0.382418 -4.737536 -0.057596
v 0.363405 -4.739034 -0.057596
v 1.100279 -4.623839 -0.057596
v 1.810061 -4.394790 -0.057596
v 2.475273 -4.057527 -0.057596
v 3.079535 -3.620354 -0.057596
v 0.382422 4.737537 -0.057595
vt 0.235997 0.655763
vt 0.190938 0.524305
vt 0.235997 0.524305
vt 0.331541 0.527067
vt 0.376816 0.659155
vt 0.331541 0.659155
vt 0.192700 0.524519
vt 0.236998 0.653757
vt 0.192700 0.653757
vt 0.420006 0.657614
vt 0.375452 0.527630
vt 0.420006 0.527630
vt 0.214809 0.530561
vt 0.258024 0.656638
vt 0.214809 0.656638
vt 0.374320 0.535828
vt 0.432548 0.651827
vt 0.374320 0.651827
vt 0.235997 0.655763
vt 0.190938 0.524305
vt 0.235997 0.524305
vt 0.445953 0.650451
vt 0.404299 0.528927
vt 0.445953 0.528927
vt 0.361919 0.674309
vt 0.308053 0.492191
vt 0.361919 0.492191
vt 0.174247 0.523870
vt 0.219835 0.656869
vt 0.174247 0.656869
vt 0.187047 0.531085
vt 0.228898 0.653182
vt 0.187047 0.653182
vt 0.278531 0.532344
vt 0.323136 0.662476
vt 0.278531 0.662476
vt 0.435354 0.526729
vt 0.476449 0.646619
vt 0.435354 0.646619
vt 0.457263 0.656089
vt 0.411744 0.523289
vt 0.457263 0.523289
vt 0.436105 0.654567
vt 0.392476 0.527280
vt 0.436105 0.527280
vt 0.292518 0.527394
vt 0.338646 0.661968
vt 0.292518 0.661968
vt 0.169795 0.523451
vt 0.215203 0.655927
vt 0.169795 0.655927
vt 0.136608 0.531397
vt 0.176805 0.648670
vt 0.136608 0.648670
vt 0.199181 0.645122
vt 0.158269 0.525763
vt 0.199181 0.525763
vt 0.213444 0.648074
vt 0.171409 0.525437
vt 0.213444 0.525437
vt 0.399503 0.651383
vt 0.360743 0.538305
vt 0.399503 0.538304
vt 0.337207 0.663093
vt 0.289887 0.525038
vt 0.337207 0.525038
vt 0.338259 0.524194
vt 0.382746 0.653980
vt 0.338259 0.653980
vt 0.356369 0.535893
vt 0.392578 0.641530
vt 0.356369 0.641530
vt 0.323185 0.661160
vt 0.276767 0.525738
vt 0.323185 0.525738
vt 0.398627 0.653980
vt 0.354141 0.524194
vt 0.398627 0.524194
vt 0.299645 0.527988
vt 0.343089 0.654732
vt 0.299645 0.654732
vt 0.456713 0.651010
vt 0.415565 0.530961
vt 0.456713 0.530961
vt 0.442731 0.653003
vt 0.398992 0.525397
vt 0.442731 0.525397
vt 0.197937 0.526037
vt 0.243642 0.659378
vt 0.197937 0.659378
vt 0.168164 0.519811
vt 0.214423 0.654769
vt 0.168164 0.654769
vt 0.338259 0.524194
vt 0.382746 0.653980
vt 0.338259 0.653980
vt 0.430395 0.653296
vt 0.387321 0.524584
vt 0.430395 0.524584
vt 0.384295 0.523557
vt 0.429675 0.655951
vt 0.384295 0.655951
vt 0.174851 0.524305
vt 0.219911 0.655763
vt 0.174851 0.655763
vt 0.177749 0.523272
vt 0.221940 0.652195
vt 0.177749 0.652195
vt 0.159113 0.524000
vt 0.202923 0.651812
vt 0.159113 0.651812
vt 0.190867 0.525157
vt 0.237452 0.661065
vt 0.190867 0.661065
vt 0.209468 0.646417
vt 0.167049 0.522663
vt 0.209468 0.522663
vt 0.386098 0.524430
vt 0.430458 0.653846
vt 0.386098 0.653846
vt 0.174851 0.525337
vt 0.190938 0.655763
vt 0.174851 0.654731
vt 0.155063 0.814494
vt 0.021392 0.837011
vt 0.036822 0.787564
vt 0.035955 0.782073
vt 0.145694 0.862400
vt 0.019628 0.831409
vt 0.359546 0.528651
vt 0.375452 0.657614
vt 0.359546 0.656593
vt 0.453336 0.650916
vt 0.432548 0.535828
vt 0.453336 0.536738
vt 0.396722 0.811908
vt 0.530802 0.833071
vt 0.404767 0.863149
vt 0.174852 0.525337
vt 0.190938 0.655763
vt 0.174851 0.654731
vt 0.288823 0.672880
vt 0.308053 0.674309
vt 0.275647 0.821272
vt 0.275577 0.873141
vt 0.236110 0.524915
vt 0.219835 0.523870
vt 0.339060 0.533365
vt 0.323136 0.532344
vt 0.154599 0.811580
vt 0.146416 0.862800
vt 0.491119 0.527671
vt 0.476448 0.526729
vt 0.376900 0.653567
vt 0.392476 0.654567
vt 0.020462 0.832381
vt 0.036557 0.783072
vt 0.355113 0.660912
vt 0.338646 0.527394
vt 0.355114 0.528451
vt 0.191156 0.647749
vt 0.176805 0.531397
vt 0.191156 0.532318
vt 0.384368 0.712628
vt 0.367409 0.816710
vt 0.344528 0.718680
vt 0.143664 0.644185
vt 0.158269 0.645122
vt 0.346906 0.539192
vt 0.360743 0.651383
vt 0.346906 0.650495
vt 0.516366 0.782111
vt 0.406556 0.862633
vt 0.398094 0.811292
vt 0.272993 0.662009
vt 0.289887 0.663093
vt 0.405505 0.536722
vt 0.392578 0.535893
vt 0.276713 0.821613
vt 0.277040 0.873645
vt 0.260196 0.526802
vt 0.276767 0.661160
vt 0.260196 0.660097
vt 0.358598 0.528983
vt 0.343088 0.527988
vt 0.147395 0.864261
vt 0.155212 0.812818
vt 0.400875 0.531904
vt 0.415565 0.651010
vt 0.400875 0.650068
vt 0.259959 0.658331
vt 0.243642 0.526037
vt 0.259959 0.527084
vt 0.020814 0.834711
vt 0.036582 0.785125
vt 0.230938 0.653710
vt 0.214423 0.519811
vt 0.230938 0.520871
vt 0.371944 0.525595
vt 0.387322 0.653296
vt 0.371944 0.652285
vt 0.513452 0.783765
vt 0.403635 0.863111
vt 0.395574 0.811971
vt 0.445876 0.654911
vt 0.429675 0.523557
vt 0.445876 0.524596
vt 0.237716 0.651183
vt 0.221940 0.523272
vt 0.237716 0.524284
vt 0.274736 0.821391
vt 0.274697 0.873161
vt 0.218563 0.650809
vt 0.202923 0.524000
vt 0.218563 0.525003
vt 0.151905 0.645446
vt 0.167049 0.646417
vt 0.145775 0.862918
vt 0.153912 0.811790
vt 0.446294 0.652830
vt 0.430458 0.524430
vt 0.446294 0.525446
vt 0.392980 0.658118
vt 0.376816 0.527067
vt 0.392980 0.528104
vt 0.020042 0.832632
vt 0.036077 0.783407
vt 0.391415 0.706955
vt 0.371786 0.812136
vt 0.350862 0.712165
vt 0.252813 0.525534
vt 0.236998 0.524519
vt 0.273452 0.655648
vt 0.258024 0.530561
vt 0.273452 0.531551
vt 0.512723 0.784139
vt 0.403937 0.863082
vt 0.395836 0.812363
vt 0.394633 0.812481
vt 0.528497 0.832345
vt 0.403125 0.863491
vt 0.389428 0.649497
vt 0.404299 0.650451
vt 0.275972 0.821956
vt 0.276039 0.873317
vt 0.274017 0.822930
vt 0.274424 0.874641
vt 0.243838 0.532043
vt 0.228898 0.531085
vt 0.148115 0.863418
vt 0.156083 0.812679
vt 0.145564 0.865520
vt 0.153251 0.814382
vt 0.395493 0.655046
vt 0.411744 0.656089
vt 0.039122 0.784761
vt 0.023315 0.833630
vt 0.035309 0.787048
vt 0.019717 0.836353
vt 0.231414 0.654886
vt 0.215203 0.523451
vt 0.231414 0.524491
vt 0.378764 0.811032
vt 0.392736 0.707995
vt 0.417872 0.804016
vt 0.397168 0.813648
vt 0.531309 0.834725
vt 0.405252 0.864902
vt 0.156402 0.526400
vt 0.171409 0.648074
vt 0.156402 0.647111
vt 0.516898 0.785210
vt 0.407120 0.864428
vt 0.399096 0.813324
vt 0.276059 0.823100
vt 0.276025 0.874987
vt 0.398627 0.525213
vt 0.382746 0.524194
vt 0.278277 0.874394
vt 0.278347 0.822664
vt 0.146812 0.864732
vt 0.154963 0.813489
vt 0.338259 0.525213
vt 0.354141 0.653980
vt 0.338259 0.652961
vt 0.157623 0.812999
vt 0.149462 0.864081
vt 0.036860 0.785054
vt 0.020794 0.834391
vt 0.383377 0.652001
vt 0.398992 0.653003
vt 0.039897 0.784568
vt 0.023845 0.833745
vt 0.379557 0.812772
vt 0.400979 0.702924
vt 0.423574 0.806990
vt 0.398628 0.525213
vt 0.382746 0.524194
vt 0.514420 0.781985
vt 0.405539 0.862733
vt 0.396839 0.811670
vt 0.396680 0.812436
vt 0.530926 0.834188
vt 0.404530 0.863807
vt 0.235997 0.525337
vt 0.219911 0.524305
vt 0.276062 0.822596
vt 0.276667 0.874392
vt 0.275339 0.821323
vt 0.275057 0.873289
vt 0.254083 0.659998
vt 0.237452 0.525157
vt 0.254083 0.526224
vt 0.147558 0.865746
vt 0.154103 0.811118
vt 0.259959 0.527801
vt 0.259959 0.637023
vt 0.269019 0.637023
vt 0.269674 0.632143
vt 0.269674 0.521596
vt 0.260503 0.521596
vt 0.398628 0.632221
vt 0.407447 0.632221
vt 0.407447 0.525911
vt 0.430395 0.525436
vt 0.430395 0.630865
vt 0.438935 0.630865
vt 0.445876 0.525308
vt 0.445876 0.633754
vt 0.454872 0.633754
vt 0.235997 0.633723
vt 0.244930 0.633723
vt 0.244930 0.526044
vt 0.237716 0.630580
vt 0.246477 0.630580
vt 0.246477 0.524977
vt 0.218563 0.525691
vt 0.218563 0.630384
vt 0.227248 0.630384
vt 0.254083 0.638279
vt 0.263318 0.638279
vt 0.263318 0.526955
vt 0.209468 0.625669
vt 0.217877 0.625669
vt 0.217878 0.524300
vt 0.446294 0.526142
vt 0.446294 0.632149
vt 0.455089 0.632149
vt 0.235997 0.526044
vt 0.235997 0.633723
vt 0.244930 0.633723
vt 0.392980 0.637010
vt 0.401955 0.637010
vt 0.401955 0.528814
vt 0.252813 0.632089
vt 0.261595 0.632089
vt 0.261595 0.526229
vt 0.420006 0.529350
vt 0.420006 0.635821
vt 0.428839 0.635821
vt 0.273452 0.635501
vt 0.282019 0.635501
vt 0.282019 0.532229
vt 0.453336 0.632379
vt 0.464879 0.632379
vt 0.464879 0.537362
vt 0.235997 0.526044
vt 0.235997 0.633723
vt 0.244930 0.633723
vt 0.445953 0.630077
vt 0.454211 0.630077
vt 0.454211 0.530535
vt 0.361919 0.643776
vt 0.372598 0.643776
vt 0.372598 0.494601
vt 0.236110 0.525630
vt 0.236110 0.634571
vt 0.245147 0.634571
vt 0.243838 0.532700
vt 0.243838 0.632711
vt 0.252135 0.632711
vt 0.339060 0.640658
vt 0.347902 0.640658
vt 0.347902 0.534065
vt 0.525531 0.528315
vt 0.517384 0.528315
vt 0.517384 0.626519
vt 0.457263 0.525046
vt 0.457263 0.633824
vt 0.466287 0.633824
vt 0.436105 0.633226
vt 0.444755 0.633226
vt 0.444755 0.528964
vt 0.393739 0.529175
vt 0.384595 0.529175
vt 0.384595 0.639406
vt 0.231414 0.525204
vt 0.231414 0.633716
vt 0.240416 0.633716
vt 0.191156 0.629009
vt 0.199125 0.629009
vt 0.199125 0.532949
vt 0.199181 0.625111
vt 0.207292 0.625111
vt 0.207292 0.527342
vt 0.213444 0.527060
vt 0.213444 0.627513
vt 0.221778 0.627513
vt 0.399503 0.539801
vt 0.399503 0.632425
vt 0.407187 0.632425
vt 0.337207 0.639947
vt 0.346588 0.639947
vt 0.346588 0.526865
vt 0.435879 0.525911
vt 0.427060 0.525911
vt 0.427060 0.632221
vt 0.405505 0.537290
vt 0.405505 0.623819
vt 0.412683 0.623819
vt 0.323185 0.527530
vt 0.323185 0.638456
vt 0.332387 0.638456
vt 0.398627 0.525911
vt 0.398628 0.632221
vt 0.407447 0.632221
vt 0.358598 0.529665
vt 0.358598 0.633483
vt 0.367211 0.633483
vt 0.491170 0.630883
vt 0.491170 0.532550
vt 0.483013 0.532550
vt 0.442731 0.631609
vt 0.451402 0.631609
vt 0.451402 0.527086
vt 0.262623 0.635451
vt 0.262623 0.524750
vt 0.245147 0.525630
vt 0.365002 0.533204
vt 0.275828 0.901765
vt 0.146664 0.893479
vt 0.150333 0.867929
vt 0.501630 0.527522
vt 0.501630 0.627312
vt 0.461480 0.634068
vt 0.461480 0.528122
vt 0.020388 0.865090
vt 0.028008 0.840429
vt 0.366912 0.528284
vt 0.366912 0.640297
vt 0.214534 0.629785
vt 0.214534 0.532173
vt 0.431458 0.618813
vt 0.280437 0.670669
vt 0.272491 0.639832
vt 0.222976 0.526553
vt 0.422045 0.539052
vt 0.407187 0.539801
vt 0.530442 0.858374
vt 0.405366 0.890438
vt 0.400948 0.865069
vt 0.364729 0.525951
vt 0.426564 0.536592
vt 0.412683 0.537290
vt 0.276814 0.902541
vt 0.276419 0.876793
vt 0.350182 0.526634
vt 0.332387 0.527530
vt 0.383865 0.634321
vt 0.383865 0.528827
vt 0.367211 0.529665
vt 0.147952 0.894385
vt 0.151589 0.868892
vt 0.467238 0.531755
vt 0.467238 0.631677
vt 0.483013 0.630883
vt 0.286540 0.526919
vt 0.269019 0.527801
vt 0.021952 0.866171
vt 0.029532 0.841561
vt 0.242770 0.520704
vt 0.242770 0.633036
vt 0.260504 0.632143
vt 0.455447 0.524584
vt 0.438935 0.525436
vt 0.530189 0.857082
vt 0.405494 0.889480
vt 0.401004 0.864182
vt 0.472269 0.524433
vt 0.454872 0.525308
vt 0.263417 0.524125
vt 0.277266 0.901973
vt 0.276788 0.876284
vt 0.244043 0.631229
vt 0.244043 0.524845
vt 0.227248 0.525691
vt 0.234139 0.523481
vt 0.148662 0.894252
vt 0.152209 0.868804
vt 0.472094 0.633005
vt 0.472094 0.525286
vt 0.455089 0.526142
vt 0.419312 0.527941
vt 0.022849 0.866508
vt 0.030334 0.841929
vt 0.264663 0.553956
vt 0.288242 0.551106
vt 0.311027 0.664200
vt 0.278577 0.632944
vt 0.278577 0.525374
vt 0.298586 0.531395
vt 0.404078 0.891155
vt 0.399694 0.865719
vt 0.521196 0.834797
vt 0.526121 0.859050
vt 0.401751 0.890125
vt 0.397519 0.864912
vt 0.470179 0.630881
vt 0.470179 0.529731
vt 0.275202 0.903061
vt 0.274851 0.877252
vt 0.274052 0.901361
vt 0.273816 0.875796
vt 0.268179 0.633519
vt 0.268179 0.531892
vt 0.252135 0.532700
vt 0.146050 0.894660
vt 0.149741 0.869114
vt 0.146166 0.892482
vt 0.149933 0.867195
vt 0.483737 0.634703
vt 0.483737 0.524167
vt 0.466287 0.525046
vt 0.019802 0.866159
vt 0.027444 0.841505
vt 0.021245 0.863707
vt 0.028920 0.839321
vt 0.257823 0.634593
vt 0.257823 0.524327
vt 0.240416 0.525204
vt 0.437069 0.616876
vt 0.419252 0.612636
vt 0.432992 0.524743
vt 0.527584 0.858481
vt 0.402627 0.890073
vt 0.398301 0.864735
vt 0.237892 0.526249
vt 0.221778 0.527060
vt 0.405665 0.889557
vt 0.401186 0.864278
vt 0.521888 0.832954
vt 0.274266 0.901728
vt 0.273958 0.876026
vt 0.410006 0.633079
vt 0.277539 0.902004
vt 0.277069 0.876336
vt 0.145662 0.893161
vt 0.149378 0.867726
vt 0.424501 0.525052
vt 0.407447 0.525911
vt 0.149043 0.894254
vt 0.152594 0.868828
vt 0.019982 0.864580
vt 0.027631 0.840040
vt 0.468169 0.632453
vt 0.468169 0.526242
vt 0.023341 0.866498
vt 0.030826 0.841941
vt 0.170047 0.634610
vt 0.152851 0.527429
vt 0.174429 0.525687
vt 0.424501 0.633079
vt 0.424501 0.525052
vt 0.529231 0.859779
vt 0.403813 0.891442
vt 0.399481 0.866012
vt 0.403260 0.890385
vt 0.398891 0.865173
vt 0.519308 0.834409
vt 0.262204 0.525174
vt 0.274986 0.903096
vt 0.274685 0.877300
vt 0.275515 0.902306
vt 0.275144 0.876722
vt 0.281177 0.639178
vt 0.281176 0.526056
vt 0.145923 0.894452
vt 0.149660 0.868928
vt 0.147478 0.894097
vt 0.151114 0.868770
vt 0.262204 0.525174
vt 0.244930 0.526044
vt 0.019801 0.865726
vt 0.027486 0.841100
vt 0.022302 0.865960
vt 0.029855 0.841514
vt 0.445918 0.528490
vt 0.428839 0.529350
vt 0.487201 0.633146
vt 0.487201 0.536595
vt 0.404697 0.889742
vt 0.400290 0.864309
vt 0.521767 0.833278
vt 0.262204 0.634593
vt 0.262204 0.525174
vt 0.244930 0.526044
vt 0.393248 0.644981
vt 0.393248 0.493396
vt 0.275454 0.875955
vt 0.166321 0.589215
vt 0.215423 0.589215
vt 0.215423 0.585519
vt 0.340275 0.621839
vt 0.340016 0.621946
vt 0.342706 0.630227
vt 0.332532 0.578124
vt 0.332532 0.574428
vt 0.281538 0.574428
vt 0.310095 0.694700
vt 0.317892 0.690727
vt 0.317745 0.690488
vt 0.505912 0.581820
vt 0.505912 0.578124
vt 0.464143 0.578124
vt 0.259618 0.579540
vt 0.259764 0.579301
vt 0.252721 0.574183
vt 0.120319 0.589215
vt 0.166321 0.585519
vt 0.324972 0.574397
vt 0.331159 0.568209
vt 0.330946 0.568027
vt 0.281538 0.578124
vt 0.229909 0.574428
vt 0.336303 0.502856
vt 0.331159 0.495776
vt 0.330946 0.495959
vt 0.464143 0.581820
vt 0.418141 0.578125
vt 0.241207 0.672317
vt 0.246351 0.679396
vt 0.246564 0.679214
vt 0.078550 0.589215
vt 0.120319 0.585519
vt 0.246351 0.606963
vt 0.246564 0.607145
vt 0.252721 0.600989
vt 0.178916 0.578124
vt 0.229909 0.578124
vt 0.324971 0.600775
vt 0.317892 0.595632
vt 0.317745 0.595871
vt 0.418141 0.581820
vt 0.369039 0.578125
vt 0.259618 0.484445
vt 0.259764 0.484685
vt 0.267522 0.480732
vt 0.078550 0.585519
vt 0.042043 0.585518
vt 0.234531 0.545011
vt 0.237235 0.553333
vt 0.237494 0.553226
vt 0.129813 0.578123
vt 0.178916 0.574428
vt 0.301773 0.586217
vt 0.301707 0.585944
vt 0.293108 0.587306
vt 0.318045 0.581821
vt 0.369039 0.581821
vt 0.336303 0.672317
vt 0.340275 0.664520
vt 0.340016 0.664412
vt 0.505912 0.585517
vt 0.505912 0.581821
vt 0.464143 0.581821
vt 0.267415 0.694700
vt 0.275737 0.697404
vt 0.275802 0.697131
vt 0.083812 0.578123
vt 0.129813 0.574428
vt 0.233162 0.638804
vt 0.233442 0.638826
vt 0.234804 0.630227
vt 0.266416 0.581821
vt 0.318045 0.578125
vt 0.344348 0.527618
vt 0.344068 0.527640
vt 0.344068 0.536346
vt 0.464143 0.585517
vt 0.418141 0.581822
vt 0.293130 0.476399
vt 0.293108 0.476679
vt 0.301707 0.478041
vt 0.042043 0.578123
vt 0.083812 0.574427
vt 0.237235 0.510652
vt 0.234531 0.518975
vt 0.234804 0.519040
vt 0.215422 0.581821
vt 0.266416 0.578125
vt 0.284380 0.587586
vt 0.284402 0.587866
vt 0.293108 0.587866
vt 0.418141 0.585518
vt 0.369039 0.581822
vt 0.342979 0.630161
vt 0.344068 0.638826
vt 0.542419 0.589214
vt 0.542419 0.585518
vt 0.505912 0.585519
vt 0.301773 0.697404
vt 0.309988 0.694440
vt 0.166320 0.581821
vt 0.215422 0.578125
vt 0.267414 0.583513
vt 0.267522 0.583254
vt 0.318046 0.585518
vt 0.369039 0.585518
vt 0.336303 0.561130
vt 0.336063 0.560983
vt 0.505912 0.589215
vt 0.464143 0.585519
vt 0.324972 0.489589
vt 0.324789 0.489802
vt 0.120318 0.581820
vt 0.166320 0.578125
vt 0.241447 0.672170
vt 0.237494 0.664412
vt 0.266416 0.585518
vt 0.318046 0.581822
vt 0.259618 0.595632
vt 0.252538 0.600775
vt 0.464143 0.589215
vt 0.418141 0.585519
vt 0.331159 0.606963
vt 0.324789 0.600989
vt 0.078550 0.581820
vt 0.120318 0.578125
vt 0.252538 0.489589
vt 0.252721 0.489802
vt 0.215423 0.585518
vt 0.266416 0.581822
vt 0.241207 0.561130
vt 0.241447 0.560983
vt 0.418141 0.589215
vt 0.369039 0.585519
vt 0.310095 0.583513
vt 0.309988 0.583254
vt 0.078550 0.578124
vt 0.042043 0.578124
vt 0.331159 0.679396
vt 0.336063 0.672170
vt 0.166321 0.585518
vt 0.215423 0.581822
vt 0.259618 0.690727
vt 0.267522 0.694440
vt 0.318046 0.589215
vt 0.369039 0.589215
vt 0.237235 0.621839
vt 0.234531 0.630161
vt 0.469405 0.578122
vt 0.469405 0.574427
vt 0.427636 0.574427
vt 0.342979 0.518975
vt 0.342706 0.519040
vt 0.120319 0.585518
vt 0.166321 0.581822
vt 0.284380 0.476399
vt 0.284402 0.476679
vt 0.266416 0.589215
vt 0.318046 0.585520
vt 0.233162 0.527618
vt 0.233442 0.527640
vt 0.427636 0.578123
vt 0.381634 0.574427
vt 0.301773 0.588955
vt 0.293130 0.587586
vt 0.078550 0.585517
vt 0.120319 0.581822
vt 0.344348 0.638804
vt 0.344068 0.647533
vt 0.266416 0.585520
vt 0.293130 0.698773
vt 0.301708 0.697131
vt 0.381634 0.578123
vt 0.275737 0.586217
vt 0.275802 0.585944
vt 0.078550 0.581822
vt 0.042043 0.581821
vt 0.340275 0.553333
vt 0.340016 0.553226
vt 0.216666 0.329056
vt 0.162308 0.329056
vt 0.162308 0.337367
vt 0.062998 0.329056
vt 0.020489 0.329056
vt 0.020489 0.337367
vt 0.110662 0.329056
vt 0.162309 0.329056
vt 0.162309 0.337367
vt 0.272395 0.329056
vt 0.216666 0.337367
vt 0.110662 0.329056
vt 0.062998 0.337367
vt 0.062998 0.329056
vt 0.110662 0.337367
vt 0.328125 0.329056
vt 0.272395 0.337367
vt 0.162308 0.329056
vt 0.110662 0.337367
vt 0.020490 0.329056
vt 0.062998 0.337367
vt 0.382482 0.329056
vt 0.328125 0.337367
vt 0.216666 0.329056
vt 0.162308 0.337367
vt 0.481793 0.329056
vt 0.524301 0.329056
vt 0.524301 0.337367
vt 0.434129 0.329056
vt 0.382482 0.337367
vt 0.272395 0.329056
vt 0.216666 0.337367
vt 0.434129 0.329056
vt 0.481793 0.337367
vt 0.481793 0.329056
vt 0.434129 0.337367
vt 0.328125 0.329056
vt 0.272395 0.337367
vt 0.382482 0.329056
vt 0.434129 0.337367
vt 0.524301 0.329056
vt 0.481793 0.337367
vt 0.382482 0.329056
vt 0.328125 0.337367
vt 0.328125 0.329056
vt 0.382482 0.337367
vt 0.481793 0.329056
vt 0.524301 0.337367
vt 0.434129 0.329056
vt 0.382482 0.337367
vt 0.272395 0.329056
vt 0.328125 0.337367
vt 0.434129 0.329056
vt 0.481793 0.337367
vt 0.481793 0.329056
vt 0.434129 0.337367
vt 0.216667 0.329056
vt 0.272395 0.337367
vt 0.382483 0.329056
vt 0.434129 0.337367
vt 0.524301 0.329056
vt 0.481793 0.337367
vt 0.162309 0.329056
vt 0.216667 0.337367
vt 0.328125 0.329056
vt 0.382483 0.337367
vt 0.062998 0.329056
vt 0.020489 0.329056
vt 0.020489 0.337367
vt 0.110662 0.329056
vt 0.162309 0.337367
vt 0.272396 0.329056
vt 0.328125 0.337367
vt 0.110662 0.329056
vt 0.062998 0.337367
vt 0.062998 0.329056
vt 0.110662 0.337367
vt 0.216666 0.329056
vt 0.272396 0.337367
vt 0.110662 0.337367
vt 0.062998 0.337367
vt 0.216666 0.337367
vt 0.275737 0.588955
vt 0.275802 0.589228
vt 0.241207 0.502856
vt 0.237494 0.510760
vt 0.310095 0.480472
vt 0.301773 0.477768
vt 0.342979 0.545011
vt 0.344348 0.536368
vt 0.233162 0.647555
vt 0.233442 0.647533
vt 0.284380 0.698773
vt 0.284402 0.698493
vt 0.342979 0.656197
vt 0.342706 0.656132
vt 0.293130 0.587586
vt 0.284402 0.587306
vt 0.233162 0.536368
vt 0.234804 0.544945
vt 0.267414 0.480472
vt 0.275802 0.478041
vt 0.336063 0.503002
vt 0.340016 0.510760
vt 0.310095 0.591659
vt 0.309988 0.591919
vt 0.241207 0.614042
vt 0.241447 0.614189
vt 0.252538 0.685584
vt 0.252721 0.685370
vt 0.324972 0.685584
vt 0.324789 0.685370
vt 0.317892 0.579540
vt 0.324789 0.574183
vt 0.246351 0.568209
vt 0.252538 0.574397
vt 0.246351 0.495776
vt 0.241447 0.503002
vt 0.336303 0.614042
vt 0.336063 0.614189
vt 0.267414 0.591659
vt 0.267522 0.591919
vt 0.234531 0.656197
vt 0.234804 0.656132
vt 0.317892 0.484445
vt 0.309988 0.480732
vt 0.342706 0.544945
vt 0.284380 0.587586
vt 0.293108 0.698493
vt 0.344348 0.647555
vt 0.301707 0.589228
vt 0.233442 0.536346
vt 0.275737 0.477768
vt 0.340275 0.510652
vt 0.237494 0.621946
vt 0.259764 0.690488
vt 0.330946 0.679214
vt 0.317745 0.579301
vt 0.246564 0.568027
vt 0.246564 0.495959
vt 0.330946 0.607145
vt 0.259764 0.595871
vt 0.237235 0.664520
vt 0.317745 0.484685
vt 0.253409 0.532399
vt 0.253409 0.555064
vt 0.297244 0.555064
vt 0.370835 0.532399
vt 0.370835 0.509733
vt 0.328626 0.509733
vt 0.477667 0.624052
vt 0.477667 0.601386
vt 0.446285 0.601386
vt 0.297244 0.532399
vt 0.339453 0.555064
vt 0.328626 0.532399
vt 0.284791 0.509733
vt 0.446285 0.624052
vt 0.410379 0.601386
vt 0.339453 0.532399
vt 0.378997 0.555064
vt 0.284791 0.532399
vt 0.240410 0.509733
vt 0.410379 0.624052
vt 0.370835 0.601386
vt 0.378997 0.532399
vt 0.414903 0.555064
vt 0.240410 0.532399
vt 0.196575 0.509733
vt 0.370835 0.624052
vt 0.328626 0.601386
vt 0.414903 0.532399
vt 0.446285 0.555064
vt 0.196575 0.532399
vt 0.154365 0.509733
vt 0.328626 0.624052
vt 0.284791 0.601386
vt 0.047533 0.487068
vt 0.047533 0.509733
vt 0.083439 0.509733
vt 0.154365 0.532399
vt 0.114821 0.509733
vt 0.284791 0.624052
vt 0.240409 0.601386
vt 0.083439 0.487068
vt 0.122983 0.509733
vt 0.114821 0.532399
vt 0.078916 0.509733
vt 0.240409 0.624052
vt 0.196574 0.601386
vt 0.122983 0.487068
vt 0.165192 0.509733
vt 0.078916 0.532399
vt 0.047533 0.509733
vt 0.196574 0.624052
vt 0.154365 0.601386
vt 0.165192 0.487068
vt 0.209027 0.509733
vt 0.047533 0.532399
vt 0.047533 0.555064
vt 0.083439 0.555064
vt 0.154365 0.624052
vt 0.114821 0.601386
vt 0.209027 0.487067
vt 0.253409 0.509733
vt 0.083439 0.532399
vt 0.122983 0.555064
vt 0.114821 0.624052
vt 0.078916 0.601386
vt 0.253409 0.487067
vt 0.297244 0.509733
vt 0.122983 0.532399
vt 0.165192 0.555064
vt 0.078916 0.624052
vt 0.047533 0.601386
vt 0.297244 0.487067
vt 0.339453 0.509733
vt 0.165192 0.532399
vt 0.209027 0.555064
vt 0.446285 0.532399
vt 0.446285 0.509733
vt 0.410380 0.509733
vt 0.339453 0.487067
vt 0.378997 0.509733
vt 0.209027 0.532399
vt 0.410380 0.532399
vt 0.378997 0.487067
vt 0.414903 0.509733
vt 0.122111 0.647213
vt 0.082316 0.624052
vt 0.122111 0.624052
vt 0.226524 0.578225
vt 0.177939 0.555064
vt 0.226524 0.555064
vt 0.165939 0.647213
vt 0.212722 0.670374
vt 0.165939 0.670374
vt 0.082316 0.647213
vt 0.047533 0.624052
vt 0.177939 0.578225
vt 0.131157 0.555064
vt 0.212722 0.647213
vt 0.261306 0.670374
vt 0.454704 0.601386
vt 0.414908 0.578225
vt 0.454704 0.578225
vt 0.131157 0.578225
vt 0.087329 0.555064
vt 0.261306 0.647213
vt 0.310496 0.670374
vt 0.414908 0.601386
vt 0.371080 0.578225
vt 0.087328 0.578225
vt 0.047533 0.555064
vt 0.310496 0.647213
vt 0.359080 0.670374
vt 0.371080 0.601386
vt 0.324298 0.578225
vt 0.524268 0.647213
vt 0.489486 0.624052
vt 0.524268 0.624052
vt 0.359080 0.647213
vt 0.405862 0.670373
vt 0.324298 0.601386
vt 0.275713 0.578225
vt 0.489486 0.647213
vt 0.449690 0.624052
vt 0.405862 0.647213
vt 0.449691 0.670373
vt 0.275713 0.601386
vt 0.226524 0.578225
vt 0.449690 0.647213
vt 0.405862 0.624052
vt 0.449691 0.647213
vt 0.489486 0.670373
vt 0.226524 0.601386
vt 0.177939 0.578225
vt 0.405862 0.647213
vt 0.359079 0.624052
vt 0.489486 0.647213
vt 0.524269 0.670373
vt 0.177939 0.601386
vt 0.131157 0.578225
vt 0.359079 0.647213
vt 0.310495 0.624052
vt 0.454704 0.578225
vt 0.414908 0.555064
vt 0.454704 0.555064
vt 0.131157 0.601386
vt 0.087329 0.578225
vt 0.310495 0.647213
vt 0.261306 0.624052
vt 0.414908 0.578225
vt 0.371080 0.555064
vt 0.087329 0.601386
vt 0.047533 0.578225
vt 0.261306 0.647213
vt 0.212721 0.624052
vt 0.371080 0.578225
vt 0.324298 0.555064
vt 0.047533 0.647213
vt 0.082316 0.670374
vt 0.047533 0.670374
vt 0.212721 0.647213
vt 0.165939 0.624052
vt 0.324298 0.578225
vt 0.275713 0.555064
vt 0.082316 0.647213
vt 0.122111 0.670374
vt 0.165939 0.647213
vt 0.275713 0.578225
vt 0.199051 0.665713
vt 0.182873 0.496481
vt 0.199051 0.497927
vt 0.229895 0.656333
vt 0.243292 0.535409
vt 0.243292 0.657367
vt 0.304189 0.648558
vt 0.291085 0.530278
vt 0.304189 0.531289
vt 0.092778 0.535091
vt 0.104851 0.644066
vt 0.092778 0.643135
vt 0.282311 0.541866
vt 0.270670 0.646944
vt 0.270670 0.540968
vt 0.296025 0.636543
vt 0.285150 0.538381
vt 0.296025 0.539220
vt 0.227244 0.648750
vt 0.214195 0.530974
vt 0.227244 0.531980
vt 0.148101 0.530237
vt 0.161829 0.654143
vt 0.148101 0.653084
vt 0.324977 0.647220
vt 0.337915 0.527616
vt 0.337915 0.648242
vt 0.129565 0.646110
vt 0.142838 0.526309
vt 0.142838 0.647134
vt 0.105653 0.640576
vt 0.118394 0.525578
vt 0.118393 0.641559
vt 0.282174 0.531227
vt 0.295772 0.653969
vt 0.282174 0.652920
vt 0.142789 0.650687
vt 0.129809 0.533531
vt 0.142789 0.534532
vt 0.344009 0.532755
vt 0.356520 0.645680
vt 0.344009 0.644715
vt 0.117300 0.647418
vt 0.104730 0.533961
vt 0.117300 0.534930
vt 0.345860 0.527472
vt 0.359532 0.650875
vt 0.345860 0.649821
vt 0.120283 0.527624
vt 0.133922 0.650726
vt 0.120283 0.649674
vt 0.086347 0.642285
vt 0.073721 0.528326
vt 0.086346 0.529300
vt 0.289753 0.647854
vt 0.303114 0.527251
vt 0.303114 0.648885
vt 0.289753 0.528282
vt 0.303114 0.648885
vt 0.289753 0.647854
vt 0.310484 0.646979
vt 0.297347 0.528403
vt 0.310484 0.529417
vt 0.289753 0.647854
vt 0.303114 0.527251
vt 0.303114 0.648885
vt 0.125720 0.649558
vt 0.139253 0.527401
vt 0.139254 0.650602
vt 0.140073 0.654650
vt 0.154065 0.528358
vt 0.154065 0.655729
vt 0.099757 0.528445
vt 0.086224 0.650602
vt 0.086224 0.527401
vt 0.310966 0.651478
vt 0.324348 0.530692
vt 0.324348 0.652510
vt 0.125720 0.649558
vt 0.139254 0.527401
vt 0.139254 0.650602
vt 0.124540 0.528059
vt 0.138232 0.651648
vt 0.124540 0.650591
vt 0.366868 0.640960
vt 0.354526 0.529553
vt 0.366868 0.530506
vt 0.215644 0.655616
vt 0.201790 0.530564
vt 0.215644 0.531633
vt 0.075481 0.639488
vt 0.063193 0.528575
vt 0.075481 0.529523
vt 0.221396 0.529386
vt 0.235609 0.657673
vt 0.221396 0.656576
vt 0.209583 0.654768
vt 0.223524 0.528928
vt 0.223524 0.655844
vt 0.332298 0.534743
vt 0.319939 0.646297
vt 0.319939 0.533789
vt 0.117725 0.648399
vt 0.131619 0.522990
vt 0.131619 0.649471
vt 0.308666 0.527727
vt 0.295036 0.650753
vt 0.295036 0.526675
vt 0.086101 0.645779
vt 0.072943 0.527011
vt 0.086101 0.528026
vt 0.312171 0.647738
vt 0.298847 0.527478
vt 0.312170 0.528506
vt 0.118874 0.647657
vt 0.105569 0.527563
vt 0.118874 0.528590
vt 0.310829 0.539481
vt 0.328318 0.647273
vt 0.310829 0.646352
vt 0.167037 0.656796
vt 0.179466 0.526224
vt 0.179466 0.657863
vt 0.151801 0.526369
vt 0.163823 0.652666
vt 0.151801 0.651634
vt 0.315502 0.526232
vt 0.327371 0.650923
vt 0.315502 0.649904
vt 0.285168 0.527401
vt 0.273497 0.649997
vt 0.273498 0.526399
vt 0.315502 0.526232
vt 0.327372 0.650923
vt 0.315502 0.649904
vt 0.315502 0.649904
vt 0.327372 0.525213
vt 0.327372 0.650923
vt 0.062016 0.644222
vt 0.050800 0.526400
vt 0.062016 0.527363
vt 0.146566 0.525531
vt 0.158682 0.652806
vt 0.146566 0.651766
vt 0.372207 0.525374
vt 0.384353 0.652961
vt 0.372207 0.651918
vt 0.093077 0.649347
vt 0.081910 0.532043
vt 0.093077 0.533002
vt 0.368119 0.530835
vt 0.379233 0.647588
vt 0.368119 0.646634
vt 0.117776 0.652678
vt 0.106245 0.531551
vt 0.117776 0.532541
vt 0.093234 0.649698
vt 0.081414 0.525534
vt 0.093234 0.526548
vt 0.308380 0.529141
vt 0.320460 0.656044
vt 0.308380 0.655006
vt 0.286494 0.526462
vt 0.274659 0.650798
vt 0.274659 0.525446
vt 0.130205 0.642531
vt 0.141524 0.523634
vt 0.141524 0.643502
vt 0.060744 0.526007
vt 0.049054 0.648802
vt 0.049055 0.525003
vt 0.155143 0.525296
vt 0.166934 0.649158
vt 0.155143 0.648146
vt 0.282399 0.525636
vt 0.270291 0.652832
vt 0.270291 0.524596
vt 0.349909 0.526606
vt 0.361402 0.650264
vt 0.349909 0.649253
vt 0.144500 0.521930
vt 0.156843 0.651590
vt 0.144500 0.650531
vt 0.174556 0.528131
vt 0.186751 0.656237
vt 0.174556 0.655190
vt 0.308481 0.647240
vt 0.297502 0.531904
vt 0.308481 0.532846
vt 0.202098 0.529979
vt 0.190507 0.651747
vt 0.190507 0.528983
vt 0.236450 0.656907
vt 0.248835 0.526802
vt 0.248835 0.657970
vt 0.275067 0.638212
vt 0.265406 0.536722
vt 0.275067 0.537552
vt 0.248786 0.658757
vt 0.261412 0.526122
vt 0.261412 0.659841
vt 0.259877 0.647831
vt 0.249535 0.539192
vt 0.259877 0.540080
vt 0.051801 0.641373
vt 0.040885 0.526700
vt 0.051801 0.527637
vt 0.116044 0.644987
vt 0.126770 0.532318
vt 0.126770 0.645908
vt 0.188945 0.657742
vt 0.176637 0.528451
vt 0.188945 0.529507
vt 0.278936 0.650569
vt 0.267295 0.528280
vt 0.278936 0.529279
vt 0.343083 0.528612
vt 0.332118 0.643795
vt 0.332118 0.527671
vt 0.255713 0.534387
vt 0.267614 0.659411
vt 0.255712 0.658389
vt 0.150926 0.525959
vt 0.163090 0.653736
vt 0.150926 0.652692
vt 0.167873 0.668590
vt 0.153501 0.493621
vt 0.167873 0.495051
vt 0.151801 0.526369
vt 0.163823 0.652666
vt 0.151801 0.651634
vt 0.344532 0.537649
vt 0.360069 0.649095
vt 0.344532 0.648184
vt 0.336754 0.529672
vt 0.348642 0.654552
vt 0.336754 0.653531
vt 0.073676 0.526369
vt 0.061654 0.652666
vt 0.061654 0.525337
vt 0.233810 0.642774
vt 0.253154 0.542245
vt 0.253154 0.643588
vt 0.177468 0.643670
vt 0.162752 0.531669
vt 0.177468 0.532576
vt 0.370845 0.532498
vt 0.356109 0.644654
vt 0.356108 0.531590
vt 0.144049 0.641837
vt 0.129495 0.531071
vt 0.144049 0.531968
vt 0.368691 0.645618
vt 0.353615 0.530881
vt 0.368691 0.531811
vt 0.056537 0.528225
vt 0.071905 0.645183
vt 0.056537 0.644236
vt 0.386726 0.538445
vt 0.373055 0.642483
vt 0.373056 0.537603
vt 0.148185 0.650591
vt 0.163606 0.533231
vt 0.163606 0.651541
vt 0.158805 0.533645
vt 0.174525 0.653287
vt 0.158805 0.652318
vt 0.129596 0.533204
vt 0.116004 0.636644
vt 0.116005 0.532367
vt 0.276657 0.535784
vt 0.261333 0.652410
vt 0.261333 0.534839
vt 0.421224 0.637262
vt 0.407572 0.533362
vt 0.421224 0.534204
vt 0.064241 0.532162
vt 0.079385 0.647422
vt 0.064241 0.646489
vt 0.066120 0.645503
vt 0.081089 0.531578
vt 0.081089 0.646426
vt 0.252034 0.535734
vt 0.266835 0.648381
vt 0.252034 0.647469
vt 0.159358 0.645503
vt 0.144389 0.531578
vt 0.159358 0.532500
vt 0.078455 0.533630
vt 0.093931 0.651411
vt 0.078455 0.650458
vt 0.066120 0.532500
vt 0.081089 0.646426
vt 0.066120 0.645503
vt 0.230910 0.643851
vt 0.245689 0.531374
vt 0.245689 0.644761
vt 0.368337 0.643043
vt 0.353807 0.532457
vt 0.368338 0.533353
vt 0.230910 0.532285
vt 0.245689 0.644762
vt 0.230910 0.643851
vt 0.230910 0.643851
vt 0.245689 0.531374
vt 0.245689 0.644761
vt 0.141947 0.533083
vt 0.127983 0.639363
vt 0.127983 0.532222
vt 0.060222 0.531710
vt 0.075307 0.646517
vt 0.060222 0.645587
vt 0.285651 0.531568
vt 0.300773 0.646656
vt 0.285651 0.645724
vt 0.172657 0.538696
vt 0.158753 0.644509
vt 0.158753 0.537840
vt 0.288913 0.640966
vt 0.302751 0.535650
vt 0.302751 0.641819
vt 0.199950 0.538421
vt 0.185593 0.647683
vt 0.185593 0.537536
vt 0.222288 0.648846
vt 0.237329 0.534375
vt 0.237329 0.649773
vt 0.049545 0.530378
vt 0.063637 0.637627
vt 0.049545 0.636759
vt 0.071114 0.642133
vt 0.085794 0.530404
vt 0.085794 0.643038
vt 0.268004 0.532609
vt 0.282313 0.644153
vt 0.268003 0.643250
vt 0.087647 0.534350
vt 0.102831 0.649907
vt 0.087647 0.648971
vt 0.284707 0.644840
vt 0.270275 0.535000
vt 0.284707 0.535890
vt 0.343919 0.633285
vt 0.331890 0.541737
vt 0.343919 0.542478
vt 0.333579 0.642558
vt 0.320702 0.544560
vt 0.333579 0.545354
vt 0.039609 0.639518
vt 0.052962 0.537885
vt 0.052963 0.640341
vt 0.361898 0.535215
vt 0.347404 0.645526
vt 0.347404 0.534322
vt 0.170896 0.652319
vt 0.185714 0.539543
vt 0.185714 0.653233
vt 0.270301 0.503545
vt 0.252406 0.661374
vt 0.252406 0.502267
vt 0.273247 0.644509
vt 0.292901 0.540403
vt 0.292901 0.645430
vt 0.147465 0.645604
vt 0.132514 0.529616
vt 0.147466 0.530643
vt 0.340801 0.530562
vt 0.325829 0.646710
vt 0.325829 0.529534
vt 0.114377 0.643749
vt 0.099590 0.529041
vt 0.114377 0.530056
vt 0.337955 0.647599
vt 0.322639 0.528778
vt 0.337955 0.529830
vt 0.087868 0.646255
vt 0.103481 0.525134
vt 0.103481 0.647327
vt 0.358856 0.643437
vt 0.344968 0.535696
vt 0.358856 0.536649
vt 0.179623 0.652617
vt 0.195290 0.531079
vt 0.195290 0.653693
vt 0.190854 0.654383
vt 0.206826 0.530483
vt 0.206826 0.655480
vt 0.101887 0.531419
vt 0.088078 0.638540
vt 0.088078 0.530471
vt 0.245416 0.533771
vt 0.229847 0.654547
vt 0.229847 0.532702
vt 0.393391 0.639056
vt 0.379521 0.531458
vt 0.393392 0.532410
vt 0.095117 0.648479
vt 0.110503 0.529116
vt 0.110503 0.649535
vt 0.096638 0.530534
vt 0.111846 0.648514
vt 0.096637 0.647470
vt 0.282210 0.533789
vt 0.297248 0.650446
vt 0.282210 0.649413
vt 0.128840 0.647470
vt 0.113631 0.529489
vt 0.128840 0.530533
vt 0.110006 0.652491
vt 0.125729 0.530517
vt 0.125729 0.653570
vt 0.096638 0.530533
vt 0.111846 0.648514
vt 0.096637 0.647470
vt 0.261040 0.645792
vt 0.276055 0.529312
vt 0.276055 0.646823
vt 0.338714 0.531444
vt 0.323951 0.645966
vt 0.323951 0.530430
vt 0.261040 0.530343
vt 0.276055 0.646823
vt 0.261040 0.645792
vt 0.261040 0.645792
vt 0.276055 0.529312
vt 0.276055 0.646823
vt 0.113478 0.640337
vt 0.099290 0.530274
vt 0.113477 0.531248
vt 0.090976 0.529728
vt 0.106302 0.648621
vt 0.090976 0.647569
vt 0.316481 0.529581
vt 0.331845 0.648766
vt 0.316481 0.647711
vt 0.144312 0.645479
vt 0.130186 0.535900
vt 0.144312 0.536870
vt 0.317125 0.642784
vt 0.331184 0.533720
vt 0.331184 0.643749
vt 0.170681 0.536535
vt 0.156095 0.649686
vt 0.156095 0.535534
vt 0.252952 0.533325
vt 0.268234 0.651871
vt 0.252952 0.650822
vt 0.078275 0.528526
vt 0.092592 0.639593
vt 0.078275 0.638610
vt 0.101043 0.644062
vt 0.115958 0.528357
vt 0.115959 0.645086
vt 0.297177 0.530683
vt 0.311715 0.646198
vt 0.297177 0.645176
vt 0.118602 0.650966
vt 0.134029 0.531296
vt 0.134029 0.652025
vt 0.255283 0.533994
vt 0.240620 0.647743
vt 0.240620 0.532987
vt 0.319395 0.634865
vt 0.307174 0.540059
vt 0.319395 0.540898
vt 0.307328 0.644249
vt 0.294245 0.542764
vt 0.307328 0.543662
vt 0.066834 0.641272
vt 0.080401 0.536022
vt 0.080401 0.642203
vt 0.332348 0.533311
vt 0.317622 0.647547
vt 0.317622 0.532300
vt 0.201106 0.654266
vt 0.216161 0.537476
vt 0.216161 0.655300
vt 0.233818 0.500820
vt 0.215637 0.664267
vt 0.215637 0.499374
vt 0.132514 0.646630
vt 0.322639 0.648650
vt 0.344968 0.644390
vt 0.379521 0.640008
vt 0.125720 0.528445
vt 0.297248 0.532757
vt 0.099757 0.649558
vt 0.111846 0.529489
vt 0.276055 0.529312
vt 0.289753 0.528282
vt 0.099290 0.641311
vt 0.331845 0.528526
vt 0.130186 0.646449
vt 0.105653 0.526560
vt 0.129565 0.527333
vt 0.324978 0.528638
vt 0.307174 0.635704
vt 0.294245 0.645147
vt 0.201106 0.538510
vt 0.331890 0.634026
vt 0.270274 0.645730
vt 0.118602 0.532355
vt 0.282313 0.531705
vt 0.101043 0.529381
vt 0.170681 0.648685
vt 0.261040 0.530343
vt 0.245689 0.531374
vt 0.338714 0.644952
vt 0.261040 0.530343
vt 0.110006 0.531596
vt 0.144388 0.646426
vt 0.079385 0.531229
vt 0.407572 0.638104
vt 0.245416 0.653479
vt 0.174525 0.532676
vt 0.179623 0.532155
vt 0.087868 0.526206
vt 0.129495 0.642734
vt 0.340801 0.645682
vt 0.162752 0.644577
vt 0.273247 0.541324
vt 0.288823 0.504823
vt 0.270301 0.660096
vt 0.155558 0.541370
vt 0.155558 0.651406
vt 0.376900 0.643739
vt 0.376900 0.536109
vt 0.025787 0.638695
vt 0.039609 0.538708
vt 0.346906 0.641764
vt 0.346906 0.546148
vt 0.356369 0.632544
vt 0.356369 0.543220
vt 0.299645 0.643951
vt 0.299645 0.536779
vt 0.071931 0.535285
vt 0.071931 0.648036
vt 0.253193 0.642347
vt 0.055919 0.641228
vt 0.071114 0.531309
vt 0.034959 0.531246
vt 0.034959 0.635890
vt 0.206720 0.536228
vt 0.206720 0.647919
vt 0.214809 0.539306
vt 0.199950 0.646798
vt 0.274590 0.640113
vt 0.288913 0.536503
vt 0.187047 0.539553
vt 0.172656 0.643652
vt 0.269999 0.644792
vt 0.044608 0.644658
vt 0.156402 0.637642
vt 0.156402 0.533943
vt 0.215614 0.642940
vt 0.230910 0.532285
vt 0.215614 0.642940
vt 0.383377 0.642148
vt 0.383377 0.534248
vt 0.215614 0.642940
vt 0.230910 0.532285
vt 0.050626 0.644580
vt 0.062437 0.534583
vt 0.062437 0.649504
vt 0.174851 0.644580
vt 0.174851 0.533423
vt 0.236714 0.646557
vt 0.050626 0.533423
vt 0.050626 0.644580
vt 0.048566 0.533095
vt 0.048566 0.645556
vt 0.435354 0.535045
vt 0.292518 0.650521
vt 0.292518 0.536728
vt 0.143664 0.634969
vt 0.143664 0.534042
vt 0.142534 0.534614
vt 0.142534 0.651349
vt 0.132224 0.535131
vt 0.132224 0.649641
vt 0.400875 0.539288
vt 0.386725 0.641641
vt 0.040631 0.643289
vt 0.384295 0.644689
vt 0.384295 0.532740
vt 0.159113 0.640940
vt 0.159113 0.532865
vt 0.386098 0.642837
vt 0.386098 0.533406
vt 0.192700 0.642763
vt 0.192700 0.533483
vt 0.213788 0.543873
vt 0.213788 0.641959
vt 0.407025 0.492191
vt 0.273729 0.635462
vt 0.273729 0.524305
vt 0.502095 0.633914
vt 0.502095 0.535828
vt 0.457314 0.637541
vt 0.457314 0.527630
vt 0.273729 0.635462
vt 0.273729 0.524305
vt 0.293092 0.640077
vt 0.293092 0.525157
vt 0.273729 0.524305
vt 0.262204 0.634593
vt 0.435879 0.524194
vt 0.479356 0.633297
vt 0.479356 0.525397
vt 0.435879 0.633938
vt 0.435879 0.524194
vt 0.398628 0.524194
vt 0.398628 0.633938
vt 0.248644 0.525437
vt 0.237892 0.628325
vt 0.269437 0.523451
vt 0.495380 0.523289
vt 0.278883 0.634327
vt 0.278883 0.531085
vt 0.480833 0.528927
vt 0.309639 0.530561
vt 0.298586 0.636335
vt 0.289907 0.524519
vt 0.430892 0.527067
vt 0.419312 0.637883
vt 0.483440 0.524430
vt 0.244989 0.627307
vt 0.244989 0.522663
vt 0.255248 0.524000
vt 0.274720 0.632286
vt 0.274720 0.523272
vt 0.483876 0.635506
vt 0.483876 0.523557
vt 0.455447 0.524584
vt 0.455447 0.633419
vt 0.467816 0.632568
vt 0.230938 0.519811
vt 0.230938 0.633928
vt 0.298231 0.526037
vt 0.286540 0.637905
vt 0.456713 0.530961
vt 0.456713 0.632472
vt 0.394976 0.635160
vt 0.394976 0.527988
vt 0.362054 0.640248
vt 0.362054 0.525738
vt 0.435825 0.625217
vt 0.435825 0.535893
vt 0.376832 0.641773
vt 0.376832 0.525038
vt 0.431959 0.633921
vt 0.431959 0.538304
vt 0.233440 0.626690
vt 0.233440 0.525763
vt 0.224816 0.630560
vt 0.224816 0.531397
vt 0.355114 0.527394
vt 0.355114 0.641187
vt 0.472639 0.527280
vt 0.491119 0.526729
vt 0.491119 0.628105
vt 0.376411 0.532344
vt 0.365002 0.641519
vt 0.274283 0.523870
vt 0.073676 0.651634
vt 0.328318 0.538560
vt 0.182873 0.667160
vt 0.138232 0.527003
vt 0.343083 0.642854
vt 0.201790 0.656685
vt 0.104851 0.534160
vt 0.248786 0.527206
vt 0.285150 0.637382
vt 0.214195 0.649756
vt 0.161829 0.529177
vt 0.072943 0.646795
vt 0.286495 0.649782
vt 0.295772 0.530178
vt 0.129810 0.651689
vt 0.356520 0.531789
vt 0.104730 0.648388
vt 0.359532 0.526417
vt 0.073721 0.643259
vt 0.315502 0.526232
vt 0.303114 0.527251
vt 0.297347 0.647993
vt 0.190867 0.525157
vt 0.190867 0.658931
vt 0.174851 0.524305
vt 0.174851 0.653698
vt 0.338259 0.524194
vt 0.338259 0.651942
vt 0.262793 0.650999
vt 0.262793 0.525397
vt 0.327372 0.525213
vt 0.338259 0.651942
vt 0.338259 0.524194
vt 0.338259 0.651942
vt 0.040512 0.646148
vt 0.040512 0.525437
vt 0.169795 0.523451
vt 0.169795 0.653846
vt 0.384353 0.524331
vt 0.395493 0.654004
vt 0.081910 0.650306
vt 0.071667 0.531085
vt 0.389428 0.528927
vt 0.389428 0.648542
vt 0.106245 0.653668
vt 0.095669 0.530561
vt 0.081414 0.650713
vt 0.070573 0.524519
vt 0.320460 0.528104
vt 0.331541 0.657081
vt 0.263802 0.524430
vt 0.151905 0.522663
vt 0.151905 0.644474
vt 0.038332 0.524000
vt 0.166934 0.524284
vt 0.177749 0.650171
vt 0.259185 0.653872
vt 0.259184 0.523557
vt 0.361402 0.525595
vt 0.371944 0.651274
vt 0.168164 0.519811
vt 0.168164 0.652650
vt 0.186751 0.527084
vt 0.197937 0.657284
vt 0.297501 0.648182
vt 0.287431 0.530961
vt 0.179874 0.527988
vt 0.260196 0.525738
vt 0.260196 0.659034
vt 0.265406 0.639041
vt 0.256544 0.535893
vt 0.272993 0.660925
vt 0.249535 0.648719
vt 0.240049 0.538304
vt 0.040885 0.642310
vt 0.030872 0.525763
vt 0.136608 0.531397
vt 0.136608 0.646829
vt 0.165348 0.659855
vt 0.165348 0.527394
vt 0.267295 0.651568
vt 0.256617 0.527280
vt 0.322060 0.644737
vt 0.322060 0.526729
vt 0.267614 0.533365
vt 0.278531 0.660432
vt 0.174247 0.523870
vt 0.174247 0.654781
vt 0.153501 0.670020
vt 0.140317 0.492191
vt 0.174851 0.524305
vt 0.174851 0.653699
vt 0.374320 0.535828
vt 0.374320 0.650005
vt 0.359546 0.527630
vt 0.359546 0.655572
vt 0.050626 0.653698
vt 0.050626 0.524305
vt 0.514841 0.783719
vt 0.288823 0.493621
vt 0.236110 0.655825
vt 0.339060 0.661454
vt 0.491119 0.645678
vt 0.376900 0.528280
vt 0.405811 0.804500
vt 0.143664 0.526700
vt 0.532755 0.831495
vt 0.272993 0.526122
vt 0.405505 0.640700
vt 0.358598 0.653737
vt 0.529413 0.833014
vt 0.151905 0.523634
vt 0.411024 0.800646
vt 0.252813 0.652742
vt 0.528659 0.832966
vt 0.512130 0.783291
vt 0.389428 0.529881
vt 0.243838 0.652223
vt 0.395493 0.524331
vt 0.355206 0.721042
vt 0.515308 0.785367
vt 0.532817 0.834430
vt 0.398628 0.652961
vt 0.383377 0.526399
vt 0.358381 0.715243
vt 0.398627 0.652961
vt 0.531001 0.831058
vt 0.515136 0.784677
vt 0.235997 0.654731
vt 0.398628 0.525911
vt 0.235997 0.526044
vt 0.237716 0.524977
vt 0.254083 0.526955
vt 0.209468 0.524300
vt 0.392980 0.528814
vt 0.252813 0.526229
vt 0.273452 0.532229
vt 0.453336 0.537362
vt 0.445953 0.530535
vt 0.361919 0.494601
vt 0.339060 0.534065
vt 0.525531 0.626519
vt 0.436105 0.528964
vt 0.393739 0.639406
vt 0.191156 0.532949
vt 0.199181 0.527342
vt 0.337207 0.526865
vt 0.435879 0.632221
vt 0.442731 0.527086
vt 0.418786 0.589599
vt 0.222976 0.625900
vt 0.422045 0.633173
vt 0.522110 0.834009
vt 0.364729 0.640860
vt 0.426564 0.624518
vt 0.350182 0.639352
vt 0.455447 0.631716
vt 0.521797 0.832798
vt 0.472269 0.634630
vt 0.263417 0.631433
vt 0.234139 0.626488
vt 0.288184 0.670703
vt 0.529505 0.859235
vt 0.517997 0.834810
vt 0.451254 0.526143
vt 0.519348 0.834132
vt 0.530267 0.857220
vt 0.410006 0.525052
vt 0.424501 0.633079
vt 0.191088 0.629514
vt 0.520974 0.835340
vt 0.527567 0.858626
vt 0.262204 0.634593
vt 0.445918 0.636681
vt 0.530098 0.857709
vt 0.042043 0.589214
vt 0.042043 0.574427
vt 0.042043 0.581820
vt 0.042043 0.585517
vt 0.020490 0.337367
vt 0.524301 0.337367
vt 0.446285 0.532399
vt 0.047533 0.624052
vt 0.414903 0.487067
vt 0.047533 0.647213
vt 0.047533 0.578225
vt 0.524269 0.647213
vt 0.047533 0.601386
vt 0.122111 0.647213
vt 0.229895 0.536443
vt 0.291085 0.649569
vt 0.282311 0.646046
vt 0.133922 0.526572
vt 0.289753 0.528282
vt 0.125720 0.528445
vt 0.140073 0.529438
vt 0.310966 0.531725
vt 0.354526 0.641913
vt 0.063193 0.640436
vt 0.235609 0.528290
vt 0.209583 0.530004
vt 0.332298 0.645344
vt 0.117725 0.524062
vt 0.308666 0.649702
vt 0.298847 0.648766
vt 0.105569 0.648683
vt 0.167037 0.527291
vt 0.163823 0.525337
vt 0.327372 0.525213
vt 0.285167 0.648995
vt 0.050800 0.645185
vt 0.158682 0.524491
vt 0.379233 0.529881
vt 0.130206 0.524606
vt 0.060744 0.647798
vt 0.282399 0.651793
vt 0.156843 0.520871
vt 0.202098 0.650752
vt 0.236450 0.527865
vt 0.116044 0.533239
vt 0.176637 0.658798
vt 0.163090 0.524915
vt 0.163823 0.525337
vt 0.360069 0.536739
vt 0.348642 0.528651
vt 0.233810 0.543059
vt 0.370845 0.643746
vt 0.353615 0.646547
vt 0.071905 0.527278
vt 0.148185 0.534181
vt 0.129596 0.635806
vt 0.276657 0.651465
vt 0.066120 0.532500
vt 0.266836 0.534822
vt 0.093931 0.532676
vt 0.081089 0.531578
vt 0.353807 0.643939
vt 0.141947 0.638503
vt 0.075307 0.530780
vt 0.300773 0.530636
vt 0.222288 0.535302
vt 0.063637 0.529509
vt 0.102831 0.533414
vt 0.320702 0.643351
vt 0.361898 0.644632
vt 0.170896 0.540456
vt 0.099591 0.644764
vt 0.190854 0.531579
vt 0.101887 0.637592
vt 0.095116 0.530172
vt 0.111846 0.529489
vt 0.113631 0.648514
vt 0.106302 0.528676
vt 0.317125 0.534685
vt 0.268234 0.532276
vt 0.092592 0.527543
vt 0.311715 0.529661
vt 0.255283 0.646736
vt 0.066834 0.536954
vt 0.332348 0.646537
vt 0.233818 0.662820
vt 0.288823 0.658818
vt 0.025787 0.539531
vt 0.253193 0.533512
vt 0.055919 0.532214
vt 0.214809 0.645914
vt 0.274590 0.537356
vt 0.187047 0.642795
vt 0.269999 0.532500
vt 0.044608 0.532640
vt 0.215614 0.533196
vt 0.215614 0.533196
vt 0.215614 0.533196
vt 0.050626 0.533423
vt 0.236714 0.536646
vt 0.435354 0.636421
vt 0.400875 0.640798
vt 0.040631 0.529172
vt 0.407025 0.646186
vt 0.273729 0.635462
vt 0.435879 0.633938
vt 0.248644 0.629136
vt 0.269437 0.635469
vt 0.495380 0.635581
vt 0.480833 0.631684
vt 0.309639 0.637169
vt 0.289907 0.633799
vt 0.430892 0.638757
vt 0.483440 0.633861
vt 0.255248 0.632075
vt 0.467816 0.525436
vt 0.298231 0.638787
vt 0.472639 0.634910
vt 0.376411 0.642380
vt 0.274283 0.636331
vt 0.338259 0.524194
vt 0.395493 0.523289
vt 0.071667 0.651264
vt 0.095669 0.654658
vt 0.070572 0.651727
vt 0.331541 0.527067
vt 0.263802 0.651814
vt 0.038332 0.649805
vt 0.177749 0.523272
vt 0.371944 0.524584
vt 0.197937 0.526037
vt 0.287431 0.649125
vt 0.179874 0.652742
vt 0.256545 0.639871
vt 0.272993 0.525038
vt 0.240049 0.649607
vt 0.030872 0.643247
vt 0.256617 0.652568
vt 0.278531 0.532344
vt 0.140318 0.671450
vn 0.4570 -0.5373 0.7088
vn 0.7038 -0.6035 -0.3746
vn 0.5354 -0.4592 0.7088
vn -0.6862 -0.1633 0.7088
vn -0.8573 -0.3531 -0.3746
vn -0.6522 -0.2686 0.7088
vn 0.1660 0.6855 0.7088
vn 0.0746 0.9241 -0.3746
vn 0.0567 0.7031 0.7088
vn 0.7895 -0.4860 -0.3746
vn 0.6007 -0.3697 0.7088
vn -0.7915 -0.4828 -0.3746
vn -0.6021 -0.3673 0.7088
vn -0.0709 0.9244 -0.3746
vn -0.0539 0.7033 0.7088
vn 0.8559 -0.3565 -0.3746
vn 0.6511 -0.2712 0.7088
vn -0.7062 -0.6007 -0.3746
vn -0.5373 -0.4570 0.7088
vn -0.2146 0.9020 -0.3746
vn -0.1633 0.6862 0.7088
vn 0.9011 -0.2182 -0.3746
vn 0.6855 -0.1660 0.7088
vn -0.6035 -0.7038 -0.3746
vn -0.4592 -0.5354 0.7088
vn -0.3531 0.8573 -0.3746
vn -0.2686 0.6522 0.7088
vn 0.9241 -0.0746 -0.3746
vn 0.7031 -0.0567 0.7088
vn -0.4860 -0.7895 -0.3746
vn -0.3697 -0.6007 0.7088
vn -0.4828 0.7915 -0.3746
vn -0.3673 0.6021 0.7088
vn 0.9244 0.0709 -0.3746
vn 0.7033 0.0539 0.7088
vn -0.3565 -0.8559 -0.3746
vn -0.2712 -0.6511 0.7088
vn -0.6007 0.7062 -0.3746
vn -0.4570 0.5373 0.7088
vn 0.9020 0.2146 -0.3746
vn 0.6862 0.1633 0.7088
vn -0.2182 -0.9011 -0.3746
vn -0.1660 -0.6855 0.7088
vn -0.7038 0.6035 -0.3746
vn -0.5354 0.4592 0.7088
vn 0.8573 0.3531 -0.3746
vn 0.6522 0.2686 0.7088
vn -0.0746 -0.9241 -0.3746
vn -0.0567 -0.7031 0.7088
vn -0.7895 0.4860 -0.3746
vn -0.6007 0.3697 0.7088
vn 0.7915 0.4828 -0.3746
vn 0.6021 0.3673 0.7088
vn 0.0709 -0.9244 -0.3746
vn 0.0539 -0.7033 0.7088
vn -0.8559 0.3565 -0.3746
vn -0.6511 0.2712 0.7088
vn 0.7062 0.6007 -0.3746
vn 0.5373 0.4570 0.7088
vn 0.2146 -0.9020 -0.3746
vn 0.1633 -0.6862 0.7088
vn -0.9011 0.2182 -0.3746
vn -0.6855 0.1660 0.7088
vn 0.6035 0.7038 -0.3746
vn 0.4592 0.5354 0.7088
vn 0.3531 -0.8573 -0.3746
vn 0.2686 -0.6522 0.7088
vn -0.9241 0.0746 -0.3746
vn -0.7031 0.0567 0.7088
vn 0.4860 0.7895 -0.3746
vn 0.3697 0.6007 0.7088
vn 0.4828 -0.7915 -0.3746
vn 0.3673 -0.6021 0.7088
vn -0.9244 -0.0709 -0.3746
vn -0.7033 -0.0539 0.7088
vn 0.3565 0.8559 -0.3746
vn 0.2712 0.6511 0.7088
vn 0.6007 -0.7062 -0.3746
vn -0.9020 -0.2146 -0.3746
vn 0.2182 0.9011 -0.3746
vn 0.4805 -0.4121 -0.7741
vn 0.4101 -0.4822 -0.7741
vn -0.1670 -0.6896 0.7047
vn -0.0571 -0.7072 0.7047
vn 0.6057 0.3695 0.7047
vn 0.5391 -0.3318 -0.7741
vn -0.0484 0.6312 -0.7741
vn 0.0509 0.6310 -0.7741
vn 0.5404 0.4597 0.7047
vn 0.5844 -0.2434 -0.7741
vn 0.4619 0.5386 0.7047
vn -0.1465 0.6158 -0.7741
vn 0.3719 0.6042 0.7047
vn 0.6153 -0.1490 -0.7741
vn -0.2411 0.5853 -0.7741
vn 0.2728 0.6550 0.7047
vn 0.6312 0.0484 -0.7741
vn 0.6310 -0.0509 -0.7741
vn -0.4101 0.4822 -0.7741
vn -0.3297 0.5404 -0.7741
vn 0.1670 0.6896 0.7047
vn -0.4805 0.4121 -0.7741
vn 0.0571 0.7072 0.7047
vn 0.6158 0.1465 -0.7741
vn -0.0542 0.7074 0.7047
vn 0.5404 0.3297 -0.7741
vn 0.5853 0.2411 -0.7741
vn -0.5391 0.3318 -0.7741
vn -0.1642 0.6902 0.7047
vn 0.4822 0.4101 -0.7741
vn -0.6153 0.1490 -0.7741
vn -0.5843 0.2434 -0.7741
vn -0.2702 0.6561 0.7047
vn 0.4121 0.4805 -0.7741
vn -0.6310 0.0509 -0.7741
vn -0.3695 0.6057 0.7047
vn 0.3318 0.5391 -0.7741
vn -0.6312 -0.0484 -0.7741
vn -0.4597 0.5404 0.7047
vn 0.2434 0.5844 -0.7741
vn -0.5386 0.4619 0.7047
vn 0.1490 0.6153 -0.7741
vn -0.5853 -0.2411 -0.7741
vn -0.6158 -0.1465 -0.7741
vn -0.6042 0.3719 0.7047
vn 0.0542 -0.7074 0.7047
vn -0.5404 -0.3297 -0.7741
vn -0.6550 0.2728 0.7047
vn 0.1642 -0.6902 0.7047
vn -0.6896 0.1670 0.7047
vn 0.2702 -0.6561 0.7047
vn -0.4822 -0.4101 -0.7741
vn -0.7072 0.0571 0.7047
vn 0.3695 -0.6057 0.7047
vn -0.4121 -0.4805 -0.7741
vn -0.7074 -0.0542 0.7047
vn 0.4597 -0.5404 0.7047
vn -0.2434 -0.5843 -0.7741
vn -0.3318 -0.5391 -0.7741
vn -0.6902 -0.1642 0.7047
vn 0.5386 -0.4619 0.7047
vn -0.1490 -0.6153 -0.7741
vn -0.6561 -0.2702 0.7047
vn 0.6042 -0.3719 0.7047
vn -0.6057 -0.3695 0.7047
vn 0.6550 -0.2728 0.7047
vn 0.0484 -0.6312 -0.7741
vn -0.0509 -0.6310 -0.7741
vn -0.5404 -0.4597 0.7047
vn 0.6896 -0.1670 0.7047
vn -0.4619 -0.5386 0.7047
vn 0.7072 -0.0571 0.7047
vn 0.1465 -0.6158 -0.7741
vn -0.3719 -0.6042 0.7047
vn 0.7074 0.0542 0.7047
vn 0.2411 -0.5853 -0.7741
vn -0.2728 -0.6550 0.7047
vn 0.6902 0.1642 0.7047
vn 0.3297 -0.5404 -0.7741
vn 0.6561 0.2702 0.7047
vn 0.6716 -0.2798 -0.6860
vn 0.7071 -0.1712 -0.6860
vn 0.9174 -0.2222 -0.3302
vn -0.5542 -0.4714 -0.6860
vn -0.4736 -0.5523 -0.6860
vn -0.6145 -0.7165 -0.3302
vn -0.2771 0.6727 -0.6860
vn -0.3594 0.8728 -0.3302
vn -0.2185 0.9183 -0.3302
vn 0.7252 -0.0585 -0.6860
vn 0.9408 -0.0759 -0.3302
vn -0.3814 -0.6196 -0.6860
vn -0.4948 -0.8038 -0.3302
vn -0.3789 0.6211 -0.6860
vn -0.4916 0.8058 -0.3302
vn 0.7254 0.0556 -0.6860
vn 0.9411 0.0721 -0.3302
vn -0.2798 -0.6716 -0.6860
vn -0.3630 -0.8713 -0.3302
vn -0.4714 0.5542 -0.6860
vn -0.6116 0.7190 -0.3302
vn 0.7078 0.1684 -0.6860
vn 0.9183 0.2185 -0.3302
vn -0.1712 -0.7071 -0.6860
vn -0.2222 -0.9174 -0.3302
vn -0.5523 0.4736 -0.6860
vn -0.7165 0.6145 -0.3302
vn 0.6727 0.2771 -0.6860
vn 0.8728 0.3594 -0.3302
vn -0.0585 -0.7252 -0.6860
vn -0.0759 -0.9408 -0.3302
vn -0.6196 0.3814 -0.6860
vn -0.8038 0.4948 -0.3302
vn 0.6211 0.3789 -0.6860
vn 0.8058 0.4916 -0.3302
vn 0.0556 -0.7254 -0.6860
vn 0.0721 -0.9411 -0.3302
vn -0.6716 0.2798 -0.6860
vn -0.8713 0.3630 -0.3302
vn 0.5542 0.4714 -0.6860
vn 0.7190 0.6116 -0.3302
vn 0.1684 -0.7078 -0.6860
vn 0.2185 -0.9183 -0.3302
vn -0.7071 0.1712 -0.6860
vn -0.9174 0.2222 -0.3302
vn 0.4736 0.5523 -0.6860
vn 0.6145 0.7165 -0.3302
vn 0.2771 -0.6727 -0.6860
vn 0.3594 -0.8728 -0.3302
vn -0.7252 0.0585 -0.6860
vn -0.9408 0.0759 -0.3302
vn 0.3814 0.6196 -0.6860
vn 0.4948 0.8038 -0.3302
vn 0.3789 -0.6211 -0.6860
vn 0.4916 -0.8058 -0.3302
vn -0.7254 -0.0556 -0.6860
vn -0.9411 -0.0721 -0.3302
vn 0.2798 0.6716 -0.6860
vn 0.3630 0.8713 -0.3302
vn 0.4714 -0.5542 -0.6860
vn 0.6116 -0.7190 -0.3302
vn -0.7078 -0.1684 -0.6860
vn -0.9183 -0.2185 -0.3302
vn 0.1712 0.7071 -0.6860
vn 0.2222 0.9174 -0.3302
vn 0.5523 -0.4736 -0.6860
vn 0.7165 -0.6145 -0.3302
vn -0.6727 -0.2771 -0.6860
vn -0.8728 -0.3594 -0.3302
vn 0.0585 0.7252 -0.6860
vn 0.0759 0.9408 -0.3302
vn 0.6196 -0.3814 -0.6860
vn 0.8038 -0.4948 -0.3302
vn -0.6211 -0.3789 -0.6860
vn -0.8058 -0.4916 -0.3302
vn -0.0556 0.7254 -0.6860
vn -0.0721 0.9411 -0.3302
vn 0.8713 -0.3630 -0.3302
vn -0.7190 -0.6116 -0.3302
vn -0.1684 0.7078 -0.6860
vn -0.7004 0.1696 -0.6933
vn -0.6652 0.2771 -0.6933
vn 0.1668 -0.7011 -0.6933
vn -0.4666 -0.5441 0.6973
vn -0.3757 -0.6103 0.6973
vn 0.3653 0.5934 0.7172
vn -0.7183 0.0580 -0.6933
vn 0.3753 -0.6152 -0.6933
vn 0.2744 -0.6663 -0.6933
vn -0.1134 -0.0900 0.9894
vn 0.2679 0.6432 0.7172
vn -0.7185 -0.0551 -0.6933
vn 0.4669 -0.5489 -0.6933
vn -0.1687 -0.6966 0.6973
vn 0.1640 0.6772 0.7172
vn -0.0576 -0.7144 0.6973
vn 0.0561 0.6945 0.7172
vn -0.7011 -0.1668 -0.6933
vn 0.5470 -0.4691 -0.6933
vn 0.0548 -0.7146 0.6973
vn -0.0533 0.6948 0.7172
vn -0.6663 -0.2744 -0.6933
vn 0.6652 -0.2771 -0.6933
vn 0.6137 -0.3778 -0.6933
vn 0.1659 -0.6973 0.6973
vn -0.1613 0.6779 0.7172
vn -0.5489 -0.4669 -0.6933
vn -0.6152 -0.3753 -0.6933
vn 0.2729 -0.6627 0.6973
vn -0.2654 0.6443 0.7172
vn -0.4691 -0.5470 -0.6933
vn 0.7004 -0.1696 -0.6933
vn 0.3732 -0.6118 0.6973
vn -0.3629 0.5948 0.7172
vn 0.7183 -0.0580 -0.6933
vn 0.4644 -0.5459 0.6973
vn -0.4515 0.5307 0.7172
vn -0.2771 -0.6652 -0.6933
vn -0.3778 -0.6137 -0.6933
vn 0.7185 0.0551 -0.6933
vn 0.5441 -0.4666 0.6973
vn -0.5289 0.4536 0.7172
vn -0.1696 -0.7004 -0.6933
vn 0.7011 0.1668 -0.6933
vn 0.6103 -0.3757 0.6973
vn -0.5934 0.3652 0.7172
vn -0.0548 0.7146 0.6973
vn 0.0533 -0.6948 0.7172
vn -0.0561 -0.6945 0.7172
vn -0.0580 -0.7183 -0.6933
vn 0.6663 0.2744 -0.6933
vn 0.6616 -0.2756 0.6973
vn -0.6432 0.2679 0.7172
vn -0.1659 0.6973 0.6973
vn 0.1613 -0.6779 0.7172
vn 0.5489 0.4669 -0.6933
vn 0.6152 0.3753 -0.6933
vn 0.6966 -0.1687 0.6973
vn -0.6772 0.1640 0.7172
vn -0.2729 0.6627 0.6973
vn 0.2654 -0.6443 0.7172
vn 0.4691 0.5470 -0.6933
vn 0.7144 -0.0576 0.6973
vn -0.6945 0.0561 0.7172
vn -0.3732 0.6118 0.6973
vn 0.3629 -0.5948 0.7172
vn 0.3778 0.6137 -0.6933
vn 0.7146 0.0548 0.6973
vn -0.6948 -0.0533 0.7172
vn -0.4644 0.5459 0.6973
vn 0.4515 -0.5307 0.7172
vn 0.2771 0.6652 -0.6933
vn 0.6973 0.1659 0.6973
vn -0.6779 -0.1613 0.7172
vn -0.5441 0.4666 0.6973
vn 0.5289 -0.4536 0.7172
vn 0.6627 0.2729 0.6973
vn -0.6443 -0.2654 0.7172
vn -0.6103 0.3757 0.6973
vn 0.5934 -0.3653 0.7172
vn 0.1696 0.7004 -0.6933
vn 0.6118 0.3732 0.6973
vn -0.5948 -0.3629 0.7172
vn -0.6616 0.2756 0.6973
vn 0.6432 -0.2679 0.7172
vn 0.0580 0.7183 -0.6933
vn 0.5459 0.4644 0.6973
vn -0.5307 -0.4515 0.7172
vn -0.6966 0.1687 0.6973
vn 0.6772 -0.1640 0.7172
vn -0.1668 0.7011 -0.6933
vn -0.0551 0.7185 -0.6933
vn 0.4666 0.5441 0.6973
vn -0.4536 -0.5289 0.7172
vn -0.7144 0.0576 0.6973
vn 0.6945 -0.0561 0.7172
vn -0.2744 0.6663 -0.6933
vn 0.3757 0.6103 0.6973
vn -0.3652 -0.5934 0.7172
vn -0.7146 -0.0548 0.6973
vn 0.6948 0.0533 0.7172
vn 0.2756 0.6616 0.6973
vn -0.2679 -0.6432 0.7172
vn -0.6973 -0.1659 0.6973
vn 0.6779 0.1613 0.7172
vn -0.4669 0.5489 -0.6933
vn -0.3753 0.6152 -0.6933
vn 0.1687 0.6966 0.6973
vn -0.1640 -0.6772 0.7172
vn -0.6627 -0.2729 0.6973
vn 0.6443 0.2654 0.7172
vn 0.0576 0.7144 0.6973
vn -0.6118 -0.3732 0.6973
vn 0.5948 0.3629 0.7172
vn -0.5470 0.4691 -0.6933
vn 0.0551 -0.7185 -0.6933
vn -0.5459 -0.4644 0.6973
vn 0.5307 0.4515 0.7172
vn -0.6137 0.3778 -0.6933
vn 0.4536 0.5289 0.7172
vn -0.1684 0.7078 0.6860
vn 0.6406 0.2638 -0.7212
vn 0.5914 0.3608 -0.7212
vn -0.5542 -0.4714 0.6860
vn -0.6211 -0.3789 0.6860
vn -0.1603 0.6739 -0.7212
vn 0.6716 -0.2798 0.6860
vn 0.6196 -0.3814 0.6860
vn 0.4714 -0.5542 0.6860
vn 0.4488 -0.5277 0.7212
vn 0.3608 -0.5914 0.7212
vn -0.0556 0.7254 0.6860
vn 0.6727 0.2771 0.6860
vn 0.6211 0.3789 0.6860
vn 0.5914 0.3608 0.7212
vn -0.6727 -0.2771 0.6860
vn -0.2771 0.6727 0.6860
vn -0.2638 0.6406 0.7212
vn 0.5523 -0.4736 0.6860
vn -0.6907 -0.0529 -0.7212
vn 0.0585 0.7252 0.6860
vn -0.0557 -0.6905 -0.7212
vn 0.0529 -0.6907 -0.7212
vn 0.6733 -0.1631 -0.7212
vn -0.7078 -0.1684 0.6860
vn -0.6739 -0.1603 0.7212
vn -0.6907 -0.0529 0.7212
vn 0.1712 0.7071 0.6860
vn 0.2798 0.6716 0.6860
vn -0.0585 -0.7252 0.6860
vn 0.0556 -0.7254 0.6860
vn 0.0529 -0.6907 0.7212
vn 0.7252 -0.0585 0.6860
vn 0.6905 -0.0557 0.7212
vn 0.6733 -0.1631 0.7212
vn 0.2664 0.6395 -0.7212
vn 0.3814 0.6196 0.6860
vn -0.5900 0.3631 -0.7212
vn -0.7254 -0.0556 0.6860
vn -0.4510 -0.5259 -0.7212
vn -0.3631 -0.5900 -0.7212
vn 0.3789 -0.6211 0.6860
vn 0.1631 0.6733 0.7212
vn 0.2664 0.6395 0.7212
vn 0.4736 0.5523 0.6860
vn -0.6716 0.2798 0.6860
vn -0.6395 0.2664 0.7212
vn -0.5900 0.3631 0.7212
vn -0.7252 0.0585 0.6860
vn -0.4736 -0.5523 0.6860
vn -0.3814 -0.6196 0.6860
vn -0.3631 -0.5900 0.7212
vn 0.2771 -0.6727 0.6860
vn 0.4488 -0.5277 -0.7212
vn 0.5259 -0.4510 -0.7212
vn 0.5542 0.4714 0.6860
vn 0.5277 0.4488 -0.7212
vn -0.7071 0.1712 0.6860
vn -0.2638 0.6406 -0.7212
vn 0.1684 -0.7078 0.6860
vn 0.5259 -0.4510 0.7212
vn 0.5277 0.4488 0.7212
vn -0.6196 0.3814 0.6860
vn -0.3789 0.6211 0.6860
vn -0.3608 0.5914 0.7212
vn -0.6739 -0.1603 -0.7212
vn -0.6406 -0.2638 -0.7212
vn -0.5523 0.4736 0.6860
vn 0.6905 -0.0557 -0.7212
vn -0.6406 -0.2638 0.7212
vn 0.1603 -0.6739 0.7212
vn -0.4714 0.5542 0.6860
vn 0.7254 0.0556 0.6860
vn 0.6907 0.0529 0.7212
vn -0.1712 -0.7071 0.6860
vn -0.2798 -0.6716 0.6860
vn 0.1631 0.6733 -0.7212
vn 0.7078 0.1684 0.6860
vn -0.6395 0.2664 -0.7212
vn 0.0557 0.6905 0.7212
vn -0.6733 0.1631 0.7212
vn -0.2664 -0.6395 0.7212
vn 0.4510 0.5259 -0.7212
vn -0.3608 0.5914 -0.7212
vn 0.5900 -0.3631 0.7212
vn 0.7071 -0.1712 0.6860
vn 0.4510 0.5259 0.7212
vn -0.0529 0.6907 0.7212
vn -0.1603 0.6739 0.7212
vn -0.5914 -0.3608 0.7212
vn -0.5277 -0.4488 0.7212
vn -0.5277 -0.4488 -0.7212
vn 0.6395 -0.2664 0.7212
vn 0.6395 -0.2664 -0.7212
vn -0.0529 0.6907 -0.7212
vn -0.5914 -0.3608 -0.7212
vn 0.5900 -0.3631 -0.7212
vn 0.0557 0.6905 -0.7212
vn 0.3631 0.5900 0.7212
vn -0.6905 0.0557 0.7212
vn 0.2638 -0.6406 0.7212
vn 0.3608 -0.5914 -0.7212
vn 0.3631 0.5900 -0.7212
vn -0.6905 0.0557 -0.7212
vn 0.2638 -0.6406 -0.7212
vn -0.6733 0.1631 -0.7212
vn 0.1603 -0.6739 -0.7212
vn -0.0557 -0.6905 0.7212
vn 0.6406 0.2638 0.7212
vn -0.5259 0.4510 0.7212
vn -0.1631 -0.6733 0.7212
vn 0.6739 0.1603 0.7212
vn -0.4488 0.5277 0.7212
vn -0.5259 0.4510 -0.7212
vn -0.1631 -0.6733 -0.7212
vn 0.6739 0.1603 -0.7212
vn -0.4488 0.5277 -0.7212
vn -0.2664 -0.6395 -0.7212
vn 0.6907 0.0529 -0.7212
vn -0.4510 -0.5259 0.7212
vn 0.2315 -0.9728 0.0000
vn 0.7617 0.6479 0.0000
vn -0.9231 0.3845 0.0000
vn 0.0764 -0.9971 0.0000
vn 0.8537 0.5208 0.0000
vn -0.8516 0.5242 0.0000
vn -0.0804 -0.9967 0.0000
vn 0.9246 0.3808 0.0000
vn -0.7591 0.6510 0.0000
vn -0.2226 -0.9749 0.0000
vn 0.9728 0.2315 0.0000
vn -0.6479 0.7617 0.0000
vn 0.9971 0.0764 0.0000
vn -0.5208 0.8537 0.0000
vn -0.5242 -0.8516 0.0000
vn 0.9967 -0.0804 0.0000
vn -0.3808 0.9246 0.0000
vn -0.6510 -0.7591 0.0000
vn 0.9719 -0.2354 0.0000
vn -0.2315 0.9728 0.0000
vn -0.7617 -0.6479 0.0000
vn 0.9231 -0.3845 0.0000
vn -0.0764 0.9971 0.0000
vn -0.8537 -0.5208 0.0000
vn 0.8516 -0.5242 0.0000
vn 0.0804 0.9967 0.0000
vn -0.9246 -0.3808 0.0000
vn 0.7591 -0.6510 0.0000
vn 0.2354 0.9719 0.0000
vn -0.9728 -0.2315 0.0000
vn 0.6479 -0.7617 0.0000
vn 0.3845 0.9231 0.0000
vn -0.9971 -0.0764 0.0000
vn 0.5208 -0.8537 0.0000
vn 0.5242 0.8516 0.0000
vn -0.9967 0.0804 0.0000
vn 0.3808 -0.9246 0.0000
vn 0.6510 0.7591 0.0000
vn -0.9719 0.2354 0.0000
vn -0.2354 -0.9719 0.0000
vn -0.3845 -0.9231 0.0000
vn -0.0370 0.1554 -0.9872
vn -0.0203 0.2647 -0.9641
vn -0.0122 0.1593 -0.9872
vn -0.1011 0.2455 -0.9641
vn -0.0615 0.2583 -0.9641
vn -0.0832 0.1364 -0.9872
vn -0.0608 0.1477 -0.9872
vn -0.1035 0.1217 -0.9872
vn -0.1383 0.2267 -0.9641
vn -0.2015 0.1728 -0.9641
vn -0.1720 0.2022 -0.9641
vn -0.1360 0.0837 -0.9872
vn -0.1213 0.1040 -0.9872
vn -0.1475 0.0614 -0.9872
vn -0.2261 0.1392 -0.9641
vn -0.1552 0.0376 -0.9872
vn -0.2451 0.1021 -0.9641
vn -0.2647 0.0214 -0.9641
vn -0.2580 0.0625 -0.9641
vn -0.1592 0.0128 -0.9872
vn -0.2647 -0.0203 -0.9641
vn -0.1593 -0.0122 -0.9872
vn -0.2583 -0.0615 -0.9641
vn -0.1477 -0.0608 -0.9872
vn -0.1554 -0.0370 -0.9872
vn -0.1364 -0.0832 -0.9872
vn -0.2455 -0.1011 -0.9641
vn -0.1217 -0.1035 -0.9872
vn -0.2267 -0.1383 -0.9641
vn -0.1040 -0.1213 -0.9872
vn -0.2022 -0.1720 -0.9641
vn -0.0837 -0.1360 -0.9872
vn -0.1728 -0.2015 -0.9641
vn -0.0614 -0.1475 -0.9872
vn -0.1392 -0.2261 -0.9641
vn -0.0376 -0.1552 -0.9872
vn -0.1021 -0.2451 -0.9641
vn -0.0214 -0.2647 -0.9641
vn -0.0625 -0.2580 -0.9641
vn 0.0122 -0.1593 -0.9872
vn -0.0128 -0.1592 -0.9872
vn 0.0370 -0.1554 -0.9872
vn 0.0203 -0.2647 -0.9641
vn 0.1011 -0.2455 -0.9641
vn 0.0615 -0.2583 -0.9641
vn 0.0608 -0.1477 -0.9872
vn 0.1383 -0.2267 -0.9641
vn 0.0832 -0.1364 -0.9872
vn 0.1720 -0.2022 -0.9641
vn 0.1035 -0.1217 -0.9872
vn 0.2015 -0.1728 -0.9641
vn 0.1213 -0.1040 -0.9872
vn 0.2261 -0.1392 -0.9641
vn 0.1360 -0.0837 -0.9872
vn 0.2451 -0.1021 -0.9641
vn 0.1552 -0.0376 -0.9872
vn 0.1475 -0.0614 -0.9872
vn 0.1592 -0.0128 -0.9872
vn 0.2580 -0.0625 -0.9641
vn 0.1593 0.0122 -0.9872
vn 0.2647 -0.0214 -0.9641
vn 0.1554 0.0370 -0.9872
vn 0.2647 0.0203 -0.9641
vn 0.1477 0.0608 -0.9872
vn 0.2583 0.0615 -0.9641
vn 0.2267 0.1383 -0.9641
vn 0.2455 0.1011 -0.9641
vn 0.1364 0.0832 -0.9872
vn 0.2022 0.1720 -0.9641
vn 0.1217 0.1035 -0.9872
vn 0.1728 0.2015 -0.9641
vn 0.1040 0.1213 -0.9872
vn 0.1392 0.2261 -0.9641
vn 0.0614 0.1475 -0.9872
vn 0.0837 0.1360 -0.9872
vn 0.0376 0.1552 -0.9872
vn 0.1021 0.2451 -0.9641
vn 0.0128 0.1592 -0.9872
vn 0.0625 0.2580 -0.9641
vn 0.0214 0.2647 -0.9641
vn 0.1957 -0.3208 -0.9267
vn 0.3127 -0.3676 -0.8758
vn 0.2514 -0.4120 -0.8758
vn 0.1838 -0.4463 -0.8758
vn 0.1431 -0.3475 -0.9267
vn 0.1117 -0.4695 -0.8758
vn 0.0870 -0.3656 -0.9267
vn 0.0287 -0.3747 -0.9267
vn 0.0369 -0.4812 -0.8758
vn -0.0388 -0.4811 -0.8758
vn -0.0302 -0.3746 -0.9267
vn -0.0884 -0.3653 -0.9267
vn -0.1136 -0.4691 -0.8758
vn -0.1856 -0.4455 -0.8758
vn -0.1445 -0.3469 -0.9267
vn -0.2530 -0.4110 -0.8758
vn -0.1970 -0.3200 -0.9267
vn -0.3142 -0.3664 -0.8758
vn -0.2446 -0.2853 -0.9267
vn -0.3676 -0.3127 -0.8758
vn -0.2863 -0.2435 -0.9267
vn -0.4120 -0.2514 -0.8758
vn -0.3208 -0.1957 -0.9267
vn -0.4463 -0.1838 -0.8758
vn -0.3475 -0.1431 -0.9267
vn 0.0302 0.3746 -0.9267
vn 0.1136 0.4691 -0.8758
vn 0.0884 0.3653 -0.9267
vn -0.4695 -0.1117 -0.8758
vn -0.3656 -0.0870 -0.9267
vn 0.1445 0.3469 -0.9267
vn 0.1856 0.4455 -0.8758
vn -0.3747 -0.0287 -0.9267
vn -0.4812 -0.0369 -0.8758
vn 0.1970 0.3200 -0.9267
vn 0.2530 0.4110 -0.8758
vn -0.4811 0.0388 -0.8758
vn -0.3746 0.0302 -0.9267
vn 0.2446 0.2853 -0.9267
vn 0.3142 0.3664 -0.8758
vn -0.4691 0.1136 -0.8758
vn -0.3653 0.0884 -0.9267
vn 0.3676 0.3127 -0.8758
vn 0.2863 0.2435 -0.9267
vn -0.4455 0.1856 -0.8758
vn -0.3469 0.1445 -0.9267
vn 0.4120 0.2514 -0.8758
vn 0.3208 0.1957 -0.9267
vn -0.3200 0.1970 -0.9267
vn -0.4110 0.2530 -0.8758
vn 0.3475 0.1431 -0.9267
vn 0.4463 0.1838 -0.8758
vn -0.3664 0.3142 -0.8758
vn -0.2853 0.2446 -0.9267
vn 0.3656 0.0870 -0.9267
vn 0.4695 0.1117 -0.8758
vn -0.3127 0.3676 -0.8758
vn -0.2435 0.2863 -0.9267
vn 0.4812 0.0369 -0.8758
vn 0.3747 0.0287 -0.9267
vn -0.1957 0.3208 -0.9267
vn -0.2514 0.4120 -0.8758
vn 0.4811 -0.0388 -0.8758
vn 0.3746 -0.0302 -0.9267
vn -0.1838 0.4463 -0.8758
vn -0.1431 0.3475 -0.9267
vn 0.3653 -0.0884 -0.9267
vn 0.4691 -0.1136 -0.8758
vn -0.1117 0.4695 -0.8758
vn -0.0870 0.3656 -0.9267
vn 0.4455 -0.1856 -0.8758
vn 0.3469 -0.1445 -0.9267
vn -0.0369 0.4812 -0.8758
vn -0.0287 0.3747 -0.9267
vn 0.4110 -0.2530 -0.8758
vn 0.3200 -0.1970 -0.9267
vn 0.0388 0.4811 -0.8758
vn 0.3664 -0.3142 -0.8758
vn 0.2853 -0.2446 -0.9267
vn 0.2435 -0.2863 -0.9267
vn -0.0366 -0.4530 -0.8907
vn 0.0228 -0.2980 -0.9543
vn -0.0240 -0.2979 -0.9543
vn -0.0703 -0.2904 -0.9543
vn -0.1070 -0.4417 -0.8907
vn -0.1747 -0.4195 -0.8907
vn -0.1149 -0.2759 -0.9543
vn -0.1567 -0.2545 -0.9543
vn -0.2382 -0.3870 -0.8907
vn -0.1945 -0.2268 -0.9543
vn -0.2958 -0.3450 -0.8907
vn -0.2276 -0.1936 -0.9543
vn -0.3462 -0.2945 -0.8907
vn -0.3880 -0.2367 -0.8907
vn -0.2551 -0.1556 -0.9543
vn -0.4202 -0.1731 -0.8907
vn -0.2763 -0.1138 -0.9543
vn -0.2907 -0.0692 -0.9543
vn -0.4422 -0.1052 -0.8907
vn -0.4532 -0.0347 -0.8907
vn -0.2980 -0.0228 -0.9543
vn -0.4530 0.0366 -0.8907
vn -0.2979 0.0240 -0.9543
vn -0.2904 0.0703 -0.9543
vn -0.4417 0.1070 -0.8907
vn -0.2759 0.1149 -0.9543
vn -0.4195 0.1747 -0.8907
vn -0.3870 0.2382 -0.8907
vn -0.2545 0.1567 -0.9543
vn -0.2268 0.1945 -0.9543
vn -0.3450 0.2958 -0.8907
vn -0.1936 0.2276 -0.9543
vn -0.2945 0.3462 -0.8907
vn -0.1556 0.2551 -0.9543
vn -0.2367 0.3880 -0.8907
vn -0.1138 0.2763 -0.9543
vn -0.1731 0.4202 -0.8907
vn -0.1052 0.4422 -0.8907
vn -0.0692 0.2907 -0.9543
vn -0.0228 0.2980 -0.9543
vn -0.0347 0.4532 -0.8907
vn 0.0240 0.2979 -0.9543
vn 0.0366 0.4530 -0.8907
vn 0.1070 0.4417 -0.8907
vn 0.0703 0.2904 -0.9543
vn 0.1747 0.4195 -0.8907
vn 0.1149 0.2759 -0.9543
vn 0.1567 0.2545 -0.9543
vn 0.2382 0.3870 -0.8907
vn 0.1945 0.2268 -0.9543
vn 0.2958 0.3450 -0.8907
vn 0.3462 0.2945 -0.8907
vn 0.2276 0.1936 -0.9543
vn 0.3880 0.2367 -0.8907
vn 0.2551 0.1556 -0.9543
vn 0.4202 0.1731 -0.8907
vn 0.2763 0.1138 -0.9543
vn 0.4422 0.1052 -0.8907
vn 0.2907 0.0692 -0.9543
vn 0.2980 0.0228 -0.9543
vn 0.4532 0.0347 -0.8907
vn 0.4530 -0.0366 -0.8907
vn 0.2979 -0.0240 -0.9543
vn 0.2904 -0.0703 -0.9543
vn 0.4417 -0.1070 -0.8907
vn 0.2759 -0.1149 -0.9543
vn 0.4195 -0.1747 -0.8907
vn 0.2545 -0.1567 -0.9543
vn 0.3870 -0.2382 -0.8907
vn 0.2268 -0.1945 -0.9543
vn 0.3450 -0.2958 -0.8907
vn 0.1936 -0.2276 -0.9543
vn 0.2945 -0.3462 -0.8907
vn 0.2367 -0.3880 -0.8907
vn 0.1556 -0.2551 -0.9543
vn 0.1731 -0.4202 -0.8907
vn 0.1138 -0.2763 -0.9543
vn 0.1052 -0.4422 -0.8907
vn 0.0692 -0.2907 -0.9543
vn 0.0347 -0.4532 -0.8907
vn -0.0125 -0.1550 -0.9878
vn -0.0005 0.0069 -1.0000
vn 0.0005 0.0069 -1.0000
vn 0.0016 0.0067 -1.0000
vn -0.0366 -0.1512 -0.9878
vn -0.0598 -0.1436 -0.9878
vn 0.0026 0.0063 -1.0000
vn 0.0036 0.0059 -1.0000
vn -0.0815 -0.1325 -0.9878
vn 0.0045 0.0052 -1.0000
vn -0.1012 -0.1181 -0.9878
vn -0.1185 -0.1008 -0.9878
vn 0.0052 0.0045 -1.0000
vn 0.0059 0.0036 -1.0000
vn -0.1328 -0.0810 -0.9878
vn -0.1438 -0.0592 -0.9878
vn 0.0063 0.0026 -1.0000
vn -0.1513 -0.0360 -0.9878
vn 0.0067 0.0016 -1.0000
vn -0.1551 -0.0119 -0.9878
vn 0.0069 0.0005 -1.0000
vn -0.1550 0.0125 -0.9878
vn 0.0069 -0.0005 -1.0000
vn 0.0067 -0.0016 -1.0000
vn -0.1512 0.0366 -0.9878
vn -0.1436 0.0598 -0.9878
vn 0.0063 -0.0026 -1.0000
vn 0.0059 -0.0036 -1.0000
vn -0.1325 0.0815 -0.9878
vn 0.0052 -0.0045 -1.0000
vn -0.1181 0.1012 -0.9878
vn 0.0045 -0.0052 -1.0000
vn -0.1008 0.1185 -0.9878
vn -0.0810 0.1328 -0.9878
vn 0.0036 -0.0059 -1.0000
vn 0.0026 -0.0063 -1.0000
vn -0.0592 0.1438 -0.9878
vn -0.0360 0.1513 -0.9878
vn 0.0016 -0.0067 -1.0000
vn -0.0119 0.1551 -0.9878
vn 0.0005 -0.0069 -1.0000
vn -0.0005 -0.0068 -1.0000
vn 0.0125 0.1550 -0.9878
vn 0.0366 0.1512 -0.9878
vn -0.0016 -0.0067 -1.0000
vn -0.0026 -0.0063 -1.0000
vn 0.0598 0.1436 -0.9878
vn -0.0036 -0.0059 -1.0000
vn 0.0815 0.1325 -0.9878
vn -0.0045 -0.0052 -1.0000
vn 0.1012 0.1181 -0.9878
vn -0.0052 -0.0045 -1.0000
vn 0.1185 0.1008 -0.9878
vn 0.1328 0.0810 -0.9878
vn -0.0059 -0.0036 -1.0000
vn 0.1438 0.0592 -0.9878
vn -0.0063 -0.0026 -1.0000
vn -0.0067 -0.0016 -1.0000
vn 0.1513 0.0360 -0.9878
vn -0.0069 -0.0005 -1.0000
vn 0.1551 0.0119 -0.9878
vn 0.1550 -0.0125 -0.9878
vn -0.0069 0.0005 -1.0000
vn -0.0067 0.0016 -1.0000
vn 0.1512 -0.0366 -0.9878
vn 0.1436 -0.0598 -0.9878
vn -0.0063 0.0026 -1.0000
vn 0.1325 -0.0815 -0.9878
vn -0.0059 0.0036 -1.0000
vn -0.0052 0.0045 -1.0000
vn 0.1181 -0.1012 -0.9878
vn -0.0045 0.0052 -1.0000
vn 0.1008 -0.1185 -0.9878
vn 0.0810 -0.1328 -0.9878
vn -0.0036 0.0059 -1.0000
vn 0.0592 -0.1438 -0.9878
vn -0.0026 0.0063 -1.0000
vn 0.0360 -0.1513 -0.9878
vn -0.0016 0.0067 -1.0000
vn 0.0119 -0.1551 -0.9878
vn 0.0437 -0.5707 -0.8200
vn 0.2179 -0.5292 -0.8200
vn 0.1325 -0.5568 -0.8200
vn 0.2980 -0.4886 -0.8200
vn 0.4345 -0.3726 -0.8200
vn 0.3708 -0.4359 -0.8200
vn 0.4874 -0.3000 -0.8200
vn 0.5283 -0.2201 -0.8200
vn 0.5562 -0.1347 -0.8200
vn 0.5705 -0.0460 -0.8200
vn 0.5568 0.1325 -0.8200
vn 0.5706 0.0437 -0.8200
vn 0.5292 0.2180 -0.8200
vn 0.4886 0.2980 -0.8200
vn 0.4359 0.3708 -0.8200
vn 0.3726 0.4345 -0.8200
vn 0.3000 0.4874 -0.8200
vn 0.1347 0.5562 -0.8200
vn 0.2201 0.5283 -0.8200
vn 0.0460 0.5705 -0.8200
vn -0.1325 0.5568 -0.8200
vn -0.0437 0.5706 -0.8200
vn -0.2180 0.5292 -0.8200
vn -0.3708 0.4359 -0.8200
vn -0.2980 0.4886 -0.8200
vn -0.4345 0.3726 -0.8200
vn -0.5283 0.2201 -0.8200
vn -0.4874 0.3000 -0.8200
vn -0.5562 0.1347 -0.8200
vn -0.5706 -0.0437 -0.8200
vn -0.5705 0.0460 -0.8200
vn -0.5568 -0.1325 -0.8200
vn -0.5292 -0.2180 -0.8200
vn -0.4886 -0.2980 -0.8200
vn -0.4359 -0.3708 -0.8200
vn -0.3000 -0.4874 -0.8200
vn -0.3726 -0.4345 -0.8200
vn -0.2201 -0.5283 -0.8200
vn -0.1347 -0.5562 -0.8200
vn -0.0460 -0.5705 -0.8200
s 1
f 106/1/1 147/2/2 107/3/3
f 93/4/4 134/5/5 94/6/6
f 120/7/7 121/8/8 81/9/9
f 107/10/3 148/11/10 108/12/11
f 94/13/6 135/14/12 95/15/13
f 81/16/9 122/17/14 82/18/15
f 108/19/11 149/20/16 109/21/17
f 95/22/13 136/23/18 96/24/19
f 82/25/15 123/26/20 83/27/21
f 109/28/17 150/29/22 110/30/23
f 96/31/19 137/32/24 97/33/25
f 83/34/21 124/35/26 84/36/27
f 110/37/23 151/38/28 111/39/29
f 97/40/25 138/41/30 98/42/31
f 84/43/27 125/44/32 85/45/33
f 111/46/29 152/47/34 112/48/35
f 98/49/31 139/50/36 99/51/37
f 85/52/33 126/53/38 86/54/39
f 112/55/35 153/56/40 113/57/41
f 99/58/37 140/59/42 100/60/43
f 86/61/39 127/62/44 87/63/45
f 113/64/41 154/65/46 114/66/47
f 100/67/43 141/68/48 101/69/49
f 87/70/45 128/71/50 88/72/51
f 114/73/47 155/74/52 115/75/53
f 101/76/49 142/77/54 102/78/55
f 88/79/51 129/80/56 89/81/57
f 115/82/53 156/83/58 116/84/59
f 102/85/55 143/86/60 103/87/61
f 89/88/57 130/89/62 90/90/63
f 116/91/59 157/92/64 117/93/65
f 103/94/61 144/95/66 104/96/67
f 90/97/63 131/98/68 91/99/69
f 117/100/65 158/101/70 118/102/71
f 104/103/67 145/104/72 105/105/73
f 91/106/69 132/107/74 92/108/75
f 118/109/71 159/110/76 119/111/77
f 105/112/73 146/113/78 106/114/1
f 92/115/75 133/116/79 93/117/4
f 119/118/77 160/119/80 120/120/7
f 881/121/81 146/122/78 919/123/82
f 40/124/83 81/125/9 1/126/84
f 15/127/85 94/128/6 95/129/13
f 882/130/86 147/131/2 881/132/81
f 883/133/87 121/134/8 920/135/88
f 16/136/89 95/137/13 96/138/19
f 884/139/90 148/140/10 882/141/86
f 883/142/87 123/26/20 122/143/14
f 17/144/91 96/138/19 97/145/25
f 884/146/90 150/29/22 149/147/16
f 885/148/92 124/35/26 123/149/20
f 18/150/93 97/145/25 98/151/31
f 886/152/94 151/38/28 150/153/22
f 887/154/95 125/44/32 124/155/26
f 18/150/93 99/156/37 19/157/96
f 890/158/97 151/159/28 888/160/98
f 891/161/99 125/162/32 889/163/100
f 20/164/101 99/165/37 100/166/43
f 890/167/97 153/56/40 152/168/34
f 893/169/102 126/170/38 891/171/99
f 20/172/101 101/173/49 21/174/103
f 892/175/104 154/65/46 153/176/40
f 893/177/102 128/71/50 127/178/44
f 22/179/105 101/173/49 102/180/55
f 896/181/106 154/182/46 894/183/107
f 895/184/108 129/80/56 128/185/50
f 22/179/105 103/186/61 23/187/109
f 898/188/110 155/189/52 896/190/106
f 899/191/111 129/192/56 897/193/112
f 23/187/109 104/194/67 24/195/113
f 900/196/114 156/197/58 898/198/110
f 901/199/115 130/200/62 899/201/111
f 24/202/113 105/203/73 25/204/116
f 902/205/117 157/206/64 900/207/114
f 903/208/118 131/209/68 901/210/115
f 26/211/119 105/203/73 106/212/1
f 904/213/120 158/214/70 902/215/117
f 903/216/118 133/116/79 132/217/74
f 26/211/119 107/218/3 27/219/121
f 906/220/122 159/221/76 904/222/120
f 907/223/123 133/224/79 905/225/124
f 27/219/121 108/226/11 28/227/125
f 2/228/126 81/229/9 82/230/15
f 906/231/122 121/8/8 160/232/80
f 908/233/127 134/234/5 907/235/123
f 28/236/125 109/237/17 29/238/128
f 3/239/129 82/240/15 83/241/21
f 908/242/127 136/23/18 135/243/12
f 30/244/130 109/237/17 110/245/23
f 4/246/131 83/241/21 84/247/27
f 909/248/132 137/32/24 136/249/18
f 30/244/130 111/250/29 31/251/133
f 4/246/131 85/252/33 5/253/134
f 910/254/135 138/41/30 137/255/24
f 32/256/136 111/250/29 112/257/35
f 6/258/137 85/252/33 86/259/39
f 912/260/138 138/261/30 911/262/139
f 33/263/140 112/264/35 113/265/41
f 7/266/141 86/267/39 87/268/45
f 913/269/142 139/270/36 912/271/138
f 33/272/140 114/273/47 34/274/143
f 8/275/144 87/268/45 88/276/51
f 913/277/142 141/68/48 140/278/42
f 34/274/143 115/279/53 35/280/145
f 8/275/144 89/281/57 9/282/146
f 915/283/147 141/284/48 914/285/148
f 36/286/149 115/279/53 116/287/59
f 10/288/150 89/281/57 90/289/63
f 915/290/147 143/86/60 142/291/54
f 37/292/151 116/287/59 117/293/65
f 11/294/152 90/295/63 91/296/69
f 916/297/153 144/95/66 143/298/60
f 37/299/151 118/300/71 38/301/154
f 12/302/155 91/303/69 92/304/75
f 917/305/156 145/104/72 144/306/66
f 39/307/157 118/300/71 119/308/77
f 13/309/158 92/304/75 93/310/4
f 919/311/82 145/312/72 918/313/159
f 39/307/157 120/314/7 40/124/83
f 14/315/160 93/310/4 94/128/6
f 322/316/161 323/317/162 290/318/163
f 326/319/164 327/320/165 317/321/166
f 331/322/167 304/323/168 303/324/169
f 323/325/162 333/326/170 291/327/171
f 327/328/165 335/329/172 318/330/173
f 337/331/174 305/332/175 304/333/168
f 339/334/176 292/335/177 291/336/171
f 335/337/172 341/338/178 319/339/179
f 343/340/180 306/341/181 305/342/175
f 345/343/182 293/344/183 292/345/177
f 341/346/178 347/347/184 320/348/185
f 343/349/180 349/350/186 307/351/187
f 351/352/188 294/353/189 293/354/183
f 353/355/190 281/356/191 320/357/185
f 349/358/186 355/359/192 308/360/193
f 357/361/194 295/362/195 294/363/189
f 359/364/196 282/365/197 281/366/191
f 355/367/192 361/368/198 309/369/199
f 363/370/200 296/371/201 295/372/195
f 365/373/202 283/374/203 282/375/197
f 361/376/198 367/377/204 310/378/205
f 363/379/200 369/380/206 297/381/207
f 371/382/208 284/383/209 283/384/203
f 373/385/210 311/386/211 310/387/205
f 369/388/206 375/389/212 298/390/213
f 377/391/214 285/392/215 284/393/209
f 379/394/216 312/395/217 311/396/211
f 375/397/212 381/398/218 299/399/219
f 383/400/220 286/401/221 285/402/215
f 385/403/222 313/404/223 312/405/217
f 381/406/218 387/407/224 300/408/225
f 383/409/220 389/410/226 287/411/227
f 391/412/228 314/413/229 313/414/223
f 393/415/230 301/416/231 300/417/225
f 389/418/226 395/419/232 288/420/233
f 391/421/228 397/422/234 315/423/235
f 393/424/230 399/425/236 302/426/237
f 395/427/232 322/428/161 289/429/238
f 397/430/234 326/431/164 316/432/239
f 330/433/240 303/434/169 302/435/237
f 801/436/241 802/437/242 309/438/199
f 804/439/243 283/384/203 284/383/209
f 177/440/244 178/441/245 258/442/246
f 805/443/247 801/444/241 310/387/205
f 806/445/248 803/446/249 284/393/209
f 178/441/245 179/447/250 259/448/251
f 807/449/252 805/450/247 311/396/211
f 808/451/253 806/452/248 285/402/215
f 179/453/250 180/454/254 260/455/255
f 807/456/252 312/405/217 313/404/223
f 808/457/253 286/458/221 287/411/227
f 180/459/254 181/460/256 261/461/257
f 809/462/258 313/414/223 314/413/229
f 810/463/259 287/464/227 288/420/233
f 181/460/256 182/465/260 262/466/261
f 811/467/262 314/468/229 315/423/235
f 814/469/263 812/470/264 288/471/233
f 183/472/265 263/473/266 262/466/261
f 815/474/267 813/475/268 315/476/235
f 814/477/263 289/478/238 290/318/163
f 183/472/265 184/479/269 264/480/270
f 817/481/271 815/482/267 316/483/239
f 816/484/272 290/485/163 291/327/171
f 184/486/269 185/487/273 265/488/274
f 817/489/271 317/490/166 318/330/173
f 818/491/275 291/336/171 292/335/177
f 186/492/276 266/493/277 265/488/274
f 821/494/278 819/495/279 318/496/173
f 820/497/280 292/345/177 293/344/183
f 187/498/281 267/499/282 266/493/277
f 823/500/283 821/501/278 319/502/179
f 822/503/284 293/354/183 294/353/189
f 188/504/285 268/505/286 267/499/282
f 162/506/287 242/507/288 241/508/289
f 825/509/290 823/510/283 320/357/185
f 824/511/291 294/363/189 295/362/195
f 189/512/292 269/513/293 268/514/286
f 162/515/287 163/516/294 243/517/295
f 827/518/296 826/519/297 295/372/195
f 189/512/292 190/520/298 270/521/299
f 163/516/294 164/522/300 244/523/301
f 828/524/302 827/525/296 296/526/201
f 191/527/303 271/528/304 270/521/299
f 165/529/305 245/530/306 244/523/301
f 829/531/307 828/532/302 297/533/207
f 192/534/308 272/535/309 271/528/304
f 166/536/310 246/537/311 245/530/306
f 830/538/312 829/539/307 298/540/213
f 193/541/313 273/542/314 272/543/309
f 166/544/310 167/545/315 247/546/316
f 830/547/312 299/548/219 300/408/225
f 194/549/317 274/550/318 273/551/314
f 167/545/315 168/552/319 248/553/320
f 831/554/321 300/417/225 301/416/231
f 195/555/322 275/556/323 274/550/318
f 169/557/324 249/558/325 248/553/320
f 832/559/326 301/560/231 302/426/237
f 196/561/327 276/562/328 275/556/323
f 169/557/324 170/563/329 250/564/330
f 834/565/331 833/566/332 302/435/237
f 197/567/333 277/568/334 276/562/328
f 170/569/329 171/570/335 251/571/336
f 835/572/337 834/573/331 303/324/169
f 197/574/333 198/575/338 278/576/339
f 172/577/340 252/578/341 251/579/336
f 835/580/337 304/333/168 305/332/175
f 198/575/338 199/581/342 279/582/343
f 172/577/340 173/583/344 253/584/345
f 837/585/346 836/586/347 305/342/175
f 199/581/342 200/587/348 280/588/349
f 173/583/344 174/589/350 254/590/351
f 837/591/346 306/592/181 307/351/187
f 161/593/352 241/594/289 280/588/349
f 174/589/350 175/595/353 255/596/354
f 838/597/355 307/598/187 308/360/193
f 840/599/356 825/600/290 281/366/191
f 176/601/357 256/602/358 255/603/354
f 802/604/242 839/605/359 308/606/193
f 804/607/243 840/608/356 282/375/197
f 177/440/244 257/609/360 256/602/358
f 262/610/261 263/611/266 329/612/361
f 351/613/188 431/614/362 437/615/363
f 276/616/328 325/617/364 398/618/365
f 331/619/167 330/620/240 410/621/366
f 249/622/325 321/623/367 396/624/368
f 384/625/369 464/626/370 458/627/371
f 261/628/257 262/610/261 400/629/372
f 352/630/373 358/631/374 438/632/375
f 275/633/323 398/618/365 392/634/376
f 329/635/361 332/636/377 412/637/378
f 248/638/320 396/624/368 390/639/379
f 385/640/222 379/641/216 459/642/380
f 260/643/255 261/628/257 394/644/381
f 353/645/190 433/646/382 439/647/383
f 273/648/314 274/649/318 392/634/376
f 333/650/170 323/651/162 403/652/384
f 247/653/316 390/639/379 384/654/369
f 386/655/385 466/656/386 460/657/387
f 260/643/255 388/658/388 382/659/389
f 354/660/390 360/661/391 440/662/392
f 272/663/309 273/648/314 386/664/385
f 334/665/393 414/666/394 404/667/395
f 245/668/306 246/669/311 384/654/369
f 387/670/224 381/671/218 461/672/396
f 259/673/251 382/674/389 376/675/397
f 361/676/198 355/677/192 435/678/398
f 271/679/304 272/663/309 380/680/399
f 327/681/165 407/682/400 415/683/401
f 244/684/301 245/668/306 378/685/402
f 388/686/388 468/687/403 462/688/404
f 258/689/246 376/675/397 370/690/405
f 362/691/406 442/692/407 436/693/408
f 270/694/299 271/679/304 374/695/409
f 328/696/410 336/697/411 416/698/412
f 243/699/295 244/684/301 372/700/413
f 383/701/220 463/702/414 469/703/415
f 257/704/360 370/690/405 364/705/416
f 357/706/194 437/615/363 443/707/417
f 270/708/299 368/709/418 362/710/406
f 337/711/174 331/619/167 411/712/419
f 242/713/288 243/699/295 366/714/420
f 384/625/369 390/715/379 470/716/421
f 255/717/354 256/718/358 364/705/416
f 358/631/374 364/719/416 444/720/422
f 269/721/293 362/710/406 356/722/423
f 338/723/424 418/724/425 412/637/378
f 241/725/289 242/713/288 360/726/391
f 385/640/222 465/727/426 471/728/427
f 254/729/351 255/717/354 358/730/374
f 365/731/202 359/732/196 439/647/383
f 268/733/286 356/722/423 350/734/428
f 339/735/176 333/650/170 413/736/429
f 280/737/349 241/725/289 354/738/390
f 386/655/385 392/739/376 472/740/430
f 253/741/345 254/729/351 352/742/373
f 360/661/391 366/743/420 446/744/431
f 267/745/282 350/734/428 344/746/432
f 340/747/433 420/748/434 414/666/394
f 280/737/349 348/749/435 342/750/436
f 393/751/230 387/670/224 467/752/437
f 252/753/341 253/741/345 346/754/438
f 367/755/204 361/676/198 441/756/439
f 265/757/274 266/758/277 344/746/432
f 341/759/178 335/760/172 415/683/401
f 279/761/343 342/762/436 336/763/411
f 394/764/381 474/765/440 468/687/403
f 251/766/336 252/753/341 340/767/433
f 368/768/418 448/769/441 442/692/407
f 264/770/270 265/757/274 338/771/424
f 342/772/436 422/773/442 416/698/412
f 278/774/339 336/763/411 328/775/410
f 395/776/232 389/777/226 469/703/415
f 250/778/330 251/766/336 334/779/393
f 363/780/200 443/707/417 449/781/443
f 263/611/266 264/770/270 332/782/377
f 343/783/180 337/711/174 417/784/444
f 277/785/334 328/775/410 325/617/364
f 396/786/368 476/787/445 470/716/421
f 250/778/330 324/788/446 321/789/367
f 364/719/416 370/790/405 450/791/447
f 480/792/448 409/793/449 410/794/366
f 478/795/450 405/796/451 406/797/452
f 476/798/445 401/799/453 402/800/454
f 474/801/440 480/792/448 479/802/455
f 472/803/430 478/795/450 477/804/456
f 470/805/421 476/798/445 475/806/457
f 468/807/403 474/801/440 473/808/458
f 466/809/386 472/803/430 471/810/427
f 464/811/370 470/805/421 469/812/415
f 462/813/404 468/807/403 467/814/437
f 460/815/387 466/809/386 465/816/426
f 458/817/371 464/818/370 463/819/414
f 456/820/459 462/813/404 461/821/396
f 454/822/460 460/815/387 459/823/380
f 452/824/461 458/817/371 457/825/462
f 450/826/447 456/820/459 455/827/463
f 448/828/441 454/822/460 453/829/464
f 446/830/431 452/824/461 451/831/465
f 444/832/422 450/826/447 449/833/443
f 442/834/407 448/828/441 447/835/466
f 440/836/392 446/830/431 445/837/467
f 438/838/375 444/832/422 443/839/417
f 436/840/408 442/834/407 441/841/439
f 434/842/468 440/836/392 439/843/383
f 432/844/469 438/838/375 437/845/363
f 430/846/470 436/840/408 435/847/398
f 428/848/471 434/842/468 433/849/382
f 426/850/472 432/844/469 431/851/362
f 424/852/473 430/846/470 429/853/474
f 422/854/442 428/848/471 427/855/475
f 420/856/434 426/850/472 425/857/476
f 418/858/425 424/859/473 423/860/477
f 416/861/412 422/854/442 421/862/478
f 414/863/394 420/856/434 419/864/479
f 412/865/378 418/858/425 417/866/444
f 408/867/480 416/861/412 415/868/401
f 404/869/395 414/863/394 413/870/429
f 409/793/449 412/865/378 411/871/419
f 405/796/451 408/867/480 407/872/400
f 401/799/453 404/869/395 403/873/384
f 383/701/220 377/874/214 457/875/462
f 325/876/364 328/696/410 408/877/480
f 350/878/428 356/879/423 436/693/408
f 376/880/397 382/881/389 462/688/404
f 326/882/164 406/883/452 407/682/400
f 349/884/186 429/885/474 435/678/398
f 375/886/212 455/887/463 461/672/396
f 324/888/446 404/667/395 401/889/453
f 348/890/435 354/660/390 434/891/468
f 380/892/399 460/657/387 454/893/460
f 329/635/361 409/894/449 480/895/448
f 323/651/162 322/896/161 402/897/454
f 347/898/184 427/899/475 433/646/382
f 379/641/216 373/900/210 453/901/464
f 330/620/240 399/902/236 479/903/455
f 346/904/438 352/630/373 432/905/469
f 372/906/413 378/907/402 458/627/371
f 398/908/365 325/876/364 405/909/451
f 345/910/182 425/911/476 431/614/362
f 371/912/208 451/913/465 457/875/462
f 397/914/234 477/915/456 406/883/452
f 344/916/432 350/878/428 430/917/470
f 370/790/405 376/880/397 456/918/459
f 321/919/367 401/889/453 476/787/445
f 343/783/180 423/920/477 429/885/474
f 369/921/206 449/781/443 455/887/463
f 322/896/161 395/776/232 475/922/457
f 348/890/435 428/923/471 422/773/442
f 374/924/409 454/893/460 448/769/441
f 400/925/372 480/895/448 474/765/440
f 347/898/184 341/759/178 421/926/478
f 373/900/210 367/755/204 447/927/466
f 399/902/236 393/751/230 473/928/458
f 340/747/433 346/904/438 426/929/472
f 366/743/420 372/906/413 452/930/461
f 392/739/376 398/908/365 478/931/450
f 339/735/176 419/932/479 425/911/476
f 365/731/202 445/933/467 451/913/465
f 391/934/228 471/728/427 477/915/456
f 344/916/432 424/935/473 418/724/425
f 485/936/481 183/937/265 182/938/260
f 483/939/482 196/940/327 195/941/322
f 481/942/483 169/943/324 168/944/319
f 520/945/484 182/938/260 181/946/256
f 519/947/485 195/941/322 194/948/317
f 518/949/486 168/944/319 167/950/315
f 517/951/487 181/946/256 180/952/254
f 516/953/488 194/948/317 193/954/313
f 515/955/489 167/950/315 166/956/310
f 514/957/490 180/952/254 179/958/250
f 513/959/491 193/954/313 192/960/308
f 512/961/492 166/956/310 165/962/305
f 511/963/483 179/958/250 178/964/245
f 510/965/493 192/960/308 191/966/303
f 509/967/494 165/962/305 164/968/300
f 508/969/495 178/970/245 177/971/244
f 507/972/496 191/966/303 190/973/298
f 506/974/497 164/968/300 163/975/294
f 505/976/498 177/971/244 176/977/357
f 504/978/499 190/973/298 189/979/292
f 503/980/500 163/975/294 162/981/287
f 502/982/501 176/977/357 175/983/353
f 501/984/502 189/979/292 188/985/285
f 500/986/503 162/981/287 161/987/352
f 499/988/504 175/983/353 174/989/350
f 498/990/505 188/991/285 187/992/281
f 497/993/506 161/987/352 200/994/348
f 496/995/507 174/989/350 173/996/344
f 495/997/508 187/992/281 186/998/276
f 494/999/509 200/994/348 199/1000/342
f 493/1001/510 173/996/344 172/1002/340
f 492/1003/511 186/998/276 185/1004/273
f 491/1005/512 199/1000/342 198/1006/338
f 490/1007/513 172/1002/340 171/1008/335
f 489/1009/514 185/1004/273 184/1010/269
f 488/1011/515 198/1012/338 197/1013/333
f 487/1014/516 171/1008/335 170/1015/329
f 486/1016/517 184/1010/269 183/937/265
f 484/1017/518 197/1013/333 196/940/327
f 482/1018/519 170/1015/329 169/1019/324
f 525/1020/520 39/1021/157 40/1022/83
f 523/1023/491 12/1024/155 13/1025/158
f 521/1026/492 25/1027/116 26/1028/119
f 560/1029/521 38/1030/154 39/1021/157
f 559/1031/493 11/1032/152 12/1024/155
f 558/1033/494 24/1034/113 25/1027/116
f 557/1035/495 37/1036/151 38/1037/154
f 556/1038/496 10/1039/150 11/1032/152
f 555/1040/497 23/1041/109 24/1034/113
f 554/1042/498 36/1043/149 37/1036/151
f 553/1044/499 9/1045/146 10/1039/150
f 552/1046/500 22/1047/105 23/1041/109
f 551/1048/501 35/1049/145 36/1043/149
f 550/1050/502 8/1051/144 9/1052/146
f 549/1053/503 21/1054/103 22/1047/105
f 548/1055/504 34/1056/143 35/1049/145
f 547/1057/505 7/1058/141 8/1051/144
f 546/1059/506 20/1060/101 21/1054/103
f 545/1061/507 33/1062/140 34/1056/143
f 544/1063/508 6/1064/137 7/1058/141
f 543/1065/509 19/1066/96 20/1060/101
f 542/1067/510 32/1068/136 33/1062/140
f 541/1069/511 5/1070/134 6/1064/137
f 540/1071/512 18/1072/93 19/1066/96
f 539/1073/513 31/1074/133 32/1068/136
f 538/1075/514 4/1076/131 5/1070/134
f 537/1077/515 17/1078/91 18/1079/93
f 536/1080/516 30/1081/130 31/1074/133
f 535/1082/517 3/1083/129 4/1076/131
f 534/1084/518 16/1085/89 17/1078/91
f 533/1086/519 29/1087/128 30/1081/130
f 532/1088/481 2/1089/126 3/1083/129
f 531/1090/482 15/1091/85 16/1085/89
f 530/1092/483 28/1093/125 29/1094/128
f 529/1095/484 1/1096/84 2/1089/126
f 528/1097/485 14/1098/160 15/1091/85
f 527/1099/486 27/1100/121 28/1093/125
f 526/1101/487 40/1022/83 1/1096/84
f 524/1102/488 13/1025/158 14/1098/160
f 27/1100/121 521/1026/492 26/1028/119
f 681/1103/522 42/1104/523 720/1105/524
f 681/1106/522 44/1107/525 43/1108/526
f 683/1109/527 44/1110/525 682/1111/528
f 684/1112/529 45/1113/530 683/1114/527
f 684/1115/529 47/1116/531 46/1117/532
f 686/1118/533 47/1119/531 685/1120/534
f 687/1121/535 48/1122/536 686/1123/533
f 688/1124/537 49/1125/538 687/1126/535
f 688/1127/537 51/1128/539 50/1129/540
f 689/1130/541 52/1131/542 51/1132/539
f 690/1133/543 53/1134/544 52/1135/542
f 692/1136/545 53/1137/544 691/1138/546
f 693/1139/547 54/1140/548 692/1141/545
f 694/1142/549 55/1143/550 693/1144/547
f 695/1145/551 56/1146/552 694/1147/549
f 696/1148/553 57/1149/554 695/1150/551
f 697/1151/555 58/1152/556 696/1153/553
f 698/1154/557 59/1155/558 697/1156/555
f 698/1157/557 61/1158/559 60/1159/560
f 700/1160/561 61/1161/559 699/1162/562
f 701/1163/563 62/1164/564 700/1165/561
f 701/1166/563 64/1167/565 63/1168/566
f 702/1169/567 65/1170/568 64/1171/565
f 703/1172/569 66/1173/570 65/1174/568
f 704/1175/571 67/1176/572 66/1177/570
f 705/1178/573 68/1179/574 67/1180/572
f 706/1181/575 69/1182/576 68/1183/574
f 708/1184/577 69/1185/576 707/1186/578
f 709/1187/579 70/1188/580 708/1189/577
f 710/1190/581 71/1191/582 709/1192/579
f 711/1193/583 72/1194/584 710/1195/581
f 712/1196/585 73/1197/586 711/1198/583
f 712/1199/585 75/1200/587 74/1201/588
f 713/1202/589 76/1203/590 75/1204/587
f 714/1205/591 77/1206/592 76/1207/590
f 715/1208/593 78/1209/594 77/1210/592
f 717/1211/595 78/1212/594 716/1213/596
f 718/1214/597 79/1215/598 717/1216/595
f 719/1217/599 80/1218/600 718/1219/597
f 720/1220/524 41/1221/601 719/1222/599
f 880/1223/602 562/1224/603 600/1225/604
f 880/1226/602 599/1227/605 879/1228/606
f 879/1229/606 598/1230/607 878/1231/608
f 877/1232/609 598/1233/607 597/1234/610
f 877/1235/609 596/1236/611 876/1237/612
f 875/1238/613 596/1239/611 595/1240/614
f 875/1241/613 594/1242/615 874/1243/616
f 874/1244/616 593/1245/617 873/1246/618
f 873/1247/618 592/1248/619 872/1249/620
f 872/1250/620 591/1251/621 871/1252/622
f 871/1253/622 590/1254/623 870/1255/624
f 870/1256/624 589/1257/625 869/1258/626
f 842/1259/627 588/1260/628 868/1261/629
f 869/1262/626 587/1263/630 867/1264/631
f 866/1265/632 588/1266/628 586/1267/633
f 865/1268/634 587/1269/630 585/1270/635
f 864/1271/636 586/1272/633 584/1273/637
f 865/1274/634 583/1275/638 863/1276/639
f 862/1277/640 584/1278/637 582/1279/641
f 863/1280/639 581/1281/642 861/1282/643
f 862/1283/640 580/1284/644 860/1285/645
f 861/1286/643 579/1287/646 859/1288/647
f 860/1289/645 578/1290/648 858/1291/649
f 857/1292/650 579/1293/646 577/1294/651
f 856/1295/652 578/1296/648 576/1297/653
f 857/1298/650 575/1299/654 855/1300/655
f 854/1301/656 576/1302/653 574/1303/657
f 855/1304/655 573/1305/658 853/1306/659
f 854/1307/656 572/1308/660 852/1309/661
f 851/1310/662 573/1311/658 571/1312/663
f 852/1313/661 570/1314/664 850/1315/665
f 851/1316/662 569/1317/666 849/1318/667
f 848/1319/668 570/1320/664 568/1321/669
f 849/1322/667 567/1323/670 847/1324/671
f 848/1325/668 566/1326/672 846/1327/673
f 847/1328/671 564/1329/674 845/1330/675
f 846/1331/673 563/1332/676 844/1333/677
f 845/1334/675 565/1335/678 842/1336/627
f 844/1337/677 561/1338/679 843/1339/680
f 841/1340/681 561/1341/679 562/1342/603
f 800/1343/682 601/1344/683 640/1345/684
f 800/1346/682 639/1347/685 799/1348/686
f 798/1349/687 639/1350/685 638/1351/688
f 798/1352/687 637/1353/689 797/1354/690
f 797/1355/690 636/1356/691 796/1357/692
f 796/1358/692 635/1359/693 795/1360/694
f 794/1361/695 635/1362/693 634/1363/696
f 793/1364/697 634/1365/696 633/1366/698
f 793/1367/697 632/1368/699 792/1369/700
f 791/1370/701 632/1371/699 631/1372/702
f 790/1373/703 631/1374/702 630/1375/704
f 790/1376/703 629/1377/705 789/1378/706
f 789/1379/706 628/1380/707 788/1381/708
f 787/1382/709 628/1383/707 627/1384/710
f 787/1385/709 626/1386/711 786/1387/712
f 786/1388/712 625/1389/713 785/1390/714
f 785/1391/714 624/1392/715 784/1393/716
f 784/1394/716 623/1395/717 783/1396/718
f 782/1397/719 623/1398/717 622/1399/720
f 782/1400/719 621/1401/721 781/1402/722
f 781/1403/722 620/1404/723 780/1405/724
f 779/1406/725 620/1407/723 619/1408/726
f 778/1409/727 619/1410/726 618/1411/728
f 778/1412/727 617/1413/729 777/1414/730
f 777/1415/730 616/1416/731 776/1417/732
f 775/1418/733 616/1419/731 615/1420/734
f 774/1421/735 615/1422/734 614/1423/736
f 773/1424/737 614/1425/736 613/1426/738
f 772/1427/739 613/1428/738 612/1429/740
f 772/1430/739 611/1431/741 771/1432/742
f 770/1433/743 611/1434/741 610/1435/744
f 770/1436/743 609/1437/745 769/1438/746
f 769/1439/746 608/1440/747 768/1441/748
f 768/1442/748 607/1443/749 767/1444/750
f 767/1445/750 606/1446/751 766/1447/752
f 766/1448/752 605/1449/753 765/1450/754
f 764/1451/755 605/1452/753 604/1453/756
f 763/1454/757 604/1455/756 603/1456/758
f 762/1457/759 603/1458/758 602/1459/760
f 761/1460/761 602/1461/760 601/1462/683
f 760/1463/762 680/1464/763 679/1465/764
f 760/1466/762 678/1467/765 759/1468/766
f 758/1469/767 678/1470/765 677/1471/768
f 758/1472/767 676/1473/769 757/1474/770
f 757/1475/770 675/1476/771 756/1477/772
f 755/1478/773 675/1479/771 674/1480/774
f 755/1481/773 673/1482/775 754/1483/776
f 753/1484/777 673/1485/775 672/1486/778
f 752/1487/779 672/1488/778 671/1489/780
f 751/1490/781 671/1491/780 670/1492/782
f 750/1493/783 670/1494/782 669/1495/784
f 750/1496/783 668/1497/785 749/1498/786
f 748/1499/787 668/1500/785 667/1501/788
f 748/1502/787 666/1503/789 747/1504/790
f 747/1505/790 665/1506/791 746/1507/792
f 746/1508/792 664/1509/793 745/1510/794
f 744/1511/795 664/1512/793 663/1513/796
f 744/1514/795 662/1515/797 743/1516/798
f 742/1517/799 662/1518/797 661/1519/800
f 741/1520/801 661/1521/800 660/1522/802
f 741/1523/801 659/1524/803 740/1525/804
f 739/1526/805 659/1527/803 658/1528/806
f 739/1529/805 657/1530/807 738/1531/808
f 738/1532/808 656/1533/809 737/1534/810
f 737/1535/810 655/1536/811 736/1537/812
f 736/1538/812 654/1539/813 735/1540/814
f 734/1541/815 654/1542/813 653/1543/816
f 733/1544/817 653/1545/816 652/1546/818
f 733/1547/817 651/1548/819 732/1549/820
f 732/1550/820 650/1551/821 731/1552/822
f 730/1553/823 650/1554/821 649/1555/824
f 730/1556/823 648/1557/825 729/1558/826
f 728/1559/827 648/1560/825 647/1561/828
f 727/1562/829 647/1563/828 646/1564/830
f 727/1565/829 645/1566/831 726/1567/832
f 726/1568/832 644/1569/833 725/1570/834
f 724/1571/835 644/1572/833 643/1573/836
f 723/1574/837 643/1575/836 642/1576/838
f 722/1577/839 642/1578/838 641/1579/840
f 721/1580/841 641/1581/840 680/1582/763
f 679/1465/764 720/1220/524 719/1222/599
f 679/1583/764 718/1219/597 678/1467/765
f 677/1471/768 718/1214/597 717/1216/595
f 676/1473/769 717/1211/595 716/1213/596
f 676/1584/769 715/1208/593 675/1476/771
f 675/1479/771 714/1205/591 674/1480/774
f 674/1585/774 713/1202/589 673/1482/775
f 673/1485/775 712/1199/585 672/1486/778
f 671/1489/780 712/1196/585 711/1198/583
f 670/1492/782 711/1193/583 710/1195/581
f 669/1495/784 710/1190/581 709/1192/579
f 669/1586/784 708/1189/577 668/1497/785
f 667/1501/788 708/1184/577 707/1186/578
f 666/1503/789 707/1587/578 706/1181/575
f 666/1588/789 705/1178/573 665/1506/791
f 664/1509/793 705/1589/573 704/1175/571
f 664/1512/793 703/1172/569 663/1513/796
f 663/1590/796 702/1169/567 662/1515/797
f 662/1518/797 701/1166/563 661/1519/800
f 661/1521/800 700/1165/561 660/1522/802
f 660/1591/802 699/1162/562 659/1524/803
f 658/1528/806 699/1592/562 698/1157/557
f 658/1593/806 697/1156/555 657/1530/807
f 656/1533/809 697/1151/555 696/1153/553
f 656/1594/809 695/1150/551 655/1536/811
f 655/1595/811 694/1147/549 654/1539/813
f 653/1543/816 694/1142/549 693/1144/547
f 652/1546/818 693/1139/547 692/1141/545
f 651/1548/819 692/1136/545 691/1138/546
f 650/1551/821 691/1596/546 690/1133/543
f 649/1555/824 690/1597/543 689/1130/541
f 648/1557/825 689/1598/541 688/1127/537
f 648/1560/825 687/1126/535 647/1561/828
f 647/1563/828 686/1123/533 646/1564/830
f 646/1599/830 685/1120/534 645/1566/831
f 645/1600/831 684/1115/529 644/1569/833
f 643/1573/836 684/1112/529 683/1114/527
f 642/1576/838 683/1109/527 682/1111/528
f 642/1578/838 681/1106/522 641/1579/840
f 680/1582/763 681/1103/522 720/1105/524
f 602/1461/760 721/1580/841 601/1462/683
f 602/1459/760 723/1601/837 722/1577/839
f 604/1455/756 723/1574/837 603/1456/758
f 605/1452/753 724/1571/835 604/1453/756
f 605/1449/753 726/1568/832 725/1570/834
f 607/1602/749 726/1567/832 606/1446/751
f 608/1603/747 727/1562/829 607/1443/749
f 608/1440/747 729/1604/826 728/1559/827
f 610/1605/744 729/1558/826 609/1437/745
f 610/1435/744 731/1606/822 730/1553/823
f 611/1431/741 732/1550/820 731/1552/822
f 612/1429/740 733/1547/817 732/1549/820
f 613/1426/738 734/1607/815 733/1544/817
f 615/1422/734 734/1541/815 614/1423/736
f 616/1419/731 735/1540/814 615/1420/734
f 616/1416/731 737/1535/810 736/1537/812
f 617/1413/729 738/1532/808 737/1534/810
f 618/1411/728 739/1529/805 738/1531/808
f 619/1408/726 740/1608/804 739/1526/805
f 621/1609/721 740/1525/804 620/1404/723
f 621/1401/721 742/1610/799 741/1520/801
f 622/1399/720 743/1611/798 742/1517/799
f 623/1395/717 744/1514/795 743/1516/798
f 624/1392/715 745/1612/794 744/1511/795
f 626/1613/711 745/1510/794 625/1389/713
f 626/1386/711 747/1505/790 746/1507/792
f 628/1383/707 747/1504/790 627/1384/710
f 629/1614/705 748/1499/787 628/1380/707
f 630/1615/704 749/1498/786 629/1377/705
f 630/1375/704 751/1616/781 750/1493/783
f 632/1371/699 751/1490/781 631/1372/702
f 633/1617/698 752/1487/779 632/1368/699
f 633/1366/698 754/1618/776 753/1484/777
f 635/1362/693 754/1483/776 634/1363/696
f 635/1359/693 756/1619/772 755/1478/773
f 636/1356/691 757/1475/770 756/1477/772
f 638/1620/688 757/1474/770 637/1353/689
f 638/1351/688 759/1621/766 758/1469/767
f 640/1622/684 759/1468/766 639/1347/685
f 640/1345/684 721/1623/841 760/1463/762
f 202/1624/842 762/1625/759 761/1460/761
f 204/1626/843 762/1457/759 203/1627/844
f 205/1628/845 763/1454/757 204/1629/843
f 205/1630/845 765/1631/754 764/1451/755
f 207/1632/846 765/1450/754 206/1633/847
f 208/1634/848 766/1447/752 207/1635/846
f 209/1636/849 767/1444/750 208/1637/848
f 210/1638/850 768/1441/748 209/1639/849
f 210/1640/850 770/1436/743 769/1438/746
f 211/1641/851 771/1642/742 770/1433/743
f 213/1643/852 771/1432/742 212/1644/853
f 214/1645/854 772/1427/739 213/1646/852
f 214/1647/854 774/1648/735 773/1424/737
f 215/1649/855 775/1650/733 774/1421/735
f 216/1651/856 776/1652/732 775/1418/733
f 217/1653/857 777/1415/730 776/1417/732
f 218/1654/858 778/1412/727 777/1414/730
f 220/1655/859 778/1409/727 219/1656/860
f 220/1657/859 780/1658/724 779/1406/725
f 221/1659/861 781/1403/722 780/1405/724
f 223/1660/862 781/1402/722 222/1661/863
f 223/1662/862 783/1663/718 782/1397/719
f 224/1664/864 784/1394/716 783/1396/718
f 226/1665/865 784/1393/716 225/1666/866
f 227/1667/867 785/1390/714 226/1668/865
f 227/1669/867 787/1385/709 786/1387/712
f 229/1670/868 787/1382/709 228/1671/869
f 230/1672/870 788/1381/708 229/1673/868
f 230/1674/870 790/1376/703 789/1378/706
f 232/1675/871 790/1373/703 231/1676/872
f 233/1677/873 791/1370/701 232/1678/871
f 234/1679/874 792/1369/700 233/1680/873
f 235/1681/875 793/1364/697 234/1682/874
f 235/1683/875 795/1684/694 794/1361/695
f 236/1685/876 796/1358/692 795/1360/694
f 238/1686/877 796/1357/692 237/1687/878
f 239/1688/879 797/1354/690 238/1689/877
f 240/1690/880 798/1349/687 239/1691/879
f 201/1692/881 799/1348/686 240/1693/880
f 202/1694/842 800/1343/682 201/1695/881
f 202/1696/842 840/608/356 804/607/243
f 229/1697/868 228/1698/869 839/605/359
f 202/1699/842 201/1700/881 825/600/290
f 228/1701/869 227/1702/867 838/597/355
f 227/1703/867 226/1704/865 837/591/346
f 226/1705/865 225/1706/866 836/586/347
f 224/1707/864 835/580/337 836/1708/347
f 223/1709/862 834/573/331 835/572/337
f 223/1710/862 222/1711/863 833/566/332
f 222/1712/863 221/1713/861 832/559/326
f 221/1714/861 220/1715/859 831/554/321
f 219/1716/860 830/547/312 831/1717/321
f 218/1718/858 829/539/307 830/538/312
f 217/1719/857 828/532/302 829/531/307
f 217/1720/857 216/1721/856 827/525/296
f 215/1722/855 826/519/297 827/518/296
f 214/1723/854 824/511/291 826/1724/297
f 240/1725/880 823/510/283 825/509/290
f 213/1726/852 822/503/284 824/1727/291
f 239/1728/879 821/501/278 823/500/283
f 213/1729/852 212/1730/853 820/497/280
f 238/1731/877 819/495/279 821/494/278
f 212/1732/853 211/1733/851 818/491/275
f 238/1734/877 237/1735/878 817/489/271
f 211/1736/851 210/1737/850 816/1738/272
f 237/1739/878 236/1740/876 815/482/267
f 209/1741/849 814/477/263 816/1742/272
f 236/1743/876 235/1744/875 813/475/268
f 209/1745/849 208/1746/848 812/470/264
f 235/1747/875 234/1748/874 811/467/262
f 208/1749/848 207/1750/846 810/463/259
f 234/1751/874 233/1752/873 809/462/258
f 207/1753/846 206/1754/847 808/457/253
f 233/1755/873 232/1756/871 807/456/252
f 206/1757/847 205/1758/845 806/452/248
f 232/1759/871 231/1760/872 805/450/247
f 204/1761/843 803/446/249 806/445/248
f 231/1762/872 230/1763/870 801/444/241
f 203/1764/844 804/439/243 803/1765/249
f 229/1766/868 802/437/242 801/436/241
f 66/1177/570 843/1767/680 841/1340/681
f 67/1180/572 844/1337/677 843/1339/680
f 42/1768/523 842/1336/627 41/1221/601
f 69/1182/576 844/1333/677 68/1183/574
f 43/1769/526 845/1330/675 42/1104/523
f 70/1770/580 846/1327/673 69/1185/576
f 44/1107/525 847/1324/671 43/1108/526
f 70/1188/580 850/1771/665 848/1319/668
f 44/1110/525 851/1316/662 849/1318/667
f 72/1772/584 850/1315/665 71/1191/582
f 46/1773/532 851/1310/662 45/1113/530
f 72/1194/584 854/1307/656 852/1309/661
f 47/1116/531 853/1306/659 46/1117/532
f 73/1197/586 856/1774/652 854/1301/656
f 48/1775/536 855/1300/655 47/1119/531
f 75/1200/587 856/1295/652 74/1201/588
f 49/1776/538 857/1292/650 48/1122/536
f 75/1204/587 860/1289/645 858/1291/649
f 50/1777/540 859/1288/647 49/1125/538
f 76/1207/590 862/1283/640 860/1285/645
f 51/1128/539 861/1282/643 50/1129/540
f 78/1209/594 862/1277/640 77/1210/592
f 52/1131/542 863/1276/639 51/1132/539
f 79/1778/598 864/1271/636 78/1212/594
f 53/1134/544 865/1268/634 52/1135/542
f 79/1215/598 868/1779/629 866/1265/632
f 54/1780/548 867/1264/631 53/1137/544
f 80/1218/600 842/1259/627 868/1261/629
f 55/1781/550 869/1258/626 54/1140/548
f 56/1782/552 870/1255/624 55/1143/550
f 57/1783/554 871/1252/622 56/1146/552
f 58/1784/556 872/1249/620 57/1149/554
f 58/1152/556 874/1244/616 873/1246/618
f 60/1785/560 874/1243/616 59/1155/558
f 60/1159/560 876/1786/612 875/1238/613
f 62/1787/564 876/1237/612 61/1161/559
f 63/1788/566 877/1232/609 62/1164/564
f 64/1167/565 878/1231/608 63/1168/566
f 64/1171/565 880/1226/602 879/1228/606
f 66/1173/570 880/1223/602 65/1174/568
f 600/1225/604 919/1789/82 918/1790/159
f 599/1227/605 918/1791/159 917/1792/156
f 598/1230/607 917/1793/156 916/1794/153
f 597/1234/610 916/1795/153 915/1796/147
f 597/1797/610 914/1798/148 596/1236/611
f 595/1240/614 914/1799/148 913/1800/142
f 594/1242/615 913/1801/142 912/1802/138
f 593/1245/617 912/1803/138 911/1804/139
f 593/1805/617 910/1806/135 592/1248/619
f 592/1807/619 909/1808/132 591/1251/621
f 590/1254/623 909/1809/132 908/1810/127
f 590/1811/623 907/1812/123 589/1257/625
f 565/1813/678 906/1814/122 588/1260/628
f 589/1815/625 905/1816/124 587/1263/630
f 588/1266/628 904/1817/120 586/1267/633
f 585/1270/635 905/1818/124 903/1819/118
f 586/1272/633 902/1820/117 584/1273/637
f 585/1821/635 901/1822/115 583/1275/638
f 582/1279/641 902/1823/117 900/1824/114
f 583/1825/638 899/1826/111 581/1281/642
f 580/1284/644 900/1827/114 898/1828/110
f 581/1829/642 897/1830/112 579/1287/646
f 580/1831/644 896/1832/106 578/1290/648
f 579/1293/646 895/1833/108 577/1294/651
f 576/1297/653 896/1834/106 894/1835/107
f 577/1836/651 893/1837/102 575/1299/654
f 576/1302/653 892/1838/104 574/1303/657
f 575/1839/654 891/1840/99 573/1305/658
f 574/1841/657 890/1842/97 572/1308/660
f 571/1312/663 891/1843/99 889/1844/100
f 570/1314/664 890/1845/97 888/1846/98
f 571/1847/663 887/1848/95 569/1317/666
f 568/1321/669 888/1849/98 886/1850/94
f 569/1851/666 885/1852/92 567/1323/670
f 566/1326/672 886/1853/94 884/1854/90
f 567/1855/670 883/1856/87 564/1329/674
f 563/1332/676 884/1857/90 882/1858/86
f 565/1335/678 883/1859/87 920/1860/88
f 561/1338/679 882/1861/86 881/1862/81
f 562/1342/603 881/1863/81 919/1864/82
f 106/1/1 146/122/78 147/2/2
f 93/4/4 133/224/79 134/5/5
f 120/7/7 160/232/80 121/8/8
f 107/10/3 147/131/2 148/11/10
f 94/13/6 134/234/5 135/14/12
f 81/16/9 121/134/8 122/17/14
f 108/19/11 148/140/10 149/20/16
f 95/22/13 135/243/12 136/23/18
f 82/25/15 122/143/14 123/26/20
f 109/28/17 149/147/16 150/29/22
f 96/31/19 136/249/18 137/32/24
f 83/34/21 123/149/20 124/35/26
f 110/37/23 150/153/22 151/38/28
f 97/40/25 137/255/24 138/41/30
f 84/43/27 124/155/26 125/44/32
f 111/46/29 151/159/28 152/47/34
f 98/49/31 138/261/30 139/50/36
f 85/52/33 125/162/32 126/53/38
f 112/55/35 152/168/34 153/56/40
f 99/58/37 139/270/36 140/59/42
f 86/61/39 126/170/38 127/62/44
f 113/64/41 153/176/40 154/65/46
f 100/67/43 140/278/42 141/68/48
f 87/70/45 127/178/44 128/71/50
f 114/73/47 154/182/46 155/74/52
f 101/76/49 141/284/48 142/77/54
f 88/79/51 128/185/50 129/80/56
f 115/82/53 155/189/52 156/83/58
f 102/85/55 142/291/54 143/86/60
f 89/88/57 129/192/56 130/89/62
f 116/91/59 156/197/58 157/92/64
f 103/94/61 143/298/60 144/95/66
f 90/97/63 130/200/62 131/98/68
f 117/100/65 157/206/64 158/101/70
f 104/103/67 144/306/66 145/104/72
f 91/106/69 131/209/68 132/107/74
f 118/109/71 158/214/70 159/110/76
f 105/112/73 145/312/72 146/113/78
f 92/115/75 132/217/74 133/116/79
f 119/118/77 159/221/76 160/119/80
f 881/121/81 147/2/2 146/122/78
f 40/124/83 120/314/7 81/125/9
f 15/127/85 14/315/160 94/128/6
f 882/130/86 148/11/10 147/131/2
f 883/133/87 122/17/14 121/134/8
f 16/136/89 15/1865/85 95/137/13
f 884/139/90 149/20/16 148/140/10
f 883/142/87 885/1866/92 123/26/20
f 17/144/91 16/136/89 96/138/19
f 884/146/90 886/1867/94 150/29/22
f 885/148/92 887/1868/95 124/35/26
f 18/150/93 17/144/91 97/145/25
f 886/152/94 888/1869/98 151/38/28
f 887/154/95 889/1870/100 125/44/32
f 18/150/93 98/151/31 99/156/37
f 890/158/97 152/47/34 151/159/28
f 891/161/99 126/53/38 125/162/32
f 20/164/101 19/1871/96 99/165/37
f 890/167/97 892/1872/104 153/56/40
f 893/169/102 127/62/44 126/170/38
f 20/172/101 100/1873/43 101/173/49
f 892/175/104 894/1874/107 154/65/46
f 893/177/102 895/1875/108 128/71/50
f 22/179/105 21/174/103 101/173/49
f 896/181/106 155/74/52 154/182/46
f 895/184/108 897/1876/112 129/80/56
f 22/179/105 102/180/55 103/186/61
f 898/188/110 156/83/58 155/189/52
f 899/191/111 130/89/62 129/192/56
f 23/187/109 103/186/61 104/194/67
f 900/196/114 157/92/64 156/197/58
f 901/199/115 131/98/68 130/200/62
f 24/202/113 104/1877/67 105/203/73
f 902/205/117 158/101/70 157/206/64
f 903/208/118 132/107/74 131/209/68
f 26/211/119 25/204/116 105/203/73
f 904/213/120 159/110/76 158/214/70
f 903/216/118 905/1878/124 133/116/79
f 26/211/119 106/212/1 107/218/3
f 906/220/122 160/119/80 159/221/76
f 907/223/123 134/5/5 133/224/79
f 27/219/121 107/218/3 108/226/11
f 2/228/126 1/1879/84 81/229/9
f 906/231/122 920/1880/88 121/8/8
f 908/233/127 135/14/12 134/234/5
f 28/236/125 108/1881/11 109/237/17
f 3/239/129 2/1882/126 82/240/15
f 908/242/127 909/1883/132 136/23/18
f 30/244/130 29/238/128 109/237/17
f 4/246/131 3/239/129 83/241/21
f 909/248/132 910/1884/135 137/32/24
f 30/244/130 110/245/23 111/250/29
f 4/246/131 84/247/27 85/252/33
f 910/254/135 911/1885/139 138/41/30
f 32/256/136 31/251/133 111/250/29
f 6/258/137 5/253/134 85/252/33
f 912/260/138 139/50/36 138/261/30
f 33/263/140 32/1886/136 112/264/35
f 7/266/141 6/1887/137 86/267/39
f 913/269/142 140/59/42 139/270/36
f 33/272/140 113/1888/41 114/273/47
f 8/275/144 7/266/141 87/268/45
f 913/277/142 914/1889/148 141/68/48
f 34/274/143 114/273/47 115/279/53
f 8/275/144 88/276/51 89/281/57
f 915/283/147 142/77/54 141/284/48
f 36/286/149 35/280/145 115/279/53
f 10/288/150 9/282/146 89/281/57
f 915/290/147 916/1890/153 143/86/60
f 37/292/151 36/286/149 116/287/59
f 11/294/152 10/1891/150 90/295/63
f 916/297/153 917/1892/156 144/95/66
f 37/299/151 117/1893/65 118/300/71
f 12/302/155 11/1894/152 91/303/69
f 917/305/156 918/1895/159 145/104/72
f 39/307/157 38/301/154 118/300/71
f 13/309/158 12/302/155 92/304/75
f 919/311/82 146/113/78 145/312/72
f 39/307/157 119/308/77 120/314/7
f 14/315/160 13/309/158 93/310/4
f 322/316/161 290/318/163 289/478/238
f 326/319/164 317/321/166 316/483/239
f 331/322/167 303/324/169 330/1896/240
f 323/325/162 291/327/171 290/485/163
f 327/328/165 318/330/173 317/490/166
f 337/331/174 304/333/168 331/1897/167
f 339/334/176 291/336/171 333/1898/170
f 335/337/172 319/339/179 318/496/173
f 343/340/180 305/342/175 337/1899/174
f 345/343/182 292/345/177 339/1900/176
f 341/346/178 320/348/185 319/502/179
f 343/349/180 307/351/187 306/592/181
f 351/352/188 293/354/183 345/1901/182
f 353/355/190 320/357/185 347/1902/184
f 349/358/186 308/360/193 307/598/187
f 357/361/194 294/363/189 351/1903/188
f 359/364/196 281/366/191 353/1904/190
f 355/367/192 309/369/199 308/606/193
f 363/370/200 295/372/195 357/1905/194
f 365/373/202 282/375/197 359/1906/196
f 361/376/198 310/378/205 309/438/199
f 363/379/200 297/381/207 296/526/201
f 371/382/208 283/384/203 365/1907/202
f 373/385/210 310/387/205 367/1908/204
f 369/388/206 298/390/213 297/533/207
f 377/391/214 284/393/209 371/1909/208
f 379/394/216 311/396/211 373/1910/210
f 375/397/212 299/399/219 298/540/213
f 383/400/220 285/402/215 377/1911/214
f 385/403/222 312/405/217 379/1912/216
f 381/406/218 300/408/225 299/548/219
f 383/409/220 287/411/227 286/458/221
f 391/412/228 313/414/223 385/1913/222
f 393/415/230 300/417/225 387/1914/224
f 389/418/226 288/420/233 287/464/227
f 391/421/228 315/423/235 314/468/229
f 393/424/230 302/426/237 301/560/231
f 395/427/232 289/429/238 288/471/233
f 397/430/234 316/432/239 315/476/235
f 330/433/240 302/435/237 399/1915/236
f 801/436/241 309/438/199 310/378/205
f 804/439/243 284/383/209 803/1765/249
f 177/440/244 258/442/246 257/609/360
f 805/443/247 310/387/205 311/386/211
f 806/445/248 284/393/209 285/392/215
f 178/441/245 259/448/251 258/442/246
f 807/449/252 311/396/211 312/395/217
f 808/451/253 285/402/215 286/401/221
f 179/453/250 260/455/255 259/1916/251
f 807/456/252 313/404/223 809/1917/258
f 808/457/253 287/411/227 810/1918/259
f 180/459/254 261/461/257 260/1919/255
f 809/462/258 314/413/229 811/1920/262
f 810/463/259 288/420/233 812/1921/264
f 181/460/256 262/466/261 261/461/257
f 811/467/262 315/423/235 813/1922/268
f 814/469/263 288/471/233 289/429/238
f 183/472/265 262/466/261 182/465/260
f 815/474/267 315/476/235 316/432/239
f 814/477/263 290/318/163 816/1742/272
f 183/472/265 264/480/270 263/473/266
f 817/481/271 316/483/239 317/321/166
f 816/484/272 291/327/171 818/1923/275
f 184/486/269 265/488/274 264/1924/270
f 817/489/271 318/330/173 819/1925/279
f 818/491/275 292/335/177 820/1926/280
f 186/492/276 265/488/274 185/487/273
f 821/494/278 318/496/173 319/339/179
f 820/497/280 293/344/183 822/1927/284
f 187/498/281 266/493/277 186/492/276
f 823/500/283 319/502/179 320/348/185
f 822/503/284 294/353/189 824/1727/291
f 188/504/285 267/499/282 187/498/281
f 162/506/287 241/508/289 161/1928/352
f 825/509/290 320/357/185 281/356/191
f 824/511/291 295/362/195 826/1724/297
f 189/512/292 268/514/286 188/1929/285
f 162/515/287 243/517/295 242/1930/288
f 827/518/296 295/372/195 296/371/201
f 189/512/292 270/521/299 269/513/293
f 163/516/294 244/523/301 243/517/295
f 828/524/302 296/526/201 297/381/207
f 191/527/303 270/521/299 190/520/298
f 165/529/305 244/523/301 164/522/300
f 829/531/307 297/533/207 298/390/213
f 192/534/308 271/528/304 191/527/303
f 166/536/310 245/530/306 165/529/305
f 830/538/312 298/540/213 299/399/219
f 193/541/313 272/543/309 192/1931/308
f 166/544/310 247/546/316 246/1932/311
f 830/547/312 300/408/225 831/1717/321
f 194/549/317 273/551/314 193/1933/313
f 167/545/315 248/553/320 247/546/316
f 831/554/321 301/416/231 832/1934/326
f 195/555/322 274/550/318 194/549/317
f 169/557/324 248/553/320 168/552/319
f 832/559/326 302/426/237 833/1935/332
f 196/561/327 275/556/323 195/555/322
f 169/557/324 250/564/330 249/558/325
f 834/565/331 302/435/237 303/434/169
f 197/567/333 276/562/328 196/561/327
f 170/569/329 251/571/336 250/1936/330
f 835/572/337 303/324/169 304/323/168
f 197/574/333 278/576/339 277/1937/334
f 172/577/340 251/579/336 171/1938/335
f 835/580/337 305/332/175 836/1708/347
f 198/575/338 279/582/343 278/576/339
f 172/577/340 253/584/345 252/578/341
f 837/585/346 305/342/175 306/341/181
f 199/581/342 280/588/349 279/582/343
f 173/583/344 254/590/351 253/584/345
f 837/591/346 307/351/187 838/1939/355
f 161/593/352 280/588/349 200/587/348
f 174/589/350 255/596/354 254/590/351
f 838/597/355 308/360/193 839/1940/359
f 840/599/356 281/366/191 282/365/197
f 176/601/357 255/603/354 175/1941/353
f 802/604/242 308/606/193 309/369/199
f 804/607/243 282/375/197 283/374/203
f 177/440/244 256/602/358 176/601/357
f 262/610/261 329/612/361 400/629/372
f 351/613/188 437/615/363 357/706/194
f 276/616/328 398/618/365 275/633/323
f 331/619/167 410/621/366 411/712/419
f 249/622/325 396/624/368 248/638/320
f 384/625/369 458/627/371 378/907/402
f 261/628/257 400/629/372 394/644/381
f 352/630/373 438/632/375 432/905/469
f 275/633/323 392/634/376 274/649/318
f 329/635/361 412/637/378 409/894/449
f 248/638/320 390/639/379 247/653/316
f 385/640/222 459/642/380 465/727/426
f 260/643/255 394/644/381 388/658/388
f 353/645/190 439/647/383 359/732/196
f 273/648/314 392/634/376 386/664/385
f 333/650/170 403/652/384 413/736/429
f 247/653/316 384/654/369 246/669/311
f 386/655/385 460/657/387 380/892/399
f 260/643/255 382/659/389 259/1942/251
f 354/660/390 440/662/392 434/891/468
f 272/663/309 386/664/385 380/680/399
f 334/665/393 404/667/395 324/888/446
f 245/668/306 384/654/369 378/685/402
f 387/670/224 461/672/396 467/752/437
f 259/673/251 376/675/397 258/689/246
f 361/676/198 435/678/398 441/756/439
f 271/679/304 380/680/399 374/695/409
f 327/681/165 415/683/401 335/760/172
f 244/684/301 378/685/402 372/700/413
f 388/686/388 462/688/404 382/881/389
f 258/689/246 370/690/405 257/704/360
f 362/691/406 436/693/408 356/879/423
f 270/694/299 374/695/409 368/1943/418
f 328/696/410 416/698/412 408/877/480
f 243/699/295 372/700/413 366/714/420
f 383/701/220 469/703/415 389/777/226
f 257/704/360 364/705/416 256/718/358
f 357/706/194 443/707/417 363/780/200
f 270/708/299 362/710/406 269/721/293
f 337/711/174 411/712/419 417/784/444
f 242/713/288 366/714/420 360/726/391
f 384/625/369 470/716/421 464/626/370
f 255/717/354 364/705/416 358/730/374
f 358/631/374 444/720/422 438/632/375
f 269/721/293 356/722/423 268/733/286
f 338/723/424 412/637/378 332/636/377
f 241/725/289 360/726/391 354/738/390
f 385/640/222 471/728/427 391/934/228
f 254/729/351 358/730/374 352/742/373
f 365/731/202 439/647/383 445/933/467
f 268/733/286 350/734/428 267/745/282
f 339/735/176 413/736/429 419/932/479
f 280/737/349 354/738/390 348/749/435
f 386/655/385 472/740/430 466/656/386
f 253/741/345 352/742/373 346/754/438
f 360/661/391 446/744/431 440/662/392
f 267/745/282 344/746/432 266/758/277
f 340/747/433 414/666/394 334/665/393
f 280/737/349 342/750/436 279/1944/343
f 393/751/230 467/752/437 473/928/458
f 252/753/341 346/754/438 340/767/433
f 367/755/204 441/756/439 447/927/466
f 265/757/274 344/746/432 338/771/424
f 341/759/178 415/683/401 421/926/478
f 279/761/343 336/763/411 278/774/339
f 394/764/381 468/687/403 388/686/388
f 251/766/336 340/767/433 334/779/393
f 368/768/418 442/692/407 362/691/406
f 264/770/270 338/771/424 332/782/377
f 342/772/436 416/698/412 336/697/411
f 278/774/339 328/775/410 277/785/334
f 395/776/232 469/703/415 475/922/457
f 250/778/330 334/779/393 324/788/446
f 363/780/200 449/781/443 369/921/206
f 263/611/266 332/782/377 329/612/361
f 343/783/180 417/784/444 423/920/477
f 277/785/334 325/617/364 276/616/328
f 396/786/368 470/716/421 390/715/379
f 250/778/330 321/789/367 249/1945/325
f 364/719/416 450/791/447 444/720/422
f 480/792/448 410/794/366 479/802/455
f 478/795/450 406/797/452 477/804/456
f 476/798/445 402/800/454 475/806/457
f 474/801/440 479/802/455 473/808/458
f 472/803/430 477/804/456 471/810/427
f 470/805/421 475/806/457 469/812/415
f 468/807/403 473/808/458 467/814/437
f 466/809/386 471/810/427 465/816/426
f 464/811/370 469/812/415 463/1946/414
f 462/813/404 467/814/437 461/821/396
f 460/815/387 465/816/426 459/823/380
f 458/817/371 463/819/414 457/825/462
f 456/820/459 461/821/396 455/827/463
f 454/822/460 459/823/380 453/829/464
f 452/824/461 457/825/462 451/831/465
f 450/826/447 455/827/463 449/833/443
f 448/828/441 453/829/464 447/835/466
f 446/830/431 451/831/465 445/837/467
f 444/832/422 449/833/443 443/839/417
f 442/834/407 447/835/466 441/841/439
f 440/836/392 445/837/467 439/843/383
f 438/838/375 443/839/417 437/845/363
f 436/840/408 441/841/439 435/847/398
f 434/842/468 439/843/383 433/849/382
f 432/844/469 437/845/363 431/851/362
f 430/846/470 435/847/398 429/853/474
f 428/848/471 433/849/382 427/855/475
f 426/850/472 431/851/362 425/857/476
f 424/852/473 429/853/474 423/1947/477
f 422/854/442 427/855/475 421/862/478
f 420/856/434 425/857/476 419/864/479
f 418/858/425 423/860/477 417/866/444
f 416/861/412 421/862/478 415/868/401
f 414/863/394 419/864/479 413/870/429
f 412/865/378 417/866/444 411/871/419
f 408/867/480 415/868/401 407/872/400
f 404/869/395 413/870/429 403/873/384
f 409/793/449 411/871/419 410/794/366
f 405/796/451 407/872/400 406/797/452
f 401/799/453 403/873/384 402/800/454
f 383/701/220 457/875/462 463/702/414
f 325/876/364 408/877/480 405/909/451
f 350/878/428 436/693/408 430/917/470
f 376/880/397 462/688/404 456/918/459
f 326/882/164 407/682/400 327/681/165
f 349/884/186 435/678/398 355/677/192
f 375/886/212 461/672/396 381/671/218
f 324/888/446 401/889/453 321/919/367
f 348/890/435 434/891/468 428/923/471
f 380/892/399 454/893/460 374/924/409
f 329/635/361 480/895/448 400/925/372
f 323/651/162 402/897/454 403/652/384
f 347/898/184 433/646/382 353/645/190
f 379/641/216 453/901/464 459/642/380
f 330/620/240 479/903/455 410/621/366
f 346/904/438 432/905/469 426/929/472
f 372/906/413 458/627/371 452/930/461
f 398/908/365 405/909/451 478/931/450
f 345/910/182 431/614/362 351/613/188
f 371/912/208 457/875/462 377/874/214
f 397/914/234 406/883/452 326/882/164
f 344/916/432 430/917/470 424/935/473
f 370/790/405 456/918/459 450/791/447
f 321/919/367 476/787/445 396/786/368
f 343/783/180 429/885/474 349/884/186
f 369/921/206 455/887/463 375/886/212
f 322/896/161 475/922/457 402/897/454
f 348/890/435 422/773/442 342/772/436
f 374/924/409 448/769/441 368/768/418
f 400/925/372 474/765/440 394/764/381
f 347/898/184 421/926/478 427/899/475
f 373/900/210 447/927/466 453/901/464
f 399/902/236 473/928/458 479/903/455
f 340/747/433 426/929/472 420/748/434
f 366/743/420 452/930/461 446/744/431
f 392/739/376 478/931/450 472/740/430
f 339/735/176 425/911/476 345/910/182
f 365/731/202 451/913/465 371/912/208
f 391/934/228 477/915/456 397/914/234
f 344/916/432 418/724/425 338/723/424
f 485/936/481 182/938/260 520/945/484
f 483/939/482 195/941/322 519/947/485
f 481/942/483 168/944/319 518/949/486
f 520/945/484 181/946/256 517/951/487
f 519/947/485 194/948/317 516/953/488
f 518/949/486 167/950/315 515/955/489
f 517/951/487 180/952/254 514/957/490
f 516/953/488 193/954/313 513/959/491
f 515/955/489 166/956/310 512/961/492
f 514/957/490 511/963/483 179/958/250
f 513/959/491 192/960/308 510/965/493
f 512/961/492 165/962/305 509/967/494
f 511/963/483 178/964/245 508/1948/495
f 510/965/493 191/966/303 507/972/496
f 509/967/494 164/968/300 506/974/497
f 508/969/495 177/971/244 505/976/498
f 507/972/496 190/973/298 504/978/499
f 506/974/497 163/975/294 503/980/500
f 505/976/498 176/977/357 502/982/501
f 504/978/499 189/979/292 501/984/502
f 503/980/500 162/981/287 500/986/503
f 502/982/501 175/983/353 499/988/504
f 501/984/502 188/985/285 498/990/505
f 500/986/503 161/987/352 497/993/506
f 499/988/504 174/989/350 496/995/507
f 498/990/505 187/992/281 495/997/508
f 497/993/506 200/994/348 494/999/509
f 496/995/507 173/996/344 493/1001/510
f 495/997/508 186/998/276 492/1003/511
f 494/999/509 199/1000/342 491/1005/512
f 493/1001/510 172/1002/340 490/1007/513
f 492/1003/511 185/1004/273 489/1009/514
f 491/1005/512 198/1006/338 488/1949/515
f 490/1007/513 171/1008/335 487/1014/516
f 489/1009/514 184/1010/269 486/1016/517
f 488/1011/515 197/1013/333 484/1017/518
f 487/1014/516 170/1015/329 482/1018/519
f 486/1016/517 183/937/265 485/936/481
f 484/1017/518 196/940/327 483/939/482
f 482/1018/519 169/1019/324 481/1950/483
f 525/1020/520 560/1029/521 39/1021/157
f 523/1023/491 559/1031/493 12/1024/155
f 521/1026/492 558/1033/494 25/1027/116
f 560/1029/521 557/1951/495 38/1030/154
f 559/1031/493 556/1038/496 11/1032/152
f 558/1033/494 555/1040/497 24/1034/113
f 557/1035/495 554/1042/498 37/1036/151
f 556/1038/496 553/1044/499 10/1039/150
f 555/1040/497 552/1046/500 23/1041/109
f 554/1042/498 551/1048/501 36/1043/149
f 553/1044/499 550/1952/502 9/1045/146
f 552/1046/500 549/1053/503 22/1047/105
f 551/1048/501 548/1055/504 35/1049/145
f 550/1050/502 547/1057/505 8/1051/144
f 549/1053/503 546/1059/506 21/1054/103
f 548/1055/504 545/1061/507 34/1056/143
f 547/1057/505 544/1063/508 7/1058/141
f 546/1059/506 543/1065/509 20/1060/101
f 545/1061/507 542/1067/510 33/1062/140
f 544/1063/508 541/1069/511 6/1064/137
f 543/1065/509 540/1071/512 19/1066/96
f 542/1067/510 539/1073/513 32/1068/136
f 541/1069/511 538/1075/514 5/1070/134
f 540/1071/512 537/1953/515 18/1072/93
f 539/1073/513 536/1080/516 31/1074/133
f 538/1075/514 535/1082/517 4/1076/131
f 537/1077/515 534/1084/518 17/1078/91
f 536/1080/516 533/1086/519 30/1081/130
f 535/1082/517 532/1088/481 3/1083/129
f 534/1084/518 531/1090/482 16/1085/89
f 533/1086/519 530/1954/483 29/1087/128
f 532/1088/481 529/1095/484 2/1089/126
f 531/1090/482 528/1097/485 15/1091/85
f 530/1092/483 527/1099/486 28/1093/125
f 529/1095/484 526/1101/487 1/1096/84
f 528/1097/485 524/1102/488 14/1098/160
f 527/1099/486 522/1955/489 27/1100/121
f 526/1101/487 525/1020/520 40/1022/83
f 524/1102/488 523/1023/491 13/1025/158
f 27/1100/121 522/1955/489 521/1026/492
f 681/1103/522 43/1769/526 42/1104/523
f 681/1106/522 682/1956/528 44/1107/525
f 683/1109/527 45/1957/530 44/1110/525
f 684/1112/529 46/1773/532 45/1113/530
f 684/1115/529 685/1958/534 47/1116/531
f 686/1118/533 48/1775/536 47/1119/531
f 687/1121/535 49/1776/538 48/1122/536
f 688/1124/537 50/1777/540 49/1125/538
f 688/1127/537 689/1598/541 51/1128/539
f 689/1130/541 690/1597/543 52/1131/542
f 690/1133/543 691/1596/546 53/1134/544
f 692/1136/545 54/1780/548 53/1137/544
f 693/1139/547 55/1781/550 54/1140/548
f 694/1142/549 56/1782/552 55/1143/550
f 695/1145/551 57/1783/554 56/1146/552
f 696/1148/553 58/1784/556 57/1149/554
f 697/1151/555 59/1959/558 58/1152/556
f 698/1154/557 60/1785/560 59/1155/558
f 698/1157/557 699/1592/562 61/1158/559
f 700/1160/561 62/1787/564 61/1161/559
f 701/1163/563 63/1788/566 62/1164/564
f 701/1166/563 702/1960/567 64/1167/565
f 702/1169/567 703/1961/569 65/1170/568
f 703/1172/569 704/1962/571 66/1173/570
f 704/1175/571 705/1589/573 67/1176/572
f 705/1178/573 706/1963/575 68/1179/574
f 706/1181/575 707/1587/578 69/1182/576
f 708/1184/577 70/1770/580 69/1185/576
f 709/1187/579 71/1964/582 70/1188/580
f 710/1190/581 72/1772/584 71/1191/582
f 711/1193/583 73/1965/586 72/1194/584
f 712/1196/585 74/1966/588 73/1197/586
f 712/1199/585 713/1967/589 75/1200/587
f 713/1202/589 714/1968/591 76/1203/590
f 714/1205/591 715/1969/593 77/1206/592
f 715/1208/593 716/1970/596 78/1209/594
f 717/1211/595 79/1778/598 78/1212/594
f 718/1214/597 80/1971/600 79/1215/598
f 719/1217/599 41/1972/601 80/1218/600
f 720/1220/524 42/1768/523 41/1221/601
f 880/1223/602 841/1973/681 562/1224/603
f 880/1226/602 600/1974/604 599/1227/605
f 879/1229/606 599/1975/605 598/1230/607
f 877/1232/609 878/1976/608 598/1233/607
f 877/1235/609 597/1797/610 596/1236/611
f 875/1238/613 876/1786/612 596/1239/611
f 875/1241/613 595/1977/614 594/1242/615
f 874/1244/616 594/1978/615 593/1245/617
f 873/1247/618 593/1805/617 592/1248/619
f 872/1250/620 592/1807/619 591/1251/621
f 871/1253/622 591/1979/621 590/1254/623
f 870/1256/624 590/1811/623 589/1257/625
f 842/1259/627 565/1813/678 588/1260/628
f 869/1262/626 589/1815/625 587/1263/630
f 866/1265/632 868/1779/629 588/1266/628
f 865/1268/634 867/1980/631 587/1269/630
f 864/1271/636 866/1981/632 586/1272/633
f 865/1274/634 585/1821/635 583/1275/638
f 862/1277/640 864/1982/636 584/1278/637
f 863/1280/639 583/1825/638 581/1281/642
f 862/1283/640 582/1983/641 580/1284/644
f 861/1286/643 581/1829/642 579/1287/646
f 860/1289/645 580/1831/644 578/1290/648
f 857/1292/650 859/1984/647 579/1293/646
f 856/1295/652 858/1985/649 578/1296/648
f 857/1298/650 577/1836/651 575/1299/654
f 854/1301/656 856/1774/652 576/1302/653
f 855/1304/655 575/1839/654 573/1305/658
f 854/1307/656 574/1841/657 572/1308/660
f 851/1310/662 853/1986/659 573/1311/658
f 852/1313/661 572/1987/660 570/1314/664
f 851/1316/662 571/1847/663 569/1317/666
f 848/1319/668 850/1771/665 570/1320/664
f 849/1322/667 569/1851/666 567/1323/670
f 848/1325/668 568/1988/669 566/1326/672
f 847/1328/671 567/1855/670 564/1329/674
f 846/1331/673 566/1989/672 563/1332/676
f 845/1334/675 564/1990/674 565/1335/678
f 844/1337/677 563/1991/676 561/1338/679
f 841/1340/681 843/1767/680 561/1341/679
f 800/1343/682 761/1992/761 601/1344/683
f 800/1346/682 640/1622/684 639/1347/685
f 798/1349/687 799/1993/686 639/1350/685
f 798/1352/687 638/1620/688 637/1353/689
f 797/1355/690 637/1994/689 636/1356/691
f 796/1358/692 636/1995/691 635/1359/693
f 794/1361/695 795/1684/694 635/1362/693
f 793/1364/697 794/1996/695 634/1365/696
f 793/1367/697 633/1617/698 632/1368/699
f 791/1370/701 792/1997/700 632/1371/699
f 790/1373/703 791/1998/701 631/1374/702
f 790/1376/703 630/1615/704 629/1377/705
f 789/1379/706 629/1614/705 628/1380/707
f 787/1382/709 788/1999/708 628/1383/707
f 787/1385/709 627/2000/710 626/1386/711
f 786/1388/712 626/1613/711 625/1389/713
f 785/1391/714 625/2001/713 624/1392/715
f 784/1394/716 624/2002/715 623/1395/717
f 782/1397/719 783/1663/718 623/1398/717
f 782/1400/719 622/2003/720 621/1401/721
f 781/1403/722 621/1609/721 620/1404/723
f 779/1406/725 780/1658/724 620/1407/723
f 778/1409/727 779/2004/725 619/1410/726
f 778/1412/727 618/2005/728 617/1413/729
f 777/1415/730 617/2006/729 616/1416/731
f 775/1418/733 776/1652/732 616/1419/731
f 774/1421/735 775/1650/733 615/1422/734
f 773/1424/737 774/1648/735 614/1425/736
f 772/1427/739 773/2007/737 613/1428/738
f 772/1430/739 612/2008/740 611/1431/741
f 770/1433/743 771/1642/742 611/1434/741
f 770/1436/743 610/1605/744 609/1437/745
f 769/1439/746 609/2009/745 608/1440/747
f 768/1442/748 608/1603/747 607/1443/749
f 767/1445/750 607/1602/749 606/1446/751
f 766/1448/752 606/2010/751 605/1449/753
f 764/1451/755 765/1631/754 605/1452/753
f 763/1454/757 764/2011/755 604/1455/756
f 762/1457/759 763/2012/757 603/1458/758
f 761/1460/761 762/1625/759 602/1461/760
f 760/1463/762 721/1623/841 680/1464/763
f 760/1466/762 679/1583/764 678/1467/765
f 758/1469/767 759/1621/766 678/1470/765
f 758/1472/767 677/2013/768 676/1473/769
f 757/1475/770 676/1584/769 675/1476/771
f 755/1478/773 756/1619/772 675/1479/771
f 755/1481/773 674/1585/774 673/1482/775
f 753/1484/777 754/1618/776 673/1485/775
f 752/1487/779 753/2014/777 672/1488/778
f 751/1490/781 752/2015/779 671/1491/780
f 750/1493/783 751/1616/781 670/1494/782
f 750/1496/783 669/1586/784 668/1497/785
f 748/1499/787 749/2016/786 668/1500/785
f 748/1502/787 667/2017/788 666/1503/789
f 747/1505/790 666/1588/789 665/1506/791
f 746/1508/792 665/2018/791 664/1509/793
f 744/1511/795 745/1612/794 664/1512/793
f 744/1514/795 663/1590/796 662/1515/797
f 742/1517/799 743/1611/798 662/1518/797
f 741/1520/801 742/1610/799 661/1521/800
f 741/1523/801 660/1591/802 659/1524/803
f 739/1526/805 740/1608/804 659/1527/803
f 739/1529/805 658/1593/806 657/1530/807
f 738/1532/808 657/2019/807 656/1533/809
f 737/1535/810 656/1594/809 655/1536/811
f 736/1538/812 655/1595/811 654/1539/813
f 734/1541/815 735/2020/814 654/1542/813
f 733/1544/817 734/1607/815 653/1545/816
f 733/1547/817 652/2021/818 651/1548/819
f 732/1550/820 651/2022/819 650/1551/821
f 730/1553/823 731/1606/822 650/1554/821
f 730/1556/823 649/2023/824 648/1557/825
f 728/1559/827 729/1604/826 648/1560/825
f 727/1562/829 728/2024/827 647/1563/828
f 727/1565/829 646/1599/830 645/1566/831
f 726/1568/832 645/1600/831 644/1569/833
f 724/1571/835 725/2025/834 644/1572/833
f 723/1574/837 724/2026/835 643/1575/836
f 722/1577/839 723/1601/837 642/1578/838
f 721/1580/841 722/2027/839 641/1581/840
f 679/1465/764 680/1464/763 720/1220/524
f 679/1583/764 719/1217/599 718/1219/597
f 677/1471/768 678/1470/765 718/1214/597
f 676/1473/769 677/2013/768 717/1211/595
f 676/1584/769 716/1970/596 715/1208/593
f 675/1479/771 715/1969/593 714/1205/591
f 674/1585/774 714/1968/591 713/1202/589
f 673/1485/775 713/1967/589 712/1199/585
f 671/1489/780 672/1488/778 712/1196/585
f 670/1492/782 671/1491/780 711/1193/583
f 669/1495/784 670/1494/782 710/1190/581
f 669/1586/784 709/1187/579 708/1189/577
f 667/1501/788 668/1500/785 708/1184/577
f 666/1503/789 667/2017/788 707/1587/578
f 666/1588/789 706/1963/575 705/1178/573
f 664/1509/793 665/2018/791 705/1589/573
f 664/1512/793 704/1962/571 703/1172/569
f 663/1590/796 703/1961/569 702/1169/567
f 662/1518/797 702/1960/567 701/1166/563
f 661/1521/800 701/1163/563 700/1165/561
f 660/1591/802 700/1160/561 699/1162/562
f 658/1528/806 659/1527/803 699/1592/562
f 658/1593/806 698/1154/557 697/1156/555
f 656/1533/809 657/2019/807 697/1151/555
f 656/1594/809 696/1148/553 695/1150/551
f 655/1595/811 695/1145/551 694/1147/549
f 653/1543/816 654/1542/813 694/1142/549
f 652/1546/818 653/1545/816 693/1139/547
f 651/1548/819 652/2021/818 692/1136/545
f 650/1551/821 651/2022/819 691/1596/546
f 649/1555/824 650/1554/821 690/1597/543
f 648/1557/825 649/2023/824 689/1598/541
f 648/1560/825 688/1124/537 687/1126/535
f 647/1563/828 687/1121/535 686/1123/533
f 646/1599/830 686/1118/533 685/1120/534
f 645/1600/831 685/1958/534 684/1115/529
f 643/1573/836 644/1572/833 684/1112/529
f 642/1576/838 643/1575/836 683/1109/527
f 642/1578/838 682/1956/528 681/1106/522
f 680/1582/763 641/1581/840 681/1103/522
f 602/1461/760 722/2027/839 721/1580/841
f 602/1459/760 603/1458/758 723/1601/837
f 604/1455/756 724/2026/835 723/1574/837
f 605/1452/753 725/2025/834 724/1571/835
f 605/1449/753 606/2010/751 726/1568/832
f 607/1602/749 727/1565/829 726/1567/832
f 608/1603/747 728/2024/827 727/1562/829
f 608/1440/747 609/2009/745 729/1604/826
f 610/1605/744 730/1556/823 729/1558/826
f 610/1435/744 611/1434/741 731/1606/822
f 611/1431/741 612/2008/740 732/1550/820
f 612/1429/740 613/1428/738 733/1547/817
f 613/1426/738 614/1425/736 734/1607/815
f 615/1422/734 735/2020/814 734/1541/815
f 616/1419/731 736/1538/812 735/1540/814
f 616/1416/731 617/2006/729 737/1535/810
f 617/1413/729 618/2005/728 738/1532/808
f 618/1411/728 619/1410/726 739/1529/805
f 619/1408/726 620/1407/723 740/1608/804
f 621/1609/721 741/1523/801 740/1525/804
f 621/1401/721 622/2003/720 742/1610/799
f 622/1399/720 623/1398/717 743/1611/798
f 623/1395/717 624/2002/715 744/1514/795
f 624/1392/715 625/2001/713 745/1612/794
f 626/1613/711 746/1508/792 745/1510/794
f 626/1386/711 627/2000/710 747/1505/790
f 628/1383/707 748/1502/787 747/1504/790
f 629/1614/705 749/2016/786 748/1499/787
f 630/1615/704 750/1496/783 749/1498/786
f 630/1375/704 631/1374/702 751/1616/781
f 632/1371/699 752/2015/779 751/1490/781
f 633/1617/698 753/2014/777 752/1487/779
f 633/1366/698 634/1365/696 754/1618/776
f 635/1362/693 755/1481/773 754/1483/776
f 635/1359/693 636/1995/691 756/1619/772
f 636/1356/691 637/1994/689 757/1475/770
f 638/1620/688 758/1472/767 757/1474/770
f 638/1351/688 639/1350/685 759/1621/766
f 640/1622/684 760/1466/762 759/1468/766
f 640/1345/684 601/1344/683 721/1623/841
f 202/1624/842 203/2028/844 762/1625/759
f 204/1626/843 763/2012/757 762/1457/759
f 205/1628/845 764/2011/755 763/1454/757
f 205/1630/845 206/2029/847 765/1631/754
f 207/1632/846 766/1448/752 765/1450/754
f 208/1634/848 767/1445/750 766/1447/752
f 209/1636/849 768/1442/748 767/1444/750
f 210/1638/850 769/1439/746 768/1441/748
f 210/1640/850 211/2030/851 770/1436/743
f 211/1641/851 212/2031/853 771/1642/742
f 213/1643/852 772/1430/739 771/1432/742
f 214/1645/854 773/2007/737 772/1427/739
f 214/1647/854 215/2032/855 774/1648/735
f 215/1649/855 216/2033/856 775/1650/733
f 216/1651/856 217/2034/857 776/1652/732
f 217/1653/857 218/2035/858 777/1415/730
f 218/1654/858 219/2036/860 778/1412/727
f 220/1655/859 779/2004/725 778/1409/727
f 220/1657/859 221/2037/861 780/1658/724
f 221/1659/861 222/2038/863 781/1403/722
f 223/1660/862 782/1400/719 781/1402/722
f 223/1662/862 224/2039/864 783/1663/718
f 224/1664/864 225/2040/866 784/1394/716
f 226/1665/865 785/1391/714 784/1393/716
f 227/1667/867 786/1388/712 785/1390/714
f 227/1669/867 228/2041/869 787/1385/709
f 229/1670/868 788/1999/708 787/1382/709
f 230/1672/870 789/1379/706 788/1381/708
f 230/1674/870 231/2042/872 790/1376/703
f 232/1675/871 791/1998/701 790/1373/703
f 233/1677/873 792/1997/700 791/1370/701
f 234/1679/874 793/1367/697 792/1369/700
f 235/1681/875 794/1996/695 793/1364/697
f 235/1683/875 236/2043/876 795/1684/694
f 236/1685/876 237/2044/878 796/1358/692
f 238/1686/877 797/1355/690 796/1357/692
f 239/1688/879 798/1352/687 797/1354/690
f 240/1690/880 799/1993/686 798/1349/687
f 201/1692/881 800/1346/682 799/1348/686
f 202/1694/842 761/1992/761 800/1343/682
f 202/1696/842 804/607/243 203/2045/844
f 229/1697/868 839/605/359 802/604/242
f 202/1699/842 825/600/290 840/599/356
f 228/1701/869 838/597/355 839/1940/359
f 227/1703/867 837/591/346 838/1939/355
f 226/1705/865 836/586/347 837/585/346
f 224/1707/864 836/1708/347 225/2046/866
f 223/1709/862 835/572/337 224/2047/864
f 223/1710/862 833/566/332 834/565/331
f 222/1712/863 832/559/326 833/1935/332
f 221/1714/861 831/554/321 832/1934/326
f 219/1716/860 831/1717/321 220/2048/859
f 218/1718/858 830/538/312 219/2049/860
f 217/1719/857 829/531/307 218/2050/858
f 217/1720/857 827/525/296 828/524/302
f 215/1722/855 827/518/296 216/2051/856
f 214/1723/854 826/1724/297 215/2052/855
f 240/1725/880 825/509/290 201/2053/881
f 213/1726/852 824/1727/291 214/2054/854
f 239/1728/879 823/500/283 240/2055/880
f 213/1729/852 820/497/280 822/1927/284
f 238/1731/877 821/494/278 239/2056/879
f 212/1732/853 818/491/275 820/1926/280
f 238/1734/877 817/489/271 819/1925/279
f 211/1736/851 816/1738/272 818/2057/275
f 237/1739/878 815/482/267 817/481/271
f 209/1741/849 816/1742/272 210/2058/850
f 236/1743/876 813/475/268 815/474/267
f 209/1745/849 812/470/264 814/469/263
f 235/1747/875 811/467/262 813/1922/268
f 208/1749/848 810/463/259 812/1921/264
f 234/1751/874 809/462/258 811/1920/262
f 207/1753/846 808/457/253 810/1918/259
f 233/1755/873 807/456/252 809/1917/258
f 206/1757/847 806/452/248 808/451/253
f 232/1759/871 805/450/247 807/449/252
f 204/1761/843 806/445/248 205/2059/845
f 231/1762/872 801/444/241 805/443/247
f 203/1764/844 803/1765/249 204/2060/843
f 229/1766/868 801/436/241 230/2061/870
f 66/1177/570 67/1176/572 843/1767/680
f 67/1180/572 68/1179/574 844/1337/677
f 42/1768/523 845/1334/675 842/1336/627
f 69/1182/576 846/1331/673 844/1333/677
f 43/1769/526 847/1328/671 845/1330/675
f 70/1770/580 848/1325/668 846/1327/673
f 44/1107/525 849/1322/667 847/1324/671
f 70/1188/580 71/1964/582 850/1771/665
f 44/1110/525 45/1957/530 851/1316/662
f 72/1772/584 852/1313/661 850/1315/665
f 46/1773/532 853/1986/659 851/1310/662
f 72/1194/584 73/1965/586 854/1307/656
f 47/1116/531 855/1304/655 853/1306/659
f 73/1197/586 74/1966/588 856/1774/652
f 48/1775/536 857/1298/650 855/1300/655
f 75/1200/587 858/1985/649 856/1295/652
f 49/1776/538 859/1984/647 857/1292/650
f 75/1204/587 76/1203/590 860/1289/645
f 50/1777/540 861/1286/643 859/1288/647
f 76/1207/590 77/1206/592 862/1283/640
f 51/1128/539 863/1280/639 861/1282/643
f 78/1209/594 864/1982/636 862/1277/640
f 52/1131/542 865/1274/634 863/1276/639
f 79/1778/598 866/1981/632 864/1271/636
f 53/1134/544 867/1980/631 865/1268/634
f 79/1215/598 80/1971/600 868/1779/629
f 54/1780/548 869/1262/626 867/1264/631
f 80/1218/600 41/1972/601 842/1259/627
f 55/1781/550 870/1256/624 869/1258/626
f 56/1782/552 871/1253/622 870/1255/624
f 57/1783/554 872/1250/620 871/1252/622
f 58/1784/556 873/1247/618 872/1249/620
f 58/1152/556 59/1959/558 874/1244/616
f 60/1785/560 875/1241/613 874/1243/616
f 60/1159/560 61/1158/559 876/1786/612
f 62/1787/564 877/1235/609 876/1237/612
f 63/1788/566 878/1976/608 877/1232/609
f 64/1167/565 879/1229/606 878/1231/608
f 64/1171/565 65/1170/568 880/1226/602
f 66/1173/570 841/1973/681 880/1223/602
f 600/1225/604 562/1224/603 919/1789/82
f 599/1227/605 600/1974/604 918/1791/159
f 598/1230/607 599/1975/605 917/1793/156
f 597/1234/610 598/1233/607 916/1795/153
f 597/1797/610 915/2062/147 914/1798/148
f 595/1240/614 596/1239/611 914/1799/148
f 594/1242/615 595/1977/614 913/1801/142
f 593/1245/617 594/1978/615 912/1803/138
f 593/1805/617 911/2063/139 910/1806/135
f 592/1807/619 910/2064/135 909/1808/132
f 590/1254/623 591/1979/621 909/1809/132
f 590/1811/623 908/2065/127 907/1812/123
f 565/1813/678 920/2066/88 906/1814/122
f 589/1815/625 907/2067/123 905/1816/124
f 588/1266/628 906/2068/122 904/1817/120
f 585/1270/635 587/1269/630 905/1818/124
f 586/1272/633 904/2069/120 902/1820/117
f 585/1821/635 903/2070/118 901/1822/115
f 582/1279/641 584/1278/637 902/1823/117
f 583/1825/638 901/2071/115 899/1826/111
f 580/1284/644 582/1983/641 900/1827/114
f 581/1829/642 899/2072/111 897/1830/112
f 580/1831/644 898/2073/110 896/1832/106
f 579/1293/646 897/2074/112 895/1833/108
f 576/1297/653 578/1296/648 896/1834/106
f 577/1836/651 895/2075/108 893/1837/102
f 576/1302/653 894/2076/107 892/1838/104
f 575/1839/654 893/2077/102 891/1840/99
f 574/1841/657 892/2078/104 890/1842/97
f 571/1312/663 573/1311/658 891/1843/99
f 570/1314/664 572/1987/660 890/1845/97
f 571/1847/663 889/2079/100 887/1848/95
f 568/1321/669 570/1320/664 888/1849/98
f 569/1851/666 887/2080/95 885/1852/92
f 566/1326/672 568/1988/669 886/1853/94
f 567/1855/670 885/2081/92 883/1856/87
f 563/1332/676 566/1989/672 884/1857/90
f 565/1335/678 564/1990/674 883/1859/87
f 561/1338/679 563/1991/676 882/1861/86
f 562/1342/603 561/1341/679 881/1863/81
